WARNING:2026-06-07 06:09:44,886:Detected megatron.core 0.14.0rc7, recommend upgrading to >= 0.14.0 for better checkpoint compatibility
2026-06-07 06:09:50,568	INFO worker.py:1942 -- Started a local Ray instance. View the dashboard at [1m[32mhttp://127.0.0.1:8265 [39m[22m
[36m(pid=70613)[0m W0607 06:10:04.288000 70613 torch/utils/cpp_extension.py:118] No CUDA runtime is found, using CUDA_HOME='/usr/local/cuda'
[36m(pid=70613)[0m WARNING:2026-06-07 06:10:04,484:Detected megatron.core 0.14.0rc7, recommend upgrading to >= 0.14.0 for better checkpoint compatibility
ray init kwargs: {'num_cpus': None, 'runtime_env': {'env_vars': {'NCCL_DEBUG': 'WARN', 'VLLM_LOGGING_LEVEL': 'WARN', 'VLLM_ALLOW_RUNTIME_LORA_UPDATING': 'true', 'CUDA_DEVICE_MAX_CONNECTIONS': '1', 'VLLM_DISABLE_COMPILE_CACHE': '1', 'HCCL_HOST_SOCKET_PORT_RANGE': 'auto', 'HCCL_NPU_SOCKET_PORT_RANGE': 'auto', 'HSA_NO_SCRATCH_RECLAIM': '1'}, 'working_dir': None}}
[36m(TaskRunner pid=70613)[0m TaskRunner hostname: g60, PID: 70613
[36m(TaskRunner pid=70613)[0m {'actor_rollout_ref': {'actor': {'_target_': 'verl.workers.config.FSDPActorConfig',
[36m(TaskRunner pid=70613)[0m                                  'calculate_entropy': False,
[36m(TaskRunner pid=70613)[0m                                  'calculate_sum_pi_squared': False,
[36m(TaskRunner pid=70613)[0m                                  'checkpoint': {'_target_': 'verl.trainer.config.CheckpointConfig',
[36m(TaskRunner pid=70613)[0m                                                 'async_save': False,
[36m(TaskRunner pid=70613)[0m                                                 'load_contents': ['model',
[36m(TaskRunner pid=70613)[0m                                                                   'optimizer',
[36m(TaskRunner pid=70613)[0m                                                                   'extra'],
[36m(TaskRunner pid=70613)[0m                                                 'mbridge_config': {},
[36m(TaskRunner pid=70613)[0m                                                 'save_contents': ['model',
[36m(TaskRunner pid=70613)[0m                                                                   'optimizer',
[36m(TaskRunner pid=70613)[0m                                                                   'extra']},
[36m(TaskRunner pid=70613)[0m                                  'clip_ratio': 0.2,
[36m(TaskRunner pid=70613)[0m                                  'clip_ratio_c': 3.0,
[36m(TaskRunner pid=70613)[0m                                  'clip_ratio_high': 0.2,
[36m(TaskRunner pid=70613)[0m                                  'clip_ratio_low': 0.2,
[36m(TaskRunner pid=70613)[0m                                  'data_loader_seed': 42,
[36m(TaskRunner pid=70613)[0m                                  'entropy_checkpointing': False,
[36m(TaskRunner pid=70613)[0m                                  'entropy_coeff': 0.01,
[36m(TaskRunner pid=70613)[0m                                  'entropy_from_logits_with_chunking': False,
[36m(TaskRunner pid=70613)[0m                                  'freeze_vision_tower': False,
[36m(TaskRunner pid=70613)[0m                                  'fsdp_config': {'_target_': 'verl.workers.config.FSDPEngineConfig',
[36m(TaskRunner pid=70613)[0m                                                  'dtype': 'bfloat16',
[36m(TaskRunner pid=70613)[0m                                                  'entropy_checkpointing': False,
[36m(TaskRunner pid=70613)[0m                                                  'entropy_from_logits_with_chunking': False,
[36m(TaskRunner pid=70613)[0m                                                  'forward_only': False,
[36m(TaskRunner pid=70613)[0m                                                  'forward_prefetch': False,
[36m(TaskRunner pid=70613)[0m                                                  'fsdp_size': -1,
[36m(TaskRunner pid=70613)[0m                                                  'full_determinism': False,
[36m(TaskRunner pid=70613)[0m                                                  'model_dtype': 'fp32',
[36m(TaskRunner pid=70613)[0m                                                  'offload_policy': False,
[36m(TaskRunner pid=70613)[0m                                                  'optimizer_offload': False,
[36m(TaskRunner pid=70613)[0m                                                  'param_offload': False,
[36m(TaskRunner pid=70613)[0m                                                  'qat': {'_target_': 'verl.workers.config.QATEngineConfig',
[36m(TaskRunner pid=70613)[0m                                                          'activation_observer': 'static_minmax',
[36m(TaskRunner pid=70613)[0m                                                          'enable': False,
[36m(TaskRunner pid=70613)[0m                                                          'group_size': 16,
[36m(TaskRunner pid=70613)[0m                                                          'ignore_patterns': ['lm_head',
[36m(TaskRunner pid=70613)[0m                                                                              'embed_tokens',
[36m(TaskRunner pid=70613)[0m                                                                              're:.*mlp.gate$'],
[36m(TaskRunner pid=70613)[0m                                                          'mode': 'w4a16',
[36m(TaskRunner pid=70613)[0m                                                          'quantization_config_path': None},
[36m(TaskRunner pid=70613)[0m                                                  'reshard_after_forward': True,
[36m(TaskRunner pid=70613)[0m                                                  'seed': 42,
[36m(TaskRunner pid=70613)[0m                                                  'strategy': 'fsdp',
[36m(TaskRunner pid=70613)[0m                                                  'ulysses_sequence_parallel_size': 1,
[36m(TaskRunner pid=70613)[0m                                                  'use_orig_params': False,
[36m(TaskRunner pid=70613)[0m                                                  'use_torch_compile': True,
[36m(TaskRunner pid=70613)[0m                                                  'wrap_policy': {'min_num_params': 0}},
[36m(TaskRunner pid=70613)[0m                                  'grad_clip': 1.0,
[36m(TaskRunner pid=70613)[0m                                  'kl_loss_coef': 0.001,
[36m(TaskRunner pid=70613)[0m                                  'kl_loss_type': 'low_var_kl',
[36m(TaskRunner pid=70613)[0m                                  'loss_agg_mode': 'token-mean',
[36m(TaskRunner pid=70613)[0m                                  'loss_scale_factor': None,
[36m(TaskRunner pid=70613)[0m                                  'optim': {'_target_': 'verl.workers.config.FSDPOptimizerConfig',
[36m(TaskRunner pid=70613)[0m                                            'betas': [0.9, 0.999],
[36m(TaskRunner pid=70613)[0m                                            'clip_grad': 1.0,
[36m(TaskRunner pid=70613)[0m                                            'lr': 5e-06,
[36m(TaskRunner pid=70613)[0m                                            'lr_scheduler_type': 'cosine',
[36m(TaskRunner pid=70613)[0m                                            'lr_warmup_steps': -1,
[36m(TaskRunner pid=70613)[0m                                            'lr_warmup_steps_ratio': 0.01,
[36m(TaskRunner pid=70613)[0m                                            'min_lr_ratio': 0.1,
[36m(TaskRunner pid=70613)[0m                                            'num_cycles': 0.5,
[36m(TaskRunner pid=70613)[0m                                            'optimizer': 'AdamW',
[36m(TaskRunner pid=70613)[0m                                            'optimizer_impl': 'torch.optim',
[36m(TaskRunner pid=70613)[0m                                            'override_optimizer_config': None,
[36m(TaskRunner pid=70613)[0m                                            'total_training_steps': -1,
[36m(TaskRunner pid=70613)[0m                                            'warmup_style': None,
[36m(TaskRunner pid=70613)[0m                                            'weight_decay': 0.01,
[36m(TaskRunner pid=70613)[0m                                            'zero_indexed_step': True},
[36m(TaskRunner pid=70613)[0m                                  'policy_loss': {'_target_': 'verl.workers.config.PolicyLossConfig',
[36m(TaskRunner pid=70613)[0m                                                  'clip_cov_lb': 1.0,
[36m(TaskRunner pid=70613)[0m                                                  'clip_cov_ratio': 0.0002,
[36m(TaskRunner pid=70613)[0m                                                  'clip_cov_ub': 5.0,
[36m(TaskRunner pid=70613)[0m                                                  'kl_cov_ratio': 0.0002,
[36m(TaskRunner pid=70613)[0m                                                  'loss_mode': 'vanilla',
[36m(TaskRunner pid=70613)[0m                                                  'ppo_kl_coef': 0.1},
[36m(TaskRunner pid=70613)[0m                                  'ppo_epochs': 1,
[36m(TaskRunner pid=70613)[0m                                  'ppo_max_token_len_per_gpu': 24576,
[36m(TaskRunner pid=70613)[0m                                  'ppo_micro_batch_size': None,
[36m(TaskRunner pid=70613)[0m                                  'ppo_micro_batch_size_per_gpu': 4,
[36m(TaskRunner pid=70613)[0m                                  'ppo_mini_batch_size': 256,
[36m(TaskRunner pid=70613)[0m                                  'profiler': {'_target_': 'verl.utils.profiler.ProfilerConfig',
[36m(TaskRunner pid=70613)[0m                                               'all_ranks': False,
[36m(TaskRunner pid=70613)[0m                                               'enable': False,
[36m(TaskRunner pid=70613)[0m                                               'ranks': [],
[36m(TaskRunner pid=70613)[0m                                               'save_path': 'outputs/profile',
[36m(TaskRunner pid=70613)[0m                                               'tool': None,
[36m(TaskRunner pid=70613)[0m                                               'tool_config': {'npu': {'_target_': 'verl.utils.profiler.config.NPUToolConfig',
[36m(TaskRunner pid=70613)[0m                                                                       'analysis': True,
[36m(TaskRunner pid=70613)[0m                                                                       'contents': [],
[36m(TaskRunner pid=70613)[0m                                                                       'discrete': False,
[36m(TaskRunner pid=70613)[0m                                                                       'level': 'level0'},
[36m(TaskRunner pid=70613)[0m                                                               'nsys': {'_target_': 'verl.utils.profiler.config.NsightToolConfig',
[36m(TaskRunner pid=70613)[0m                                                                        'discrete': False},
[36m(TaskRunner pid=70613)[0m                                                               'precision_debugger': {'_target_': 'verl.utils.profiler.config.PrecisionDebuggerToolConfig',
[36m(TaskRunner pid=70613)[0m                                                                                      'config_path': None,
[36m(TaskRunner pid=70613)[0m                                                                                      'stages': None,
[36m(TaskRunner pid=70613)[0m                                                                                      'steps': None,
[36m(TaskRunner pid=70613)[0m                                                                                      'strict': False},
[36m(TaskRunner pid=70613)[0m                                                               'torch': {'_target_': 'verl.utils.profiler.config.TorchProfilerToolConfig',
[36m(TaskRunner pid=70613)[0m                                                                         'contents': [],
[36m(TaskRunner pid=70613)[0m                                                                         'discrete': False},
[36m(TaskRunner pid=70613)[0m                                                               'torch_memory': {'_target_': 'verl.utils.profiler.config.TorchMemoryToolConfig',
[36m(TaskRunner pid=70613)[0m                                                                                'stack_depth': 32,
[36m(TaskRunner pid=70613)[0m                                                                                'trace_alloc_max_entries': 100000}}},
[36m(TaskRunner pid=70613)[0m                                  'qat': {'activation_observer': 'static_minmax',
[36m(TaskRunner pid=70613)[0m                                          'enable': False,
[36m(TaskRunner pid=70613)[0m                                          'group_size': 16,
[36m(TaskRunner pid=70613)[0m                                          'ignore_patterns': ['lm_head',
[36m(TaskRunner pid=70613)[0m                                                              'embed_tokens',
[36m(TaskRunner pid=70613)[0m                                                              're:.*mlp.gate$'],
[36m(TaskRunner pid=70613)[0m                                          'mode': 'w4a16',
[36m(TaskRunner pid=70613)[0m                                          'quantization_config_path': None},
[36m(TaskRunner pid=70613)[0m                                  'rollout_n': 8,
[36m(TaskRunner pid=70613)[0m                                  'router_replay': {'_target_': 'verl.workers.config.RouterReplayConfig',
[36m(TaskRunner pid=70613)[0m                                                    'mode': 'disabled',
[36m(TaskRunner pid=70613)[0m                                                    'record_file': None,
[36m(TaskRunner pid=70613)[0m                                                    'replay_file': None},
[36m(TaskRunner pid=70613)[0m                                  'shuffle': False,
[36m(TaskRunner pid=70613)[0m                                  'strategy': 'fsdp',
[36m(TaskRunner pid=70613)[0m                                  'tau_neg': 1.05,
[36m(TaskRunner pid=70613)[0m                                  'tau_pos': 1.0,
[36m(TaskRunner pid=70613)[0m                                  'ulysses_sequence_parallel_size': 1,
[36m(TaskRunner pid=70613)[0m                                  'use_dynamic_bsz': True,
[36m(TaskRunner pid=70613)[0m                                  'use_fused_kernels': False,
[36m(TaskRunner pid=70613)[0m                                  'use_kl_loss': False,
[36m(TaskRunner pid=70613)[0m                                  'use_prefix_grouper': False,
[36m(TaskRunner pid=70613)[0m                                  'use_remove_padding': True,
[36m(TaskRunner pid=70613)[0m                                  'use_torch_compile': False},
[36m(TaskRunner pid=70613)[0m                        'hybrid_engine': True,
[36m(TaskRunner pid=70613)[0m                        'model': {'_target_': 'verl.workers.config.HFModelConfig',
[36m(TaskRunner pid=70613)[0m                                  'custom_chat_template': None,
[36m(TaskRunner pid=70613)[0m                                  'enable_activation_offload': False,
[36m(TaskRunner pid=70613)[0m                                  'enable_gradient_checkpointing': True,
[36m(TaskRunner pid=70613)[0m                                  'exclude_modules': None,
[36m(TaskRunner pid=70613)[0m                                  'external_lib': None,
[36m(TaskRunner pid=70613)[0m                                  'fused_kernel_options': {'impl_backend': 'torch'},
[36m(TaskRunner pid=70613)[0m                                  'hf_config_path': None,
[36m(TaskRunner pid=70613)[0m                                  'lora': {'a2a_experimental': False,
[36m(TaskRunner pid=70613)[0m                                           'adapter_path': None,
[36m(TaskRunner pid=70613)[0m                                           'alpha': 32,
[36m(TaskRunner pid=70613)[0m                                           'dropout': 0.0,
[36m(TaskRunner pid=70613)[0m                                           'dropout_position': 'pre',
[36m(TaskRunner pid=70613)[0m                                           'dtype': None,
[36m(TaskRunner pid=70613)[0m                                           'exclude_modules': [],
[36m(TaskRunner pid=70613)[0m                                           'freeze_language_model': True,
[36m(TaskRunner pid=70613)[0m                                           'freeze_vision_model': True,
[36m(TaskRunner pid=70613)[0m                                           'freeze_vision_projection': True,
[36m(TaskRunner pid=70613)[0m                                           'lora_A_init_method': 'xavier',
[36m(TaskRunner pid=70613)[0m                                           'lora_B_init_method': 'zero',
[36m(TaskRunner pid=70613)[0m                                           'merge': False,
[36m(TaskRunner pid=70613)[0m                                           'rank': 0,
[36m(TaskRunner pid=70613)[0m                                           'target_modules': ['linear_qkv',
[36m(TaskRunner pid=70613)[0m                                                              'linear_proj',
[36m(TaskRunner pid=70613)[0m                                                              'linear_fc1',
[36m(TaskRunner pid=70613)[0m                                                              'linear_fc2'],
[36m(TaskRunner pid=70613)[0m                                           'type': 'lora'},
[36m(TaskRunner pid=70613)[0m                                  'lora_adapter_path': None,
[36m(TaskRunner pid=70613)[0m                                  'lora_alpha': 16,
[36m(TaskRunner pid=70613)[0m                                  'lora_rank': 0,
[36m(TaskRunner pid=70613)[0m                                  'mtp': {'_target_': 'verl.workers.config.MtpConfig',
[36m(TaskRunner pid=70613)[0m                                          'detach_encoder': False,
[36m(TaskRunner pid=70613)[0m                                          'enable': False,
[36m(TaskRunner pid=70613)[0m                                          'enable_rollout': False,
[36m(TaskRunner pid=70613)[0m                                          'enable_train': False,
[36m(TaskRunner pid=70613)[0m                                          'method': 'mtp',
[36m(TaskRunner pid=70613)[0m                                          'mtp_loss_scaling_factor': 0.1,
[36m(TaskRunner pid=70613)[0m                                          'num_speculative_tokens': 1,
[36m(TaskRunner pid=70613)[0m                                          'speculative_algorithm': 'EAGLE',
[36m(TaskRunner pid=70613)[0m                                          'speculative_eagle_topk': 1,
[36m(TaskRunner pid=70613)[0m                                          'speculative_num_draft_tokens': 4,
[36m(TaskRunner pid=70613)[0m                                          'speculative_num_steps': 3},
[36m(TaskRunner pid=70613)[0m                                  'override_config': {},
[36m(TaskRunner pid=70613)[0m                                  'path': '/root/models/Qwen/Qwen3-1.7B-Base',
[36m(TaskRunner pid=70613)[0m                                  'target_modules': 'all-linear',
[36m(TaskRunner pid=70613)[0m                                  'tiled_mlp': {'enabled': False,
[36m(TaskRunner pid=70613)[0m                                                'num_shards': 4},
[36m(TaskRunner pid=70613)[0m                                  'tokenizer_path': None,
[36m(TaskRunner pid=70613)[0m                                  'trust_remote_code': True,
[36m(TaskRunner pid=70613)[0m                                  'use_fused_kernels': False,
[36m(TaskRunner pid=70613)[0m                                  'use_liger': False,
[36m(TaskRunner pid=70613)[0m                                  'use_remove_padding': True,
[36m(TaskRunner pid=70613)[0m                                  'use_shm': False},
[36m(TaskRunner pid=70613)[0m                        'nccl_timeout': 600,
[36m(TaskRunner pid=70613)[0m                        'ref': {'_target_': 'verl.workers.config.FSDPActorConfig',
[36m(TaskRunner pid=70613)[0m                                'entropy_checkpointing': False,
[36m(TaskRunner pid=70613)[0m                                'entropy_from_logits_with_chunking': False,
[36m(TaskRunner pid=70613)[0m                                'fsdp_config': {'_target_': 'verl.workers.config.FSDPEngineConfig',
[36m(TaskRunner pid=70613)[0m                                                'dtype': 'bfloat16',
[36m(TaskRunner pid=70613)[0m                                                'entropy_checkpointing': False,
[36m(TaskRunner pid=70613)[0m                                                'entropy_from_logits_with_chunking': False,
[36m(TaskRunner pid=70613)[0m                                                'forward_only': True,
[36m(TaskRunner pid=70613)[0m                                                'forward_prefetch': False,
[36m(TaskRunner pid=70613)[0m                                                'fsdp_size': -1,
[36m(TaskRunner pid=70613)[0m                                                'full_determinism': False,
[36m(TaskRunner pid=70613)[0m                                                'model_dtype': 'fp32',
[36m(TaskRunner pid=70613)[0m                                                'offload_policy': False,
[36m(TaskRunner pid=70613)[0m                                                'optimizer_offload': False,
[36m(TaskRunner pid=70613)[0m                                                'param_offload': False,
[36m(TaskRunner pid=70613)[0m                                                'qat': {'_target_': 'verl.workers.config.QATEngineConfig',
[36m(TaskRunner pid=70613)[0m                                                        'activation_observer': 'static_minmax',
[36m(TaskRunner pid=70613)[0m                                                        'enable': False,
[36m(TaskRunner pid=70613)[0m                                                        'group_size': 16,
[36m(TaskRunner pid=70613)[0m                                                        'ignore_patterns': ['lm_head',
[36m(TaskRunner pid=70613)[0m                                                                            'embed_tokens',
[36m(TaskRunner pid=70613)[0m                                                                            're:.*mlp.gate$'],
[36m(TaskRunner pid=70613)[0m                                                        'mode': 'w4a16',
[36m(TaskRunner pid=70613)[0m                                                        'quantization_config_path': None},
[36m(TaskRunner pid=70613)[0m                                                'reshard_after_forward': True,
[36m(TaskRunner pid=70613)[0m                                                'seed': 42,
[36m(TaskRunner pid=70613)[0m                                                'strategy': 'fsdp',
[36m(TaskRunner pid=70613)[0m                                                'ulysses_sequence_parallel_size': 1,
[36m(TaskRunner pid=70613)[0m                                                'use_orig_params': False,
[36m(TaskRunner pid=70613)[0m                                                'use_torch_compile': True,
[36m(TaskRunner pid=70613)[0m                                                'wrap_policy': {'min_num_params': 0}},
[36m(TaskRunner pid=70613)[0m                                'log_prob_max_token_len_per_gpu': 24576,
[36m(TaskRunner pid=70613)[0m                                'log_prob_micro_batch_size': None,
[36m(TaskRunner pid=70613)[0m                                'log_prob_micro_batch_size_per_gpu': None,
[36m(TaskRunner pid=70613)[0m                                'log_prob_use_dynamic_bsz': True,
[36m(TaskRunner pid=70613)[0m                                'profiler': {'_target_': 'verl.utils.profiler.ProfilerConfig',
[36m(TaskRunner pid=70613)[0m                                             'all_ranks': False,
[36m(TaskRunner pid=70613)[0m                                             'enable': False,
[36m(TaskRunner pid=70613)[0m                                             'ranks': [],
[36m(TaskRunner pid=70613)[0m                                             'save_path': 'outputs/profile',
[36m(TaskRunner pid=70613)[0m                                             'tool': None,
[36m(TaskRunner pid=70613)[0m                                             'tool_config': {'npu': {'_target_': 'verl.utils.profiler.config.NPUToolConfig',
[36m(TaskRunner pid=70613)[0m                                                                     'analysis': True,
[36m(TaskRunner pid=70613)[0m                                                                     'contents': [],
[36m(TaskRunner pid=70613)[0m                                                                     'discrete': False,
[36m(TaskRunner pid=70613)[0m                                                                     'level': 'level0'},
[36m(TaskRunner pid=70613)[0m                                                             'nsys': {'_target_': 'verl.utils.profiler.config.NsightToolConfig',
[36m(TaskRunner pid=70613)[0m                                                                      'discrete': False},
[36m(TaskRunner pid=70613)[0m                                                             'precision_debugger': {'_target_': 'verl.utils.profiler.config.PrecisionDebuggerToolConfig',
[36m(TaskRunner pid=70613)[0m                                                                                    'config_path': None,
[36m(TaskRunner pid=70613)[0m                                                                                    'stages': None,
[36m(TaskRunner pid=70613)[0m                                                                                    'steps': None,
[36m(TaskRunner pid=70613)[0m                                                                                    'strict': False},
[36m(TaskRunner pid=70613)[0m                                                             'torch': {'_target_': 'verl.utils.profiler.config.TorchProfilerToolConfig',
[36m(TaskRunner pid=70613)[0m                                                                       'contents': [],
[36m(TaskRunner pid=70613)[0m                                                                       'discrete': False},
[36m(TaskRunner pid=70613)[0m                                                             'torch_memory': {'_target_': 'verl.utils.profiler.config.TorchMemoryToolConfig',
[36m(TaskRunner pid=70613)[0m                                                                              'stack_depth': 32,
[36m(TaskRunner pid=70613)[0m                                                                              'trace_alloc_max_entries': 100000}}},
[36m(TaskRunner pid=70613)[0m                                'rollout_n': 8,
[36m(TaskRunner pid=70613)[0m                                'router_replay': {'_target_': 'verl.workers.config.RouterReplayConfig',
[36m(TaskRunner pid=70613)[0m                                                  'mode': 'disabled',
[36m(TaskRunner pid=70613)[0m                                                  'record_file': None,
[36m(TaskRunner pid=70613)[0m                                                  'replay_file': None},
[36m(TaskRunner pid=70613)[0m                                'strategy': 'fsdp',
[36m(TaskRunner pid=70613)[0m                                'ulysses_sequence_parallel_size': 1,
[36m(TaskRunner pid=70613)[0m                                'use_torch_compile': False},
[36m(TaskRunner pid=70613)[0m                        'rollout': {'_target_': 'verl.workers.config.RolloutConfig',
[36m(TaskRunner pid=70613)[0m                                    'agent': {'_target_': 'verl.workers.config.AgentLoopConfig',
[36m(TaskRunner pid=70613)[0m                                              'agent_loop_config_path': None,
[36m(TaskRunner pid=70613)[0m                                              'custom_async_server': {'_target_': 'verl.workers.config.CustomAsyncServerConfig',
[36m(TaskRunner pid=70613)[0m                                                                      'name': None,
[36m(TaskRunner pid=70613)[0m                                                                      'path': None},
[36m(TaskRunner pid=70613)[0m                                              'default_agent_loop': 'single_turn_agent',
[36m(TaskRunner pid=70613)[0m                                              'num_workers': 8},
[36m(TaskRunner pid=70613)[0m                                    'calculate_log_probs': False,
[36m(TaskRunner pid=70613)[0m                                    'checkpoint_engine': {'_target_': 'verl.workers.config.CheckpointEngineConfig',
[36m(TaskRunner pid=70613)[0m                                                          'backend': 'naive',
[36m(TaskRunner pid=70613)[0m                                                          'custom_backend_module': None,
[36m(TaskRunner pid=70613)[0m                                                          'engine_kwargs': {},
[36m(TaskRunner pid=70613)[0m                                                          'update_weights_bucket_megabytes': 2048},
[36m(TaskRunner pid=70613)[0m                                    'cudagraph_capture_sizes': None,
[36m(TaskRunner pid=70613)[0m                                    'data_parallel_size': 1,
[36m(TaskRunner pid=70613)[0m                                    'disable_log_stats': True,
[36m(TaskRunner pid=70613)[0m                                    'disaggregation': {'bootstrap_port': None,
[36m(TaskRunner pid=70613)[0m                                                       'decode_replicas': 1,
[36m(TaskRunner pid=70613)[0m                                                       'decode_tensor_model_parallel_size': None,
[36m(TaskRunner pid=70613)[0m                                                       'enabled': False,
[36m(TaskRunner pid=70613)[0m                                                       'ib_device': None,
[36m(TaskRunner pid=70613)[0m                                                       'prefill_replicas': 1,
[36m(TaskRunner pid=70613)[0m                                                       'transfer_backend': 'nixl'},
[36m(TaskRunner pid=70613)[0m                                    'do_sample': True,
[36m(TaskRunner pid=70613)[0m                                    'dtype': 'bfloat16',
[36m(TaskRunner pid=70613)[0m                                    'enable_chunked_prefill': True,
[36m(TaskRunner pid=70613)[0m                                    'enable_prefix_caching': True,
[36m(TaskRunner pid=70613)[0m                                    'enable_rollout_routing_replay': False,
[36m(TaskRunner pid=70613)[0m                                    'enforce_eager': True,
[36m(TaskRunner pid=70613)[0m                                    'engine_kwargs': {'sglang': {},
[36m(TaskRunner pid=70613)[0m                                                      'trtllm': {},
[36m(TaskRunner pid=70613)[0m                                                      'vllm': {}},
[36m(TaskRunner pid=70613)[0m                                    'expert_parallel_size': 1,
[36m(TaskRunner pid=70613)[0m                                    'free_cache_engine': True,
[36m(TaskRunner pid=70613)[0m                                    'gpu_memory_utilization': 0.4,
[36m(TaskRunner pid=70613)[0m                                    'ignore_eos': False,
[36m(TaskRunner pid=70613)[0m                                    'layered_summon': False,
[36m(TaskRunner pid=70613)[0m                                    'load_format': 'dummy',
[36m(TaskRunner pid=70613)[0m                                    'log_prob_max_token_len_per_gpu': 24576,
[36m(TaskRunner pid=70613)[0m                                    'log_prob_micro_batch_size': None,
[36m(TaskRunner pid=70613)[0m                                    'log_prob_micro_batch_size_per_gpu': None,
[36m(TaskRunner pid=70613)[0m                                    'log_prob_use_dynamic_bsz': True,
[36m(TaskRunner pid=70613)[0m                                    'logprobs_mode': 'processed_logprobs',
[36m(TaskRunner pid=70613)[0m                                    'max_model_len': 3072,
[36m(TaskRunner pid=70613)[0m                                    'max_num_batched_tokens': 8192,
[36m(TaskRunner pid=70613)[0m                                    'max_num_seqs': 1024,
[36m(TaskRunner pid=70613)[0m                                    'mode': 'async',
[36m(TaskRunner pid=70613)[0m                                    'mtp': {'_target_': 'verl.workers.config.MtpConfig',
[36m(TaskRunner pid=70613)[0m                                            'detach_encoder': False,
[36m(TaskRunner pid=70613)[0m                                            'enable': False,
[36m(TaskRunner pid=70613)[0m                                            'enable_rollout': False,
[36m(TaskRunner pid=70613)[0m                                            'enable_train': False,
[36m(TaskRunner pid=70613)[0m                                            'method': 'mtp',
[36m(TaskRunner pid=70613)[0m                                            'mtp_loss_scaling_factor': 0.1,
[36m(TaskRunner pid=70613)[0m                                            'num_speculative_tokens': 1,
[36m(TaskRunner pid=70613)[0m                                            'speculative_algorithm': 'EAGLE',
[36m(TaskRunner pid=70613)[0m                                            'speculative_eagle_topk': 1,
[36m(TaskRunner pid=70613)[0m                                            'speculative_num_draft_tokens': 4,
[36m(TaskRunner pid=70613)[0m                                            'speculative_num_steps': 3},
[36m(TaskRunner pid=70613)[0m                                    'multi_stage_wake_up': False,
[36m(TaskRunner pid=70613)[0m                                    'multi_turn': {'_target_': 'verl.workers.config.MultiTurnConfig',
[36m(TaskRunner pid=70613)[0m                                                   'enable': False,
[36m(TaskRunner pid=70613)[0m                                                   'format': 'hermes',
[36m(TaskRunner pid=70613)[0m                                                   'function_tool_path': None,
[36m(TaskRunner pid=70613)[0m                                                   'max_assistant_turns': None,
[36m(TaskRunner pid=70613)[0m                                                   'max_parallel_calls': 1,
[36m(TaskRunner pid=70613)[0m                                                   'max_tool_response_length': 256,
[36m(TaskRunner pid=70613)[0m                                                   'max_user_turns': None,
[36m(TaskRunner pid=70613)[0m                                                   'num_repeat_rollouts': None,
[36m(TaskRunner pid=70613)[0m                                                   'tokenization_sanity_check_mode': 'strict',
[36m(TaskRunner pid=70613)[0m                                                   'tool_config_path': None,
[36m(TaskRunner pid=70613)[0m                                                   'tool_response_truncate_side': 'middle',
[36m(TaskRunner pid=70613)[0m                                                   'use_inference_chat_template': False},
[36m(TaskRunner pid=70613)[0m                                    'n': 8,
[36m(TaskRunner pid=70613)[0m                                    'n_gpus_per_node': 4,
[36m(TaskRunner pid=70613)[0m                                    'name': 'vllm',
[36m(TaskRunner pid=70613)[0m                                    'nnodes': 0,
[36m(TaskRunner pid=70613)[0m                                    'over_sample_rate': 0,
[36m(TaskRunner pid=70613)[0m                                    'pipeline_model_parallel_size': 1,
[36m(TaskRunner pid=70613)[0m                                    'profiler': {'_target_': 'verl.utils.profiler.ProfilerConfig',
[36m(TaskRunner pid=70613)[0m                                                 'all_ranks': False,
[36m(TaskRunner pid=70613)[0m                                                 'enable': False,
[36m(TaskRunner pid=70613)[0m                                                 'ranks': [],
[36m(TaskRunner pid=70613)[0m                                                 'save_path': 'outputs/profile',
[36m(TaskRunner pid=70613)[0m                                                 'tool': None,
[36m(TaskRunner pid=70613)[0m                                                 'tool_config': {'npu': {'_target_': 'verl.utils.profiler.config.NPUToolConfig',
[36m(TaskRunner pid=70613)[0m                                                                         'analysis': True,
[36m(TaskRunner pid=70613)[0m                                                                         'contents': [],
[36m(TaskRunner pid=70613)[0m                                                                         'discrete': False,
[36m(TaskRunner pid=70613)[0m                                                                         'level': 'level0'},
[36m(TaskRunner pid=70613)[0m                                                                 'precision_debugger': {'_target_': 'verl.utils.profiler.config.PrecisionDebuggerToolConfig',
[36m(TaskRunner pid=70613)[0m                                                                                        'config_path': None,
[36m(TaskRunner pid=70613)[0m                                                                                        'stages': None,
[36m(TaskRunner pid=70613)[0m                                                                                        'steps': None,
[36m(TaskRunner pid=70613)[0m                                                                                        'strict': False},
[36m(TaskRunner pid=70613)[0m                                                                 'torch': {'_target_': 'verl.utils.profiler.config.TorchProfilerToolConfig',
[36m(TaskRunner pid=70613)[0m                                                                           'contents': [],
[36m(TaskRunner pid=70613)[0m                                                                           'discrete': False}}},
[36m(TaskRunner pid=70613)[0m                                    'prometheus': {'_target_': 'verl.workers.config.PrometheusConfig',
[36m(TaskRunner pid=70613)[0m                                                   'enable': False,
[36m(TaskRunner pid=70613)[0m                                                   'file': '/tmp/ray/session_latest/metrics/prometheus/prometheus.yml',
[36m(TaskRunner pid=70613)[0m                                                   'port': 9090,
[36m(TaskRunner pid=70613)[0m                                                   'served_model_name': '/root/models/Qwen/Qwen3-1.7B-Base'},
[36m(TaskRunner pid=70613)[0m                                    'prompt_length': 512,
[36m(TaskRunner pid=70613)[0m                                    'qat': {'_target_': 'verl.workers.config.QATEngineConfig',
[36m(TaskRunner pid=70613)[0m                                            'activation_observer': 'static_minmax',
[36m(TaskRunner pid=70613)[0m                                            'enable': False,
[36m(TaskRunner pid=70613)[0m                                            'group_size': 16,
[36m(TaskRunner pid=70613)[0m                                            'ignore_patterns': ['lm_head',
[36m(TaskRunner pid=70613)[0m                                                                'embed_tokens',
[36m(TaskRunner pid=70613)[0m                                                                're:.*mlp.gate$'],
[36m(TaskRunner pid=70613)[0m                                            'mode': 'w4a16',
[36m(TaskRunner pid=70613)[0m                                            'quantization_config_path': None},
[36m(TaskRunner pid=70613)[0m                                    'quantization': None,
[36m(TaskRunner pid=70613)[0m                                    'quantization_config_file': None,
[36m(TaskRunner pid=70613)[0m                                    'response_length': 2048,
[36m(TaskRunner pid=70613)[0m                                    'scheduling_policy': 'fcfs',
[36m(TaskRunner pid=70613)[0m                                    'skip': {'_target_': 'verl.workers.config.SkipConfig',
[36m(TaskRunner pid=70613)[0m                                             'action': 'cache',
[36m(TaskRunner pid=70613)[0m                                             'dump_dir': '~/.verl/rollout_dump',
[36m(TaskRunner pid=70613)[0m                                             'enable': False,
[36m(TaskRunner pid=70613)[0m                                             'max_dump_step': 1},
[36m(TaskRunner pid=70613)[0m                                    'skip_tokenizer_init': True,
[36m(TaskRunner pid=70613)[0m                                    'temperature': 1.0,
[36m(TaskRunner pid=70613)[0m                                    'tensor_model_parallel_size': 1,
[36m(TaskRunner pid=70613)[0m                                    'top_k': -1,
[36m(TaskRunner pid=70613)[0m                                    'top_p': 0.95,
[36m(TaskRunner pid=70613)[0m                                    'trace': {'_target_': 'verl.workers.config.TraceConfig',
[36m(TaskRunner pid=70613)[0m                                              'backend': None,
[36m(TaskRunner pid=70613)[0m                                              'experiment_name': 'grpo_v3',
[36m(TaskRunner pid=70613)[0m                                              'max_samples_per_step_per_worker': None,
[36m(TaskRunner pid=70613)[0m                                              'project_name': 'grpo_math',
[36m(TaskRunner pid=70613)[0m                                              'token2text': False},
[36m(TaskRunner pid=70613)[0m                                    'val_kwargs': {'_target_': 'verl.workers.config.SamplingConfig',
[36m(TaskRunner pid=70613)[0m                                                   'do_sample': False,
[36m(TaskRunner pid=70613)[0m                                                   'n': 1,
[36m(TaskRunner pid=70613)[0m                                                   'temperature': 0,
[36m(TaskRunner pid=70613)[0m                                                   'top_k': -1,
[36m(TaskRunner pid=70613)[0m                                                   'top_p': 1.0}}},
[36m(TaskRunner pid=70613)[0m  'algorithm': {'_target_': 'verl.trainer.config.AlgoConfig',
[36m(TaskRunner pid=70613)[0m                'adv_estimator': 'grpo',
[36m(TaskRunner pid=70613)[0m                'gamma': 1.0,
[36m(TaskRunner pid=70613)[0m                'kl_ctrl': {'_target_': 'verl.trainer.config.KLControlConfig',
[36m(TaskRunner pid=70613)[0m                            'horizon': 10000,
[36m(TaskRunner pid=70613)[0m                            'kl_coef': 0.001,
[36m(TaskRunner pid=70613)[0m                            'target_kl': 0.1,
[36m(TaskRunner pid=70613)[0m                            'type': 'fixed'},
[36m(TaskRunner pid=70613)[0m                'kl_penalty': 'kl',
[36m(TaskRunner pid=70613)[0m                'lam': 1.0,
[36m(TaskRunner pid=70613)[0m                'norm_adv_by_std_in_grpo': True,
[36m(TaskRunner pid=70613)[0m                'pf_ppo': {'reweight_method': 'pow', 'weight_pow': 2.0},
[36m(TaskRunner pid=70613)[0m                'rollout_correction': {'bypass_mode': False,
[36m(TaskRunner pid=70613)[0m                                       'loss_type': 'ppo_clip',
[36m(TaskRunner pid=70613)[0m                                       'rollout_is': None,
[36m(TaskRunner pid=70613)[0m                                       'rollout_is_batch_normalize': False,
[36m(TaskRunner pid=70613)[0m                                       'rollout_is_threshold': 2.0,
[36m(TaskRunner pid=70613)[0m                                       'rollout_rs': None,
[36m(TaskRunner pid=70613)[0m                                       'rollout_rs_threshold': None},
[36m(TaskRunner pid=70613)[0m                'use_kl_in_reward': False,
[36m(TaskRunner pid=70613)[0m                'use_pf_ppo': False},
[36m(TaskRunner pid=70613)[0m  'critic': {'_target_': 'verl.workers.config.FSDPCriticConfig',
[36m(TaskRunner pid=70613)[0m             'checkpoint': {'_target_': 'verl.trainer.config.CheckpointConfig',
[36m(TaskRunner pid=70613)[0m                            'async_save': False,
[36m(TaskRunner pid=70613)[0m                            'load_contents': ['model', 'optimizer', 'extra'],
[36m(TaskRunner pid=70613)[0m                            'mbridge_config': {},
[36m(TaskRunner pid=70613)[0m                            'save_contents': ['model', 'optimizer', 'extra']},
[36m(TaskRunner pid=70613)[0m             'cliprange_value': 0.5,
[36m(TaskRunner pid=70613)[0m             'data_loader_seed': 42,
[36m(TaskRunner pid=70613)[0m             'enable': None,
[36m(TaskRunner pid=70613)[0m             'forward_max_token_len_per_gpu': 32768,
[36m(TaskRunner pid=70613)[0m             'forward_micro_batch_size': None,
[36m(TaskRunner pid=70613)[0m             'forward_micro_batch_size_per_gpu': None,
[36m(TaskRunner pid=70613)[0m             'fsdp': {'_target_': 'verl.workers.config.FSDPEngineConfig',
[36m(TaskRunner pid=70613)[0m                      'dtype': 'bfloat16',
[36m(TaskRunner pid=70613)[0m                      'entropy_checkpointing': False,
[36m(TaskRunner pid=70613)[0m                      'entropy_from_logits_with_chunking': False,
[36m(TaskRunner pid=70613)[0m                      'forward_only': False,
[36m(TaskRunner pid=70613)[0m                      'forward_prefetch': False,
[36m(TaskRunner pid=70613)[0m                      'fsdp_size': -1,
[36m(TaskRunner pid=70613)[0m                      'full_determinism': False,
[36m(TaskRunner pid=70613)[0m                      'model_dtype': 'fp32',
[36m(TaskRunner pid=70613)[0m                      'offload_policy': False,
[36m(TaskRunner pid=70613)[0m                      'optimizer_offload': False,
[36m(TaskRunner pid=70613)[0m                      'param_offload': False,
[36m(TaskRunner pid=70613)[0m                      'qat': {'_target_': 'verl.workers.config.QATEngineConfig',
[36m(TaskRunner pid=70613)[0m                              'activation_observer': 'static_minmax',
[36m(TaskRunner pid=70613)[0m                              'enable': False,
[36m(TaskRunner pid=70613)[0m                              'group_size': 16,
[36m(TaskRunner pid=70613)[0m                              'ignore_patterns': ['lm_head',
[36m(TaskRunner pid=70613)[0m                                                  'embed_tokens',
[36m(TaskRunner pid=70613)[0m                                                  're:.*mlp.gate$'],
[36m(TaskRunner pid=70613)[0m                              'mode': 'w4a16',
[36m(TaskRunner pid=70613)[0m                              'quantization_config_path': None},
[36m(TaskRunner pid=70613)[0m                      'reshard_after_forward': True,
[36m(TaskRunner pid=70613)[0m                      'seed': 42,
[36m(TaskRunner pid=70613)[0m                      'strategy': 'fsdp',
[36m(TaskRunner pid=70613)[0m                      'ulysses_sequence_parallel_size': 1,
[36m(TaskRunner pid=70613)[0m                      'use_orig_params': False,
[36m(TaskRunner pid=70613)[0m                      'use_torch_compile': True,
[36m(TaskRunner pid=70613)[0m                      'wrap_policy': {'min_num_params': 0}},
[36m(TaskRunner pid=70613)[0m             'grad_clip': 1.0,
[36m(TaskRunner pid=70613)[0m             'loss_agg_mode': 'token-mean',
[36m(TaskRunner pid=70613)[0m             'model': {'_target_': 'verl.workers.config.HFModelConfig',
[36m(TaskRunner pid=70613)[0m                       'custom_chat_template': None,
[36m(TaskRunner pid=70613)[0m                       'enable_activation_offload': False,
[36m(TaskRunner pid=70613)[0m                       'enable_gradient_checkpointing': True,
[36m(TaskRunner pid=70613)[0m                       'exclude_modules': None,
[36m(TaskRunner pid=70613)[0m                       'external_lib': None,
[36m(TaskRunner pid=70613)[0m                       'fused_kernel_options': {'impl_backend': 'torch'},
[36m(TaskRunner pid=70613)[0m                       'hf_config_path': None,
[36m(TaskRunner pid=70613)[0m                       'lora': {'a2a_experimental': False,
[36m(TaskRunner pid=70613)[0m                                'adapter_path': None,
[36m(TaskRunner pid=70613)[0m                                'alpha': 32,
[36m(TaskRunner pid=70613)[0m                                'dropout': 0.0,
[36m(TaskRunner pid=70613)[0m                                'dropout_position': 'pre',
[36m(TaskRunner pid=70613)[0m                                'dtype': None,
[36m(TaskRunner pid=70613)[0m                                'exclude_modules': [],
[36m(TaskRunner pid=70613)[0m                                'freeze_language_model': True,
[36m(TaskRunner pid=70613)[0m                                'freeze_vision_model': True,
[36m(TaskRunner pid=70613)[0m                                'freeze_vision_projection': True,
[36m(TaskRunner pid=70613)[0m                                'lora_A_init_method': 'xavier',
[36m(TaskRunner pid=70613)[0m                                'lora_B_init_method': 'zero',
[36m(TaskRunner pid=70613)[0m                                'merge': False,
[36m(TaskRunner pid=70613)[0m                                'rank': 0,
[36m(TaskRunner pid=70613)[0m                                'target_modules': ['linear_qkv',
[36m(TaskRunner pid=70613)[0m                                                   'linear_proj',
[36m(TaskRunner pid=70613)[0m                                                   'linear_fc1',
[36m(TaskRunner pid=70613)[0m                                                   'linear_fc2'],
[36m(TaskRunner pid=70613)[0m                                'type': 'lora'},
[36m(TaskRunner pid=70613)[0m                       'lora_adapter_path': None,
[36m(TaskRunner pid=70613)[0m                       'lora_alpha': 16,
[36m(TaskRunner pid=70613)[0m                       'lora_rank': 0,
[36m(TaskRunner pid=70613)[0m                       'mtp': {'_target_': 'verl.workers.config.MtpConfig',
[36m(TaskRunner pid=70613)[0m                               'detach_encoder': False,
[36m(TaskRunner pid=70613)[0m                               'enable': False,
[36m(TaskRunner pid=70613)[0m                               'enable_rollout': False,
[36m(TaskRunner pid=70613)[0m                               'enable_train': False,
[36m(TaskRunner pid=70613)[0m                               'method': 'mtp',
[36m(TaskRunner pid=70613)[0m                               'mtp_loss_scaling_factor': 0.1,
[36m(TaskRunner pid=70613)[0m                               'num_speculative_tokens': 1,
[36m(TaskRunner pid=70613)[0m                               'speculative_algorithm': 'EAGLE',
[36m(TaskRunner pid=70613)[0m                               'speculative_eagle_topk': 1,
[36m(TaskRunner pid=70613)[0m                               'speculative_num_draft_tokens': 4,
[36m(TaskRunner pid=70613)[0m                               'speculative_num_steps': 3},
[36m(TaskRunner pid=70613)[0m                       'override_config': {},
[36m(TaskRunner pid=70613)[0m                       'path': '~/models/deepseek-llm-7b-chat',
[36m(TaskRunner pid=70613)[0m                       'target_modules': 'all-linear',
[36m(TaskRunner pid=70613)[0m                       'tiled_mlp': {'enabled': False, 'num_shards': 4},
[36m(TaskRunner pid=70613)[0m                       'tokenizer_path': None,
[36m(TaskRunner pid=70613)[0m                       'trust_remote_code': False,
[36m(TaskRunner pid=70613)[0m                       'use_fused_kernels': False,
[36m(TaskRunner pid=70613)[0m                       'use_liger': False,
[36m(TaskRunner pid=70613)[0m                       'use_remove_padding': True,
[36m(TaskRunner pid=70613)[0m                       'use_shm': False},
[36m(TaskRunner pid=70613)[0m             'optim': {'_target_': 'verl.workers.config.FSDPOptimizerConfig',
[36m(TaskRunner pid=70613)[0m                       'betas': [0.9, 0.999],
[36m(TaskRunner pid=70613)[0m                       'clip_grad': 1.0,
[36m(TaskRunner pid=70613)[0m                       'lr': 1e-05,
[36m(TaskRunner pid=70613)[0m                       'lr_scheduler_type': 'constant',
[36m(TaskRunner pid=70613)[0m                       'lr_warmup_steps': -1,
[36m(TaskRunner pid=70613)[0m                       'lr_warmup_steps_ratio': 0.0,
[36m(TaskRunner pid=70613)[0m                       'min_lr_ratio': 0.0,
[36m(TaskRunner pid=70613)[0m                       'num_cycles': 0.5,
[36m(TaskRunner pid=70613)[0m                       'optimizer': 'AdamW',
[36m(TaskRunner pid=70613)[0m                       'optimizer_impl': 'torch.optim',
[36m(TaskRunner pid=70613)[0m                       'override_optimizer_config': None,
[36m(TaskRunner pid=70613)[0m                       'total_training_steps': -1,
[36m(TaskRunner pid=70613)[0m                       'warmup_style': None,
[36m(TaskRunner pid=70613)[0m                       'weight_decay': 0.01,
[36m(TaskRunner pid=70613)[0m                       'zero_indexed_step': True},
[36m(TaskRunner pid=70613)[0m             'ppo_epochs': 1,
[36m(TaskRunner pid=70613)[0m             'ppo_max_token_len_per_gpu': 32768,
[36m(TaskRunner pid=70613)[0m             'ppo_micro_batch_size': None,
[36m(TaskRunner pid=70613)[0m             'ppo_micro_batch_size_per_gpu': None,
[36m(TaskRunner pid=70613)[0m             'ppo_mini_batch_size': 256,
[36m(TaskRunner pid=70613)[0m             'profiler': {'_target_': 'verl.utils.profiler.ProfilerConfig',
[36m(TaskRunner pid=70613)[0m                          'all_ranks': False,
[36m(TaskRunner pid=70613)[0m                          'enable': False,
[36m(TaskRunner pid=70613)[0m                          'ranks': [],
[36m(TaskRunner pid=70613)[0m                          'save_path': 'outputs/profile',
[36m(TaskRunner pid=70613)[0m                          'tool': None,
[36m(TaskRunner pid=70613)[0m                          'tool_config': {'npu': {'_target_': 'verl.utils.profiler.config.NPUToolConfig',
[36m(TaskRunner pid=70613)[0m                                                  'analysis': True,
[36m(TaskRunner pid=70613)[0m                                                  'contents': [],
[36m(TaskRunner pid=70613)[0m                                                  'discrete': False,
[36m(TaskRunner pid=70613)[0m                                                  'level': 'level0'},
[36m(TaskRunner pid=70613)[0m                                          'nsys': {'_target_': 'verl.utils.profiler.config.NsightToolConfig',
[36m(TaskRunner pid=70613)[0m                                                   'discrete': False},
[36m(TaskRunner pid=70613)[0m                                          'precision_debugger': {'_target_': 'verl.utils.profiler.config.PrecisionDebuggerToolConfig',
[36m(TaskRunner pid=70613)[0m                                                                 'config_path': None,
[36m(TaskRunner pid=70613)[0m                                                                 'stages': None,
[36m(TaskRunner pid=70613)[0m                                                                 'steps': None,
[36m(TaskRunner pid=70613)[0m                                                                 'strict': False},
[36m(TaskRunner pid=70613)[0m                                          'torch': {'_target_': 'verl.utils.profiler.config.TorchProfilerToolConfig',
[36m(TaskRunner pid=70613)[0m                                                    'contents': [],
[36m(TaskRunner pid=70613)[0m                                                    'discrete': False},
[36m(TaskRunner pid=70613)[0m                                          'torch_memory': {'_target_': 'verl.utils.profiler.config.TorchMemoryToolConfig',
[36m(TaskRunner pid=70613)[0m                                                           'stack_depth': 32,
[36m(TaskRunner pid=70613)[0m                                                           'trace_alloc_max_entries': 100000}}},
[36m(TaskRunner pid=70613)[0m             'rollout_n': 8,
[36m(TaskRunner pid=70613)[0m             'shuffle': False,
[36m(TaskRunner pid=70613)[0m             'strategy': 'fsdp',
[36m(TaskRunner pid=70613)[0m             'ulysses_sequence_parallel_size': 1,
[36m(TaskRunner pid=70613)[0m             'use_dynamic_bsz': True},
[36m(TaskRunner pid=70613)[0m  'data': {'apply_chat_template_kwargs': {},
[36m(TaskRunner pid=70613)[0m           'custom_cls': {'name': None, 'path': None},
[36m(TaskRunner pid=70613)[0m           'dataloader_num_workers': 8,
[36m(TaskRunner pid=70613)[0m           'filter_overlong_prompts': True,
[36m(TaskRunner pid=70613)[0m           'filter_overlong_prompts_workers': 1,
[36m(TaskRunner pid=70613)[0m           'function_tool_path': None,
[36m(TaskRunner pid=70613)[0m           'image_key': 'images',
[36m(TaskRunner pid=70613)[0m           'image_patch_size': 14,
[36m(TaskRunner pid=70613)[0m           'max_prompt_length': 512,
[36m(TaskRunner pid=70613)[0m           'max_response_length': 2048,
[36m(TaskRunner pid=70613)[0m           'prompt_key': 'prompt',
[36m(TaskRunner pid=70613)[0m           'return_full_prompt': False,
[36m(TaskRunner pid=70613)[0m           'return_multi_modal_inputs': True,
[36m(TaskRunner pid=70613)[0m           'return_raw_chat': True,
[36m(TaskRunner pid=70613)[0m           'return_raw_input_ids': False,
[36m(TaskRunner pid=70613)[0m           'reward_fn_key': 'data_source',
[36m(TaskRunner pid=70613)[0m           'seed': None,
[36m(TaskRunner pid=70613)[0m           'shuffle': True,
[36m(TaskRunner pid=70613)[0m           'tokenizer': None,
[36m(TaskRunner pid=70613)[0m           'tool_config_path': None,
[36m(TaskRunner pid=70613)[0m           'train_batch_size': 256,
[36m(TaskRunner pid=70613)[0m           'train_files': '/workspace/AI4AI/experiments/claude-code-verl/workspace/data/train_v2.parquet',
[36m(TaskRunner pid=70613)[0m           'train_max_samples': -1,
[36m(TaskRunner pid=70613)[0m           'truncation': 'left',
[36m(TaskRunner pid=70613)[0m           'trust_remote_code': True,
[36m(TaskRunner pid=70613)[0m           'use_shm': False,
[36m(TaskRunner pid=70613)[0m           'val_batch_size': None,
[36m(TaskRunner pid=70613)[0m           'val_files': '/workspace/AI4AI/experiments/claude-code-verl/workspace/data/val_v2.parquet',
[36m(TaskRunner pid=70613)[0m           'val_max_samples': -1,
[36m(TaskRunner pid=70613)[0m           'validation_shuffle': False,
[36m(TaskRunner pid=70613)[0m           'video_key': 'videos'},
[36m(TaskRunner pid=70613)[0m  'distillation': {'_target_': 'verl.workers.config.DistillationConfig',
[36m(TaskRunner pid=70613)[0m                   'distillation_loss': {'_target_': 'verl.workers.config.DistillationLossConfig',
[36m(TaskRunner pid=70613)[0m                                         'clip_ratio': 0.2,
[36m(TaskRunner pid=70613)[0m                                         'clip_ratio_high': 0.2,
[36m(TaskRunner pid=70613)[0m                                         'clip_ratio_low': 0.2,
[36m(TaskRunner pid=70613)[0m                                         'distillation_loss_coef': 1.0,
[36m(TaskRunner pid=70613)[0m                                         'log_prob_min_clamp': None,
[36m(TaskRunner pid=70613)[0m                                         'loss_max_clamp': None,
[36m(TaskRunner pid=70613)[0m                                         'loss_mode': 'k3',
[36m(TaskRunner pid=70613)[0m                                         'policy_loss_mode': 'vanilla',
[36m(TaskRunner pid=70613)[0m                                         'topk': 32,
[36m(TaskRunner pid=70613)[0m                                         'use_policy_gradient': False,
[36m(TaskRunner pid=70613)[0m                                         'use_task_rewards': True},
[36m(TaskRunner pid=70613)[0m                   'enabled': False,
[36m(TaskRunner pid=70613)[0m                   'n_gpus_per_node': 8,
[36m(TaskRunner pid=70613)[0m                   'nnodes': 0,
[36m(TaskRunner pid=70613)[0m                   'teacher_key': 'data_source',
[36m(TaskRunner pid=70613)[0m                   'teacher_models': {'teacher_model': {'_target_': 'verl.workers.config.DistillationTeacherModelConfig',
[36m(TaskRunner pid=70613)[0m                                                        'inference': {'_target_': 'verl.workers.config.RolloutConfig',
[36m(TaskRunner pid=70613)[0m                                                                      'cudagraph_capture_sizes': None,
[36m(TaskRunner pid=70613)[0m                                                                      'data_parallel_size': 1,
[36m(TaskRunner pid=70613)[0m                                                                      'disable_log_stats': True,
[36m(TaskRunner pid=70613)[0m                                                                      'dtype': 'bfloat16',
[36m(TaskRunner pid=70613)[0m                                                                      'enable_chunked_prefill': True,
[36m(TaskRunner pid=70613)[0m                                                                      'enable_prefix_caching': True,
[36m(TaskRunner pid=70613)[0m                                                                      'enforce_eager': True,
[36m(TaskRunner pid=70613)[0m                                                                      'engine_kwargs': {},
[36m(TaskRunner pid=70613)[0m                                                                      'expert_parallel_size': 1,
[36m(TaskRunner pid=70613)[0m                                                                      'free_cache_engine': True,
[36m(TaskRunner pid=70613)[0m                                                                      'gpu_memory_utilization': 0.5,
[36m(TaskRunner pid=70613)[0m                                                                      'limit_images': None,
[36m(TaskRunner pid=70613)[0m                                                                      'load_format': 'auto',
[36m(TaskRunner pid=70613)[0m                                                                      'max_model_len': None,
[36m(TaskRunner pid=70613)[0m                                                                      'max_num_batched_tokens': 8192,
[36m(TaskRunner pid=70613)[0m                                                                      'max_num_seqs': 1024,
[36m(TaskRunner pid=70613)[0m                                                                      'name': 'vllm',
[36m(TaskRunner pid=70613)[0m                                                                      'prompt_length': 512,
[36m(TaskRunner pid=70613)[0m                                                                      'response_length': 2048,
[36m(TaskRunner pid=70613)[0m                                                                      'skip_tokenizer_init': True,
[36m(TaskRunner pid=70613)[0m                                                                      'temperature': 1.0,
[36m(TaskRunner pid=70613)[0m                                                                      'tensor_model_parallel_size': 2},
[36m(TaskRunner pid=70613)[0m                                                        'key': None,
[36m(TaskRunner pid=70613)[0m                                                        'model_path': None,
[36m(TaskRunner pid=70613)[0m                                                        'num_replicas': 0}}},
[36m(TaskRunner pid=70613)[0m  'global_profiler': {'_target_': 'verl.utils.profiler.ProfilerConfig',
[36m(TaskRunner pid=70613)[0m                      'global_tool_config': {'nsys': {'_target_': 'verl.utils.profiler.config.NsightToolConfig',
[36m(TaskRunner pid=70613)[0m                                                      'controller_nsight_options': {'cuda-graph-trace': 'graph',
[36m(TaskRunner pid=70613)[0m                                                                                    'cuda-memory-usage': 'true',
[36m(TaskRunner pid=70613)[0m                                                                                    'trace': 'cuda,nvtx,cublas,ucx'},
[36m(TaskRunner pid=70613)[0m                                                      'discrete': False,
[36m(TaskRunner pid=70613)[0m                                                      'worker_nsight_options': {'capture-range': 'cudaProfilerApi',
[36m(TaskRunner pid=70613)[0m                                                                                'capture-range-end': None,
[36m(TaskRunner pid=70613)[0m                                                                                'cuda-graph-trace': 'graph',
[36m(TaskRunner pid=70613)[0m                                                                                'cuda-memory-usage': 'true',
[36m(TaskRunner pid=70613)[0m                                                                                'kill': 'none',
[36m(TaskRunner pid=70613)[0m                                                                                'trace': 'cuda,nvtx,cublas,ucx'}},
[36m(TaskRunner pid=70613)[0m                                             'precision_debugger': {'_target_': 'verl.utils.profiler.config.PrecisionDebuggerToolConfig',
[36m(TaskRunner pid=70613)[0m                                                                    'config_path': None,
[36m(TaskRunner pid=70613)[0m                                                                    'stages': None,
[36m(TaskRunner pid=70613)[0m                                                                    'steps': None,
[36m(TaskRunner pid=70613)[0m                                                                    'strict': False},
[36m(TaskRunner pid=70613)[0m                                             'torch_memory': {'context': 'all',
[36m(TaskRunner pid=70613)[0m                                                              'kw_args': {},
[36m(TaskRunner pid=70613)[0m                                                              'stack_depth': 32,
[36m(TaskRunner pid=70613)[0m                                                              'stacks': 'all',
[36m(TaskRunner pid=70613)[0m                                                              'trace_alloc_max_entries': 100000}},
[36m(TaskRunner pid=70613)[0m                      'profile_continuous_steps': False,
[36m(TaskRunner pid=70613)[0m                      'save_path': 'outputs/profile',
[36m(TaskRunner pid=70613)[0m                      'steps': None,
[36m(TaskRunner pid=70613)[0m                      'tool': None},
[36m(TaskRunner pid=70613)[0m  'model_engine': 'dp',
[36m(TaskRunner pid=70613)[0m  'ray_kwargs': {'ray_init': {'num_cpus': None}, 'timeline_json_file': None},
[36m(TaskRunner pid=70613)[0m  'reward': {'_target_': 'verl.workers.config.RewardConfig',
[36m(TaskRunner pid=70613)[0m             'custom_reward_function': {'name': 'compute_score',
[36m(TaskRunner pid=70613)[0m                                        'path': '/workspace/AI4AI/experiments/claude-code-verl/workspace/reward_function_v3.py'},
[36m(TaskRunner pid=70613)[0m             'num_workers': 8,
[36m(TaskRunner pid=70613)[0m             'reward_manager': {'_target_': 'verl.workers.config.reward.RewardManagerConfig',
[36m(TaskRunner pid=70613)[0m                                'module': {'_target_': 'verl.trainer.config.config.ModuleConfig',
[36m(TaskRunner pid=70613)[0m                                           'name': 'custom_reward_manager',
[36m(TaskRunner pid=70613)[0m                                           'path': None},
[36m(TaskRunner pid=70613)[0m                                'name': 'naive',
[36m(TaskRunner pid=70613)[0m                                'source': 'register'},
[36m(TaskRunner pid=70613)[0m             'reward_model': {'_target_': 'verl.workers.config.RewardModelConfig',
[36m(TaskRunner pid=70613)[0m                              'enable': False,
[36m(TaskRunner pid=70613)[0m                              'enable_resource_pool': False,
[36m(TaskRunner pid=70613)[0m                              'model_path': None,
[36m(TaskRunner pid=70613)[0m                              'n_gpus_per_node': 8,
[36m(TaskRunner pid=70613)[0m                              'nnodes': 0,
[36m(TaskRunner pid=70613)[0m                              'rollout': {'_target_': 'verl.workers.config.RolloutConfig',
[36m(TaskRunner pid=70613)[0m                                          'cudagraph_capture_sizes': None,
[36m(TaskRunner pid=70613)[0m                                          'data_parallel_size': 1,
[36m(TaskRunner pid=70613)[0m                                          'disable_log_stats': True,
[36m(TaskRunner pid=70613)[0m                                          'disaggregation': {'bootstrap_port': None,
[36m(TaskRunner pid=70613)[0m                                                             'decode_replicas': 1,
[36m(TaskRunner pid=70613)[0m                                                             'decode_tensor_model_parallel_size': None,
[36m(TaskRunner pid=70613)[0m                                                             'enabled': False,
[36m(TaskRunner pid=70613)[0m                                                             'ib_device': None,
[36m(TaskRunner pid=70613)[0m                                                             'prefill_replicas': 1,
[36m(TaskRunner pid=70613)[0m                                                             'transfer_backend': 'nixl'},
[36m(TaskRunner pid=70613)[0m                                          'do_sample': True,
[36m(TaskRunner pid=70613)[0m                                          'dtype': 'bfloat16',
[36m(TaskRunner pid=70613)[0m                                          'enable_chunked_prefill': True,
[36m(TaskRunner pid=70613)[0m                                          'enable_prefix_caching': True,
[36m(TaskRunner pid=70613)[0m                                          'enforce_eager': True,
[36m(TaskRunner pid=70613)[0m                                          'engine_kwargs': {},
[36m(TaskRunner pid=70613)[0m                                          'expert_parallel_size': 1,
[36m(TaskRunner pid=70613)[0m                                          'free_cache_engine': True,
[36m(TaskRunner pid=70613)[0m                                          'gpu_memory_utilization': 0.5,
[36m(TaskRunner pid=70613)[0m                                          'ignore_eos': False,
[36m(TaskRunner pid=70613)[0m                                          'layered_summon': False,
[36m(TaskRunner pid=70613)[0m                                          'limit_images': None,
[36m(TaskRunner pid=70613)[0m                                          'load_format': 'auto',
[36m(TaskRunner pid=70613)[0m                                          'max_model_len': None,
[36m(TaskRunner pid=70613)[0m                                          'max_num_batched_tokens': 8192,
[36m(TaskRunner pid=70613)[0m                                          'max_num_seqs': 1024,
[36m(TaskRunner pid=70613)[0m                                          'mtp': None,
[36m(TaskRunner pid=70613)[0m                                          'multi_stage_wake_up': False,
[36m(TaskRunner pid=70613)[0m                                          'n': 1,
[36m(TaskRunner pid=70613)[0m                                          'name': '???',
[36m(TaskRunner pid=70613)[0m                                          'pipeline_model_parallel_size': 1,
[36m(TaskRunner pid=70613)[0m                                          'prompt_length': 2048,
[36m(TaskRunner pid=70613)[0m                                          'quantization': None,
[36m(TaskRunner pid=70613)[0m                                          'quantization_config_file': None,
[36m(TaskRunner pid=70613)[0m                                          'response_length': 2048,
[36m(TaskRunner pid=70613)[0m                                          'scheduling_policy': 'fcfs',
[36m(TaskRunner pid=70613)[0m                                          'skip_tokenizer_init': False,
[36m(TaskRunner pid=70613)[0m                                          'temperature': 1.0,
[36m(TaskRunner pid=70613)[0m                                          'tensor_model_parallel_size': 2,
[36m(TaskRunner pid=70613)[0m                                          'top_k': -1,
[36m(TaskRunner pid=70613)[0m                                          'top_p': 1}},
[36m(TaskRunner pid=70613)[0m             'sandbox_fusion': {'_target_': 'verl.workers.config.SandboxFusionConfig',
[36m(TaskRunner pid=70613)[0m                                'max_concurrent': 64,
[36m(TaskRunner pid=70613)[0m                                'memory_limit_mb': 1024,
[36m(TaskRunner pid=70613)[0m                                'url': None}},
[36m(TaskRunner pid=70613)[0m  'trainer': {'balance_batch': True,
[36m(TaskRunner pid=70613)[0m              'critic_warmup': 0,
[36m(TaskRunner pid=70613)[0m              'default_hdfs_dir': None,
[36m(TaskRunner pid=70613)[0m              'default_local_dir': '/workspace/AI4AI/experiments/claude-code-verl/workspace/checkpoints/grpo_v3',[36m(TaskRunner pid=70613)[0m /workspace/AI4AI/training/verl/trainer/main_ppo.py:254: UserWarning: Disabled critic as algorithm.adv_estimator != gae. If it is not intended, please set critic.enable=True
[36m(TaskRunner pid=70613)[0m   use_critic=need_critic(config),
[36m(TaskRunner pid=70613)[0m Filtering prompts longer than 512 tokens (num_proc=1):   0%|          | 0/30000 [00:00<?, ? examples/s]
[36m(TaskRunner pid=70613)[0m Filtering prompts longer than 512 tokens (num_proc=1):   3%|▎         | 1000/30000 [00:01<00:52, 549.77 examples/s]
[36m(TaskRunner pid=70613)[0m Filtering prompts longer than 512 tokens (num_proc=1):   7%|▋         | 2000/30000 [00:02<00:31, 887.54 examples/s]
[36m(TaskRunner pid=70613)[0m Filtering prompts longer than 512 tokens (num_proc=1):  10%|█         | 3000/30000 [00:03<00:24, 1086.67 examples/s]
[36m(TaskRunner pid=70613)[0m Filtering prompts longer than 512 tokens (num_proc=1):  13%|█▎        | 4000/30000 [00:03<00:21, 1227.30 examples/s]
[36m(TaskRunner pid=70613)[0m Filtering prompts longer than 512 tokens (num_proc=1):  17%|█▋        | 5000/30000 [00:04<00:18, 1340.85 examples/s]
[36m(TaskRunner pid=70613)[0m Filtering prompts longer than 512 tokens (num_proc=1):  20%|██        | 6000/30000 [00:05<00:17, 1400.73 examples/s]
[36m(TaskRunner pid=70613)[0m Filtering prompts longer than 512 tokens (num_proc=1):  23%|██▎       | 7000/30000 [00:05<00:15, 1449.61 examples/s]
[36m(TaskRunner pid=70613)[0m Filtering prompts longer than 512 tokens (num_proc=1):  27%|██▋       | 8000/30000 [00:06<00:14, 1491.24 examples/s]
[36m(TaskRunner pid=70613)[0m Filtering prompts longer than 512 tokens (num_proc=1):  30%|███       | 9000/30000 [00:06<00:13, 1523.01 examples/s]
[36m(TaskRunner pid=70613)[0m Filtering prompts longer than 512 tokens (num_proc=1):  33%|███▎      | 10000/30000 [00:07<00:12, 1541.81 examples/s]
[36m(TaskRunner pid=70613)[0m Filtering prompts longer than 512 tokens (num_proc=1):  37%|███▋      | 11000/30000 [00:08<00:12, 1542.17 examples/s]
[36m(TaskRunner pid=70613)[0m Filtering prompts longer than 512 tokens (num_proc=1):  40%|████      | 12000/30000 [00:08<00:11, 1554.30 examples/s]
[36m(TaskRunner pid=70613)[0m Filtering prompts longer than 512 tokens (num_proc=1):  43%|████▎     | 13000/30000 [00:09<00:10, 1574.28 examples/s]
[36m(TaskRunner pid=70613)[0m Filtering prompts longer than 512 tokens (num_proc=1):  47%|████▋     | 14000/30000 [00:10<00:10, 1574.58 examples/s]
[36m(TaskRunner pid=70613)[0m Filtering prompts longer than 512 tokens (num_proc=1):  50%|█████     | 15000/30000 [00:10<00:09, 1577.88 examples/s]
[36m(TaskRunner pid=70613)[0m Filtering prompts longer than 512 tokens (num_proc=1):  53%|█████▎    | 16000/30000 [00:11<00:08, 1573.73 examples/s]
[36m(TaskRunner pid=70613)[0m Filtering prompts longer than 512 tokens (num_proc=1):  57%|█████▋    | 17000/30000 [00:12<00:08, 1583.25 examples/s]
[36m(TaskRunner pid=70613)[0m Filtering prompts longer than 512 tokens (num_proc=1):  60%|██████    | 18000/30000 [00:12<00:07, 1591.81 examples/s]
[36m(TaskRunner pid=70613)[0m Filtering prompts longer than 512 tokens (num_proc=1):  63%|██████▎   | 19000/30000 [00:13<00:06, 1591.80 examples/s]
[36m(TaskRunner pid=70613)[0m Filtering prompts longer than 512 tokens (num_proc=1):  67%|██████▋   | 20000/30000 [00:13<00:06, 1590.13 examples/s]
[36m(TaskRunner pid=70613)[0m Filtering prompts longer than 512 tokens (num_proc=1):  70%|███████   | 21000/30000 [00:14<00:05, 1596.10 examples/s]
[36m(TaskRunner pid=70613)[0m Filtering prompts longer than 512 tokens (num_proc=1):  73%|███████▎  | 22000/30000 [00:15<00:05, 1588.23 examples/s]
[36m(TaskRunner pid=70613)[0m Filtering prompts longer than 512 tokens (num_proc=1):  77%|███████▋  | 23000/30000 [00:15<00:04, 1588.66 examples/s]
[36m(TaskRunner pid=70613)[0m Filtering prompts longer than 512 tokens (num_proc=1):  80%|████████  | 24000/30000 [00:16<00:03, 1583.86 examples/s]
[36m(TaskRunner pid=70613)[0m Filtering prompts longer than 512 tokens (num_proc=1):  83%|████████▎ | 25000/30000 [00:17<00:03, 1580.89 examples/s]
[36m(TaskRunner pid=70613)[0m Filtering prompts longer than 512 tokens (num_proc=1):  87%|████████▋ | 26000/30000 [00:17<00:02, 1583.93 examples/s]
[36m(TaskRunner pid=70613)[0m Filtering prompts longer than 512 tokens (num_proc=1):  90%|█████████ | 27000/30000 [00:18<00:01, 1592.74 examples/s]
[36m(TaskRunner pid=70613)[0m Filtering prompts longer than 512 tokens (num_proc=1):  93%|█████████▎| 28000/30000 [00:18<00:01, 1605.34 examples/s]
[36m(TaskRunner pid=70613)[0m Filtering prompts longer than 512 tokens (num_proc=1):  97%|█████████▋| 29000/30000 [00:19<00:00, 1628.37 examples/s]
[36m(TaskRunner pid=70613)[0m Filtering prompts longer than 512 tokens (num_proc=1): 100%|██████████| 30000/30000 [00:20<00:00, 1632.33 examples/s]
[36m(TaskRunner pid=70613)[0m Filtering prompts longer than 512 tokens (num_proc=1): 100%|██████████| 30000/30000 [00:20<00:00, 1476.59 examples/s]
[36m(TaskRunner pid=70613)[0m Filtering prompts longer than 512 tokens (num_proc=1):   0%|          | 0/500 [00:00<?, ? examples/s]
[36m(TaskRunner pid=70613)[0m Filtering prompts longer than 512 tokens (num_proc=1): 100%|██████████| 500/500 [00:01<00:00, 317.83 examples/s]
[36m(TaskRunner pid=70613)[0m Filtering prompts longer than 512 tokens (num_proc=1): 100%|██████████| 500/500 [00:01<00:00, 280.71 examples/s]
[36m(TaskRunner pid=70613)[0m /workspace/AI4AI/training/verl/trainer/ppo/ray_trainer.py:296: UserWarning: Disabled critic as algorithm.adv_estimator != gae. If it is not intended, please set critic.enable=True
[36m(TaskRunner pid=70613)[0m   self.use_critic = need_critic(self.config)
[36m(WorkerDict pid=73848)[0m WARNING:2026-06-07 06:10:47,974:Detected megatron.core 0.14.0rc7, recommend upgrading to >= 0.14.0 for better checkpoint compatibility
[36m(WorkerDict pid=73851)[0m `torch_dtype` is deprecated! Use `dtype` instead!
[36m(WorkerDict pid=73851)[0m WARNING:2026-06-07 06:10:48,749:Detected megatron.core 0.14.0rc7, recommend upgrading to >= 0.14.0 for better checkpoint compatibility[32m [repeated 3x across cluster] (Ray deduplicates logs by default. Set RAY_DEDUP_LOGS=0 to disable log deduplication, or see https://docs.ray.io/en/master/ray-observability/user-guides/configure-logging.html#log-deduplication for more options.)[0m
[36m(WorkerDict pid=73851)[0m Flash Attention 2 only supports torch.float16 and torch.bfloat16 dtypes, but the current dype in Qwen3ForCausalLM is torch.float32. You should run training or inference using Automatic Mixed-Precision via the `with torch.autocast(device_type='torch_device'):` decorator, or load the model with the `dtype` argument. Example: `model = AutoModel.from_pretrained("openai/whisper-tiny", attn_implementation="flash_attention_2", dtype=torch.float16)`
[36m(WorkerDict pid=73851)[0m Flash Attention 2 only supports torch.float16 and torch.bfloat16 dtypes, but the current dype in Qwen3Model is torch.float32. You should run training or inference using Automatic Mixed-Precision via the `with torch.autocast(device_type='torch_device'):` decorator, or load the model with the `dtype` argument. Example: `model = AutoModel.from_pretrained("openai/whisper-tiny", attn_implementation="flash_attention_2", dtype=torch.float16)`
[36m(WorkerDict pid=73849)[0m /usr/local/lib/python3.12/dist-packages/torch/distributed/fsdp/fully_sharded_data_parallel.py:678: FutureWarning: FSDP.state_dict_type() and FSDP.set_state_dict_type() are being deprecated. Please use APIs, get_state_dict() and set_state_dict(), which can support different parallelisms, FSDP1, FSDP2, DDP. API doc: https://pytorch.org/docs/stable/distributed.checkpoint.html#torch.distributed.checkpoint.state_dict.get_state_dict .Tutorial: https://pytorch.org/tutorials/recipes/distributed_checkpoint_recipe.html .
[36m(WorkerDict pid=73849)[0m   warnings.warn(
[36m(WorkerDict pid=73850)[0m `torch_dtype` is deprecated! Use `dtype` instead![32m [repeated 3x across cluster][0m
[36m(WorkerDict pid=73850)[0m Flash Attention 2 only supports torch.float16 and torch.bfloat16 dtypes, but the current dype in Qwen3Model is torch.float32. You should run training or inference using Automatic Mixed-Precision via the `with torch.autocast(device_type='torch_device'):` decorator, or load the model with the `dtype` argument. Example: `model = AutoModel.from_pretrained("openai/whisper-tiny", attn_implementation="flash_attention_2", dtype=torch.float16)`[32m [repeated 6x across cluster][0m
[36m(vLLMHttpServer pid=74931)[0m WARNING:2026-06-07 06:11:41,335:agent loop only support torch and npu profiler, got None
[36m(vLLMHttpServer pid=74931)[0m INFO:2026-06-07 06:11:41,336:vLLMHttpServer, replica_rank: 1, node_rank: 0, CUDA_VISIBLE_DEVICES: 1, master_address: 11.11.22.2, master_port: 41261, data_parallel_rpc_port: 46786, data_parallel_master_port: 37328
[36m(vLLMHttpServer pid=74931)[0m INFO:2026-06-07 06:11:41,359:override_generation_config: {'temperature': 1.0, 'top_k': -1, 'top_p': 0.95, 'repetition_penalty': 1.0, 'max_new_tokens': 2048}
[36m(vLLMHttpServer pid=74931)[0m INFO:2026-06-07 06:11:41,359:enable_sleep_mode: True
[36m(WorkerDict pid=73851)[0m /usr/local/lib/python3.12/dist-packages/torch/distributed/fsdp/fully_sharded_data_parallel.py:678: FutureWarning: FSDP.state_dict_type() and FSDP.set_state_dict_type() are being deprecated. Please use APIs, get_state_dict() and set_state_dict(), which can support different parallelisms, FSDP1, FSDP2, DDP. API doc: https://pytorch.org/docs/stable/distributed.checkpoint.html#torch.distributed.checkpoint.state_dict.get_state_dict .Tutorial: https://pytorch.org/tutorials/recipes/distributed_checkpoint_recipe.html .[32m [repeated 3x across cluster][0m
[36m(WorkerDict pid=73851)[0m   warnings.warn([32m [repeated 3x across cluster][0m
[36m(vLLMHttpServer pid=74931)[0m The argument `trust_remote_code` is to be used with Auto classes. It has no effect here and is ignored.
[36m(vLLMHttpServer pid=74931)[0m `torch_dtype` is deprecated! Use `dtype` instead!
[36m(vLLMHttpServer pid=74931)[0m W0607 06:11:58.509000 75653 torch/utils/cpp_extension.py:2425] TORCH_CUDA_ARCH_LIST is not set, all archs for visible cards are included for compilation. 
[36m(vLLMHttpServer pid=74931)[0m W0607 06:11:58.509000 75653 torch/utils/cpp_extension.py:2425] If this is not desired, please set os.environ['TORCH_CUDA_ARCH_LIST'] to specific architectures.
[36m(vLLMHttpServer pid=74933)[0m WARNING:2026-06-07 06:11:41,923:agent loop only support torch and npu profiler, got None[32m [repeated 3x across cluster][0m
[36m(vLLMHttpServer pid=74933)[0m INFO:2026-06-07 06:11:41,924:vLLMHttpServer, replica_rank: 2, node_rank: 0, CUDA_VISIBLE_DEVICES: 2, master_address: 11.11.22.2, master_port: 42469, data_parallel_rpc_port: 40859, data_parallel_master_port: 41134[32m [repeated 3x across cluster][0m
[36m(vLLMHttpServer pid=74933)[0m INFO:2026-06-07 06:11:41,944:override_generation_config: {'temperature': 1.0, 'top_k': -1, 'top_p': 0.95, 'repetition_penalty': 1.0, 'max_new_tokens': 2048}[32m [repeated 3x across cluster][0m
[36m(vLLMHttpServer pid=74933)[0m INFO:2026-06-07 06:11:41,944:enable_sleep_mode: True[32m [repeated 3x across cluster][0m
[36m(vLLMHttpServer pid=74933)[0m The argument `trust_remote_code` is to be used with Auto classes. It has no effect here and is ignored.[32m [repeated 3x across cluster][0m
[36m(vLLMHttpServer pid=74933)[0m `torch_dtype` is deprecated! Use `dtype` instead![32m [repeated 3x across cluster][0m

[36m(TaskRunner pid=70613)[0m              'del_local_ckpt_after_load': False,
[36m(TaskRunner pid=70613)[0m              'device': 'cuda',
[36m(TaskRunner pid=70613)[0m              'esi_redundant_time': 0,
[36m(TaskRunner pid=70613)[0m              'experiment_name': 'grpo_v3',
[36m(TaskRunner pid=70613)[0m              'log_val_generations': 0,
[36m(TaskRunner pid=70613)[0m              'logger': ['console'],
[36m(TaskRunner pid=70613)[0m              'max_actor_ckpt_to_keep': None,
[36m(TaskRunner pid=70613)[0m              'max_critic_ckpt_to_keep': None,
[36m(TaskRunner pid=70613)[0m              'n_gpus_per_node': 4,
[36m(TaskRunner pid=70613)[0m              'nnodes': 1,
[36m(TaskRunner pid=70613)[0m              'project_name': 'grpo_math',
[36m(TaskRunner pid=70613)[0m              'ray_wait_register_center_timeout': 300,
[36m(TaskRunner pid=70613)[0m              'resume_from_path': '/workspace/AI4AI/experiments/claude-code-verl/workspace/checkpoints/grpo_v2/global_step_10',
[36m(TaskRunner pid=70613)[0m              'resume_mode': 'resume_path',
[36m(TaskRunner pid=70613)[0m              'rollout_data_dir': None,
[36m(TaskRunner pid=70613)[0m              'save_freq': 10,
[36m(TaskRunner pid=70613)[0m              'test_freq': -1,
[36m(TaskRunner pid=70613)[0m              'total_epochs': 3,
[36m(TaskRunner pid=70613)[0m              'total_training_steps': None,
[36m(TaskRunner pid=70613)[0m              'val_before_train': False,
[36m(TaskRunner pid=70613)[0m              'val_only': False,
[36m(TaskRunner pid=70613)[0m              'validation_data_dir': None},
[36m(TaskRunner pid=70613)[0m  'transfer_queue': {'backend': {'SimpleStorage': {'num_data_storage_units': 8,
[36m(TaskRunner pid=70613)[0m                                                   'total_storage_size': 100000},
[36m(TaskRunner pid=70613)[0m                                 'storage_backend': 'SimpleStorage'},
[36m(TaskRunner pid=70613)[0m                     'enable': False}}
[36m(TaskRunner pid=70613)[0m [validate_config] All configuration checks passed successfully!
[36m(TaskRunner pid=70613)[0m Using dataset class: RLHFDataset
[36m(TaskRunner pid=70613)[0m dataset len: 30000
[36m(TaskRunner pid=70613)[0m filter dataset len: 29920
[36m(TaskRunner pid=70613)[0m Using dataset class: RLHFDataset
[36m(TaskRunner pid=70613)[0m dataset len: 500
[36m(TaskRunner pid=70613)[0m filter dataset len: 500
[36m(TaskRunner pid=70613)[0m Size of train dataloader: 116, Size of val dataloader: 1
[36m(TaskRunner pid=70613)[0m Total training steps: 348
[36m(TaskRunner pid=70613)[0m colocated worker base class <class 'verl.single_controller.base.worker.Worker'>
[36m(WorkerDict pid=73849)[0m [Gloo] Rank 1 is connected to 3 peer ranks. Expected number of connected peer ranks is : 3
[36m(WorkerDict pid=73849)[0m Warning: Failed to set NUMA affinity: libnuma.so: cannot open shared object file: No such file or directory
[36m(WorkerDict pid=73849)[0m Monkey patch state_dict in AutoModelForCausalLMWithValueHead. 
[36m(WorkerDict pid=73849)[0m Monkey patch _flash_attention_forward in transformers.integrations.flash_attention
[36m(WorkerDict pid=73849)[0m Skipping monkey patch for Qwen3ForCausalLM as use_fused_kernels is False or fused_kernels_backend is torch
[36m(WorkerDict pid=73851)[0m [Gloo] Rank 3 is connected to 3 peer ranks. Expected number of connected peer ranks is : 3[32m [repeated 3x across cluster][0m
[36m(WorkerDict pid=73851)[0m Warning: Failed to set NUMA affinity: libnuma.so: cannot open shared object file: No such file or directory[32m [repeated 3x across cluster][0m
[36m(WorkerDict pid=73848)[0m Qwen3ForCausalLM contains 1.72B parameters
[36m(WorkerDict pid=73848)[0m Before FSDP, memory allocated (GB): 0.00, memory reserved (GB): 0.00, device memory used/total (GB): 0.41/79.33
[36m(WorkerDict pid=73848)[0m After FSDP, memory allocated (GB): 1.60, memory reserved (GB): 4.36, device memory used/total (GB): 5.25/79.33
[36m(WorkerDict pid=73848)[0m Total steps: 348, num_warmup_steps: 3
[36m(WorkerDict pid=73848)[0m NCCL version 2.27.3+cuda12.9
[36m(TaskRunner pid=70613)[0m WARNING 06-07 06:11:27 [api_server.py:1213] LoRA dynamic loading & unloading is enabled in the API server. This should ONLY be used for local development!
[36m(WorkerDict pid=73850)[0m Monkey patch state_dict in AutoModelForCausalLMWithValueHead. [32m [repeated 3x across cluster][0m
[36m(WorkerDict pid=73850)[0m Monkey patch _flash_attention_forward in transformers.integrations.flash_attention[32m [repeated 3x across cluster][0m
[36m(WorkerDict pid=73850)[0m Skipping monkey patch for Qwen3ForCausalLM as use_fused_kernels is False or fused_kernels_backend is torch[32m [repeated 3x across cluster][0m
[36m(WorkerDict pid=73850)[0m [Gloo] Rank 0 is connected to 0 peer ranks. Expected number of connected peer ranks is : 0[32m [repeated 12x across cluster][0m
[36m(pid=74931)[0m WARNING 06-07 06:11:39 [api_server.py:1213] LoRA dynamic loading & unloading is enabled in the API server. This should ONLY be used for local development!
[36m(pid=74934)[0m WARNING 06-07 06:11:40 [api_server.py:1213] LoRA dynamic loading & unloading is enabled in the API server. This should ONLY be used for local development!
[36m(vLLMHttpServer pid=74932)[0m ['serve',
[36m(vLLMHttpServer pid=74932)[0m  '/root/models/Qwen/Qwen3-1.7B-Base',
[36m(vLLMHttpServer pid=74932)[0m  '--dtype',
[36m(vLLMHttpServer pid=74932)[0m  'bfloat16',
[36m(vLLMHttpServer pid=74932)[0m  '--load_format',
[36m(vLLMHttpServer pid=74932)[0m  'dummy',
[36m(vLLMHttpServer pid=74932)[0m  '--distributed_executor_backend',
[36m(vLLMHttpServer pid=74932)[0m  'mp',
[36m(vLLMHttpServer pid=74932)[0m  '--worker_extension_cls',
[36m(vLLMHttpServer pid=74932)[0m  'verl.workers.rollout.vllm_rollout.utils.vLLMColocateWorkerExtension',
[36m(vLLMHttpServer pid=74932)[0m  '--trust_remote_code',
[36m(vLLMHttpServer pid=74932)[0m  '--max_model_len',
[36m(vLLMHttpServer pid=74932)[0m  '3072',
[36m(vLLMHttpServer pid=74932)[0m  '--max_num_seqs',
[36m(vLLMHttpServer pid=74932)[0m  '1024',
[36m(vLLMHttpServer pid=74932)[0m  '--enable_chunked_prefill',
[36m(vLLMHttpServer pid=74932)[0m  '--max_num_batched_tokens',
[36m(vLLMHttpServer pid=74932)[0m  '8192',
[36m(vLLMHttpServer pid=74932)[0m  '--enable_prefix_caching',
[36m(vLLMHttpServer pid=74932)[0m  '--enable_sleep_mode',
[36m(vLLMHttpServer pid=74932)[0m  '--logprobs_mode',
[36m(vLLMHttpServer pid=74932)[0m  'processed_logprobs',
[36m(vLLMHttpServer pid=74932)[0m  '--enforce_eager',
[36m(vLLMHttpServer pid=74932)[0m  '--gpu_memory_utilization',
[36m(vLLMHttpServer pid=74932)[0m  '0.4',
[36m(vLLMHttpServer pid=74932)[0m  '--disable_log_stats',
[36m(vLLMHttpServer pid=74932)[0m  '--tensor_parallel_size',
[36m(vLLMHttpServer pid=74932)[0m  '1',
[36m(vLLMHttpServer pid=74932)[0m  '--seed',
[36m(vLLMHttpServer pid=74932)[0m  '0',
[36m(vLLMHttpServer pid=74932)[0m  '--override_generation_config',
[36m(vLLMHttpServer pid=74932)[0m  '{"temperature": 1.0, "top_k": -1, "top_p": 0.95, "repetition_penalty": 1.0, '
[36m(vLLMHttpServer pid=74932)[0m  '"max_new_tokens": 2048}',
[36m(vLLMHttpServer pid=74932)[0m  '--hf_overrides',
[36m(vLLMHttpServer pid=74932)[0m  '{}',
[36m(vLLMHttpServer pid=74932)[0m  '--scheduling_policy',
[36m(vLLMHttpServer pid=74932)[0m  'fcfs',
[36m(vLLMHttpServer pid=74932)[0m  '--compilation_config',
[36m(vLLMHttpServer pid=74932)[0m  '{"cudagraph_mode": "FULL_AND_PIECEWISE"}']
[36m(vLLMHttpServer pid=74931)[0m WARNING 06-07 06:11:42 [__init__.py:3036] We must use the `spawn` multiprocessing start method. Overriding VLLM_WORKER_MULTIPROC_METHOD to 'spawn'. See https://docs.vllm.ai/en/latest/usage/troubleshooting.html#python-multiprocessing for more information. Reasons: In a Ray actor and can only be spawned; CUDA is initialized
[36m(vLLMHttpServer pid=74931)[0m [Gloo] Rank 0 is connected to 0 peer ranks. Expected number of connected peer ranks is : 0
[36m(vLLMHttpServer pid=74931)[0m [Gloo] Rank 0 is connected to 0 peer ranks. Expected number of connected peer ranks is : 0[36m(vLLMHttpServer pid=74932)[0m INFO:2026-06-07 06:12:06,240:Initializing a V1 LLM engine with config: model='/root/models/Qwen/Qwen3-1.7B-Base', speculative_config=None, tokenizer='/root/models/Qwen/Qwen3-1.7B-Base', skip_tokenizer_init=False, tokenizer_mode=auto, revision=None, tokenizer_revision=None, trust_remote_code=True, dtype=torch.bfloat16, max_seq_len=3072, download_dir=None, load_format=dummy, tensor_parallel_size=1, pipeline_parallel_size=1, data_parallel_size=1, disable_custom_all_reduce=False, quantization=None, enforce_eager=True, kv_cache_dtype=auto, device_config=cuda, structured_outputs_config=StructuredOutputsConfig(backend='auto', disable_fallback=False, disable_any_whitespace=False, disable_additional_properties=False, reasoning_parser=''), observability_config=ObservabilityConfig(show_hidden_metrics_for_version=None, otlp_traces_endpoint=None, collect_detailed_traces=None), seed=0, served_model_name=/root/models/Qwen/Qwen3-1.7B-Base, enable_prefix_caching=True, chunked_prefill_enabled=True, pooler_config=None, compilation_config={"level":0,"debug_dump_path":"","cache_dir":"","backend":"","custom_ops":[],"splitting_ops":null,"use_inductor":true,"compile_sizes":[],"inductor_compile_config":{"enable_auto_functionalized_v2":false},"inductor_passes":{},"cudagraph_mode":0,"use_cudagraph":true,"cudagraph_num_of_warmups":0,"cudagraph_capture_sizes":[],"cudagraph_copy_inputs":false,"full_cuda_graph":false,"use_inductor_graph_partition":false,"pass_config":{},"max_capture_size":0,"local_cache_dir":null}
[36m(vLLMHttpServer pid=74933)[0m W0607 06:11:59.791000 75672 torch/utils/cpp_extension.py:2425] TORCH_CUDA_ARCH_LIST is not set, all archs for visible cards are included for compilation. [32m [repeated 3x across cluster][0m
[36m(vLLMHttpServer pid=74933)[0m W0607 06:11:59.791000 75672 torch/utils/cpp_extension.py:2425] If this is not desired, please set os.environ['TORCH_CUDA_ARCH_LIST'] to specific architectures.[32m [repeated 3x across cluster][0m
[36m(WorkerDict pid=73849)[0m /usr/local/lib/python3.12/dist-packages/torch/distributed/fsdp/fully_sharded_data_parallel.py:678: FutureWarning: FSDP.state_dict_type() and FSDP.set_state_dict_type() are being deprecated. Please use APIs, get_state_dict() and set_state_dict(), which can support different parallelisms, FSDP1, FSDP2, DDP. API doc: https://pytorch.org/docs/stable/distributed.checkpoint.html#torch.distributed.checkpoint.state_dict.get_state_dict .Tutorial: https://pytorch.org/tutorials/recipes/distributed_checkpoint_recipe.html .
[36m(WorkerDict pid=73849)[0m   warnings.warn(
[36m(WorkerDict pid=73849)[0m INFO:2026-06-07 06:12:10,823:[Rank 1] Loaded model from /workspace/AI4AI/experiments/claude-code-verl/workspace/checkpoints/grpo_v2/global_step_10/actor/model_world_size_4_rank_1.pt
[36m(WorkerDict pid=73851)[0m INFO:2026-06-07 06:12:14,563:[Rank 3] Loaded optimizer from /workspace/AI4AI/experiments/claude-code-verl/workspace/checkpoints/grpo_v2/global_step_10/actor/optim_world_size_4_rank_3.pt
[36m(WorkerDict pid=73851)[0m /usr/local/lib/python3.12/dist-packages/torch/distributed/fsdp/fully_sharded_data_parallel.py:678: FutureWarning: FSDP.state_dict_type() and FSDP.set_state_dict_type() are being deprecated. Please use APIs, get_state_dict() and set_state_dict(), which can support different parallelisms, FSDP1, FSDP2, DDP. API doc: https://pytorch.org/docs/stable/distributed.checkpoint.html#torch.distributed.checkpoint.state_dict.get_state_dict .Tutorial: https://pytorch.org/tutorials/recipes/distributed_checkpoint_recipe.html .[32m [repeated 3x across cluster][0m
[36m(WorkerDict pid=73851)[0m   warnings.warn([32m [repeated 3x across cluster][0m
[36m(WorkerDict pid=73851)[0m INFO:2026-06-07 06:12:14,591:[Rank 3] Loaded rng from /workspace/AI4AI/experiments/claude-code-verl/workspace/checkpoints/grpo_v2/global_step_10/actor/extra_state_world_size_4_rank_3.pt
[36m(WorkerDict pid=73851)[0m INFO:2026-06-07 06:12:14,591:[Rank 3] Loaded lr_scheduler from /workspace/AI4AI/experiments/claude-code-verl/workspace/checkpoints/grpo_v2/global_step_10/actor/extra_state_world_size_4_rank_3.pt
[36m(WorkerDict pid=73848)[0m INFO:2026-06-07 06:12:15,915:update_weights done, time cost: 0.66s
[36m(WorkerDict pid=73851)[0m INFO:2026-06-07 06:12:10,823:[Rank 3] Loaded model from /workspace/AI4AI/experiments/claude-code-verl/workspace/checkpoints/grpo_v2/global_step_10/actor/model_world_size_4_rank_3.pt[32m [repeated 3x across cluster][0m
[36m(TaskRunner pid=70613)[0m Training Progress:   3%|▎         | 10/348 [00:00<?, ?it/s]
[36m(AgentLoopWorker pid=76006)[0m You're using a Qwen2TokenizerFast tokenizer. Please note that with a fast tokenizer, using the `__call__` method is faster than using a method to encode the text followed by a call to the `pad` method to get a padded encoding.
[36m(WorkerDict pid=73850)[0m INFO:2026-06-07 06:12:14,812:[Rank 2] Loaded optimizer from /workspace/AI4AI/experiments/claude-code-verl/workspace/checkpoints/grpo_v2/global_step_10/actor/optim_world_size_4_rank_2.pt[32m [repeated 3x across cluster][0m
[36m(WorkerDict pid=73850)[0m INFO:2026-06-07 06:12:14,823:[Rank 2] Loaded rng from /workspace/AI4AI/experiments/claude-code-verl/workspace/checkpoints/grpo_v2/global_step_10/actor/extra_state_world_size_4_rank_2.pt[32m [repeated 3x across cluster][0m
[36m(WorkerDict pid=73850)[0m INFO:2026-06-07 06:12:14,823:[Rank 2] Loaded lr_scheduler from /workspace/AI4AI/experiments/claude-code-verl/workspace/checkpoints/grpo_v2/global_step_10/actor/extra_state_world_size_4_rank_2.pt[32m [repeated 3x across cluster][0m
[36m(AgentLoopWorker pid=76008)[0m You're using a Qwen2TokenizerFast tokenizer. Please note that with a fast tokenizer, using the `__call__` method is faster than using a method to encode the text followed by a call to the `pad` method to get a padded encoding.[32m [repeated 7x across cluster][0m
[36m(WorkerDict pid=73848)[0m INFO:2026-06-07 06:14:56,404:update_weights done, time cost: 2.10s
[36m(TaskRunner pid=70613)[0m Training Progress:   3%|▎         | 11/348 [02:40<15:02:03, 160.60s/it]
[36m(WorkerDict pid=73848)[0m INFO:2026-06-07 06:17:27,318:update_weights done, time cost: 2.05s

[36m(vLLMHttpServer pid=74931)[0m [Gloo] Rank 0 is connected to 0 peer ranks. Expected number of connected peer ranks is : 0
[36m(vLLMHttpServer pid=74931)[0m [Gloo] Rank 0 is connected to 0 peer ranks. Expected number of connected peer ranks is : 0
[36m(vLLMHttpServer pid=74931)[0m [Gloo] Rank 0 is connected to 0 peer ranks. Expected number of connected peer ranks is : 0
[36m(vLLMHttpServer pid=74931)[0m [Gloo] Rank 0 is connected to 0 peer ranks. Expected number of connected peer ranks is : 0
[36m(pid=74933)[0m WARNING 06-07 06:11:40 [api_server.py:1213] LoRA dynamic loading & unloading is enabled in the API server. This should ONLY be used for local development![32m [repeated 2x across cluster][0m
[36m(vLLMHttpServer pid=74933)[0m WARNING 06-07 06:11:42 [__init__.py:3036] We must use the `spawn` multiprocessing start method. Overriding VLLM_WORKER_MULTIPROC_METHOD to 'spawn'. See https://docs.vllm.ai/en/latest/usage/troubleshooting.html#python-multiprocessing for more information. Reasons: In a Ray actor and can only be spawned; CUDA is initialized[32m [repeated 3x across cluster][0m
[36m(vLLMHttpServer pid=74931)[0m [1;36m(Worker pid=75653)[0;0m WARNING 06-07 06:12:04 [cudagraph_dispatcher.py:106] cudagraph dispatching keys are not initialized. No cudagraph will be used.
[36m(vLLMHttpServer pid=74931)[0m WARNING 06-07 06:12:05 [model.py:1389] Default sampling parameters have been overridden by the model's Hugging Face generation config recommended from the model creator. If this is not intended, please relaunch vLLM instance with `--generation-config vllm`.
[36m(vLLMHttpServer pid=74933)[0m [Gloo] Rank 0 is connected to 0 peer ranks. Expected number of connected peer ranks is : 0[32m [repeated 18x across cluster][0m
[36m(TaskRunner pid=70613)[0m LLMServerManager: ['11.11.22.2:39356', '11.11.22.2:39395', '11.11.22.2:33520', '11.11.22.2:45324']
[36m(TaskRunner pid=70613)[0m Checkpoint tracker file does not exist: /workspace/AI4AI/experiments/claude-code-verl/workspace/checkpoints/grpo_v3/latest_checkpointed_iteration.txt
[36m(TaskRunner pid=70613)[0m Load from checkpoint folder: /workspace/AI4AI/experiments/claude-code-verl/workspace/checkpoints/grpo_v2/global_step_10
[36m(TaskRunner pid=70613)[0m Setting global step to 10
[36m(TaskRunner pid=70613)[0m Resuming from /workspace/AI4AI/experiments/claude-code-verl/workspace/checkpoints/grpo_v2/global_step_10
[36m(WorkerDict pid=73849)[0m WARNING 06-07 06:12:15 [api_server.py:1213] LoRA dynamic loading & unloading is enabled in the API server. This should ONLY be used for local development!
[36m(vLLMHttpServer pid=74933)[0m [1;36m(Worker pid=75672)[0;0m WARNING 06-07 06:12:06 [cudagraph_dispatcher.py:106] cudagraph dispatching keys are not initialized. No cudagraph will be used.[32m [repeated 3x across cluster][0m
[36m(vLLMHttpServer pid=74933)[0m WARNING 06-07 06:12:06 [model.py:1389] Default sampling parameters have been overridden by the model's Hugging Face generation config recommended from the model creator. If this is not intended, please relaunch vLLM instance with `--generation-config vllm`.[32m [repeated 3x across cluster][0m
[36m(AgentLoopWorker pid=76007)[0m Using dataset class: RLHFDataset
[36m(AgentLoopWorker pid=76009)[0m WARNING 06-07 06:12:19 [api_server.py:1213] LoRA dynamic loading & unloading is enabled in the API server. This should ONLY be used for local development![32m [repeated 11x across cluster][0m
[36m(TaskRunner pid=70613)[0m step:11 - global_seqlen/min:483786 - global_seqlen/max:514437 - global_seqlen/minmax_diff:30651 - global_seqlen/balanced_min:504598 - global_seqlen/balanced_max:504608 - global_seqlen/mean:504603.0 - actor/entropy:0.26513391733169556 - perf/mfu/actor_infer:0.4371569299496107 - actor/pg_clipfrac:0.0 - actor/ppo_kl:0.0 - actor/pg_clipfrac_lower:0.0 - actor/pg_loss:0.016223022699705325 - actor/entropy_loss:0.2651339299045503 - actor/loss:0.013571684248745441 - actor/grad_norm:0.14112800359725952 - actor/lr:4.994032368746136e-06 - perf/mfu/actor:0.3831983308982783 - training/global_step:11 - training/epoch:0 - critic/score/mean:0.01640624925494194 - critic/score/max:1.0 - critic/score/min:0.0 - critic/rewards/mean:0.01640624925494194 - critic/rewards/max:1.0 - critic/rewards/min:0.0 - critic/advantages/mean:-0.016223017126321793 - critic/advantages/max:2.4748666286468506 - critic/advantages/min:-1.6201503276824951 - critic/returns/mean:-0.016223017126321793 - critic/returns/max:2.4748666286468506 - critic/returns/min:-1.6201503276824951 - response_length/mean:856.322265625 - response_length/max:2048.0 - response_length/min:2.0 - response_length/clip_ratio:0.0888671875 - response_length_non_aborted/mean:856.322265625 - response_length_non_aborted/max:2048.0 - response_length_non_aborted/min:2.0 - response_length_non_aborted/clip_ratio:0.0888671875 - response/aborted_ratio:0.0 - prompt_length/mean:129.23046875 - prompt_length/max:483.0 - prompt_length/min:58.0 - prompt_length/clip_ratio:0.0 - num_turns/min:2 - num_turns/max:2 - num_turns/mean:2.0 - timing_s/start_profile:0.000594297016505152 - timing_s/agent_loop/num_preempted/min:-1 - timing_s/agent_loop/num_preempted/max:-1 - timing_s/agent_loop/num_preempted/mean:-1.0 - timing_s/agent_loop/generate_sequences/min:0.3919766180042643 - timing_s/agent_loop/generate_sequences/max:73.55424855501042 - timing_s/agent_loop/generate_sequences/mean:38.51276829836412 - timing_s/agent_loop/tool_calls/min:0.0 - timing_s/agent_loop/tool_calls/max:0.0 - timing_s/agent_loop/tool_calls/mean:0.0 - timing_s/agent_loop/compute_score/min:0.0048287250101566315 - timing_s/agent_loop/compute_score/max:0.057453821995295584 - timing_s/agent_loop/compute_score/mean:0.013119469734363065 - timing_s/agent_loop/slowest/generate_sequences:73.55424855501042 - timing_s/agent_loop/slowest/tool_calls:0.0 - timing_s/agent_loop/slowest/compute_score:0.012944640999194235 - timing_s/agent_loop/slowest/num_preempted:-1 - timing_s/agent_loop/slowest/prompt_length:108 - timing_s/agent_loop/slowest/response_length:2048 - timing_s/gen:80.50979830799042 - timing_s/reward:6.331500480882823e-05 - timing_s/old_log_prob:19.03982505199383 - timing_s/adv:0.0478642119851429 - timing_s/update_actor:56.90332650698838 - timing_s/update_weights:3.0447427490144037 - timing_s/step:160.16662635700777 - timing_s/stop_profile:0.00021513199317269027 - timing_per_token_ms/gen:0.04590727875840225 - timing_per_token_ms/update_actor:0.028192126536598267 - timing_per_token_ms/adv:2.371379677942011e-05 - perf/total_num_tokens:2018412 - perf/time_per_step:160.16662635700777 - perf/throughput:3150.4877856092903
[36m(AgentLoopWorker pid=76005)[0m Using dataset class: RLHFDataset[32m [repeated 7x across cluster][0m
[36m(AgentLoopWorker pid=76005)[0m WARNING 06-07 06:12:20 [api_server.py:1213] LoRA dynamic loading & unloading is enabled in the API server. This should ONLY be used for local development!
[36m(TaskRunner pid=70613)[0m step:12 - global_seqlen/min:458054 - global_seqlen/max:538870 - global_seqlen/minmax_diff:80816 - global_seqlen/balanced_min:498902 - global_seqlen/balanced_max:498910 - global_seqlen/mean:498905.75 - actor/entropy:0.25591176748275757 - perf/mfu/actor_infer:0.4728634133326071 - actor/pg_clipfrac:0.0 - actor/ppo_kl:0.0 - actor/pg_clipfrac_lower:0.0 - actor/pg_loss:0.008890845569112571 - actor/entropy_loss:0.2559117728378624 - actor/loss:0.0063317278400063515 - actor/grad_norm:0.13530543446540833 - actor/lr:4.992448103961192e-06 - perf/mfu/actor:0.3839416327886155 - training/global_step:12 - training/epoch:0 - critic/score/mean:0.01738281175494194 - critic/score/max:1.0 - critic/score/min:0.0 - critic/rewards/mean:0.01738281175494194 - critic/rewards/max:1.0 - critic/rewards/min:0.0 - critic/advantages/mean:-0.008890839293599129 - critic/advantages/max:2.4748666286468506 - critic/advantages/min:-1.6201503276824951 - critic/returns/mean:-0.008890839293599129 - critic/returns/max:2.4748666286468506 - critic/returns/min:-1.6201503276824951 - response_length/mean:836.75341796875 - response_length/max:2048.0 - response_length/min:3.0 - response_length/clip_ratio:0.07177734375 - response_length_non_aborted/mean:836.75341796875 - response_length_non_aborted/max:2048.0 - response_length_non_aborted/min:3.0 - response_length_non_aborted/clip_ratio:0.07177734375 - response/aborted_ratio:0.0 - prompt_length/mean:137.671875 - prompt_length/max:462.0 - prompt_length/min:60.0 - prompt_length/clip_ratio:0.0 - num_turns/min:2 - num_turns/max:2 - num_turns/mean:2.0 - timing_s/start_profile:8.844598778523505e-05 - timing_s/agent_loop/num_preempted/min:-1 - timing_s/agent_loop/num_preempted/max:-1 - timing_s/agent_loop/num_preempted/mean:-1.0 - timing_s/agent_loop/generate_sequences/min:0.3930417780065909 - timing_s/agent_loop/generate_sequences/max:71.73601718602004 - timing_s/agent_loop/generate_sequences/mean:38.398168282578496 - timing_s/agent_loop/tool_calls/min:0.0 - timing_s/agent_loop/tool_calls/max:0.0 - timing_s/agent_loop/tool_calls/mean:0.0 - timing_s/agent_loop/compute_score/min:0.006158228992717341 - timing_s/agent_loop/compute_score/max:0.06594012098503299 - timing_s/agent_loop/compute_score/mean:0.012776039077152745 - timing_s/agent_loop/slowest/generate_sequences:71.73601718602004 - timing_s/agent_loop/slowest/tool_calls:0.0 - timing_s/agent_loop/slowest/compute_score:0.014408310002181679 - timing_s/agent_loop/slowest/num_preempted:-1 - timing_s/agent_loop/slowest/prompt_length:130 - timing_s/agent_loop/slowest/response_length:2048 - timing_s/gen:74.53651603299659 - timing_s/reward:3.494301927275956e-05 - timing_s/old_log_prob:16.959526613005437 - timing_s/adv:0.045047947991406545 - timing_s/update_actor:55.299720993003575 - timing_s/update_weights:3.2059439509757794 - timing_s/step:150.8358091689879 - timing_s/stop_profile:0.0002339460188522935 - timing_per_token_ms/gen:0.0434952310175037 - timing_per_token_ms/update_actor:0.027710504936555438 - timing_per_token_ms/adv:2.2573375828704392e-05 - perf/total_num_tokens:1995623 - perf/time_per_step:150.8358091689879 - perf/throughput:3307.608138602248[36m(TaskRunner pid=70613)[0m Training Progress:   3%|▎         | 12/348 [05:11<14:27:42, 154.95s/it]
[36m(WorkerDict pid=73848)[0m INFO:2026-06-07 06:19:58,165:update_weights done, time cost: 1.96s
[36m(TaskRunner pid=70613)[0m Training Progress:   4%|▎         | 13/348 [07:42<14:15:09, 153.16s/it]
[36m(WorkerDict pid=73848)[0m INFO:2026-06-07 06:22:36,267:update_weights done, time cost: 1.60s
[36m(TaskRunner pid=70613)[0m Training Progress:   4%|▍         | 14/348 [10:20<14:23:41, 155.15s/it]
[36m(WorkerDict pid=73848)[0m INFO:2026-06-07 06:25:10,484:update_weights done, time cost: 1.73s

[36m(TaskRunner pid=70613)[0m step:13 - global_seqlen/min:466951 - global_seqlen/max:537546 - global_seqlen/minmax_diff:70595 - global_seqlen/balanced_min:503288 - global_seqlen/balanced_max:503299 - global_seqlen/mean:503292.0 - actor/entropy:0.27736473083496094 - perf/mfu/actor_infer:0.4721367979271252 - actor/pg_clipfrac:0.0 - actor/ppo_kl:0.0 - actor/pg_clipfrac_lower:0.0 - actor/pg_loss:0.012196820742246928 - actor/entropy_loss:0.2773647168651223 - actor/loss:0.009423174895346165 - actor/grad_norm:0.18260596692562103 - actor/lr:4.990677895695946e-06 - perf/mfu/actor:0.3854253445751477 - training/global_step:13 - training/epoch:0 - critic/score/mean:0.03300781175494194 - critic/score/max:1.0 - critic/score/min:0.0 - critic/rewards/mean:0.03300781175494194 - critic/rewards/max:1.0 - critic/rewards/min:0.0 - critic/advantages/mean:-0.012196815572679043 - critic/advantages/max:2.4748666286468506 - critic/advantages/min:-2.4748666286468506 - critic/returns/mean:-0.012196815572679043 - critic/returns/max:2.4748666286468506 - critic/returns/min:-2.4748666286468506 - response_length/mean:845.609375 - response_length/max:2048.0 - response_length/min:4.0 - response_length/clip_ratio:0.06201171875 - response_length_non_aborted/mean:845.609375 - response_length_non_aborted/max:2048.0 - response_length_non_aborted/min:4.0 - response_length_non_aborted/clip_ratio:0.06201171875 - response/aborted_ratio:0.0 - prompt_length/mean:137.3828125 - prompt_length/max:312.0 - prompt_length/min:59.0 - prompt_length/clip_ratio:0.0 - num_turns/min:2 - num_turns/max:2 - num_turns/mean:2.0 - timing_s/start_profile:7.695498061366379e-05 - timing_s/agent_loop/num_preempted/min:-1 - timing_s/agent_loop/num_preempted/max:-1 - timing_s/agent_loop/num_preempted/mean:-1.0 - timing_s/agent_loop/generate_sequences/min:0.4611269140150398 - timing_s/agent_loop/generate_sequences/max:70.22554358100751 - timing_s/agent_loop/generate_sequences/mean:39.411778305330344 - timing_s/agent_loop/tool_calls/min:0.0 - timing_s/agent_loop/tool_calls/max:0.0 - timing_s/agent_loop/tool_calls/mean:0.0 - timing_s/agent_loop/compute_score/min:0.00586711399955675 - timing_s/agent_loop/compute_score/max:0.058675518026575446 - timing_s/agent_loop/compute_score/mean:0.01273486098848764 - timing_s/agent_loop/slowest/generate_sequences:70.22554358100751 - timing_s/agent_loop/slowest/tool_calls:0.0 - timing_s/agent_loop/slowest/compute_score:0.015701815020292997 - timing_s/agent_loop/slowest/num_preempted:-1 - timing_s/agent_loop/slowest/prompt_length:253 - timing_s/agent_loop/slowest/response_length:2048 - timing_s/gen:73.8847390509909 - timing_s/reward:4.4656015234068036e-05 - timing_s/old_log_prob:17.553054768010043 - timing_s/adv:0.030944326979806647 - timing_s/update_actor:55.535813964990666 - timing_s/update_weights:3.2715088610129897 - timing_s/step:150.86211541699595 - timing_s/stop_profile:0.00019620099919848144 - timing_per_token_ms/gen:0.042663354743130245 - timing_per_token_ms/update_actor:0.027586278922072407 - timing_per_token_ms/adv:1.5370961082138522e-05 - perf/total_num_tokens:2013168 - perf/time_per_step:150.86211541699595 - perf/throughput:3336.1059442183832
[36m(TaskRunner pid=70613)[0m step:14 - global_seqlen/min:494354 - global_seqlen/max:540604 - global_seqlen/minmax_diff:46250 - global_seqlen/balanced_min:516244 - global_seqlen/balanced_max:516252 - global_seqlen/mean:516248.5 - actor/entropy:0.28278565406799316 - perf/mfu/actor_infer:0.47541113472267765 - actor/pg_clipfrac:0.0 - actor/ppo_kl:0.0 - actor/pg_clipfrac_lower:0.0 - actor/pg_loss:0.034183123823822825 - actor/entropy_loss:0.2827856666408479 - actor/loss:0.03135526552796364 - actor/grad_norm:0.21593542397022247 - actor/lr:4.988721890735817e-06 - perf/mfu/actor:0.38486812502657497 - training/global_step:14 - training/epoch:0 - critic/score/mean:0.04306640848517418 - critic/score/max:1.0 - critic/score/min:0.0 - critic/rewards/mean:0.04306640848517418 - critic/rewards/max:1.0 - critic/rewards/min:0.0 - critic/advantages/mean:-0.03418313339352608 - critic/advantages/max:2.4748666286468506 - critic/advantages/min:-2.474803924560547 - critic/returns/mean:-0.03418313339352608 - critic/returns/max:2.4748666286468506 - critic/returns/min:-2.474803924560547 - response_length/mean:876.2275390625 - response_length/max:2048.0 - response_length/min:7.0 - response_length/clip_ratio:0.072265625 - response_length_non_aborted/mean:876.2275390625 - response_length_non_aborted/max:2048.0 - response_length_non_aborted/min:7.0 - response_length_non_aborted/clip_ratio:0.072265625 - response/aborted_ratio:0.0 - prompt_length/mean:132.0703125 - prompt_length/max:477.0 - prompt_length/min:62.0 - prompt_length/clip_ratio:0.0 - num_turns/min:2 - num_turns/max:2 - num_turns/mean:2.0 - timing_s/start_profile:0.00017541198758408427 - timing_s/agent_loop/num_preempted/min:-1 - timing_s/agent_loop/num_preempted/max:-1 - timing_s/agent_loop/num_preempted/mean:-1.0 - timing_s/agent_loop/generate_sequences/min:1.062141915987013 - timing_s/agent_loop/generate_sequences/max:75.78714930600836 - timing_s/agent_loop/generate_sequences/mean:41.136073063057765 - timing_s/agent_loop/tool_calls/min:0.0 - timing_s/agent_loop/tool_calls/max:0.0 - timing_s/agent_loop/tool_calls/mean:0.0 - timing_s/agent_loop/compute_score/min:0.005317719012964517 - timing_s/agent_loop/compute_score/max:0.06400052600656636 - timing_s/agent_loop/compute_score/mean:0.012612375688476618 - timing_s/agent_loop/slowest/generate_sequences:75.78714930600836 - timing_s/agent_loop/slowest/tool_calls:0.0 - timing_s/agent_loop/slowest/compute_score:0.013151485996786505 - timing_s/agent_loop/slowest/num_preempted:-1 - timing_s/agent_loop/slowest/prompt_length:161 - timing_s/agent_loop/slowest/response_length:2048 - timing_s/gen:78.60812885698397 - timing_s/reward:4.2566010961309075e-05 - timing_s/old_log_prob:17.875338745012414 - timing_s/adv:0.05505153400008567 - timing_s/update_actor:57.94295463600429 - timing_s/update_weights:2.950426488998346 - timing_s/step:158.04316984201432 - timing_s/stop_profile:0.00018415102385915816 - timing_per_token_ms/gen:0.04380468965802661 - timing_per_token_ms/update_actor:0.0280596237257853 - timing_per_token_ms/adv:2.6659415959603594e-05 - perf/total_num_tokens:2064994 - perf/time_per_step:158.04316984201432 - perf/throughput:3266.5030732809314
[36m(TaskRunner pid=70613)[0m step:15 - global_seqlen/min:479105 - global_seqlen/max:538253 - global_seqlen/minmax_diff:59148 - global_seqlen/balanced_min:514953 - global_seqlen/balanced_max:514958 - global_seqlen/mean:514956.25 - actor/entropy:0.28870445489883423 - perf/mfu/actor_infer:0.4668975072245682 - actor/pg_clipfrac:0.0 - actor/ppo_kl:0.0 - actor/pg_clipfrac_lower:0.0 - actor/pg_loss:0.054106736060930416 - actor/entropy_loss:0.28870445769280195 - actor/loss:0.05121969059109688 - actor/grad_norm:0.21984493732452393 - actor/lr:4.986580251272459e-06 - perf/mfu/actor:0.38287769530297566 - training/global_step:15 - training/epoch:0 - critic/score/mean:0.08339844644069672 - critic/score/max:1.0 - critic/score/min:0.0 - critic/rewards/mean:0.08339844644069672 - critic/rewards/max:1.0 - critic/rewards/min:0.0 - critic/advantages/mean:-0.05410673841834068 - critic/advantages/max:2.4748659133911133 - critic/advantages/min:-2.474803924560547 - critic/returns/mean:-0.05410673841834068 - critic/returns/max:2.4748659133911133 - critic/returns/min:-2.474803924560547 - response_length/mean:876.50439453125 - response_length/max:2048.0 - response_length/min:12.0 - response_length/clip_ratio:0.08251953125 - response_length_non_aborted/mean:876.50439453125 - response_length_non_aborted/max:2048.0 - response_length_non_aborted/min:12.0 - response_length_non_aborted/clip_ratio:0.08251953125 - response/aborted_ratio:0.0 - prompt_length/mean:129.26953125 - prompt_length/max:406.0 - prompt_length/min:56.0 - prompt_length/clip_ratio:0.0 - num_turns/min:2 - num_turns/max:2 - num_turns/mean:2.0 - timing_s/start_profile:7.345102494582534e-05 - timing_s/agent_loop/num_preempted/min:-1 - timing_s/agent_loop/num_preempted/max:-1 - timing_s/agent_loop/num_preempted/mean:-1.0 - timing_s/agent_loop/generate_sequences/min:0.9153512829798274 - timing_s/agent_loop/generate_sequences/max:71.71534886799054 - timing_s/agent_loop/generate_sequences/mean:40.14468288816329 - timing_s/agent_loop/tool_calls/min:0.0 - timing_s/agent_loop/tool_calls/max:0.0 - timing_s/agent_loop/tool_calls/mean:0.0 - timing_s/agent_loop/compute_score/min:0.005527491011889651 - timing_s/agent_loop/compute_score/max:0.11966107599437237 - timing_s/agent_loop/compute_score/mean:0.013246966552884487 - timing_s/agent_loop/slowest/generate_sequences:71.71534886799054 - timing_s/agent_loop/slowest/tool_calls:0.0 - timing_s/agent_loop/slowest/compute_score:0.015022941981442273 - timing_s/agent_loop/slowest/num_preempted:-1 - timing_s/agent_loop/slowest/prompt_length:145 - timing_s/agent_loop/slowest/response_length:2048 - timing_s/gen:74.54520725898328 - timing_s/reward:8.800000068731606e-05 - timing_s/old_log_prob:17.92089852600475 - timing_s/adv:0.030280094972113147 - timing_s/update_actor:57.90102511001169 - timing_s/update_weights:2.8442544110002927 - timing_s/step:153.80162741299137 - timing_s/stop_profile:0.00019034298020415008 - timing_per_token_ms/gen:0.041527489433058055 - timing_per_token_ms/update_actor:0.02810968170112106 - timing_per_token_ms/adv:1.4700324043116841e-05 - perf/total_num_tokens:2059825 - perf/time_per_step:153.80162741299137 - perf/throughput:3348.184662683891[36m(TaskRunner pid=70613)[0m Training Progress:   4%|▍         | 15/348 [12:54<14:18:36, 154.70s/it]
[36m(WorkerDict pid=73848)[0m INFO:2026-06-07 06:28:03,724:update_weights done, time cost: 1.82s
[36m(TaskRunner pid=70613)[0m Training Progress:   5%|▍         | 16/348 [15:48<14:51:41, 161.15s/it]
[36m(WorkerDict pid=73848)[0m INFO:2026-06-07 06:30:44,930:update_weights done, time cost: 1.87s
[36m(TaskRunner pid=70613)[0m Training Progress:   5%|▍         | 17/348 [18:29<14:48:43, 161.10s/it]
[36m(WorkerDict pid=73848)[0m INFO:2026-06-07 06:33:12,056:update_weights done, time cost: 1.73s

[36m(TaskRunner pid=70613)[0m step:16 - global_seqlen/min:542753 - global_seqlen/max:573430 - global_seqlen/minmax_diff:30677 - global_seqlen/balanced_min:560913 - global_seqlen/balanced_max:560925 - global_seqlen/mean:560919.75 - actor/entropy:0.27372896671295166 - perf/mfu/actor_infer:0.46723896575174645 - actor/pg_clipfrac:0.0 - actor/ppo_kl:0.0 - actor/pg_clipfrac_lower:0.0 - actor/pg_loss:0.0748447686273721 - actor/entropy_loss:0.27372898370958865 - actor/loss:0.0721074789762497 - actor/grad_norm:0.17184697091579437 - actor/lr:4.984253154890315e-06 - perf/mfu/actor:0.37795018371917566 - training/global_step:16 - training/epoch:0 - critic/score/mean:0.11689454317092896 - critic/score/max:1.0 - critic/score/min:0.0 - critic/rewards/mean:0.11689454317092896 - critic/rewards/max:1.0 - critic/rewards/min:0.0 - critic/advantages/mean:-0.07484477013349533 - critic/advantages/max:2.4748666286468506 - critic/advantages/min:-2.474803924560547 - critic/returns/mean:-0.07484477013349533 - critic/returns/max:2.4748666286468506 - critic/returns/min:-2.474803924560547 - response_length/mean:964.67138671875 - response_length/max:2048.0 - response_length/min:18.0 - response_length/clip_ratio:0.10546875 - response_length_non_aborted/mean:964.67138671875 - response_length_non_aborted/max:2048.0 - response_length_non_aborted/min:18.0 - response_length_non_aborted/clip_ratio:0.10546875 - response/aborted_ratio:0.0 - prompt_length/mean:130.875 - prompt_length/max:463.0 - prompt_length/min:58.0 - prompt_length/clip_ratio:0.0 - num_turns/min:2 - num_turns/max:2 - num_turns/mean:2.0 - timing_s/start_profile:4.503398668020964e-05 - timing_s/agent_loop/num_preempted/min:-1 - timing_s/agent_loop/num_preempted/max:-1 - timing_s/agent_loop/num_preempted/mean:-1.0 - timing_s/agent_loop/generate_sequences/min:1.604822321998654 - timing_s/agent_loop/generate_sequences/max:83.33865093500935 - timing_s/agent_loop/generate_sequences/mean:46.21194624794177 - timing_s/agent_loop/tool_calls/min:0.0 - timing_s/agent_loop/tool_calls/max:0.0 - timing_s/agent_loop/tool_calls/mean:0.0 - timing_s/agent_loop/compute_score/min:0.005363338015740737 - timing_s/agent_loop/compute_score/max:0.0892130879801698 - timing_s/agent_loop/compute_score/mean:0.012880146485159116 - timing_s/agent_loop/slowest/generate_sequences:83.33865093500935 - timing_s/agent_loop/slowest/tool_calls:0.0 - timing_s/agent_loop/slowest/compute_score:0.014578934002202004 - timing_s/agent_loop/slowest/num_preempted:-1 - timing_s/agent_loop/slowest/prompt_length:154 - timing_s/agent_loop/slowest/response_length:2048 - timing_s/gen:86.0110803580028 - timing_s/reward:4.1104009142145514e-05 - timing_s/old_log_prob:19.718246876000194 - timing_s/adv:0.050186882028356194 - timing_s/update_actor:63.86504874599632 - timing_s/update_weights:3.3316410400148015 - timing_s/step:173.54994693098706 - timing_s/stop_profile:0.00020831299480050802 - timing_per_token_ms/gen:0.04353565204614124 - timing_per_token_ms/update_actor:0.02846443218749042 - timing_per_token_ms/adv:2.2368120407757166e-05 - perf/total_num_tokens:2243679 - perf/time_per_step:173.54994693098706 - perf/throughput:3232.0364247823845
[36m(TaskRunner pid=70613)[0m step:17 - global_seqlen/min:501143 - global_seqlen/max:559981 - global_seqlen/minmax_diff:58838 - global_seqlen/balanced_min:527978 - global_seqlen/balanced_max:527979 - global_seqlen/mean:527978.75 - actor/entropy:0.30198416113853455 - perf/mfu/actor_infer:0.4695714885314912 - actor/pg_clipfrac:0.0 - actor/ppo_kl:0.0 - actor/pg_clipfrac_lower:0.0 - actor/pg_loss:0.11048617426058627 - actor/entropy_loss:0.30198418954387307 - actor/loss:0.10746633261442184 - actor/grad_norm:0.15587881207466125 - actor/lr:4.981740794551889e-06 - perf/mfu/actor:0.37953307869562086 - training/global_step:17 - training/epoch:0 - critic/score/mean:0.1403808444738388 - critic/score/max:1.0 - critic/score/min:0.0 - critic/rewards/mean:0.1403808444738388 - critic/rewards/max:1.0 - critic/rewards/min:0.0 - critic/advantages/mean:-0.11048615723848343 - critic/advantages/max:2.4748659133911133 - critic/advantages/min:-2.4748666286468506 - critic/returns/mean:-0.11048615723848343 - critic/returns/max:2.4748659133911133 - critic/returns/min:-2.4748666286468506 - response_length/mean:901.75537109375 - response_length/max:2048.0 - response_length/min:22.0 - response_length/clip_ratio:0.0869140625 - response_length_non_aborted/mean:901.75537109375 - response_length_non_aborted/max:2048.0 - response_length_non_aborted/min:22.0 - response_length_non_aborted/clip_ratio:0.0869140625 - response/aborted_ratio:0.0 - prompt_length/mean:129.453125 - prompt_length/max:364.0 - prompt_length/min:55.0 - prompt_length/clip_ratio:0.0 - num_turns/min:2 - num_turns/max:2 - num_turns/mean:2.0 - timing_s/start_profile:7.298297714442015e-05 - timing_s/agent_loop/num_preempted/min:-1 - timing_s/agent_loop/num_preempted/max:-1 - timing_s/agent_loop/num_preempted/mean:-1.0 - timing_s/agent_loop/generate_sequences/min:1.5243065599934198 - timing_s/agent_loop/generate_sequences/max:75.66768646100536 - timing_s/agent_loop/generate_sequences/mean:41.323415900842335 - timing_s/agent_loop/tool_calls/min:0.0 - timing_s/agent_loop/tool_calls/max:0.0 - timing_s/agent_loop/tool_calls/mean:0.0 - timing_s/agent_loop/compute_score/min:0.004576258012093604 - timing_s/agent_loop/compute_score/max:0.08461344000534154 - timing_s/agent_loop/compute_score/mean:0.012462766601615272 - timing_s/agent_loop/slowest/generate_sequences:75.66768646100536 - timing_s/agent_loop/slowest/tool_calls:0.0 - timing_s/agent_loop/slowest/compute_score:0.012413397984346375 - timing_s/agent_loop/slowest/num_preempted:-1 - timing_s/agent_loop/slowest/prompt_length:128 - timing_s/agent_loop/slowest/response_length:2048 - timing_s/gen:78.13155768701108 - timing_s/reward:4.2082014260813594e-05 - timing_s/old_log_prob:18.905104250006843 - timing_s/adv:0.05044267198536545 - timing_s/update_actor:59.94825959100854 - timing_s/update_weights:3.284737779002171 - timing_s/step:160.8991251970001 - timing_s/stop_profile:4.3656007619574666e-05 - timing_per_token_ms/gen:0.04230656769539179 - timing_per_token_ms/update_actor:0.028385735027692184 - timing_per_token_ms/adv:2.388480217497648e-05 - perf/total_num_tokens:2111915 - perf/time_per_step:160.8991251970001 - perf/throughput:3281.42710131928
[36m(TaskRunner pid=70613)[0m step:18 - global_seqlen/min:478851 - global_seqlen/max:514199 - global_seqlen/minmax_diff:35348 - global_seqlen/balanced_min:496520 - global_seqlen/balanced_max:496528 - global_seqlen/mean:496524.75 - actor/entropy:0.33269497752189636 - perf/mfu/actor_infer:0.46205845562870934 - actor/pg_clipfrac:0.0 - actor/ppo_kl:0.0 - actor/pg_clipfrac_lower:0.0 - actor/pg_loss:0.09409383845013508 - actor/entropy_loss:0.3326949803158641 - actor/loss:0.09076689183712006 - actor/grad_norm:0.16165699064731598 - actor/lr:4.979043378581745e-06 - perf/mfu/actor:0.38620709052182295 - training/global_step:18 - training/epoch:0 - critic/score/mean:0.1707519292831421 - critic/score/max:1.0 - critic/score/min:0.0 - critic/rewards/mean:0.1707519292831421 - critic/rewards/max:1.0 - critic/rewards/min:0.0 - critic/advantages/mean:-0.09409382194280624 - critic/advantages/max:2.4748659133911133 - critic/advantages/min:-2.474865674972534 - critic/returns/mean:-0.09409382194280624 - critic/returns/max:2.4748659133911133 - critic/returns/min:-2.474865674972534 - response_length/mean:833.40771484375 - response_length/max:2048.0 - response_length/min:5.0 - response_length/clip_ratio:0.05859375 - response_length_non_aborted/mean:833.40771484375 - response_length_non_aborted/max:2048.0 - response_length_non_aborted/min:5.0 - response_length_non_aborted/clip_ratio:0.05859375 - response/aborted_ratio:0.0 - prompt_length/mean:136.3671875 - prompt_length/max:477.0 - prompt_length/min:57.0 - prompt_length/clip_ratio:0.0 - num_turns/min:2 - num_turns/max:2 - num_turns/mean:2.0 - timing_s/start_profile:5.86929963901639e-05 - timing_s/agent_loop/num_preempted/min:-1 - timing_s/agent_loop/num_preempted/max:-1 - timing_s/agent_loop/num_preempted/mean:-1.0 - timing_s/agent_loop/generate_sequences/min:0.8328729499771725 - timing_s/agent_loop/generate_sequences/max:68.57418686102028 - timing_s/agent_loop/generate_sequences/mean:38.17775847469656 - timing_s/agent_loop/tool_calls/min:0.0 - timing_s/agent_loop/tool_calls/max:0.0 - timing_s/agent_loop/tool_calls/mean:0.0 - timing_s/agent_loop/compute_score/min:0.005808357993373647 - timing_s/agent_loop/compute_score/max:0.057064135995460674 - timing_s/agent_loop/compute_score/mean:0.012394800365527203 - timing_s/agent_loop/slowest/generate_sequences:68.57418686102028 - timing_s/agent_loop/slowest/tool_calls:0.0 - timing_s/agent_loop/slowest/compute_score:0.0141808110056445 - timing_s/agent_loop/slowest/num_preempted:-1 - timing_s/agent_loop/slowest/prompt_length:126 - timing_s/agent_loop/slowest/response_length:2048 - timing_s/gen:71.04845119200763 - timing_s/reward:3.5810022382065654e-05 - timing_s/old_log_prob:17.118809501989745 - timing_s/adv:0.05099793500266969 - timing_s/update_actor:55.414510699978564 - timing_s/update_weights:3.086439236009028 - timing_s/step:147.09494253399316 - timing_s/stop_profile:0.00023527699522674084 - timing_per_token_ms/gen:0.041626236403512984 - timing_per_token_ms/update_actor:0.027901182519088203 - timing_per_token_ms/adv:2.5677438537892467e-05 - perf/total_num_tokens:1986099 - perf/time_per_step:147.09494253399316 - perf/throughput:3375.5392364034183[36m(TaskRunner pid=70613)[0m Training Progress:   5%|▌         | 18/348 [20:56<14:21:43, 156.68s/it]
[36m(WorkerDict pid=73848)[0m INFO:2026-06-07 06:35:33,455:update_weights done, time cost: 1.92s
[36m(TaskRunner pid=70613)[0m Training Progress:   5%|▌         | 19/348 [23:17<13:52:37, 151.85s/it]
[36m(WorkerDict pid=73848)[0m INFO:2026-06-07 06:37:43,984:[Rank 0] Saved model to /workspace/AI4AI/experiments/claude-code-verl/workspace/checkpoints/grpo_v3/global_step_20/actor/model_world_size_4_rank_0.pt
[36m(WorkerDict pid=73848)[0m INFO:2026-06-07 06:37:48,943:[Rank 0] Saved optim to /workspace/AI4AI/experiments/claude-code-verl/workspace/checkpoints/grpo_v3/global_step_20/actor/optim_world_size_4_rank_0.pt
[36m(WorkerDict pid=73848)[0m INFO:2026-06-07 06:37:48,945:[Rank 0] Saved extra_state to /workspace/AI4AI/experiments/claude-code-verl/workspace/checkpoints/grpo_v3/global_step_20/actor/extra_state_world_size_4_rank_0.pt
[36m(WorkerDict pid=73848)[0m INFO:2026-06-07 06:37:49,149:[Rank 0] Saved model config and tokenizer class to /workspace/AI4AI/experiments/claude-code-verl/workspace/checkpoints/grpo_v3/global_step_20/actor/huggingface
[36m(WorkerDict pid=73850)[0m INFO:2026-06-07 06:37:44,884:[Rank 2] Saved model to /workspace/AI4AI/experiments/claude-code-verl/workspace/checkpoints/grpo_v3/global_step_20/actor/model_world_size_4_rank_2.pt[32m [repeated 3x across cluster][0m
[36m(WorkerDict pid=73848)[0m INFO:2026-06-07 06:37:53,203:update_weights done, time cost: 1.66s
[36m(TaskRunner pid=70613)[0m Training Progress:   6%|▌         | 20/348 [25:37<13:29:34, 148.09s/it]
[36m(WorkerDict pid=73850)[0m INFO:2026-06-07 06:37:51,249:[Rank 2] Saved optim to /workspace/AI4AI/experiments/claude-code-verl/workspace/checkpoints/grpo_v3/global_step_20/actor/optim_world_size_4_rank_2.pt[32m [repeated 3x across cluster][0m
[36m(WorkerDict pid=73850)[0m INFO:2026-06-07 06:37:51,253:[Rank 2] Saved extra_state to /workspace/AI4AI/experiments/claude-code-verl/workspace/checkpoints/grpo_v3/global_step_20/actor/extra_state_world_size_4_rank_2.pt[32m [repeated 3x across cluster][0m
[36m(WorkerDict pid=73848)[0m INFO:2026-06-07 06:39:51,954:update_weights done, time cost: 1.80s

[36m(TaskRunner pid=70613)[0m step:19 - global_seqlen/min:468808 - global_seqlen/max:477277 - global_seqlen/minmax_diff:8469 - global_seqlen/balanced_min:473625 - global_seqlen/balanced_max:473631 - global_seqlen/mean:473627.5 - actor/entropy:0.3641403317451477 - perf/mfu/actor_infer:0.4671566303852675 - actor/pg_clipfrac:0.0 - actor/ppo_kl:0.0 - actor/pg_clipfrac_lower:0.0 - actor/pg_loss:0.0938672998072434 - actor/entropy_loss:0.3641403247602284 - actor/loss:0.09022589772939682 - actor/grad_norm:0.16143611073493958 - actor/lr:4.976161130649235e-06 - perf/mfu/actor:0.38442721674179564 - training/global_step:19 - training/epoch:0 - critic/score/mean:0.18803709745407104 - critic/score/max:1.0 - critic/score/min:0.0 - critic/rewards/mean:0.18803709745407104 - critic/rewards/max:1.0 - critic/rewards/min:0.0 - critic/advantages/mean:-0.09386728703975677 - critic/advantages/max:2.4748659133911133 - critic/advantages/min:-2.474803924560547 - critic/returns/mean:-0.09386728703975677 - critic/returns/max:2.4748659133911133 - critic/returns/min:-2.474803924560547 - response_length/mean:793.5771484375 - response_length/max:2048.0 - response_length/min:3.0 - response_length/clip_ratio:0.05029296875 - response_length_non_aborted/mean:793.5771484375 - response_length_non_aborted/max:2048.0 - response_length_non_aborted/min:3.0 - response_length_non_aborted/clip_ratio:0.05029296875 - response/aborted_ratio:0.0 - prompt_length/mean:131.4765625 - prompt_length/max:451.0 - prompt_length/min:59.0 - prompt_length/clip_ratio:0.0 - num_turns/min:2 - num_turns/max:2 - num_turns/mean:2.0 - timing_s/start_profile:7.425399962812662e-05 - timing_s/agent_loop/num_preempted/min:-1 - timing_s/agent_loop/num_preempted/max:-1 - timing_s/agent_loop/num_preempted/mean:-1.0 - timing_s/agent_loop/generate_sequences/min:0.24482789501780644 - timing_s/agent_loop/generate_sequences/max:65.70857149999938 - timing_s/agent_loop/generate_sequences/mean:34.71035067432429 - timing_s/agent_loop/tool_calls/min:0.0 - timing_s/agent_loop/tool_calls/max:0.0 - timing_s/agent_loop/tool_calls/mean:0.0 - timing_s/agent_loop/compute_score/min:0.005158390995347872 - timing_s/agent_loop/compute_score/max:0.05689007102046162 - timing_s/agent_loop/compute_score/mean:0.012139297834863783 - timing_s/agent_loop/slowest/generate_sequences:65.6953579900146 - timing_s/agent_loop/slowest/tool_calls:0.0 - timing_s/agent_loop/slowest/compute_score:0.024763972003711388 - timing_s/agent_loop/slowest/num_preempted:-1 - timing_s/agent_loop/slowest/prompt_length:353 - timing_s/agent_loop/slowest/response_length:2048 - timing_s/gen:67.85889328099438 - timing_s/reward:7.088598795235157e-05 - timing_s/old_log_prob:16.87225786500494 - timing_s/adv:0.031699879007646814 - timing_s/update_actor:52.59975600198959 - timing_s/update_weights:3.028015141026117 - timing_s/step:141.0127720660239 - timing_s/stop_profile:0.00020305797806940973 - timing_per_token_ms/gen:0.04175299818057967 - timing_per_token_ms/update_actor:0.02776430633883674 - timing_per_token_ms/adv:1.6732494949958993e-05 - perf/total_num_tokens:1894510 - perf/time_per_step:141.0127720660239 - perf/throughput:3358.7560407524065
[36m(TaskRunner pid=70613)[0m local_global_step_folder: /workspace/AI4AI/experiments/claude-code-verl/workspace/checkpoints/grpo_v3/global_step_20
[36m(TaskRunner pid=70613)[0m step:20 - global_seqlen/min:401729 - global_seqlen/max:453764 - global_seqlen/minmax_diff:52035 - global_seqlen/balanced_min:428099 - global_seqlen/balanced_max:428101 - global_seqlen/mean:428099.75 - actor/entropy:0.49996694922447205 - perf/mfu/actor_infer:0.46047380086900896 - actor/pg_clipfrac:0.0 - actor/ppo_kl:0.0 - actor/pg_clipfrac_lower:0.0 - actor/pg_loss:0.0700850682796954 - actor/entropy_loss:0.49996696994639933 - actor/loss:0.06508539617061615 - actor/grad_norm:0.19284683465957642 - actor/lr:4.97309428974995e-06 - perf/mfu/actor:0.376144318284728 - training/global_step:20 - training/epoch:0 - critic/score/mean:0.17519530653953552 - critic/score/max:1.0 - critic/score/min:0.0 - critic/rewards/mean:0.17519530653953552 - critic/rewards/max:1.0 - critic/rewards/min:0.0 - critic/advantages/mean:-0.0700850635766983 - critic/advantages/max:2.4748659133911133 - critic/advantages/min:-2.474865674972534 - critic/returns/mean:-0.0700850635766983 - critic/returns/max:2.4748659133911133 - critic/returns/min:-2.474865674972534 - response_length/mean:705.71826171875 - response_length/max:2048.0 - response_length/min:5.0 - response_length/clip_ratio:0.02685546875 - response_length_non_aborted/mean:705.71826171875 - response_length_non_aborted/max:2048.0 - response_length_non_aborted/min:5.0 - response_length_non_aborted/clip_ratio:0.02685546875 - response/aborted_ratio:0.0 - prompt_length/mean:130.4140625 - prompt_length/max:437.0 - prompt_length/min:56.0 - prompt_length/clip_ratio:0.0 - num_turns/min:2 - num_turns/max:2 - num_turns/mean:2.0 - timing_s/start_profile:0.00011449400335550308 - timing_s/agent_loop/num_preempted/min:-1 - timing_s/agent_loop/num_preempted/max:-1 - timing_s/agent_loop/num_preempted/mean:-1.0 - timing_s/agent_loop/generate_sequences/min:0.2661340099875815 - timing_s/agent_loop/generate_sequences/max:58.71974513097666 - timing_s/agent_loop/generate_sequences/mean:30.42760516496574 - timing_s/agent_loop/tool_calls/min:0.0 - timing_s/agent_loop/tool_calls/max:0.0 - timing_s/agent_loop/tool_calls/mean:0.0 - timing_s/agent_loop/compute_score/min:0.004452984983799979 - timing_s/agent_loop/compute_score/max:0.03538479100097902 - timing_s/agent_loop/compute_score/mean:0.011221518599199953 - timing_s/agent_loop/slowest/generate_sequences:58.71974513097666 - timing_s/agent_loop/slowest/tool_calls:0.0 - timing_s/agent_loop/slowest/compute_score:0.012373545003356412 - timing_s/agent_loop/slowest/num_preempted:-1 - timing_s/agent_loop/slowest/prompt_length:345 - timing_s/agent_loop/slowest/response_length:2048 - timing_s/gen:60.9349600179994 - timing_s/reward:3.0369003070518374e-05 - timing_s/old_log_prob:15.564453314000275 - timing_s/adv:0.043598407006356865 - timing_s/update_actor:49.042988908011466 - timing_s/save_checkpoint:10.558341351978015 - timing_s/update_weights:2.8275594070146326 - timing_s/step:139.54451875400264 - timing_s/stop_profile:0.0001860730117186904 - timing_per_token_ms/gen:0.04216044852491914 - timing_per_token_ms/update_actor:0.028639930826875902 - timing_per_token_ms/adv:2.546042540690392e-05 - perf/total_num_tokens:1712399 - perf/time_per_step:139.54451875400264 - perf/throughput:3067.8363709482537
[36m(TaskRunner pid=70613)[0m step:21 - global_seqlen/min:352615 - global_seqlen/max:396274 - global_seqlen/minmax_diff:43659 - global_seqlen/balanced_min:376119 - global_seqlen/balanced_max:376122 - global_seqlen/mean:376120.75 - actor/entropy:1.054412841796875 - perf/mfu/actor_infer:0.46440658401830803 - actor/pg_clipfrac:0.0 - actor/ppo_kl:0.0 - actor/pg_clipfrac_lower:0.0 - actor/pg_loss:0.061497342176153325 - actor/entropy_loss:1.0544127905741334 - actor/loss:0.0509532131254673 - actor/grad_norm:0.3124968409538269 - actor/lr:4.969843110185905e-06 - perf/mfu/actor:0.3813793587717454 - training/global_step:21 - training/epoch:0 - critic/score/mean:0.15488280355930328 - critic/score/max:1.0 - critic/score/min:0.0 - critic/rewards/mean:0.15488280355930328 - critic/rewards/max:1.0 - critic/rewards/min:0.0 - critic/advantages/mean:-0.061497341841459274 - critic/advantages/max:2.4748659133911133 - critic/advantages/min:-2.474803924560547 - critic/returns/mean:-0.061497341841459274 - critic/returns/max:2.4748659133911133 - critic/returns/min:-2.474803924560547 - response_length/mean:603.07568359375 - response_length/max:2048.0 - response_length/min:3.0 - response_length/clip_ratio:0.02001953125 - response_length_non_aborted/mean:603.07568359375 - response_length_non_aborted/max:2048.0 - response_length_non_aborted/min:3.0 - response_length_non_aborted/clip_ratio:0.02001953125 - response/aborted_ratio:0.0 - prompt_length/mean:131.53515625 - prompt_length/max:463.0 - prompt_length/min:57.0 - prompt_length/clip_ratio:0.0 - num_turns/min:2 - num_turns/max:2 - num_turns/mean:2.0 - timing_s/start_profile:7.925601676106453e-05 - timing_s/agent_loop/num_preempted/min:-1 - timing_s/agent_loop/num_preempted/max:-1 - timing_s/agent_loop/num_preempted/mean:-1.0 - timing_s/agent_loop/generate_sequences/min:0.2764705469890032 - timing_s/agent_loop/generate_sequences/max:56.266485262982314 - timing_s/agent_loop/generate_sequences/mean:24.84528064715923 - timing_s/agent_loop/tool_calls/min:0.0 - timing_s/agent_loop/tool_calls/max:0.0 - timing_s/agent_loop/tool_calls/mean:0.0 - timing_s/agent_loop/compute_score/min:0.005413327977294102 - timing_s/agent_loop/compute_score/max:0.04238454601727426 - timing_s/agent_loop/compute_score/mean:0.01187947536412537 - timing_s/agent_loop/slowest/generate_sequences:56.266485262982314 - timing_s/agent_loop/slowest/tool_calls:0.0 - timing_s/agent_loop/slowest/compute_score:0.015044144995044917 - timing_s/agent_loop/slowest/num_preempted:-1 - timing_s/agent_loop/slowest/prompt_length:174 - timing_s/agent_loop/slowest/response_length:2048 - timing_s/gen:58.513113611988956 - timing_s/reward:4.922601510770619e-05 - timing_s/old_log_prob:14.02458609099267 - timing_s/adv:0.060141934984130785 - timing_s/update_actor:42.46924162900541 - timing_s/update_weights:2.8283244280028157 - timing_s/step:118.47741770898574 - timing_s/stop_profile:0.00019214200438000262 - timing_per_token_ms/gen:0.04737524167049682 - timing_per_token_ms/update_actor:0.02822846228837774 - timing_per_token_ms/adv:3.9975150921699206e-05 - perf/total_num_tokens:1504483 - perf/time_per_step:118.47741770898574 - perf/throughput:3174.6197484136565[36m(TaskRunner pid=70613)[0m Training Progress:   6%|▌         | 21/348 [27:36<12:37:59, 139.08s/it]
[36m(WorkerDict pid=73848)[0m INFO:2026-06-07 06:41:37,762:update_weights done, time cost: 1.98s
[36m(TaskRunner pid=70613)[0m Training Progress:   6%|▋         | 22/348 [29:22<11:41:10, 129.05s/it]
[36m(WorkerDict pid=73848)[0m INFO:2026-06-07 06:43:12,226:update_weights done, time cost: 1.62s
[36m(TaskRunner pid=70613)[0m Training Progress:   7%|▋         | 23/348 [30:56<10:42:14, 118.57s/it]
[36m(WorkerDict pid=73848)[0m INFO:2026-06-07 06:44:45,014:update_weights done, time cost: 1.57s

[36m(TaskRunner pid=70613)[0m step:22 - global_seqlen/min:314191 - global_seqlen/max:327197 - global_seqlen/minmax_diff:13006 - global_seqlen/balanced_min:319449 - global_seqlen/balanced_max:319450 - global_seqlen/mean:319449.25 - actor/entropy:1.9457961320877075 - perf/mfu/actor_infer:0.4579608810997437 - actor/pg_clipfrac:0.0 - actor/ppo_kl:0.0 - actor/pg_clipfrac_lower:0.0 - actor/pg_loss:0.07057528215955244 - actor/entropy_loss:1.9457960799336433 - actor/loss:0.05111732333898544 - actor/grad_norm:0.4454798698425293 - actor/lr:4.966407861544451e-06 - perf/mfu/actor:0.36427263514197644 - training/global_step:22 - training/epoch:0 - critic/score/mean:0.13203123211860657 - critic/score/max:1.0 - critic/score/min:0.0 - critic/rewards/mean:0.13203123211860657 - critic/rewards/max:1.0 - critic/rewards/min:0.0 - critic/advantages/mean:-0.0705752745270729 - critic/advantages/max:2.4748659133911133 - critic/advantages/min:-2.474803924560547 - critic/returns/mean:-0.0705752745270729 - critic/returns/max:2.4748659133911133 - critic/returns/min:-2.474803924560547 - response_length/mean:491.20556640625 - response_length/max:2048.0 - response_length/min:3.0 - response_length/clip_ratio:0.01953125 - response_length_non_aborted/mean:491.20556640625 - response_length_non_aborted/max:2048.0 - response_length_non_aborted/min:3.0 - response_length_non_aborted/clip_ratio:0.01953125 - response/aborted_ratio:0.0 - prompt_length/mean:132.71875 - prompt_length/max:507.0 - prompt_length/min:54.0 - prompt_length/clip_ratio:0.0 - num_turns/min:2 - num_turns/max:2 - num_turns/mean:2.0 - timing_s/start_profile:7.539798389188945e-05 - timing_s/agent_loop/num_preempted/min:-1 - timing_s/agent_loop/num_preempted/max:-1 - timing_s/agent_loop/num_preempted/mean:-1.0 - timing_s/agent_loop/generate_sequences/min:0.2227474319806788 - timing_s/agent_loop/generate_sequences/max:48.67182358397986 - timing_s/agent_loop/generate_sequences/mean:19.076104842432912 - timing_s/agent_loop/tool_calls/min:0.0 - timing_s/agent_loop/tool_calls/max:0.0 - timing_s/agent_loop/tool_calls/mean:0.0 - timing_s/agent_loop/compute_score/min:0.004816407978069037 - timing_s/agent_loop/compute_score/max:0.41726863000076264 - timing_s/agent_loop/compute_score/mean:0.01208097442570022 - timing_s/agent_loop/slowest/generate_sequences:48.67182358397986 - timing_s/agent_loop/slowest/tool_calls:0.0 - timing_s/agent_loop/slowest/compute_score:0.010939033003523946 - timing_s/agent_loop/slowest/num_preempted:-1 - timing_s/agent_loop/slowest/prompt_length:130 - timing_s/agent_loop/slowest/response_length:2048 - timing_s/gen:50.82768070901511 - timing_s/reward:4.979802179150283e-05 - timing_s/old_log_prob:12.414377732988214 - timing_s/adv:0.049698457994963974 - timing_s/update_actor:38.72798764199251 - timing_s/update_weights:3.3415615480043925 - timing_s/step:105.95995942200534 - timing_s/stop_profile:0.00022117799380794168 - timing_per_token_ms/gen:0.0505250859691459 - timing_per_token_ms/update_actor:0.03030840394991733 - timing_per_token_ms/adv:3.889386028842138e-05 - perf/total_num_tokens:1277797 - perf/time_per_step:105.95995942200534 - perf/throughput:3014.8109884388846
[36m(TaskRunner pid=70613)[0m step:23 - global_seqlen/min:272126 - global_seqlen/max:296361 - global_seqlen/minmax_diff:24235 - global_seqlen/balanced_min:283901 - global_seqlen/balanced_max:283913 - global_seqlen/mean:283908.5 - actor/entropy:4.322303771972656 - perf/mfu/actor_infer:0.45160173786071645 - actor/pg_clipfrac:0.0 - actor/ppo_kl:0.0 - actor/pg_clipfrac_lower:0.0 - actor/pg_loss:0.2862539933194057 - actor/entropy_loss:4.322303719818592 - actor/loss:0.24303096532821655 - actor/grad_norm:1.1510380506515503 - actor/lr:4.96278882867592e-06 - perf/mfu/actor:0.36766937958462237 - training/global_step:23 - training/epoch:0 - critic/score/mean:0.11665039509534836 - critic/score/max:1.0 - critic/score/min:0.0 - critic/rewards/mean:0.11665039509534836 - critic/rewards/max:1.0 - critic/rewards/min:0.0 - critic/advantages/mean:-0.286253958940506 - critic/advantages/max:2.4748659133911133 - critic/advantages/min:-2.474803924560547 - critic/returns/mean:-0.286253958940506 - critic/returns/max:2.4748659133911133 - critic/returns/min:-2.474803924560547 - response_length/mean:420.8447265625 - response_length/max:2048.0 - response_length/min:3.0 - response_length/clip_ratio:0.04150390625 - response_length_non_aborted/mean:420.8447265625 - response_length_non_aborted/max:2048.0 - response_length_non_aborted/min:3.0 - response_length_non_aborted/clip_ratio:0.04150390625 - response/aborted_ratio:0.0 - prompt_length/mean:133.6640625 - prompt_length/max:403.0 - prompt_length/min:61.0 - prompt_length/clip_ratio:0.0 - num_turns/min:2 - num_turns/max:2 - num_turns/mean:2.0 - timing_s/start_profile:7.3720992077142e-05 - timing_s/agent_loop/num_preempted/min:-1 - timing_s/agent_loop/num_preempted/max:-1 - timing_s/agent_loop/num_preempted/mean:-1.0 - timing_s/agent_loop/generate_sequences/min:0.4535223779967055 - timing_s/agent_loop/generate_sequences/max:41.967142582987435 - timing_s/agent_loop/generate_sequences/mean:13.641264738543214 - timing_s/agent_loop/tool_calls/min:0.0 - timing_s/agent_loop/tool_calls/max:0.0 - timing_s/agent_loop/tool_calls/mean:0.0 - timing_s/agent_loop/compute_score/min:0.004826692980714142 - timing_s/agent_loop/compute_score/max:0.04471677797846496 - timing_s/agent_loop/compute_score/mean:0.011322018689526203 - timing_s/agent_loop/slowest/generate_sequences:41.967142582987435 - timing_s/agent_loop/slowest/tool_calls:0.0 - timing_s/agent_loop/slowest/compute_score:0.013822077016811818 - timing_s/agent_loop/slowest/num_preempted:-1 - timing_s/agent_loop/slowest/prompt_length:129 - timing_s/agent_loop/slowest/response_length:2048 - timing_s/gen:44.465470548020676 - timing_s/reward:3.9268023101612926e-05 - timing_s/old_log_prob:11.677411598007893 - timing_s/adv:0.05366969099850394 - timing_s/update_actor:34.508680397004355 - timing_s/update_weights:2.930848755000625 - timing_s/step:94.28710146498634 - timing_s/stop_profile:0.00023259699810296297 - timing_per_token_ms/gen:0.05159065605590119 - timing_per_token_ms/update_actor:0.03038714973046277 - timing_per_token_ms/adv:4.7259672569246725e-05 - perf/total_num_tokens:1135634 - perf/time_per_step:94.28710146498634 - perf/throughput:3011.1064566496393
[36m(TaskRunner pid=70613)[0m step:24 - global_seqlen/min:237614 - global_seqlen/max:255025 - global_seqlen/minmax_diff:17411 - global_seqlen/balanced_min:248036 - global_seqlen/balanced_max:248039 - global_seqlen/mean:248037.25 - actor/entropy:6.004138469696045 - perf/mfu/actor_infer:0.43164976288683915 - actor/pg_clipfrac:0.0 - actor/ppo_kl:0.0 - actor/pg_clipfrac_lower:0.0 - actor/pg_loss:0.4252643983490998 - actor/entropy_loss:6.004139274358749 - actor/loss:0.3652229905128479 - actor/grad_norm:1.3235749006271362 - actor/lr:4.958986311670008e-06 - perf/mfu/actor:0.36169409561486326 - training/global_step:24 - training/epoch:0 - critic/score/mean:0.10922852158546448 - critic/score/max:1.0 - critic/score/min:0.0 - critic/rewards/mean:0.10922852158546448 - critic/rewards/max:1.0 - critic/rewards/min:0.0 - critic/advantages/mean:-0.4252643585205078 - critic/advantages/max:2.4748659133911133 - critic/advantages/min:-2.474803924560547 - critic/returns/mean:-0.4252643585205078 - critic/returns/max:2.4748659133911133 - critic/returns/min:-2.474803924560547 - response_length/mean:351.95166015625 - response_length/max:2048.0 - response_length/min:2.0 - response_length/clip_ratio:0.05078125 - response_length_non_aborted/mean:351.95166015625 - response_length_non_aborted/max:2048.0 - response_length_non_aborted/min:2.0 - response_length_non_aborted/clip_ratio:0.05078125 - response/aborted_ratio:0.0 - prompt_length/mean:132.49609375 - prompt_length/max:385.0 - prompt_length/min:60.0 - prompt_length/clip_ratio:0.0 - num_turns/min:2 - num_turns/max:2 - num_turns/mean:2.0 - timing_s/start_profile:8.344301022589207e-05 - timing_s/agent_loop/num_preempted/min:-1 - timing_s/agent_loop/num_preempted/max:-1 - timing_s/agent_loop/num_preempted/mean:-1.0 - timing_s/agent_loop/generate_sequences/min:0.2701002829999197 - timing_s/agent_loop/generate_sequences/max:43.901998068991816 - timing_s/agent_loop/generate_sequences/mean:10.937120570474889 - timing_s/agent_loop/tool_calls/min:0.0 - timing_s/agent_loop/tool_calls/max:0.0 - timing_s/agent_loop/tool_calls/mean:0.0 - timing_s/agent_loop/compute_score/min:0.004956868011504412 - timing_s/agent_loop/compute_score/max:0.25601834000553936 - timing_s/agent_loop/compute_score/mean:0.020109984516182067 - timing_s/agent_loop/slowest/generate_sequences:43.73047140601557 - timing_s/agent_loop/slowest/tool_calls:0.0 - timing_s/agent_loop/slowest/compute_score:0.2391767420049291 - timing_s/agent_loop/slowest/num_preempted:-1 - timing_s/agent_loop/slowest/prompt_length:125 - timing_s/agent_loop/slowest/response_length:2048 - timing_s/gen:46.713897067995276 - timing_s/reward:4.4038984924554825e-05 - timing_s/old_log_prob:11.670263281004736 - timing_s/adv:0.04638763898401521 - timing_s/update_actor:30.743052247009473 - timing_s/update_weights:2.929937278997386 - timing_s/step:92.71587076300057 - timing_s/stop_profile:0.00019463201169855893 - timing_per_token_ms/gen:0.06480867299391545 - timing_per_token_ms/update_actor:0.0309863258915843 - timing_per_token_ms/adv:4.675471021390457e-05 - perf/total_num_tokens:992149 - perf/time_per_step:92.71587076300057 - perf/throughput:2675.24047348949[36m(TaskRunner pid=70613)[0m Training Progress:   7%|▋         | 24/348 [32:29<9:58:21, 110.81s/it] 
[36m(WorkerDict pid=73848)[0m INFO:2026-06-07 06:45:56,851:update_weights done, time cost: 1.90s
[36m(TaskRunner pid=70613)[0m Training Progress:   7%|▋         | 25/348 [33:41<8:53:10, 99.04s/it] 
[36m(WorkerDict pid=73848)[0m INFO:2026-06-07 06:46:55,845:update_weights done, time cost: 1.82s
[36m(TaskRunner pid=70613)[0m Training Progress:   7%|▋         | 26/348 [34:40<7:46:46, 86.98s/it]
[36m(WorkerDict pid=73848)[0m INFO:2026-06-07 06:47:47,511:update_weights done, time cost: 1.99s

[36m(TaskRunner pid=70613)[0m step:25 - global_seqlen/min:158111 - global_seqlen/max:191730 - global_seqlen/minmax_diff:33619 - global_seqlen/balanced_min:177473 - global_seqlen/balanced_max:177476 - global_seqlen/mean:177474.75 - actor/entropy:7.481446266174316 - perf/mfu/actor_infer:0.4121460750767831 - actor/pg_clipfrac:0.0 - actor/ppo_kl:0.0 - actor/pg_clipfrac_lower:0.0 - actor/pg_loss:0.4576799585483968 - actor/entropy_loss:7.481446623802185 - actor/loss:0.3828655183315277 - actor/grad_norm:1.5430361032485962 - actor/lr:4.955000625830886e-06 - perf/mfu/actor:0.3564372781844792 - training/global_step:25 - training/epoch:0 - critic/score/mean:0.11284179985523224 - critic/score/max:1.0 - critic/score/min:0.0 - critic/rewards/mean:0.11284179985523224 - critic/rewards/max:1.0 - critic/rewards/min:0.0 - critic/advantages/mean:-0.4576799273490906 - critic/advantages/max:2.4748659133911133 - critic/advantages/min:-2.474803924560547 - critic/returns/mean:-0.4576799273490906 - critic/returns/max:2.4748659133911133 - critic/returns/min:-2.474803924560547 - response_length/mean:225.24365234375 - response_length/max:2048.0 - response_length/min:2.0 - response_length/clip_ratio:0.02978515625 - response_length_non_aborted/mean:225.24365234375 - response_length_non_aborted/max:2048.0 - response_length_non_aborted/min:2.0 - response_length_non_aborted/clip_ratio:0.02978515625 - response/aborted_ratio:0.0 - prompt_length/mean:121.38671875 - prompt_length/max:327.0 - prompt_length/min:59.0 - prompt_length/clip_ratio:0.0 - num_turns/min:2 - num_turns/max:2 - num_turns/mean:2.0 - timing_s/start_profile:7.206102600321174e-05 - timing_s/agent_loop/num_preempted/min:-1 - timing_s/agent_loop/num_preempted/max:-1 - timing_s/agent_loop/num_preempted/mean:-1.0 - timing_s/agent_loop/generate_sequences/min:0.24360550101846457 - timing_s/agent_loop/generate_sequences/max:33.05225168899051 - timing_s/agent_loop/generate_sequences/mean:5.218166933630627 - timing_s/agent_loop/tool_calls/min:0.0 - timing_s/agent_loop/tool_calls/max:0.0 - timing_s/agent_loop/tool_calls/mean:0.0 - timing_s/agent_loop/compute_score/min:0.003979016008088365 - timing_s/agent_loop/compute_score/max:0.23319691698998213 - timing_s/agent_loop/compute_score/mean:0.01913631898553092 - timing_s/agent_loop/slowest/generate_sequences:33.05225168899051 - timing_s/agent_loop/slowest/tool_calls:0.0 - timing_s/agent_loop/slowest/compute_score:0.03287534901755862 - timing_s/agent_loop/slowest/num_preempted:-1 - timing_s/agent_loop/slowest/prompt_length:114 - timing_s/agent_loop/slowest/response_length:2048 - timing_s/gen:35.02793402899988 - timing_s/reward:9.094100096262991e-05 - timing_s/old_log_prob:9.196928669989575 - timing_s/adv:0.04212147300131619 - timing_s/update_actor:23.486044291988946 - timing_s/update_weights:3.248326469998574 - timing_s/step:71.67123914099648 - timing_s/stop_profile:5.452899495139718e-05 - timing_per_token_ms/gen:0.07593325376599533 - timing_per_token_ms/update_actor:0.033083641887069776 - timing_per_token_ms/adv:5.933445884740814e-05 - perf/total_num_tokens:709899 - perf/time_per_step:71.67123914099648 - perf/throughput:2476.2338718723663
[36m(TaskRunner pid=70613)[0m step:26 - global_seqlen/min:124638 - global_seqlen/max:141933 - global_seqlen/minmax_diff:17295 - global_seqlen/balanced_min:133468 - global_seqlen/balanced_max:133474 - global_seqlen/mean:133470.25 - actor/entropy:8.199896812438965 - perf/mfu/actor_infer:0.38605743061686293 - actor/pg_clipfrac:0.0 - actor/ppo_kl:0.0 - actor/pg_clipfrac_lower:0.0 - actor/pg_loss:0.4225581393111497 - actor/entropy_loss:8.199896574020386 - actor/loss:0.340559184551239 - actor/grad_norm:1.4347302913665771 - actor/lr:4.950832101651064e-06 - perf/mfu/actor:0.35249836747467683 - training/global_step:26 - training/epoch:0 - critic/score/mean:0.10922852158546448 - critic/score/max:1.0 - critic/score/min:0.0 - critic/rewards/mean:0.10922852158546448 - critic/rewards/max:1.0 - critic/rewards/min:0.0 - critic/advantages/mean:-0.422558069229126 - critic/advantages/max:2.4748659133911133 - critic/advantages/min:-2.474803924560547 - critic/returns/mean:-0.422558069229126 - critic/returns/max:2.4748659133911133 - critic/returns/min:-2.474803924560547 - response_length/mean:134.20751953125 - response_length/max:2048.0 - response_length/min:2.0 - response_length/clip_ratio:0.017578125 - response_length_non_aborted/mean:134.20751953125 - response_length_non_aborted/max:2048.0 - response_length_non_aborted/min:2.0 - response_length_non_aborted/clip_ratio:0.017578125 - response/aborted_ratio:0.0 - prompt_length/mean:126.4765625 - prompt_length/max:324.0 - prompt_length/min:56.0 - prompt_length/clip_ratio:0.0 - num_turns/min:2 - num_turns/max:2 - num_turns/mean:2.0 - timing_s/start_profile:5.806999979540706e-05 - timing_s/agent_loop/num_preempted/min:-1 - timing_s/agent_loop/num_preempted/max:-1 - timing_s/agent_loop/num_preempted/mean:-1.0 - timing_s/agent_loop/generate_sequences/min:0.2012895119842142 - timing_s/agent_loop/generate_sequences/max:26.644602775981184 - timing_s/agent_loop/generate_sequences/mean:3.066431853945474 - timing_s/agent_loop/tool_calls/min:0.0 - timing_s/agent_loop/tool_calls/max:0.0 - timing_s/agent_loop/tool_calls/mean:0.0 - timing_s/agent_loop/compute_score/min:0.004847428994253278 - timing_s/agent_loop/compute_score/max:0.41136941898730583 - timing_s/agent_loop/compute_score/mean:0.055080302215671395 - timing_s/agent_loop/slowest/generate_sequences:26.636861990002217 - timing_s/agent_loop/slowest/tool_calls:0.0 - timing_s/agent_loop/slowest/compute_score:0.0326526339922566 - timing_s/agent_loop/slowest/num_preempted:-1 - timing_s/agent_loop/slowest/prompt_length:72 - timing_s/agent_loop/slowest/response_length:2048 - timing_s/gen:28.882084764016327 - timing_s/reward:8.628200157545507e-05 - timing_s/old_log_prob:7.380158889980521 - timing_s/adv:0.054234076000284404 - timing_s/update_actor:18.745647684001597 - timing_s/update_weights:3.2106098670046777 - timing_s/step:58.88628006799263 - timing_s/stop_profile:5.8923003962263465e-05 - timing_per_token_ms/gen:0.10508040458862727 - timing_per_token_ms/update_actor:0.03511203373785843 - timing_per_token_ms/adv:0.00010158457783716671 - perf/total_num_tokens:533881 - perf/time_per_step:58.88628006799263 - perf/throughput:2266.5763543883145
[36m(TaskRunner pid=70613)[0m step:27 - global_seqlen/min:88427 - global_seqlen/max:113863 - global_seqlen/minmax_diff:25436 - global_seqlen/balanced_min:98903 - global_seqlen/balanced_max:98915 - global_seqlen/mean:98908.5 - actor/entropy:7.871349811553955 - perf/mfu/actor_infer:0.3800587548485302 - actor/pg_clipfrac:0.0 - actor/ppo_kl:0.0 - actor/pg_clipfrac_lower:0.0 - actor/pg_loss:0.2315015594358556 - actor/entropy_loss:7.871350407600403 - actor/loss:0.15278805792331696 - actor/grad_norm:1.0981031656265259 - actor/lr:4.946481084783976e-06 - perf/mfu/actor:0.3427606889609998 - training/global_step:27 - training/epoch:0 - critic/score/mean:0.10981446504592896 - critic/score/max:1.0 - critic/score/min:0.0 - critic/rewards/mean:0.10981446504592896 - critic/rewards/max:1.0 - critic/rewards/min:0.0 - critic/advantages/mean:-0.23150154948234558 - critic/advantages/max:2.4748659133911133 - critic/advantages/min:-2.474803924560547 - critic/returns/mean:-0.23150154948234558 - critic/returns/max:2.4748659133911133 - critic/returns/min:-2.474803924560547 - response_length/mean:65.0947265625 - response_length/max:2048.0 - response_length/min:2.0 - response_length/clip_ratio:0.00390625 - response_length_non_aborted/mean:65.0947265625 - response_length_non_aborted/max:2048.0 - response_length_non_aborted/min:2.0 - response_length_non_aborted/clip_ratio:0.00390625 - response/aborted_ratio:0.0 - prompt_length/mean:128.0859375 - prompt_length/max:449.0 - prompt_length/min:56.0 - prompt_length/clip_ratio:0.0 - num_turns/min:2 - num_turns/max:2 - num_turns/mean:2.0 - timing_s/start_profile:4.4782995246350765e-05 - timing_s/agent_loop/num_preempted/min:-1 - timing_s/agent_loop/num_preempted/max:-1 - timing_s/agent_loop/num_preempted/mean:-1.0 - timing_s/agent_loop/generate_sequences/min:0.2339390609995462 - timing_s/agent_loop/generate_sequences/max:25.831265206012176 - timing_s/agent_loop/generate_sequences/mean:2.0210708215055035 - timing_s/agent_loop/tool_calls/min:0.0 - timing_s/agent_loop/tool_calls/max:0.0 - timing_s/agent_loop/tool_calls/mean:0.0 - timing_s/agent_loop/compute_score/min:0.004317713028285652 - timing_s/agent_loop/compute_score/max:1.1802535729948431 - timing_s/agent_loop/compute_score/mean:0.23056780231658536 - timing_s/agent_loop/slowest/generate_sequences:25.831265206012176 - timing_s/agent_loop/slowest/tool_calls:0.0 - timing_s/agent_loop/slowest/compute_score:0.012826591992052272 - timing_s/agent_loop/slowest/num_preempted:-1 - timing_s/agent_loop/slowest/prompt_length:91 - timing_s/agent_loop/slowest/response_length:2048 - timing_s/gen:28.213781889004167 - timing_s/reward:2.667898661457002e-05 - timing_s/old_log_prob:5.731017646990949 - timing_s/adv:0.03326855698833242 - timing_s/update_actor:13.863346341997385 - timing_s/update_weights:3.586875423992751 - timing_s/step:51.808717552019516 - timing_s/stop_profile:5.7259981986135244e-05 - timing_per_token_ms/gen:0.21163405110494146 - timing_per_token_ms/update_actor:0.03504083658633329 - timing_per_token_ms/adv:8.408922637673309e-05 - perf/total_num_tokens:395634 - perf/time_per_step:51.808717552019516 - perf/throughput:1909.1092131491012[36m(TaskRunner pid=70613)[0m Training Progress:   8%|▊         | 27/348 [35:32<6:48:50, 76.42s/it]
[36m(WorkerDict pid=73848)[0m INFO:2026-06-07 06:48:51,734:update_weights done, time cost: 2.02s
[36m(TaskRunner pid=70613)[0m Training Progress:   8%|▊         | 28/348 [36:36<6:27:46, 72.71s/it]
[36m(WorkerDict pid=73848)[0m INFO:2026-06-07 06:49:51,631:update_weights done, time cost: 1.74s
[36m(TaskRunner pid=70613)[0m Training Progress:   8%|▊         | 29/348 [37:36<6:05:51, 68.81s/it]
[36m(WorkerDict pid=73849)[0m INFO:2026-06-07 06:51:04,203:[Rank 1] Saved model to /workspace/AI4AI/experiments/claude-code-verl/workspace/checkpoints/grpo_v3/global_step_30/actor/model_world_size_4_rank_1.pt
[36m(WorkerDict pid=73849)[0m INFO:2026-06-07 06:51:09,273:[Rank 1] Saved optim to /workspace/AI4AI/experiments/claude-code-verl/workspace/checkpoints/grpo_v3/global_step_30/actor/optim_world_size_4_rank_1.pt
[36m(WorkerDict pid=73849)[0m INFO:2026-06-07 06:51:09,275:[Rank 1] Saved extra_state to /workspace/AI4AI/experiments/claude-code-verl/workspace/checkpoints/grpo_v3/global_step_30/actor/extra_state_world_size_4_rank_1.pt
[36m(WorkerDict pid=73851)[0m INFO:2026-06-07 06:51:05,358:[Rank 3] Saved model to /workspace/AI4AI/experiments/claude-code-verl/workspace/checkpoints/grpo_v3/global_step_30/actor/model_world_size_4_rank_3.pt[32m [repeated 3x across cluster][0m
[36m(WorkerDict pid=73848)[0m INFO:2026-06-07 06:51:12,058:[Rank 0] Saved model config and tokenizer class to /workspace/AI4AI/experiments/claude-code-verl/workspace/checkpoints/grpo_v3/global_step_30/actor/huggingface
[36m(WorkerDict pid=73848)[0m INFO:2026-06-07 06:51:14,374:update_weights done, time cost: 1.72s
[36m(WorkerDict pid=73851)[0m INFO:2026-06-07 06:51:12,387:[Rank 3] Saved optim to /workspace/AI4AI/experiments/claude-code-verl/workspace/checkpoints/grpo_v3/global_step_30/actor/optim_world_size_4_rank_3.pt[32m [repeated 3x across cluster][0m
[36m(WorkerDict pid=73851)[0m INFO:2026-06-07 06:51:12,391:[Rank 3] Saved extra_state to /workspace/AI4AI/experiments/claude-code-verl/workspace/checkpoints/grpo_v3/global_step_30/actor/extra_state_world_size_4_rank_3.pt[32m [repeated 3x across cluster][0m

[36m(TaskRunner pid=70613)[0m step:28 - global_seqlen/min:136783 - global_seqlen/max:157437 - global_seqlen/minmax_diff:20654 - global_seqlen/balanced_min:146369 - global_seqlen/balanced_max:146379 - global_seqlen/mean:146376.0 - actor/entropy:9.696775436401367 - perf/mfu/actor_infer:0.41185984756420013 - actor/pg_clipfrac:0.0 - actor/ppo_kl:0.0 - actor/pg_clipfrac_lower:0.0 - actor/pg_loss:0.6151010072790086 - actor/entropy_loss:9.696775823831558 - actor/loss:0.518133282661438 - actor/grad_norm:4.090340614318848 - actor/lr:4.941947936015329e-06 - perf/mfu/actor:0.363718257902341 - training/global_step:28 - training/epoch:0 - critic/score/mean:0.10600587725639343 - critic/score/max:1.0 - critic/score/min:0.0 - critic/rewards/mean:0.10600587725639343 - critic/rewards/max:1.0 - critic/rewards/min:0.0 - critic/advantages/mean:-0.6151009202003479 - critic/advantages/max:2.4748659133911133 - critic/advantages/min:-2.474803924560547 - critic/returns/mean:-0.6151009202003479 - critic/returns/max:2.4748659133911133 - critic/returns/min:-2.474803924560547 - response_length/mean:157.4375 - response_length/max:2048.0 - response_length/min:2.0 - response_length/clip_ratio:0.02783203125 - response_length_non_aborted/mean:157.4375 - response_length_non_aborted/max:2048.0 - response_length_non_aborted/min:2.0 - response_length_non_aborted/clip_ratio:0.02783203125 - response/aborted_ratio:0.0 - prompt_length/mean:128.453125 - prompt_length/max:470.0 - prompt_length/min:56.0 - prompt_length/clip_ratio:0.0 - num_turns/min:2 - num_turns/max:2 - num_turns/mean:2.0 - timing_s/start_profile:5.688099190592766e-05 - timing_s/agent_loop/num_preempted/min:-1 - timing_s/agent_loop/num_preempted/max:-1 - timing_s/agent_loop/num_preempted/mean:-1.0 - timing_s/agent_loop/generate_sequences/min:0.23438943902147003 - timing_s/agent_loop/generate_sequences/max:30.463089664001018 - timing_s/agent_loop/generate_sequences/mean:3.6958452664638344 - timing_s/agent_loop/tool_calls/min:0.0 - timing_s/agent_loop/tool_calls/max:0.0 - timing_s/agent_loop/tool_calls/mean:0.0 - timing_s/agent_loop/compute_score/min:0.005217363010160625 - timing_s/agent_loop/compute_score/max:0.835575915989466 - timing_s/agent_loop/compute_score/mean:0.18839838864543879 - timing_s/agent_loop/slowest/generate_sequences:30.463089664001018 - timing_s/agent_loop/slowest/tool_calls:0.0 - timing_s/agent_loop/slowest/compute_score:0.011762314999941736 - timing_s/agent_loop/slowest/num_preempted:-1 - timing_s/agent_loop/slowest/prompt_length:238 - timing_s/agent_loop/slowest/response_length:2048 - timing_s/gen:32.88780252900324 - timing_s/reward:3.8587982999160886e-05 - timing_s/old_log_prob:7.9265005759953056 - timing_s/adv:0.0438041300221812 - timing_s/update_actor:18.87344955399749 - timing_s/update_weights:3.3637461900070775 - timing_s/step:63.95823244500207 - timing_s/stop_profile:0.0001856219896581024 - timing_per_token_ms/gen:0.10199918906623176 - timing_per_token_ms/update_actor:0.03223453563766855 - timing_per_token_ms/adv:7.481439925633506e-05 - perf/total_num_tokens:585504 - perf/time_per_step:63.95823244500207 - perf/throughput:2288.6185937966516
[36m(TaskRunner pid=70613)[0m step:29 - global_seqlen/min:129425 - global_seqlen/max:133971 - global_seqlen/minmax_diff:4546 - global_seqlen/balanced_min:131692 - global_seqlen/balanced_max:131703 - global_seqlen/mean:131698.25 - actor/entropy:10.077181816101074 - perf/mfu/actor_infer:0.3921707929593486 - actor/pg_clipfrac:0.0 - actor/ppo_kl:0.0 - actor/pg_clipfrac_lower:0.0 - actor/pg_loss:0.7768654683604836 - actor/entropy_loss:10.077182084321976 - actor/loss:0.6760936975479126 - actor/grad_norm:1.6045376062393188 - actor/lr:4.937233031233177e-06 - perf/mfu/actor:0.3600506786081832 - training/global_step:29 - training/epoch:0 - critic/score/mean:0.11152343451976776 - critic/score/max:1.0 - critic/score/min:0.0 - critic/rewards/mean:0.11152343451976776 - critic/rewards/max:1.0 - critic/rewards/min:0.0 - critic/advantages/mean:-0.7768654823303223 - critic/advantages/max:2.4748659133911133 - critic/advantages/min:-2.474803924560547 - critic/returns/mean:-0.7768654823303223 - critic/returns/max:2.4748659133911133 - critic/returns/min:-2.474803924560547 - response_length/mean:127.52392578125 - response_length/max:2048.0 - response_length/min:2.0 - response_length/clip_ratio:0.02392578125 - response_length_non_aborted/mean:127.52392578125 - response_length_non_aborted/max:2048.0 - response_length_non_aborted/min:2.0 - response_length_non_aborted/clip_ratio:0.02392578125 - response/aborted_ratio:0.0 - prompt_length/mean:129.69921875 - prompt_length/max:381.0 - prompt_length/min:60.0 - prompt_length/clip_ratio:0.0 - num_turns/min:2 - num_turns/max:2 - num_turns/mean:2.0 - timing_s/start_profile:0.00017190701328217983 - timing_s/agent_loop/num_preempted/min:-1 - timing_s/agent_loop/num_preempted/max:-1 - timing_s/agent_loop/num_preempted/mean:-1.0 - timing_s/agent_loop/generate_sequences/min:0.2854411759763025 - timing_s/agent_loop/generate_sequences/max:27.186682762025157 - timing_s/agent_loop/generate_sequences/mean:2.889647177467282 - timing_s/agent_loop/tool_calls/min:0.0 - timing_s/agent_loop/tool_calls/max:0.0 - timing_s/agent_loop/tool_calls/mean:0.0 - timing_s/agent_loop/compute_score/min:0.005339608993381262 - timing_s/agent_loop/compute_score/max:0.9967813709808979 - timing_s/agent_loop/compute_score/mean:0.29935271046107914 - timing_s/agent_loop/slowest/generate_sequences:27.186682762025157 - timing_s/agent_loop/slowest/tool_calls:0.0 - timing_s/agent_loop/slowest/compute_score:0.032629652007017285 - timing_s/agent_loop/slowest/num_preempted:-1 - timing_s/agent_loop/slowest/prompt_length:89 - timing_s/agent_loop/slowest/response_length:2048 - timing_s/gen:29.56947213798412 - timing_s/reward:3.950099926441908e-05 - timing_s/old_log_prob:8.294234956003493 - timing_s/adv:0.053798016015207395 - timing_s/update_actor:18.20592614202178 - timing_s/update_weights:2.9187634710106067 - timing_s/step:59.614008539007045 - timing_s/stop_profile:0.00021669099805876613 - timing_per_token_ms/gen:0.11321968586617907 - timing_per_token_ms/update_actor:0.03455992418658141 - timing_per_token_ms/adv:0.00010212363492910384 - perf/total_num_tokens:526793 - perf/time_per_step:59.614008539007045 - perf/throughput:2209.182929106777
[36m(TaskRunner pid=70613)[0m local_global_step_folder: /workspace/AI4AI/experiments/claude-code-verl/workspace/checkpoints/grpo_v3/global_step_30
[36m(TaskRunner pid=70613)[0m step:30 - global_seqlen/min:168311 - global_seqlen/max:197738 - global_seqlen/minmax_diff:29427 - global_seqlen/balanced_min:183701 - global_seqlen/balanced_max:183709 - global_seqlen/mean:183706.0 - actor/entropy:10.614190101623535 - perf/mfu/actor_infer:0.43759183561430093 - actor/pg_clipfrac:0.0 - actor/ppo_kl:0.0 - actor/pg_clipfrac_lower:0.0 - actor/pg_loss:0.8440437214449048 - actor/entropy_loss:10.614190399646759 - actor/loss:0.7379018068313599 - actor/grad_norm:1.1946243047714233 - actor/lr:4.932336761396761e-06 - perf/mfu/actor:0.37058371454839817 - training/global_step:30 - training/epoch:0 - critic/score/mean:0.12202148884534836 - critic/score/max:1.0 - critic/score/min:0.0 - critic/rewards/mean:0.12202148884534836 - critic/rewards/max:1.0 - critic/rewards/min:0.0 - critic/advantages/mean:-0.8440436720848083 - critic/advantages/max:2.4748659133911133 - critic/advantages/min:-2.474803924560547 - critic/returns/mean:-0.8440436720848083 - critic/returns/max:2.4748659133911133 - critic/returns/min:-2.474803924560547 - response_length/mean:229.6640625 - response_length/max:2048.0 - response_length/min:2.0 - response_length/clip_ratio:0.05029296875 - response_length_non_aborted/mean:229.6640625 - response_length_non_aborted/max:2048.0 - response_length_non_aborted/min:2.0 - response_length_non_aborted/clip_ratio:0.05029296875 - response/aborted_ratio:0.0 - prompt_length/mean:129.13671875 - prompt_length/max:398.0 - prompt_length/min:57.0 - prompt_length/clip_ratio:0.0 - num_turns/min:2 - num_turns/max:2 - num_turns/mean:2.0 - timing_s/start_profile:0.00016867200611159205 - timing_s/agent_loop/num_preempted/min:-1 - timing_s/agent_loop/num_preempted/max:-1 - timing_s/agent_loop/num_preempted/mean:-1.0 - timing_s/agent_loop/generate_sequences/min:0.2772303789970465 - timing_s/agent_loop/generate_sequences/max:31.401046276994748 - timing_s/agent_loop/generate_sequences/mean:4.650016194296953 - timing_s/agent_loop/tool_calls/min:0.0 - timing_s/agent_loop/tool_calls/max:0.0 - timing_s/agent_loop/tool_calls/mean:0.0 - timing_s/agent_loop/compute_score/min:0.004955343989422545 - timing_s/agent_loop/compute_score/max:1.7431086800061166 - timing_s/agent_loop/compute_score/mean:0.2393557183430346 - timing_s/agent_loop/slowest/generate_sequences:31.401046276994748 - timing_s/agent_loop/slowest/tool_calls:0.0 - timing_s/agent_loop/slowest/compute_score:0.013352845999179408 - timing_s/agent_loop/slowest/num_preempted:-1 - timing_s/agent_loop/slowest/prompt_length:69 - timing_s/agent_loop/slowest/response_length:2048 - timing_s/gen:33.95116724900436 - timing_s/reward:5.065399454906583e-05 - timing_s/old_log_prob:9.046388862014282 - timing_s/adv:0.0595635790086817 - timing_s/update_actor:24.34241926399409 - timing_s/save_checkpoint:11.659115838992875 - timing_s/update_weights:3.1601235450070817 - timing_s/step:82.80386991699925 - timing_s/stop_profile:0.00017947799642570317 - timing_per_token_ms/gen:0.07218246600206729 - timing_per_token_ms/update_actor:0.03312687019475968 - timing_per_token_ms/adv:8.105829288194412e-05 - perf/total_num_tokens:734824 - perf/time_per_step:82.80386991699925 - perf/throughput:2218.5678058784306[36m(TaskRunner pid=70613)[0m Training Progress:   9%|▊         | 30/348 [38:58<6:27:13, 73.06s/it]
[36m(WorkerDict pid=73848)[0m INFO:2026-06-07 06:52:59,261:update_weights done, time cost: 1.67s
[36m(TaskRunner pid=70613)[0m Training Progress:   9%|▉         | 31/348 [40:43<7:16:32, 82.63s/it]
