WARNING:2026-06-07 03:15:21,398:Detected megatron.core 0.14.0rc7, recommend upgrading to >= 0.14.0 for better checkpoint compatibility
2026-06-07 03:15:27,123	INFO worker.py:1942 -- Started a local Ray instance. View the dashboard at [1m[32mhttp://127.0.0.1:8265 [39m[22m
[36m(pid=30951)[0m W0607 03:15:39.380000 30951 torch/utils/cpp_extension.py:118] No CUDA runtime is found, using CUDA_HOME='/usr/local/cuda'
[36m(pid=30951)[0m WARNING:2026-06-07 03:15:39,605:Detected megatron.core 0.14.0rc7, recommend upgrading to >= 0.14.0 for better checkpoint compatibility
ray init kwargs: {'num_cpus': None, 'runtime_env': {'env_vars': {'NCCL_DEBUG': 'WARN', 'VLLM_LOGGING_LEVEL': 'WARN', 'VLLM_ALLOW_RUNTIME_LORA_UPDATING': 'true', 'CUDA_DEVICE_MAX_CONNECTIONS': '1', 'VLLM_DISABLE_COMPILE_CACHE': '1', 'HCCL_HOST_SOCKET_PORT_RANGE': 'auto', 'HCCL_NPU_SOCKET_PORT_RANGE': 'auto', 'HSA_NO_SCRATCH_RECLAIM': '1'}, 'working_dir': None}}
[36m(TaskRunner pid=30951)[0m TaskRunner hostname: g60, PID: 30951
[36m(TaskRunner pid=30951)[0m {'actor_rollout_ref': {'actor': {'_target_': 'verl.workers.config.FSDPActorConfig',
[36m(TaskRunner pid=30951)[0m                                  'calculate_entropy': False,
[36m(TaskRunner pid=30951)[0m                                  'calculate_sum_pi_squared': False,
[36m(TaskRunner pid=30951)[0m                                  'checkpoint': {'_target_': 'verl.trainer.config.CheckpointConfig',
[36m(TaskRunner pid=30951)[0m                                                 'async_save': False,
[36m(TaskRunner pid=30951)[0m                                                 'load_contents': ['model',
[36m(TaskRunner pid=30951)[0m                                                                   'optimizer',
[36m(TaskRunner pid=30951)[0m                                                                   'extra'],
[36m(TaskRunner pid=30951)[0m                                                 'mbridge_config': {},
[36m(TaskRunner pid=30951)[0m                                                 'save_contents': ['model',
[36m(TaskRunner pid=30951)[0m                                                                   'optimizer',
[36m(TaskRunner pid=30951)[0m                                                                   'extra']},
[36m(TaskRunner pid=30951)[0m                                  'clip_ratio': 0.2,
[36m(TaskRunner pid=30951)[0m                                  'clip_ratio_c': 3.0,
[36m(TaskRunner pid=30951)[0m                                  'clip_ratio_high': 0.2,
[36m(TaskRunner pid=30951)[0m                                  'clip_ratio_low': 0.2,
[36m(TaskRunner pid=30951)[0m                                  'data_loader_seed': 42,
[36m(TaskRunner pid=30951)[0m                                  'entropy_checkpointing': False,
[36m(TaskRunner pid=30951)[0m                                  'entropy_coeff': 0.001,
[36m(TaskRunner pid=30951)[0m                                  'entropy_from_logits_with_chunking': False,
[36m(TaskRunner pid=30951)[0m                                  'freeze_vision_tower': False,
[36m(TaskRunner pid=30951)[0m                                  'fsdp_config': {'_target_': 'verl.workers.config.FSDPEngineConfig',
[36m(TaskRunner pid=30951)[0m                                                  'dtype': 'bfloat16',
[36m(TaskRunner pid=30951)[0m                                                  'entropy_checkpointing': False,
[36m(TaskRunner pid=30951)[0m                                                  'entropy_from_logits_with_chunking': False,
[36m(TaskRunner pid=30951)[0m                                                  'forward_only': False,
[36m(TaskRunner pid=30951)[0m                                                  'forward_prefetch': False,
[36m(TaskRunner pid=30951)[0m                                                  'fsdp_size': -1,
[36m(TaskRunner pid=30951)[0m                                                  'full_determinism': False,
[36m(TaskRunner pid=30951)[0m                                                  'model_dtype': 'fp32',
[36m(TaskRunner pid=30951)[0m                                                  'offload_policy': False,
[36m(TaskRunner pid=30951)[0m                                                  'optimizer_offload': False,
[36m(TaskRunner pid=30951)[0m                                                  'param_offload': False,
[36m(TaskRunner pid=30951)[0m                                                  'qat': {'_target_': 'verl.workers.config.QATEngineConfig',
[36m(TaskRunner pid=30951)[0m                                                          'activation_observer': 'static_minmax',
[36m(TaskRunner pid=30951)[0m                                                          'enable': False,
[36m(TaskRunner pid=30951)[0m                                                          'group_size': 16,
[36m(TaskRunner pid=30951)[0m                                                          'ignore_patterns': ['lm_head',
[36m(TaskRunner pid=30951)[0m                                                                              'embed_tokens',
[36m(TaskRunner pid=30951)[0m                                                                              're:.*mlp.gate$'],
[36m(TaskRunner pid=30951)[0m                                                          'mode': 'w4a16',
[36m(TaskRunner pid=30951)[0m                                                          'quantization_config_path': None},
[36m(TaskRunner pid=30951)[0m                                                  'reshard_after_forward': True,
[36m(TaskRunner pid=30951)[0m                                                  'seed': 42,
[36m(TaskRunner pid=30951)[0m                                                  'strategy': 'fsdp',
[36m(TaskRunner pid=30951)[0m                                                  'ulysses_sequence_parallel_size': 1,
[36m(TaskRunner pid=30951)[0m                                                  'use_orig_params': False,
[36m(TaskRunner pid=30951)[0m                                                  'use_torch_compile': True,
[36m(TaskRunner pid=30951)[0m                                                  'wrap_policy': {'min_num_params': 0}},
[36m(TaskRunner pid=30951)[0m                                  'grad_clip': 1.0,
[36m(TaskRunner pid=30951)[0m                                  'kl_loss_coef': 0.001,
[36m(TaskRunner pid=30951)[0m                                  'kl_loss_type': 'low_var_kl',
[36m(TaskRunner pid=30951)[0m                                  'loss_agg_mode': 'token-mean',
[36m(TaskRunner pid=30951)[0m                                  'loss_scale_factor': None,
[36m(TaskRunner pid=30951)[0m                                  'optim': {'_target_': 'verl.workers.config.FSDPOptimizerConfig',
[36m(TaskRunner pid=30951)[0m                                            'betas': [0.9, 0.999],
[36m(TaskRunner pid=30951)[0m                                            'clip_grad': 1.0,
[36m(TaskRunner pid=30951)[0m                                            'lr': 1e-06,
[36m(TaskRunner pid=30951)[0m                                            'lr_scheduler_type': 'cosine',
[36m(TaskRunner pid=30951)[0m                                            'lr_warmup_steps': -1,
[36m(TaskRunner pid=30951)[0m                                            'lr_warmup_steps_ratio': 0.05,
[36m(TaskRunner pid=30951)[0m                                            'min_lr_ratio': 0.1,
[36m(TaskRunner pid=30951)[0m                                            'num_cycles': 0.5,
[36m(TaskRunner pid=30951)[0m                                            'optimizer': 'AdamW',
[36m(TaskRunner pid=30951)[0m                                            'optimizer_impl': 'torch.optim',
[36m(TaskRunner pid=30951)[0m                                            'override_optimizer_config': None,
[36m(TaskRunner pid=30951)[0m                                            'total_training_steps': -1,
[36m(TaskRunner pid=30951)[0m                                            'warmup_style': None,
[36m(TaskRunner pid=30951)[0m                                            'weight_decay': 0.01,
[36m(TaskRunner pid=30951)[0m                                            'zero_indexed_step': True},
[36m(TaskRunner pid=30951)[0m                                  'policy_loss': {'_target_': 'verl.workers.config.PolicyLossConfig',
[36m(TaskRunner pid=30951)[0m                                                  'clip_cov_lb': 1.0,
[36m(TaskRunner pid=30951)[0m                                                  'clip_cov_ratio': 0.0002,
[36m(TaskRunner pid=30951)[0m                                                  'clip_cov_ub': 5.0,
[36m(TaskRunner pid=30951)[0m                                                  'kl_cov_ratio': 0.0002,
[36m(TaskRunner pid=30951)[0m                                                  'loss_mode': 'vanilla',
[36m(TaskRunner pid=30951)[0m                                                  'ppo_kl_coef': 0.1},
[36m(TaskRunner pid=30951)[0m                                  'ppo_epochs': 1,
[36m(TaskRunner pid=30951)[0m                                  'ppo_max_token_len_per_gpu': 24576,
[36m(TaskRunner pid=30951)[0m                                  'ppo_micro_batch_size': None,
[36m(TaskRunner pid=30951)[0m                                  'ppo_micro_batch_size_per_gpu': 4,
[36m(TaskRunner pid=30951)[0m                                  'ppo_mini_batch_size': 256,
[36m(TaskRunner pid=30951)[0m                                  'profiler': {'_target_': 'verl.utils.profiler.ProfilerConfig',
[36m(TaskRunner pid=30951)[0m                                               'all_ranks': False,
[36m(TaskRunner pid=30951)[0m                                               'enable': False,
[36m(TaskRunner pid=30951)[0m                                               'ranks': [],
[36m(TaskRunner pid=30951)[0m                                               'save_path': 'outputs/profile',
[36m(TaskRunner pid=30951)[0m                                               'tool': None,
[36m(TaskRunner pid=30951)[0m                                               'tool_config': {'npu': {'_target_': 'verl.utils.profiler.config.NPUToolConfig',
[36m(TaskRunner pid=30951)[0m                                                                       'analysis': True,
[36m(TaskRunner pid=30951)[0m                                                                       'contents': [],
[36m(TaskRunner pid=30951)[0m                                                                       'discrete': False,
[36m(TaskRunner pid=30951)[0m                                                                       'level': 'level0'},
[36m(TaskRunner pid=30951)[0m                                                               'nsys': {'_target_': 'verl.utils.profiler.config.NsightToolConfig',
[36m(TaskRunner pid=30951)[0m                                                                        'discrete': False},
[36m(TaskRunner pid=30951)[0m                                                               'precision_debugger': {'_target_': 'verl.utils.profiler.config.PrecisionDebuggerToolConfig',
[36m(TaskRunner pid=30951)[0m                                                                                      'config_path': None,
[36m(TaskRunner pid=30951)[0m                                                                                      'stages': None,
[36m(TaskRunner pid=30951)[0m                                                                                      'steps': None,
[36m(TaskRunner pid=30951)[0m                                                                                      'strict': False},
[36m(TaskRunner pid=30951)[0m                                                               'torch': {'_target_': 'verl.utils.profiler.config.TorchProfilerToolConfig',
[36m(TaskRunner pid=30951)[0m                                                                         'contents': [],
[36m(TaskRunner pid=30951)[0m                                                                         'discrete': False},
[36m(TaskRunner pid=30951)[0m                                                               'torch_memory': {'_target_': 'verl.utils.profiler.config.TorchMemoryToolConfig',
[36m(TaskRunner pid=30951)[0m                                                                                'stack_depth': 32,
[36m(TaskRunner pid=30951)[0m                                                                                'trace_alloc_max_entries': 100000}}},
[36m(TaskRunner pid=30951)[0m                                  'qat': {'activation_observer': 'static_minmax',
[36m(TaskRunner pid=30951)[0m                                          'enable': False,
[36m(TaskRunner pid=30951)[0m                                          'group_size': 16,
[36m(TaskRunner pid=30951)[0m                                          'ignore_patterns': ['lm_head',
[36m(TaskRunner pid=30951)[0m                                                              'embed_tokens',
[36m(TaskRunner pid=30951)[0m                                                              're:.*mlp.gate$'],
[36m(TaskRunner pid=30951)[0m                                          'mode': 'w4a16',
[36m(TaskRunner pid=30951)[0m                                          'quantization_config_path': None},
[36m(TaskRunner pid=30951)[0m                                  'rollout_n': 8,
[36m(TaskRunner pid=30951)[0m                                  'router_replay': {'_target_': 'verl.workers.config.RouterReplayConfig',
[36m(TaskRunner pid=30951)[0m                                                    'mode': 'disabled',
[36m(TaskRunner pid=30951)[0m                                                    'record_file': None,
[36m(TaskRunner pid=30951)[0m                                                    'replay_file': None},
[36m(TaskRunner pid=30951)[0m                                  'shuffle': False,
[36m(TaskRunner pid=30951)[0m                                  'strategy': 'fsdp',
[36m(TaskRunner pid=30951)[0m                                  'tau_neg': 1.05,
[36m(TaskRunner pid=30951)[0m                                  'tau_pos': 1.0,
[36m(TaskRunner pid=30951)[0m                                  'ulysses_sequence_parallel_size': 1,
[36m(TaskRunner pid=30951)[0m                                  'use_dynamic_bsz': True,
[36m(TaskRunner pid=30951)[0m                                  'use_fused_kernels': False,
[36m(TaskRunner pid=30951)[0m                                  'use_kl_loss': False,
[36m(TaskRunner pid=30951)[0m                                  'use_prefix_grouper': False,
[36m(TaskRunner pid=30951)[0m                                  'use_remove_padding': True,
[36m(TaskRunner pid=30951)[0m                                  'use_torch_compile': False},
[36m(TaskRunner pid=30951)[0m                        'hybrid_engine': True,
[36m(TaskRunner pid=30951)[0m                        'model': {'_target_': 'verl.workers.config.HFModelConfig',
[36m(TaskRunner pid=30951)[0m                                  'custom_chat_template': None,
[36m(TaskRunner pid=30951)[0m                                  'enable_activation_offload': False,
[36m(TaskRunner pid=30951)[0m                                  'enable_gradient_checkpointing': True,
[36m(TaskRunner pid=30951)[0m                                  'exclude_modules': None,
[36m(TaskRunner pid=30951)[0m                                  'external_lib': None,
[36m(TaskRunner pid=30951)[0m                                  'fused_kernel_options': {'impl_backend': 'torch'},
[36m(TaskRunner pid=30951)[0m                                  'hf_config_path': None,
[36m(TaskRunner pid=30951)[0m                                  'lora': {'a2a_experimental': False,
[36m(TaskRunner pid=30951)[0m                                           'adapter_path': None,
[36m(TaskRunner pid=30951)[0m                                           'alpha': 32,
[36m(TaskRunner pid=30951)[0m                                           'dropout': 0.0,
[36m(TaskRunner pid=30951)[0m                                           'dropout_position': 'pre',
[36m(TaskRunner pid=30951)[0m                                           'dtype': None,
[36m(TaskRunner pid=30951)[0m                                           'exclude_modules': [],
[36m(TaskRunner pid=30951)[0m                                           'freeze_language_model': True,
[36m(TaskRunner pid=30951)[0m                                           'freeze_vision_model': True,
[36m(TaskRunner pid=30951)[0m                                           'freeze_vision_projection': True,
[36m(TaskRunner pid=30951)[0m                                           'lora_A_init_method': 'xavier',
[36m(TaskRunner pid=30951)[0m                                           'lora_B_init_method': 'zero',
[36m(TaskRunner pid=30951)[0m                                           'merge': False,
[36m(TaskRunner pid=30951)[0m                                           'rank': 0,
[36m(TaskRunner pid=30951)[0m                                           'target_modules': ['linear_qkv',
[36m(TaskRunner pid=30951)[0m                                                              'linear_proj',
[36m(TaskRunner pid=30951)[0m                                                              'linear_fc1',
[36m(TaskRunner pid=30951)[0m                                                              'linear_fc2'],
[36m(TaskRunner pid=30951)[0m                                           'type': 'lora'},
[36m(TaskRunner pid=30951)[0m                                  'lora_adapter_path': None,
[36m(TaskRunner pid=30951)[0m                                  'lora_alpha': 16,
[36m(TaskRunner pid=30951)[0m                                  'lora_rank': 0,
[36m(TaskRunner pid=30951)[0m                                  'mtp': {'_target_': 'verl.workers.config.MtpConfig',
[36m(TaskRunner pid=30951)[0m                                          'detach_encoder': False,
[36m(TaskRunner pid=30951)[0m                                          'enable': False,
[36m(TaskRunner pid=30951)[0m                                          'enable_rollout': False,
[36m(TaskRunner pid=30951)[0m                                          'enable_train': False,
[36m(TaskRunner pid=30951)[0m                                          'method': 'mtp',
[36m(TaskRunner pid=30951)[0m                                          'mtp_loss_scaling_factor': 0.1,
[36m(TaskRunner pid=30951)[0m                                          'num_speculative_tokens': 1,
[36m(TaskRunner pid=30951)[0m                                          'speculative_algorithm': 'EAGLE',
[36m(TaskRunner pid=30951)[0m                                          'speculative_eagle_topk': 1,
[36m(TaskRunner pid=30951)[0m                                          'speculative_num_draft_tokens': 4,
[36m(TaskRunner pid=30951)[0m                                          'speculative_num_steps': 3},
[36m(TaskRunner pid=30951)[0m                                  'override_config': {},
[36m(TaskRunner pid=30951)[0m                                  'path': '/root/models/Qwen/Qwen3-1.7B-Base',
[36m(TaskRunner pid=30951)[0m                                  'target_modules': 'all-linear',
[36m(TaskRunner pid=30951)[0m                                  'tiled_mlp': {'enabled': False,
[36m(TaskRunner pid=30951)[0m                                                'num_shards': 4},
[36m(TaskRunner pid=30951)[0m                                  'tokenizer_path': None,
[36m(TaskRunner pid=30951)[0m                                  'trust_remote_code': True,
[36m(TaskRunner pid=30951)[0m                                  'use_fused_kernels': False,
[36m(TaskRunner pid=30951)[0m                                  'use_liger': False,
[36m(TaskRunner pid=30951)[0m                                  'use_remove_padding': True,
[36m(TaskRunner pid=30951)[0m                                  'use_shm': False},
[36m(TaskRunner pid=30951)[0m                        'nccl_timeout': 600,
[36m(TaskRunner pid=30951)[0m                        'ref': {'_target_': 'verl.workers.config.FSDPActorConfig',
[36m(TaskRunner pid=30951)[0m                                'entropy_checkpointing': False,
[36m(TaskRunner pid=30951)[0m                                'entropy_from_logits_with_chunking': False,
[36m(TaskRunner pid=30951)[0m                                'fsdp_config': {'_target_': 'verl.workers.config.FSDPEngineConfig',
[36m(TaskRunner pid=30951)[0m                                                'dtype': 'bfloat16',
[36m(TaskRunner pid=30951)[0m                                                'entropy_checkpointing': False,
[36m(TaskRunner pid=30951)[0m                                                'entropy_from_logits_with_chunking': False,
[36m(TaskRunner pid=30951)[0m                                                'forward_only': True,
[36m(TaskRunner pid=30951)[0m                                                'forward_prefetch': False,
[36m(TaskRunner pid=30951)[0m                                                'fsdp_size': -1,
[36m(TaskRunner pid=30951)[0m                                                'full_determinism': False,
[36m(TaskRunner pid=30951)[0m                                                'model_dtype': 'fp32',
[36m(TaskRunner pid=30951)[0m                                                'offload_policy': False,
[36m(TaskRunner pid=30951)[0m                                                'optimizer_offload': False,
[36m(TaskRunner pid=30951)[0m                                                'param_offload': False,
[36m(TaskRunner pid=30951)[0m                                                'qat': {'_target_': 'verl.workers.config.QATEngineConfig',
[36m(TaskRunner pid=30951)[0m                                                        'activation_observer': 'static_minmax',
[36m(TaskRunner pid=30951)[0m                                                        'enable': False,
[36m(TaskRunner pid=30951)[0m                                                        'group_size': 16,
[36m(TaskRunner pid=30951)[0m                                                        'ignore_patterns': ['lm_head',
[36m(TaskRunner pid=30951)[0m                                                                            'embed_tokens',
[36m(TaskRunner pid=30951)[0m                                                                            're:.*mlp.gate$'],
[36m(TaskRunner pid=30951)[0m                                                        'mode': 'w4a16',
[36m(TaskRunner pid=30951)[0m                                                        'quantization_config_path': None},
[36m(TaskRunner pid=30951)[0m                                                'reshard_after_forward': True,
[36m(TaskRunner pid=30951)[0m                                                'seed': 42,
[36m(TaskRunner pid=30951)[0m                                                'strategy': 'fsdp',
[36m(TaskRunner pid=30951)[0m                                                'ulysses_sequence_parallel_size': 1,
[36m(TaskRunner pid=30951)[0m                                                'use_orig_params': False,
[36m(TaskRunner pid=30951)[0m                                                'use_torch_compile': True,
[36m(TaskRunner pid=30951)[0m                                                'wrap_policy': {'min_num_params': 0}},
[36m(TaskRunner pid=30951)[0m                                'log_prob_max_token_len_per_gpu': 24576,
[36m(TaskRunner pid=30951)[0m                                'log_prob_micro_batch_size': None,
[36m(TaskRunner pid=30951)[0m                                'log_prob_micro_batch_size_per_gpu': None,
[36m(TaskRunner pid=30951)[0m                                'log_prob_use_dynamic_bsz': True,
[36m(TaskRunner pid=30951)[0m                                'profiler': {'_target_': 'verl.utils.profiler.ProfilerConfig',
[36m(TaskRunner pid=30951)[0m                                             'all_ranks': False,
[36m(TaskRunner pid=30951)[0m                                             'enable': False,
[36m(TaskRunner pid=30951)[0m                                             'ranks': [],
[36m(TaskRunner pid=30951)[0m                                             'save_path': 'outputs/profile',
[36m(TaskRunner pid=30951)[0m                                             'tool': None,
[36m(TaskRunner pid=30951)[0m                                             'tool_config': {'npu': {'_target_': 'verl.utils.profiler.config.NPUToolConfig',
[36m(TaskRunner pid=30951)[0m                                                                     'analysis': True,
[36m(TaskRunner pid=30951)[0m                                                                     'contents': [],
[36m(TaskRunner pid=30951)[0m                                                                     'discrete': False,
[36m(TaskRunner pid=30951)[0m                                                                     'level': 'level0'},
[36m(TaskRunner pid=30951)[0m                                                             'nsys': {'_target_': 'verl.utils.profiler.config.NsightToolConfig',
[36m(TaskRunner pid=30951)[0m                                                                      'discrete': False},
[36m(TaskRunner pid=30951)[0m                                                             'precision_debugger': {'_target_': 'verl.utils.profiler.config.PrecisionDebuggerToolConfig',
[36m(TaskRunner pid=30951)[0m                                                                                    'config_path': None,
[36m(TaskRunner pid=30951)[0m                                                                                    'stages': None,
[36m(TaskRunner pid=30951)[0m                                                                                    'steps': None,
[36m(TaskRunner pid=30951)[0m                                                                                    'strict': False},
[36m(TaskRunner pid=30951)[0m                                                             'torch': {'_target_': 'verl.utils.profiler.config.TorchProfilerToolConfig',
[36m(TaskRunner pid=30951)[0m                                                                       'contents': [],
[36m(TaskRunner pid=30951)[0m                                                                       'discrete': False},
[36m(TaskRunner pid=30951)[0m                                                             'torch_memory': {'_target_': 'verl.utils.profiler.config.TorchMemoryToolConfig',
[36m(TaskRunner pid=30951)[0m                                                                              'stack_depth': 32,
[36m(TaskRunner pid=30951)[0m                                                                              'trace_alloc_max_entries': 100000}}},
[36m(TaskRunner pid=30951)[0m                                'rollout_n': 8,
[36m(TaskRunner pid=30951)[0m                                'router_replay': {'_target_': 'verl.workers.config.RouterReplayConfig',
[36m(TaskRunner pid=30951)[0m                                                  'mode': 'disabled',
[36m(TaskRunner pid=30951)[0m                                                  'record_file': None,
[36m(TaskRunner pid=30951)[0m                                                  'replay_file': None},
[36m(TaskRunner pid=30951)[0m                                'strategy': 'fsdp',
[36m(TaskRunner pid=30951)[0m                                'ulysses_sequence_parallel_size': 1,
[36m(TaskRunner pid=30951)[0m                                'use_torch_compile': False},
[36m(TaskRunner pid=30951)[0m                        'rollout': {'_target_': 'verl.workers.config.RolloutConfig',
[36m(TaskRunner pid=30951)[0m                                    'agent': {'_target_': 'verl.workers.config.AgentLoopConfig',
[36m(TaskRunner pid=30951)[0m                                              'agent_loop_config_path': None,
[36m(TaskRunner pid=30951)[0m                                              'custom_async_server': {'_target_': 'verl.workers.config.CustomAsyncServerConfig',
[36m(TaskRunner pid=30951)[0m                                                                      'name': None,
[36m(TaskRunner pid=30951)[0m                                                                      'path': None},
[36m(TaskRunner pid=30951)[0m                                              'default_agent_loop': 'single_turn_agent',
[36m(TaskRunner pid=30951)[0m                                              'num_workers': 8},
[36m(TaskRunner pid=30951)[0m                                    'calculate_log_probs': False,
[36m(TaskRunner pid=30951)[0m                                    'checkpoint_engine': {'_target_': 'verl.workers.config.CheckpointEngineConfig',
[36m(TaskRunner pid=30951)[0m                                                          'backend': 'naive',
[36m(TaskRunner pid=30951)[0m                                                          'custom_backend_module': None,
[36m(TaskRunner pid=30951)[0m                                                          'engine_kwargs': {},
[36m(TaskRunner pid=30951)[0m                                                          'update_weights_bucket_megabytes': 2048},
[36m(TaskRunner pid=30951)[0m                                    'cudagraph_capture_sizes': None,
[36m(TaskRunner pid=30951)[0m                                    'data_parallel_size': 1,
[36m(TaskRunner pid=30951)[0m                                    'disable_log_stats': True,
[36m(TaskRunner pid=30951)[0m                                    'disaggregation': {'bootstrap_port': None,
[36m(TaskRunner pid=30951)[0m                                                       'decode_replicas': 1,
[36m(TaskRunner pid=30951)[0m                                                       'decode_tensor_model_parallel_size': None,
[36m(TaskRunner pid=30951)[0m                                                       'enabled': False,
[36m(TaskRunner pid=30951)[0m                                                       'ib_device': None,
[36m(TaskRunner pid=30951)[0m                                                       'prefill_replicas': 1,
[36m(TaskRunner pid=30951)[0m                                                       'transfer_backend': 'nixl'},
[36m(TaskRunner pid=30951)[0m                                    'do_sample': True,
[36m(TaskRunner pid=30951)[0m                                    'dtype': 'bfloat16',
[36m(TaskRunner pid=30951)[0m                                    'enable_chunked_prefill': True,
[36m(TaskRunner pid=30951)[0m                                    'enable_prefix_caching': True,
[36m(TaskRunner pid=30951)[0m                                    'enable_rollout_routing_replay': False,
[36m(TaskRunner pid=30951)[0m                                    'enforce_eager': True,
[36m(TaskRunner pid=30951)[0m                                    'engine_kwargs': {'sglang': {},
[36m(TaskRunner pid=30951)[0m                                                      'trtllm': {},
[36m(TaskRunner pid=30951)[0m                                                      'vllm': {}},
[36m(TaskRunner pid=30951)[0m                                    'expert_parallel_size': 1,
[36m(TaskRunner pid=30951)[0m                                    'free_cache_engine': True,
[36m(TaskRunner pid=30951)[0m                                    'gpu_memory_utilization': 0.4,
[36m(TaskRunner pid=30951)[0m                                    'ignore_eos': False,
[36m(TaskRunner pid=30951)[0m                                    'layered_summon': False,
[36m(TaskRunner pid=30951)[0m                                    'load_format': 'dummy',
[36m(TaskRunner pid=30951)[0m                                    'log_prob_max_token_len_per_gpu': 24576,
[36m(TaskRunner pid=30951)[0m                                    'log_prob_micro_batch_size': None,
[36m(TaskRunner pid=30951)[0m                                    'log_prob_micro_batch_size_per_gpu': None,
[36m(TaskRunner pid=30951)[0m                                    'log_prob_use_dynamic_bsz': True,
[36m(TaskRunner pid=30951)[0m                                    'logprobs_mode': 'processed_logprobs',
[36m(TaskRunner pid=30951)[0m                                    'max_model_len': 3072,
[36m(TaskRunner pid=30951)[0m                                    'max_num_batched_tokens': 8192,
[36m(TaskRunner pid=30951)[0m                                    'max_num_seqs': 1024,
[36m(TaskRunner pid=30951)[0m                                    'mode': 'async',
[36m(TaskRunner pid=30951)[0m                                    'mtp': {'_target_': 'verl.workers.config.MtpConfig',
[36m(TaskRunner pid=30951)[0m                                            'detach_encoder': False,
[36m(TaskRunner pid=30951)[0m                                            'enable': False,
[36m(TaskRunner pid=30951)[0m                                            'enable_rollout': False,
[36m(TaskRunner pid=30951)[0m                                            'enable_train': False,
[36m(TaskRunner pid=30951)[0m                                            'method': 'mtp',
[36m(TaskRunner pid=30951)[0m                                            'mtp_loss_scaling_factor': 0.1,
[36m(TaskRunner pid=30951)[0m                                            'num_speculative_tokens': 1,
[36m(TaskRunner pid=30951)[0m                                            'speculative_algorithm': 'EAGLE',
[36m(TaskRunner pid=30951)[0m                                            'speculative_eagle_topk': 1,
[36m(TaskRunner pid=30951)[0m                                            'speculative_num_draft_tokens': 4,
[36m(TaskRunner pid=30951)[0m                                            'speculative_num_steps': 3},
[36m(TaskRunner pid=30951)[0m                                    'multi_stage_wake_up': False,
[36m(TaskRunner pid=30951)[0m                                    'multi_turn': {'_target_': 'verl.workers.config.MultiTurnConfig',
[36m(TaskRunner pid=30951)[0m                                                   'enable': False,
[36m(TaskRunner pid=30951)[0m                                                   'format': 'hermes',
[36m(TaskRunner pid=30951)[0m                                                   'function_tool_path': None,
[36m(TaskRunner pid=30951)[0m                                                   'max_assistant_turns': None,
[36m(TaskRunner pid=30951)[0m                                                   'max_parallel_calls': 1,
[36m(TaskRunner pid=30951)[0m                                                   'max_tool_response_length': 256,
[36m(TaskRunner pid=30951)[0m                                                   'max_user_turns': None,
[36m(TaskRunner pid=30951)[0m                                                   'num_repeat_rollouts': None,
[36m(TaskRunner pid=30951)[0m                                                   'tokenization_sanity_check_mode': 'strict',
[36m(TaskRunner pid=30951)[0m                                                   'tool_config_path': None,
[36m(TaskRunner pid=30951)[0m                                                   'tool_response_truncate_side': 'middle',
[36m(TaskRunner pid=30951)[0m                                                   'use_inference_chat_template': False},
[36m(TaskRunner pid=30951)[0m                                    'n': 8,
[36m(TaskRunner pid=30951)[0m                                    'n_gpus_per_node': 4,
[36m(TaskRunner pid=30951)[0m                                    'name': 'vllm',
[36m(TaskRunner pid=30951)[0m                                    'nnodes': 0,
[36m(TaskRunner pid=30951)[0m                                    'over_sample_rate': 0,
[36m(TaskRunner pid=30951)[0m                                    'pipeline_model_parallel_size': 1,
[36m(TaskRunner pid=30951)[0m                                    'profiler': {'_target_': 'verl.utils.profiler.ProfilerConfig',
[36m(TaskRunner pid=30951)[0m                                                 'all_ranks': False,
[36m(TaskRunner pid=30951)[0m                                                 'enable': False,
[36m(TaskRunner pid=30951)[0m                                                 'ranks': [],
[36m(TaskRunner pid=30951)[0m                                                 'save_path': 'outputs/profile',
[36m(TaskRunner pid=30951)[0m                                                 'tool': None,
[36m(TaskRunner pid=30951)[0m                                                 'tool_config': {'npu': {'_target_': 'verl.utils.profiler.config.NPUToolConfig',
[36m(TaskRunner pid=30951)[0m                                                                         'analysis': True,
[36m(TaskRunner pid=30951)[0m                                                                         'contents': [],
[36m(TaskRunner pid=30951)[0m                                                                         'discrete': False,
[36m(TaskRunner pid=30951)[0m                                                                         'level': 'level0'},
[36m(TaskRunner pid=30951)[0m                                                                 'precision_debugger': {'_target_': 'verl.utils.profiler.config.PrecisionDebuggerToolConfig',
[36m(TaskRunner pid=30951)[0m                                                                                        'config_path': None,
[36m(TaskRunner pid=30951)[0m                                                                                        'stages': None,
[36m(TaskRunner pid=30951)[0m                                                                                        'steps': None,
[36m(TaskRunner pid=30951)[0m                                                                                        'strict': False},
[36m(TaskRunner pid=30951)[0m                                                                 'torch': {'_target_': 'verl.utils.profiler.config.TorchProfilerToolConfig',
[36m(TaskRunner pid=30951)[0m                                                                           'contents': [],
[36m(TaskRunner pid=30951)[0m                                                                           'discrete': False}}},
[36m(TaskRunner pid=30951)[0m                                    'prometheus': {'_target_': 'verl.workers.config.PrometheusConfig',
[36m(TaskRunner pid=30951)[0m                                                   'enable': False,
[36m(TaskRunner pid=30951)[0m                                                   'file': '/tmp/ray/session_latest/metrics/prometheus/prometheus.yml',
[36m(TaskRunner pid=30951)[0m                                                   'port': 9090,
[36m(TaskRunner pid=30951)[0m                                                   'served_model_name': '/root/models/Qwen/Qwen3-1.7B-Base'},
[36m(TaskRunner pid=30951)[0m                                    'prompt_length': 512,
[36m(TaskRunner pid=30951)[0m                                    'qat': {'_target_': 'verl.workers.config.QATEngineConfig',
[36m(TaskRunner pid=30951)[0m                                            'activation_observer': 'static_minmax',
[36m(TaskRunner pid=30951)[0m                                            'enable': False,
[36m(TaskRunner pid=30951)[0m                                            'group_size': 16,
[36m(TaskRunner pid=30951)[0m                                            'ignore_patterns': ['lm_head',
[36m(TaskRunner pid=30951)[0m                                                                'embed_tokens',
[36m(TaskRunner pid=30951)[0m                                                                're:.*mlp.gate$'],
[36m(TaskRunner pid=30951)[0m                                            'mode': 'w4a16',
[36m(TaskRunner pid=30951)[0m                                            'quantization_config_path': None},
[36m(TaskRunner pid=30951)[0m                                    'quantization': None,
[36m(TaskRunner pid=30951)[0m                                    'quantization_config_file': None,
[36m(TaskRunner pid=30951)[0m                                    'response_length': 2048,
[36m(TaskRunner pid=30951)[0m                                    'scheduling_policy': 'fcfs',
[36m(TaskRunner pid=30951)[0m                                    'skip': {'_target_': 'verl.workers.config.SkipConfig',
[36m(TaskRunner pid=30951)[0m                                             'action': 'cache',
[36m(TaskRunner pid=30951)[0m                                             'dump_dir': '~/.verl/rollout_dump',
[36m(TaskRunner pid=30951)[0m                                             'enable': False,
[36m(TaskRunner pid=30951)[0m                                             'max_dump_step': 1},
[36m(TaskRunner pid=30951)[0m                                    'skip_tokenizer_init': True,
[36m(TaskRunner pid=30951)[0m                                    'temperature': 1.0,
[36m(TaskRunner pid=30951)[0m                                    'tensor_model_parallel_size': 1,
[36m(TaskRunner pid=30951)[0m                                    'top_k': -1,
[36m(TaskRunner pid=30951)[0m                                    'top_p': 0.95,
[36m(TaskRunner pid=30951)[0m                                    'trace': {'_target_': 'verl.workers.config.TraceConfig',
[36m(TaskRunner pid=30951)[0m                                              'backend': None,
[36m(TaskRunner pid=30951)[0m                                              'experiment_name': 'grpo_v1',
[36m(TaskRunner pid=30951)[0m                                              'max_samples_per_step_per_worker': None,
[36m(TaskRunner pid=30951)[0m                                              'project_name': 'grpo_math',
[36m(TaskRunner pid=30951)[0m                                              'token2text': False},
[36m(TaskRunner pid=30951)[0m                                    'val_kwargs': {'_target_': 'verl.workers.config.SamplingConfig',
[36m(TaskRunner pid=30951)[0m                                                   'do_sample': False,
[36m(TaskRunner pid=30951)[0m                                                   'n': 1,
[36m(TaskRunner pid=30951)[0m                                                   'temperature': 0,
[36m(TaskRunner pid=30951)[0m                                                   'top_k': -1,
[36m(TaskRunner pid=30951)[0m                                                   'top_p': 1.0}}},
[36m(TaskRunner pid=30951)[0m  'algorithm': {'_target_': 'verl.trainer.config.AlgoConfig',
[36m(TaskRunner pid=30951)[0m                'adv_estimator': 'grpo',
[36m(TaskRunner pid=30951)[0m                'gamma': 1.0,
[36m(TaskRunner pid=30951)[0m                'kl_ctrl': {'_target_': 'verl.trainer.config.KLControlConfig',
[36m(TaskRunner pid=30951)[0m                            'horizon': 10000,
[36m(TaskRunner pid=30951)[0m                            'kl_coef': 0.001,
[36m(TaskRunner pid=30951)[0m                            'target_kl': 0.1,
[36m(TaskRunner pid=30951)[0m                            'type': 'fixed'},
[36m(TaskRunner pid=30951)[0m                'kl_penalty': 'kl',
[36m(TaskRunner pid=30951)[0m                'lam': 1.0,
[36m(TaskRunner pid=30951)[0m                'norm_adv_by_std_in_grpo': True,
[36m(TaskRunner pid=30951)[0m                'pf_ppo': {'reweight_method': 'pow', 'weight_pow': 2.0},
[36m(TaskRunner pid=30951)[0m                'rollout_correction': {'bypass_mode': False,
[36m(TaskRunner pid=30951)[0m                                       'loss_type': 'ppo_clip',
[36m(TaskRunner pid=30951)[0m                                       'rollout_is': None,
[36m(TaskRunner pid=30951)[0m                                       'rollout_is_batch_normalize': False,
[36m(TaskRunner pid=30951)[0m                                       'rollout_is_threshold': 2.0,
[36m(TaskRunner pid=30951)[0m                                       'rollout_rs': None,
[36m(TaskRunner pid=30951)[0m                                       'rollout_rs_threshold': None},
[36m(TaskRunner pid=30951)[0m                'use_kl_in_reward': False,
[36m(TaskRunner pid=30951)[0m                'use_pf_ppo': False},
[36m(TaskRunner pid=30951)[0m  'critic': {'_target_': 'verl.workers.config.FSDPCriticConfig',
[36m(TaskRunner pid=30951)[0m             'checkpoint': {'_target_': 'verl.trainer.config.CheckpointConfig',
[36m(TaskRunner pid=30951)[0m                            'async_save': False,
[36m(TaskRunner pid=30951)[0m                            'load_contents': ['model', 'optimizer', 'extra'],
[36m(TaskRunner pid=30951)[0m                            'mbridge_config': {},
[36m(TaskRunner pid=30951)[0m                            'save_contents': ['model', 'optimizer', 'extra']},
[36m(TaskRunner pid=30951)[0m             'cliprange_value': 0.5,
[36m(TaskRunner pid=30951)[0m             'data_loader_seed': 42,
[36m(TaskRunner pid=30951)[0m             'enable': None,
[36m(TaskRunner pid=30951)[0m             'forward_max_token_len_per_gpu': 32768,
[36m(TaskRunner pid=30951)[0m             'forward_micro_batch_size': None,
[36m(TaskRunner pid=30951)[0m             'forward_micro_batch_size_per_gpu': None,
[36m(TaskRunner pid=30951)[0m             'fsdp': {'_target_': 'verl.workers.config.FSDPEngineConfig',
[36m(TaskRunner pid=30951)[0m                      'dtype': 'bfloat16',
[36m(TaskRunner pid=30951)[0m                      'entropy_checkpointing': False,
[36m(TaskRunner pid=30951)[0m                      'entropy_from_logits_with_chunking': False,
[36m(TaskRunner pid=30951)[0m                      'forward_only': False,
[36m(TaskRunner pid=30951)[0m                      'forward_prefetch': False,
[36m(TaskRunner pid=30951)[0m                      'fsdp_size': -1,
[36m(TaskRunner pid=30951)[0m                      'full_determinism': False,
[36m(TaskRunner pid=30951)[0m                      'model_dtype': 'fp32',
[36m(TaskRunner pid=30951)[0m                      'offload_policy': False,
[36m(TaskRunner pid=30951)[0m                      'optimizer_offload': False,
[36m(TaskRunner pid=30951)[0m                      'param_offload': False,
[36m(TaskRunner pid=30951)[0m                      'qat': {'_target_': 'verl.workers.config.QATEngineConfig',
[36m(TaskRunner pid=30951)[0m                              'activation_observer': 'static_minmax',
[36m(TaskRunner pid=30951)[0m                              'enable': False,
[36m(TaskRunner pid=30951)[0m                              'group_size': 16,
[36m(TaskRunner pid=30951)[0m                              'ignore_patterns': ['lm_head',
[36m(TaskRunner pid=30951)[0m                                                  'embed_tokens',
[36m(TaskRunner pid=30951)[0m                                                  're:.*mlp.gate$'],
[36m(TaskRunner pid=30951)[0m                              'mode': 'w4a16',
[36m(TaskRunner pid=30951)[0m                              'quantization_config_path': None},
[36m(TaskRunner pid=30951)[0m                      'reshard_after_forward': True,
[36m(TaskRunner pid=30951)[0m                      'seed': 42,
[36m(TaskRunner pid=30951)[0m                      'strategy': 'fsdp',
[36m(TaskRunner pid=30951)[0m                      'ulysses_sequence_parallel_size': 1,
[36m(TaskRunner pid=30951)[0m                      'use_orig_params': False,
[36m(TaskRunner pid=30951)[0m                      'use_torch_compile': True,
[36m(TaskRunner pid=30951)[0m                      'wrap_policy': {'min_num_params': 0}},
[36m(TaskRunner pid=30951)[0m             'grad_clip': 1.0,
[36m(TaskRunner pid=30951)[0m             'loss_agg_mode': 'token-mean',
[36m(TaskRunner pid=30951)[0m             'model': {'_target_': 'verl.workers.config.HFModelConfig',
[36m(TaskRunner pid=30951)[0m                       'custom_chat_template': None,
[36m(TaskRunner pid=30951)[0m                       'enable_activation_offload': False,
[36m(TaskRunner pid=30951)[0m                       'enable_gradient_checkpointing': True,
[36m(TaskRunner pid=30951)[0m                       'exclude_modules': None,
[36m(TaskRunner pid=30951)[0m                       'external_lib': None,
[36m(TaskRunner pid=30951)[0m                       'fused_kernel_options': {'impl_backend': 'torch'},
[36m(TaskRunner pid=30951)[0m                       'hf_config_path': None,
[36m(TaskRunner pid=30951)[0m                       'lora': {'a2a_experimental': False,
[36m(TaskRunner pid=30951)[0m                                'adapter_path': None,
[36m(TaskRunner pid=30951)[0m                                'alpha': 32,
[36m(TaskRunner pid=30951)[0m                                'dropout': 0.0,
[36m(TaskRunner pid=30951)[0m                                'dropout_position': 'pre',
[36m(TaskRunner pid=30951)[0m                                'dtype': None,
[36m(TaskRunner pid=30951)[0m                                'exclude_modules': [],
[36m(TaskRunner pid=30951)[0m                                'freeze_language_model': True,
[36m(TaskRunner pid=30951)[0m                                'freeze_vision_model': True,
[36m(TaskRunner pid=30951)[0m                                'freeze_vision_projection': True,
[36m(TaskRunner pid=30951)[0m                                'lora_A_init_method': 'xavier',
[36m(TaskRunner pid=30951)[0m                                'lora_B_init_method': 'zero',
[36m(TaskRunner pid=30951)[0m                                'merge': False,
[36m(TaskRunner pid=30951)[0m                                'rank': 0,
[36m(TaskRunner pid=30951)[0m                                'target_modules': ['linear_qkv',
[36m(TaskRunner pid=30951)[0m                                                   'linear_proj',
[36m(TaskRunner pid=30951)[0m                                                   'linear_fc1',
[36m(TaskRunner pid=30951)[0m                                                   'linear_fc2'],
[36m(TaskRunner pid=30951)[0m                                'type': 'lora'},
[36m(TaskRunner pid=30951)[0m                       'lora_adapter_path': None,
[36m(TaskRunner pid=30951)[0m                       'lora_alpha': 16,
[36m(TaskRunner pid=30951)[0m                       'lora_rank': 0,
[36m(TaskRunner pid=30951)[0m                       'mtp': {'_target_': 'verl.workers.config.MtpConfig',
[36m(TaskRunner pid=30951)[0m                               'detach_encoder': False,
[36m(TaskRunner pid=30951)[0m                               'enable': False,
[36m(TaskRunner pid=30951)[0m                               'enable_rollout': False,
[36m(TaskRunner pid=30951)[0m                               'enable_train': False,
[36m(TaskRunner pid=30951)[0m                               'method': 'mtp',
[36m(TaskRunner pid=30951)[0m                               'mtp_loss_scaling_factor': 0.1,
[36m(TaskRunner pid=30951)[0m                               'num_speculative_tokens': 1,
[36m(TaskRunner pid=30951)[0m                               'speculative_algorithm': 'EAGLE',
[36m(TaskRunner pid=30951)[0m                               'speculative_eagle_topk': 1,
[36m(TaskRunner pid=30951)[0m                               'speculative_num_draft_tokens': 4,
[36m(TaskRunner pid=30951)[0m                               'speculative_num_steps': 3},
[36m(TaskRunner pid=30951)[0m                       'override_config': {},
[36m(TaskRunner pid=30951)[0m                       'path': '~/models/deepseek-llm-7b-chat',
[36m(TaskRunner pid=30951)[0m                       'target_modules': 'all-linear',
[36m(TaskRunner pid=30951)[0m                       'tiled_mlp': {'enabled': False, 'num_shards': 4},
[36m(TaskRunner pid=30951)[0m                       'tokenizer_path': None,
[36m(TaskRunner pid=30951)[0m                       'trust_remote_code': False,
[36m(TaskRunner pid=30951)[0m                       'use_fused_kernels': False,
[36m(TaskRunner pid=30951)[0m                       'use_liger': False,
[36m(TaskRunner pid=30951)[0m                       'use_remove_padding': True,
[36m(TaskRunner pid=30951)[0m                       'use_shm': False},
[36m(TaskRunner pid=30951)[0m             'optim': {'_target_': 'verl.workers.config.FSDPOptimizerConfig',
[36m(TaskRunner pid=30951)[0m                       'betas': [0.9, 0.999],
[36m(TaskRunner pid=30951)[0m                       'clip_grad': 1.0,
[36m(TaskRunner pid=30951)[0m                       'lr': 1e-05,
[36m(TaskRunner pid=30951)[0m                       'lr_scheduler_type': 'constant',
[36m(TaskRunner pid=30951)[0m                       'lr_warmup_steps': -1,
[36m(TaskRunner pid=30951)[0m                       'lr_warmup_steps_ratio': 0.0,
[36m(TaskRunner pid=30951)[0m                       'min_lr_ratio': 0.0,
[36m(TaskRunner pid=30951)[0m                       'num_cycles': 0.5,
[36m(TaskRunner pid=30951)[0m                       'optimizer': 'AdamW',
[36m(TaskRunner pid=30951)[0m                       'optimizer_impl': 'torch.optim',
[36m(TaskRunner pid=30951)[0m                       'override_optimizer_config': None,
[36m(TaskRunner pid=30951)[0m                       'total_training_steps': -1,
[36m(TaskRunner pid=30951)[0m                       'warmup_style': None,
[36m(TaskRunner pid=30951)[0m                       'weight_decay': 0.01,
[36m(TaskRunner pid=30951)[0m                       'zero_indexed_step': True},
[36m(TaskRunner pid=30951)[0m             'ppo_epochs': 1,
[36m(TaskRunner pid=30951)[0m             'ppo_max_token_len_per_gpu': 32768,
[36m(TaskRunner pid=30951)[0m             'ppo_micro_batch_size': None,
[36m(TaskRunner pid=30951)[0m             'ppo_micro_batch_size_per_gpu': None,
[36m(TaskRunner pid=30951)[0m             'ppo_mini_batch_size': 256,
[36m(TaskRunner pid=30951)[0m             'profiler': {'_target_': 'verl.utils.profiler.ProfilerConfig',
[36m(TaskRunner pid=30951)[0m                          'all_ranks': False,
[36m(TaskRunner pid=30951)[0m                          'enable': False,
[36m(TaskRunner pid=30951)[0m                          'ranks': [],
[36m(TaskRunner pid=30951)[0m                          'save_path': 'outputs/profile',
[36m(TaskRunner pid=30951)[0m                          'tool': None,
[36m(TaskRunner pid=30951)[0m                          'tool_config': {'npu': {'_target_': 'verl.utils.profiler.config.NPUToolConfig',
[36m(TaskRunner pid=30951)[0m                                                  'analysis': True,
[36m(TaskRunner pid=30951)[0m                                                  'contents': [],
[36m(TaskRunner pid=30951)[0m                                                  'discrete': False,
[36m(TaskRunner pid=30951)[0m                                                  'level': 'level0'},
[36m(TaskRunner pid=30951)[0m                                          'nsys': {'_target_': 'verl.utils.profiler.config.NsightToolConfig',
[36m(TaskRunner pid=30951)[0m                                                   'discrete': False},
[36m(TaskRunner pid=30951)[0m                                          'precision_debugger': {'_target_': 'verl.utils.profiler.config.PrecisionDebuggerToolConfig',
[36m(TaskRunner pid=30951)[0m                                                                 'config_path': None,
[36m(TaskRunner pid=30951)[0m                                                                 'stages': None,
[36m(TaskRunner pid=30951)[0m                                                                 'steps': None,
[36m(TaskRunner pid=30951)[0m                                                                 'strict': False},
[36m(TaskRunner pid=30951)[0m                                          'torch': {'_target_': 'verl.utils.profiler.config.TorchProfilerToolConfig',
[36m(TaskRunner pid=30951)[0m                                                    'contents': [],
[36m(TaskRunner pid=30951)[0m                                                    'discrete': False},
[36m(TaskRunner pid=30951)[0m                                          'torch_memory': {'_target_': 'verl.utils.profiler.config.TorchMemoryToolConfig',
[36m(TaskRunner pid=30951)[0m                                                           'stack_depth': 32,
[36m(TaskRunner pid=30951)[0m                                                           'trace_alloc_max_entries': 100000}}},
[36m(TaskRunner pid=30951)[0m             'rollout_n': 8,
[36m(TaskRunner pid=30951)[0m             'shuffle': False,
[36m(TaskRunner pid=30951)[0m             'strategy': 'fsdp',
[36m(TaskRunner pid=30951)[0m             'ulysses_sequence_parallel_size': 1,
[36m(TaskRunner pid=30951)[0m             'use_dynamic_bsz': True},
[36m(TaskRunner pid=30951)[0m  'data': {'apply_chat_template_kwargs': {},
[36m(TaskRunner pid=30951)[0m           'custom_cls': {'name': None, 'path': None},
[36m(TaskRunner pid=30951)[0m           'dataloader_num_workers': 8,
[36m(TaskRunner pid=30951)[0m           'filter_overlong_prompts': True,
[36m(TaskRunner pid=30951)[0m           'filter_overlong_prompts_workers': 1,
[36m(TaskRunner pid=30951)[0m           'function_tool_path': None,
[36m(TaskRunner pid=30951)[0m           'image_key': 'images',
[36m(TaskRunner pid=30951)[0m           'image_patch_size': 14,
[36m(TaskRunner pid=30951)[0m           'max_prompt_length': 512,
[36m(TaskRunner pid=30951)[0m           'max_response_length': 2048,
[36m(TaskRunner pid=30951)[0m           'prompt_key': 'prompt',
[36m(TaskRunner pid=30951)[0m           'return_full_prompt': False,
[36m(TaskRunner pid=30951)[0m           'return_multi_modal_inputs': True,
[36m(TaskRunner pid=30951)[0m           'return_raw_chat': True,
[36m(TaskRunner pid=30951)[0m           'return_raw_input_ids': False,
[36m(TaskRunner pid=30951)[0m           'reward_fn_key': 'data_source',
[36m(TaskRunner pid=30951)[0m           'seed': None,
[36m(TaskRunner pid=30951)[0m           'shuffle': True,
[36m(TaskRunner pid=30951)[0m           'tokenizer': None,
[36m(TaskRunner pid=30951)[0m           'tool_config_path': None,
[36m(TaskRunner pid=30951)[0m           'train_batch_size': 256,
[36m(TaskRunner pid=30951)[0m           'train_files': '/workspace/AI4AI/experiments/claude-code-verl/workspace/data/train.parquet',
[36m(TaskRunner pid=30951)[0m           'train_max_samples': -1,
[36m(TaskRunner pid=30951)[0m           'truncation': 'left',
[36m(TaskRunner pid=30951)[0m           'trust_remote_code': True,
[36m(TaskRunner pid=30951)[0m           'use_shm': False,
[36m(TaskRunner pid=30951)[0m           'val_batch_size': None,
[36m(TaskRunner pid=30951)[0m           'val_files': '/workspace/AI4AI/experiments/claude-code-verl/workspace/data/val.parquet',
[36m(TaskRunner pid=30951)[0m           'val_max_samples': -1,
[36m(TaskRunner pid=30951)[0m           'validation_shuffle': False,
[36m(TaskRunner pid=30951)[0m           'video_key': 'videos'},
[36m(TaskRunner pid=30951)[0m  'distillation': {'_target_': 'verl.workers.config.DistillationConfig',
[36m(TaskRunner pid=30951)[0m                   'distillation_loss': {'_target_': 'verl.workers.config.DistillationLossConfig',
[36m(TaskRunner pid=30951)[0m                                         'clip_ratio': 0.2,
[36m(TaskRunner pid=30951)[0m                                         'clip_ratio_high': 0.2,
[36m(TaskRunner pid=30951)[0m                                         'clip_ratio_low': 0.2,
[36m(TaskRunner pid=30951)[0m                                         'distillation_loss_coef': 1.0,
[36m(TaskRunner pid=30951)[0m                                         'log_prob_min_clamp': None,
[36m(TaskRunner pid=30951)[0m                                         'loss_max_clamp': None,
[36m(TaskRunner pid=30951)[0m                                         'loss_mode': 'k3',
[36m(TaskRunner pid=30951)[0m                                         'policy_loss_mode': 'vanilla',
[36m(TaskRunner pid=30951)[0m                                         'topk': 32,
[36m(TaskRunner pid=30951)[0m                                         'use_policy_gradient': False,
[36m(TaskRunner pid=30951)[0m                                         'use_task_rewards': True},
[36m(TaskRunner pid=30951)[0m                   'enabled': False,
[36m(TaskRunner pid=30951)[0m                   'n_gpus_per_node': 8,
[36m(TaskRunner pid=30951)[0m                   'nnodes': 0,
[36m(TaskRunner pid=30951)[0m                   'teacher_key': 'data_source',
[36m(TaskRunner pid=30951)[0m                   'teacher_models': {'teacher_model': {'_target_': 'verl.workers.config.DistillationTeacherModelConfig',
[36m(TaskRunner pid=30951)[0m                                                        'inference': {'_target_': 'verl.workers.config.RolloutConfig',
[36m(TaskRunner pid=30951)[0m                                                                      'cudagraph_capture_sizes': None,
[36m(TaskRunner pid=30951)[0m                                                                      'data_parallel_size': 1,
[36m(TaskRunner pid=30951)[0m                                                                      'disable_log_stats': True,
[36m(TaskRunner pid=30951)[0m                                                                      'dtype': 'bfloat16',
[36m(TaskRunner pid=30951)[0m                                                                      'enable_chunked_prefill': True,
[36m(TaskRunner pid=30951)[0m                                                                      'enable_prefix_caching': True,
[36m(TaskRunner pid=30951)[0m                                                                      'enforce_eager': True,
[36m(TaskRunner pid=30951)[0m                                                                      'engine_kwargs': {},
[36m(TaskRunner pid=30951)[0m                                                                      'expert_parallel_size': 1,
[36m(TaskRunner pid=30951)[0m                                                                      'free_cache_engine': True,
[36m(TaskRunner pid=30951)[0m                                                                      'gpu_memory_utilization': 0.5,
[36m(TaskRunner pid=30951)[0m                                                                      'limit_images': None,
[36m(TaskRunner pid=30951)[0m                                                                      'load_format': 'auto',
[36m(TaskRunner pid=30951)[0m                                                                      'max_model_len': None,
[36m(TaskRunner pid=30951)[0m                                                                      'max_num_batched_tokens': 8192,
[36m(TaskRunner pid=30951)[0m                                                                      'max_num_seqs': 1024,
[36m(TaskRunner pid=30951)[0m                                                                      'name': 'vllm',
[36m(TaskRunner pid=30951)[0m                                                                      'prompt_length': 512,
[36m(TaskRunner pid=30951)[0m                                                                      'response_length': 2048,
[36m(TaskRunner pid=30951)[0m                                                                      'skip_tokenizer_init': True,
[36m(TaskRunner pid=30951)[0m                                                                      'temperature': 1.0,
[36m(TaskRunner pid=30951)[0m                                                                      'tensor_model_parallel_size': 2},
[36m(TaskRunner pid=30951)[0m                                                        'key': None,
[36m(TaskRunner pid=30951)[0m                                                        'model_path': None,
[36m(TaskRunner pid=30951)[0m                                                        'num_replicas': 0}}},
[36m(TaskRunner pid=30951)[0m  'global_profiler': {'_target_': 'verl.utils.profiler.ProfilerConfig',
[36m(TaskRunner pid=30951)[0m                      'global_tool_config': {'nsys': {'_target_': 'verl.utils.profiler.config.NsightToolConfig',
[36m(TaskRunner pid=30951)[0m                                                      'controller_nsight_options': {'cuda-graph-trace': 'graph',
[36m(TaskRunner pid=30951)[0m                                                                                    'cuda-memory-usage': 'true',
[36m(TaskRunner pid=30951)[0m                                                                                    'trace': 'cuda,nvtx,cublas,ucx'},
[36m(TaskRunner pid=30951)[0m                                                      'discrete': False,
[36m(TaskRunner pid=30951)[0m                                                      'worker_nsight_options': {'capture-range': 'cudaProfilerApi',
[36m(TaskRunner pid=30951)[0m                                                                                'capture-range-end': None,
[36m(TaskRunner pid=30951)[0m                                                                                'cuda-graph-trace': 'graph',
[36m(TaskRunner pid=30951)[0m                                                                                'cuda-memory-usage': 'true',
[36m(TaskRunner pid=30951)[0m                                                                                'kill': 'none',
[36m(TaskRunner pid=30951)[0m                                                                                'trace': 'cuda,nvtx,cublas,ucx'}},
[36m(TaskRunner pid=30951)[0m                                             'precision_debugger': {'_target_': 'verl.utils.profiler.config.PrecisionDebuggerToolConfig',
[36m(TaskRunner pid=30951)[0m                                                                    'config_path': None,
[36m(TaskRunner pid=30951)[0m                                                                    'stages': None,
[36m(TaskRunner pid=30951)[0m                                                                    'steps': None,
[36m(TaskRunner pid=30951)[0m                                                                    'strict': False},
[36m(TaskRunner pid=30951)[0m                                             'torch_memory': {'context': 'all',
[36m(TaskRunner pid=30951)[0m                                                              'kw_args': {},
[36m(TaskRunner pid=30951)[0m                                                              'stack_depth': 32,
[36m(TaskRunner pid=30951)[0m                                                              'stacks': 'all',
[36m(TaskRunner pid=30951)[0m                                                              'trace_alloc_max_entries': 100000}},
[36m(TaskRunner pid=30951)[0m                      'profile_continuous_steps': False,
[36m(TaskRunner pid=30951)[0m                      'save_path': 'outputs/profile',
[36m(TaskRunner pid=30951)[0m                      'steps': None,
[36m(TaskRunner pid=30951)[0m                      'tool': None},
[36m(TaskRunner pid=30951)[0m  'model_engine': 'dp',
[36m(TaskRunner pid=30951)[0m  'ray_kwargs': {'ray_init': {'num_cpus': None}, 'timeline_json_file': None},
[36m(TaskRunner pid=30951)[0m  'reward': {'_target_': 'verl.workers.config.RewardConfig',
[36m(TaskRunner pid=30951)[0m             'custom_reward_function': {'name': 'compute_score',
[36m(TaskRunner pid=30951)[0m                                        'path': '/workspace/AI4AI/experiments/claude-code-verl/workspace/reward_function.py'},
[36m(TaskRunner pid=30951)[0m             'num_workers': 8,
[36m(TaskRunner pid=30951)[0m             'reward_manager': {'_target_': 'verl.workers.config.reward.RewardManagerConfig',
[36m(TaskRunner pid=30951)[0m                                'module': {'_target_': 'verl.trainer.config.config.ModuleConfig',
[36m(TaskRunner pid=30951)[0m                                           'name': 'custom_reward_manager',
[36m(TaskRunner pid=30951)[0m                                           'path': None},
[36m(TaskRunner pid=30951)[0m                                'name': 'naive',
[36m(TaskRunner pid=30951)[0m                                'source': 'register'},
[36m(TaskRunner pid=30951)[0m             'reward_model': {'_target_': 'verl.workers.config.RewardModelConfig',
[36m(TaskRunner pid=30951)[0m                              'enable': False,
[36m(TaskRunner pid=30951)[0m                              'enable_resource_pool': False,
[36m(TaskRunner pid=30951)[0m                              'model_path': None,
[36m(TaskRunner pid=30951)[0m                              'n_gpus_per_node': 8,
[36m(TaskRunner pid=30951)[0m                              'nnodes': 0,
[36m(TaskRunner pid=30951)[0m                              'rollout': {'_target_': 'verl.workers.config.RolloutConfig',
[36m(TaskRunner pid=30951)[0m                                          'cudagraph_capture_sizes': None,
[36m(TaskRunner pid=30951)[0m                                          'data_parallel_size': 1,
[36m(TaskRunner pid=30951)[0m                                          'disable_log_stats': True,
[36m(TaskRunner pid=30951)[0m                                          'disaggregation': {'bootstrap_port': None,
[36m(TaskRunner pid=30951)[0m                                                             'decode_replicas': 1,
[36m(TaskRunner pid=30951)[0m                                                             'decode_tensor_model_parallel_size': None,
[36m(TaskRunner pid=30951)[0m                                                             'enabled': False,
[36m(TaskRunner pid=30951)[0m                                                             'ib_device': None,
[36m(TaskRunner pid=30951)[0m                                                             'prefill_replicas': 1,
[36m(TaskRunner pid=30951)[0m                                                             'transfer_backend': 'nixl'},
[36m(TaskRunner pid=30951)[0m                                          'do_sample': True,
[36m(TaskRunner pid=30951)[0m                                          'dtype': 'bfloat16',
[36m(TaskRunner pid=30951)[0m                                          'enable_chunked_prefill': True,
[36m(TaskRunner pid=30951)[0m                                          'enable_prefix_caching': True,
[36m(TaskRunner pid=30951)[0m                                          'enforce_eager': True,
[36m(TaskRunner pid=30951)[0m                                          'engine_kwargs': {},
[36m(TaskRunner pid=30951)[0m                                          'expert_parallel_size': 1,
[36m(TaskRunner pid=30951)[0m                                          'free_cache_engine': True,
[36m(TaskRunner pid=30951)[0m                                          'gpu_memory_utilization': 0.5,
[36m(TaskRunner pid=30951)[0m                                          'ignore_eos': False,
[36m(TaskRunner pid=30951)[0m                                          'layered_summon': False,
[36m(TaskRunner pid=30951)[0m                                          'limit_images': None,
[36m(TaskRunner pid=30951)[0m                                          'load_format': 'auto',
[36m(TaskRunner pid=30951)[0m                                          'max_model_len': None,
[36m(TaskRunner pid=30951)[0m                                          'max_num_batched_tokens': 8192,
[36m(TaskRunner pid=30951)[0m                                          'max_num_seqs': 1024,
[36m(TaskRunner pid=30951)[0m                                          'mtp': None,
[36m(TaskRunner pid=30951)[0m                                          'multi_stage_wake_up': False,
[36m(TaskRunner pid=30951)[0m                                          'n': 1,
[36m(TaskRunner pid=30951)[0m                                          'name': '???',
[36m(TaskRunner pid=30951)[0m                                          'pipeline_model_parallel_size': 1,
[36m(TaskRunner pid=30951)[0m                                          'prompt_length': 2048,
[36m(TaskRunner pid=30951)[0m                                          'quantization': None,
[36m(TaskRunner pid=30951)[0m                                          'quantization_config_file': None,
[36m(TaskRunner pid=30951)[0m                                          'response_length': 2048,
[36m(TaskRunner pid=30951)[0m                                          'scheduling_policy': 'fcfs',
[36m(TaskRunner pid=30951)[0m                                          'skip_tokenizer_init': False,
[36m(TaskRunner pid=30951)[0m                                          'temperature': 1.0,
[36m(TaskRunner pid=30951)[0m                                          'tensor_model_parallel_size': 2,
[36m(TaskRunner pid=30951)[0m                                          'top_k': -1,
[36m(TaskRunner pid=30951)[0m                                          'top_p': 1}},
[36m(TaskRunner pid=30951)[0m             'sandbox_fusion': {'_target_': 'verl.workers.config.SandboxFusionConfig',
[36m(TaskRunner pid=30951)[0m                                'max_concurrent': 64,
[36m(TaskRunner pid=30951)[0m                                'memory_limit_mb': 1024,
[36m(TaskRunner pid=30951)[0m                                'url': None}},
[36m(TaskRunner pid=30951)[0m  'trainer': {'balance_batch': True,
[36m(TaskRunner pid=30951)[0m              'critic_warmup': 0,
[36m(TaskRunner pid=30951)[0m              'default_hdfs_dir': None,
[36m(TaskRunner pid=30951)[0m              'default_local_dir': '/workspace/AI4AI/experiments/claude-code-verl/workspace/checkpoints/grpo_v1',[36m(TaskRunner pid=30951)[0m /workspace/AI4AI/training/verl/trainer/main_ppo.py:254: UserWarning: Disabled critic as algorithm.adv_estimator != gae. If it is not intended, please set critic.enable=True
[36m(TaskRunner pid=30951)[0m   use_critic=need_critic(config),
[36m(TaskRunner pid=30951)[0m Filtering prompts longer than 512 tokens (num_proc=1):   0%|          | 0/30000 [00:00<?, ? examples/s]
[36m(TaskRunner pid=30951)[0m Filtering prompts longer than 512 tokens (num_proc=1):   3%|▎         | 1000/30000 [00:01<00:50, 571.77 examples/s]
[36m(TaskRunner pid=30951)[0m Filtering prompts longer than 512 tokens (num_proc=1):   7%|▋         | 2000/30000 [00:02<00:30, 932.17 examples/s]
[36m(TaskRunner pid=30951)[0m Filtering prompts longer than 512 tokens (num_proc=1):  10%|█         | 3000/30000 [00:02<00:22, 1179.96 examples/s]
[36m(TaskRunner pid=30951)[0m Filtering prompts longer than 512 tokens (num_proc=1):  13%|█▎        | 4000/30000 [00:03<00:19, 1350.28 examples/s]
[36m(TaskRunner pid=30951)[0m Filtering prompts longer than 512 tokens (num_proc=1):  17%|█▋        | 5000/30000 [00:04<00:17, 1470.15 examples/s]
[36m(TaskRunner pid=30951)[0m Filtering prompts longer than 512 tokens (num_proc=1):  20%|██        | 6000/30000 [00:04<00:15, 1538.86 examples/s]
[36m(TaskRunner pid=30951)[0m Filtering prompts longer than 512 tokens (num_proc=1):  23%|██▎       | 7000/30000 [00:05<00:14, 1596.78 examples/s]
[36m(TaskRunner pid=30951)[0m Filtering prompts longer than 512 tokens (num_proc=1):  27%|██▋       | 8000/30000 [00:05<00:13, 1640.72 examples/s]
[36m(TaskRunner pid=30951)[0m Filtering prompts longer than 512 tokens (num_proc=1):  30%|███       | 9000/30000 [00:06<00:12, 1664.10 examples/s]
[36m(TaskRunner pid=30951)[0m Filtering prompts longer than 512 tokens (num_proc=1):  33%|███▎      | 10000/30000 [00:06<00:11, 1671.07 examples/s]
[36m(TaskRunner pid=30951)[0m Filtering prompts longer than 512 tokens (num_proc=1):  37%|███▋      | 11000/30000 [00:07<00:11, 1678.91 examples/s]
[36m(TaskRunner pid=30951)[0m Filtering prompts longer than 512 tokens (num_proc=1):  40%|████      | 12000/30000 [00:08<00:10, 1697.31 examples/s]
[36m(TaskRunner pid=30951)[0m Filtering prompts longer than 512 tokens (num_proc=1):  43%|████▎     | 13000/30000 [00:08<00:09, 1711.66 examples/s]
[36m(TaskRunner pid=30951)[0m Filtering prompts longer than 512 tokens (num_proc=1):  47%|████▋     | 14000/30000 [00:09<00:09, 1700.64 examples/s]
[36m(TaskRunner pid=30951)[0m Filtering prompts longer than 512 tokens (num_proc=1):  50%|█████     | 15000/30000 [00:09<00:08, 1702.83 examples/s]
[36m(TaskRunner pid=30951)[0m Filtering prompts longer than 512 tokens (num_proc=1):  53%|█████▎    | 16000/30000 [00:10<00:08, 1696.37 examples/s]
[36m(TaskRunner pid=30951)[0m Filtering prompts longer than 512 tokens (num_proc=1):  57%|█████▋    | 17000/30000 [00:11<00:07, 1709.30 examples/s]
[36m(TaskRunner pid=30951)[0m Filtering prompts longer than 512 tokens (num_proc=1):  60%|██████    | 18000/30000 [00:11<00:06, 1714.35 examples/s]
[36m(TaskRunner pid=30951)[0m Filtering prompts longer than 512 tokens (num_proc=1):  63%|██████▎   | 19000/30000 [00:12<00:06, 1717.87 examples/s]
[36m(TaskRunner pid=30951)[0m Filtering prompts longer than 512 tokens (num_proc=1):  67%|██████▋   | 20000/30000 [00:12<00:05, 1722.56 examples/s]
[36m(TaskRunner pid=30951)[0m Filtering prompts longer than 512 tokens (num_proc=1):  70%|███████   | 21000/30000 [00:13<00:05, 1726.68 examples/s]
[36m(TaskRunner pid=30951)[0m Filtering prompts longer than 512 tokens (num_proc=1):  73%|███████▎  | 22000/30000 [00:13<00:04, 1732.07 examples/s]
[36m(TaskRunner pid=30951)[0m Filtering prompts longer than 512 tokens (num_proc=1):  77%|███████▋  | 23000/30000 [00:14<00:04, 1724.00 examples/s]
[36m(TaskRunner pid=30951)[0m Filtering prompts longer than 512 tokens (num_proc=1):  80%|████████  | 24000/30000 [00:15<00:03, 1723.18 examples/s]
[36m(TaskRunner pid=30951)[0m Filtering prompts longer than 512 tokens (num_proc=1):  83%|████████▎ | 25000/30000 [00:15<00:02, 1723.00 examples/s]
[36m(TaskRunner pid=30951)[0m Filtering prompts longer than 512 tokens (num_proc=1):  87%|████████▋ | 26000/30000 [00:16<00:02, 1710.09 examples/s]
[36m(TaskRunner pid=30951)[0m Filtering prompts longer than 512 tokens (num_proc=1):  90%|█████████ | 27000/30000 [00:16<00:01, 1718.24 examples/s]
[36m(TaskRunner pid=30951)[0m Filtering prompts longer than 512 tokens (num_proc=1):  93%|█████████▎| 28000/30000 [00:17<00:01, 1732.28 examples/s]
[36m(TaskRunner pid=30951)[0m Filtering prompts longer than 512 tokens (num_proc=1):  97%|█████████▋| 29000/30000 [00:18<00:00, 1684.19 examples/s]
[36m(TaskRunner pid=30951)[0m Filtering prompts longer than 512 tokens (num_proc=1): 100%|██████████| 30000/30000 [00:18<00:00, 1662.45 examples/s]
[36m(TaskRunner pid=30951)[0m Filtering prompts longer than 512 tokens (num_proc=1): 100%|██████████| 30000/30000 [00:18<00:00, 1590.58 examples/s]
[36m(TaskRunner pid=30951)[0m Filtering prompts longer than 512 tokens (num_proc=1):   0%|          | 0/500 [00:00<?, ? examples/s]
[36m(TaskRunner pid=30951)[0m Filtering prompts longer than 512 tokens (num_proc=1): 100%|██████████| 500/500 [00:01<00:00, 347.27 examples/s]
[36m(TaskRunner pid=30951)[0m Filtering prompts longer than 512 tokens (num_proc=1): 100%|██████████| 500/500 [00:01<00:00, 309.87 examples/s]
[36m(TaskRunner pid=30951)[0m /workspace/AI4AI/training/verl/trainer/ppo/ray_trainer.py:296: UserWarning: Disabled critic as algorithm.adv_estimator != gae. If it is not intended, please set critic.enable=True
[36m(TaskRunner pid=30951)[0m   self.use_critic = need_critic(self.config)
[36m(WorkerDict pid=34108)[0m WARNING:2026-06-07 03:16:21,999:Detected megatron.core 0.14.0rc7, recommend upgrading to >= 0.14.0 for better checkpoint compatibility
[36m(WorkerDict pid=34107)[0m `torch_dtype` is deprecated! Use `dtype` instead!
[36m(WorkerDict pid=34107)[0m Flash Attention 2 only supports torch.float16 and torch.bfloat16 dtypes, but the current dype in Qwen3ForCausalLM is torch.float32. You should run training or inference using Automatic Mixed-Precision via the `with torch.autocast(device_type='torch_device'):` decorator, or load the model with the `dtype` argument. Example: `model = AutoModel.from_pretrained("openai/whisper-tiny", attn_implementation="flash_attention_2", dtype=torch.float16)`
[36m(WorkerDict pid=34107)[0m Flash Attention 2 only supports torch.float16 and torch.bfloat16 dtypes, but the current dype in Qwen3Model is torch.float32. You should run training or inference using Automatic Mixed-Precision via the `with torch.autocast(device_type='torch_device'):` decorator, or load the model with the `dtype` argument. Example: `model = AutoModel.from_pretrained("openai/whisper-tiny", attn_implementation="flash_attention_2", dtype=torch.float16)`
[36m(WorkerDict pid=34109)[0m WARNING:2026-06-07 03:16:21,441:Detected megatron.core 0.14.0rc7, recommend upgrading to >= 0.14.0 for better checkpoint compatibility[32m [repeated 3x across cluster] (Ray deduplicates logs by default. Set RAY_DEDUP_LOGS=0 to disable log deduplication, or see https://docs.ray.io/en/master/ray-observability/user-guides/configure-logging.html#log-deduplication for more options.)[0m
[36m(WorkerDict pid=34109)[0m /usr/local/lib/python3.12/dist-packages/torch/distributed/fsdp/fully_sharded_data_parallel.py:678: FutureWarning: FSDP.state_dict_type() and FSDP.set_state_dict_type() are being deprecated. Please use APIs, get_state_dict() and set_state_dict(), which can support different parallelisms, FSDP1, FSDP2, DDP. API doc: https://pytorch.org/docs/stable/distributed.checkpoint.html#torch.distributed.checkpoint.state_dict.get_state_dict .Tutorial: https://pytorch.org/tutorials/recipes/distributed_checkpoint_recipe.html .
[36m(WorkerDict pid=34109)[0m   warnings.warn(
[36m(WorkerDict pid=34110)[0m `torch_dtype` is deprecated! Use `dtype` instead![32m [repeated 3x across cluster][0m
[36m(WorkerDict pid=34110)[0m Flash Attention 2 only supports torch.float16 and torch.bfloat16 dtypes, but the current dype in Qwen3Model is torch.float32. You should run training or inference using Automatic Mixed-Precision via the `with torch.autocast(device_type='torch_device'):` decorator, or load the model with the `dtype` argument. Example: `model = AutoModel.from_pretrained("openai/whisper-tiny", attn_implementation="flash_attention_2", dtype=torch.float16)`[32m [repeated 6x across cluster][0m
[36m(vLLMHttpServer pid=35312)[0m WARNING:2026-06-07 03:17:23,984:agent loop only support torch and npu profiler, got None
[36m(vLLMHttpServer pid=35312)[0m INFO:2026-06-07 03:17:23,985:vLLMHttpServer, replica_rank: 2, node_rank: 0, CUDA_VISIBLE_DEVICES: 2, master_address: 11.11.22.2, master_port: 34567, data_parallel_rpc_port: 38090, data_parallel_master_port: 42615
[36m(vLLMHttpServer pid=35312)[0m INFO:2026-06-07 03:17:24,010:override_generation_config: {'temperature': 1.0, 'top_k': -1, 'top_p': 0.95, 'repetition_penalty': 1.0, 'max_new_tokens': 2048}
[36m(vLLMHttpServer pid=35312)[0m INFO:2026-06-07 03:17:24,010:enable_sleep_mode: True
[36m(vLLMHttpServer pid=35312)[0m The argument `trust_remote_code` is to be used with Auto classes. It has no effect here and is ignored.
[36m(WorkerDict pid=34108)[0m /usr/local/lib/python3.12/dist-packages/torch/distributed/fsdp/fully_sharded_data_parallel.py:678: FutureWarning: FSDP.state_dict_type() and FSDP.set_state_dict_type() are being deprecated. Please use APIs, get_state_dict() and set_state_dict(), which can support different parallelisms, FSDP1, FSDP2, DDP. API doc: https://pytorch.org/docs/stable/distributed.checkpoint.html#torch.distributed.checkpoint.state_dict.get_state_dict .Tutorial: https://pytorch.org/tutorials/recipes/distributed_checkpoint_recipe.html .[32m [repeated 3x across cluster][0m
[36m(WorkerDict pid=34108)[0m   warnings.warn([32m [repeated 3x across cluster][0m
[36m(vLLMHttpServer pid=35312)[0m `torch_dtype` is deprecated! Use `dtype` instead!
[36m(vLLMHttpServer pid=35314)[0m `torch_dtype` is deprecated! Use `dtype` instead!
[36m(vLLMHttpServer pid=35312)[0m W0607 03:17:41.271000 35775 torch/utils/cpp_extension.py:2425] TORCH_CUDA_ARCH_LIST is not set, all archs for visible cards are included for compilation. 
[36m(vLLMHttpServer pid=35312)[0m W0607 03:17:41.271000 35775 torch/utils/cpp_extension.py:2425] If this is not desired, please set os.environ['TORCH_CUDA_ARCH_LIST'] to specific architectures.
[36m(vLLMHttpServer pid=35315)[0m WARNING:2026-06-07 03:17:25,007:agent loop only support torch and npu profiler, got None[32m [repeated 3x across cluster][0m
[36m(vLLMHttpServer pid=35315)[0m INFO:2026-06-07 03:17:25,008:vLLMHttpServer, replica_rank: 3, node_rank: 0, CUDA_VISIBLE_DEVICES: 3, master_address: 11.11.22.2, master_port: 33364, data_parallel_rpc_port: 41933, data_parallel_master_port: 37203[32m [repeated 3x across cluster][0m
[36m(vLLMHttpServer pid=35315)[0m INFO:2026-06-07 03:17:25,034:override_generation_config: {'temperature': 1.0, 'top_k': -1, 'top_p': 0.95, 'repetition_penalty': 1.0, 'max_new_tokens': 2048}[32m [repeated 3x across cluster][0m
[36m(vLLMHttpServer pid=35315)[0m INFO:2026-06-07 03:17:25,034:enable_sleep_mode: True[32m [repeated 3x across cluster][0m
[36m(vLLMHttpServer pid=35315)[0m The argument `trust_remote_code` is to be used with Auto classes. It has no effect here and is ignored.[32m [repeated 3x across cluster][0m
[36m(vLLMHttpServer pid=35315)[0m `torch_dtype` is deprecated! Use `dtype` instead![32m [repeated 2x across cluster][0m

[36m(TaskRunner pid=30951)[0m              'del_local_ckpt_after_load': False,
[36m(TaskRunner pid=30951)[0m              'device': 'cuda',
[36m(TaskRunner pid=30951)[0m              'esi_redundant_time': 0,
[36m(TaskRunner pid=30951)[0m              'experiment_name': 'grpo_v1',
[36m(TaskRunner pid=30951)[0m              'log_val_generations': 0,
[36m(TaskRunner pid=30951)[0m              'logger': ['console'],
[36m(TaskRunner pid=30951)[0m              'max_actor_ckpt_to_keep': None,
[36m(TaskRunner pid=30951)[0m              'max_critic_ckpt_to_keep': None,
[36m(TaskRunner pid=30951)[0m              'n_gpus_per_node': 4,
[36m(TaskRunner pid=30951)[0m              'nnodes': 1,
[36m(TaskRunner pid=30951)[0m              'project_name': 'grpo_math',
[36m(TaskRunner pid=30951)[0m              'ray_wait_register_center_timeout': 300,
[36m(TaskRunner pid=30951)[0m              'resume_from_path': None,
[36m(TaskRunner pid=30951)[0m              'resume_mode': 'disable',
[36m(TaskRunner pid=30951)[0m              'rollout_data_dir': None,
[36m(TaskRunner pid=30951)[0m              'save_freq': 25,
[36m(TaskRunner pid=30951)[0m              'test_freq': -1,
[36m(TaskRunner pid=30951)[0m              'total_epochs': 3,
[36m(TaskRunner pid=30951)[0m              'total_training_steps': None,
[36m(TaskRunner pid=30951)[0m              'val_before_train': False,
[36m(TaskRunner pid=30951)[0m              'val_only': False,
[36m(TaskRunner pid=30951)[0m              'validation_data_dir': None},
[36m(TaskRunner pid=30951)[0m  'transfer_queue': {'backend': {'SimpleStorage': {'num_data_storage_units': 8,
[36m(TaskRunner pid=30951)[0m                                                   'total_storage_size': 100000},
[36m(TaskRunner pid=30951)[0m                                 'storage_backend': 'SimpleStorage'},
[36m(TaskRunner pid=30951)[0m                     'enable': False}}
[36m(TaskRunner pid=30951)[0m [validate_config] All configuration checks passed successfully!
[36m(TaskRunner pid=30951)[0m Using dataset class: RLHFDataset
[36m(TaskRunner pid=30951)[0m dataset len: 30000
[36m(TaskRunner pid=30951)[0m filter dataset len: 29924
[36m(TaskRunner pid=30951)[0m Using dataset class: RLHFDataset
[36m(TaskRunner pid=30951)[0m dataset len: 500
[36m(TaskRunner pid=30951)[0m filter dataset len: 500
[36m(TaskRunner pid=30951)[0m Size of train dataloader: 116, Size of val dataloader: 1
[36m(TaskRunner pid=30951)[0m Total training steps: 348
[36m(TaskRunner pid=30951)[0m colocated worker base class <class 'verl.single_controller.base.worker.Worker'>
[36m(WorkerDict pid=34108)[0m [Gloo] Rank 1 is connected to 3 peer ranks. Expected number of connected peer ranks is : 3
[36m(WorkerDict pid=34108)[0m Warning: Failed to set NUMA affinity: libnuma.so: cannot open shared object file: No such file or directory
[36m(WorkerDict pid=34108)[0m Monkey patch state_dict in AutoModelForCausalLMWithValueHead. 
[36m(WorkerDict pid=34108)[0m Monkey patch _flash_attention_forward in transformers.integrations.flash_attention
[36m(WorkerDict pid=34108)[0m Skipping monkey patch for Qwen3ForCausalLM as use_fused_kernels is False or fused_kernels_backend is torch
[36m(WorkerDict pid=34110)[0m [Gloo] Rank 3 is connected to 3 peer ranks. Expected number of connected peer ranks is : 3[32m [repeated 3x across cluster][0m
[36m(WorkerDict pid=34110)[0m Warning: Failed to set NUMA affinity: libnuma.so: cannot open shared object file: No such file or directory[32m [repeated 3x across cluster][0m
[36m(WorkerDict pid=34107)[0m Qwen3ForCausalLM contains 1.72B parameters
[36m(WorkerDict pid=34107)[0m Before FSDP, memory allocated (GB): 0.00, memory reserved (GB): 0.00, device memory used/total (GB): 0.41/79.33
[36m(WorkerDict pid=34107)[0m After FSDP, memory allocated (GB): 1.60, memory reserved (GB): 4.36, device memory used/total (GB): 5.25/79.33
[36m(WorkerDict pid=34107)[0m Total steps: 348, num_warmup_steps: 17
[36m(WorkerDict pid=34107)[0m NCCL version 2.27.3+cuda12.9
[36m(TaskRunner pid=30951)[0m WARNING 06-07 03:17:11 [api_server.py:1213] LoRA dynamic loading & unloading is enabled in the API server. This should ONLY be used for local development!
[36m(WorkerDict pid=34110)[0m Monkey patch state_dict in AutoModelForCausalLMWithValueHead. [32m [repeated 3x across cluster][0m
[36m(WorkerDict pid=34110)[0m Monkey patch _flash_attention_forward in transformers.integrations.flash_attention[32m [repeated 3x across cluster][0m
[36m(WorkerDict pid=34110)[0m Skipping monkey patch for Qwen3ForCausalLM as use_fused_kernels is False or fused_kernels_backend is torch[32m [repeated 3x across cluster][0m
[36m(WorkerDict pid=34110)[0m [Gloo] Rank 0 is connected to 0 peer ranks. Expected number of connected peer ranks is : 0[32m [repeated 12x across cluster][0m
[36m(pid=35312)[0m WARNING 06-07 03:17:22 [api_server.py:1213] LoRA dynamic loading & unloading is enabled in the API server. This should ONLY be used for local development!
[36m(pid=35314)[0m WARNING 06-07 03:17:23 [api_server.py:1213] LoRA dynamic loading & unloading is enabled in the API server. This should ONLY be used for local development!
[36m(vLLMHttpServer pid=35312)[0m WARNING 06-07 03:17:24 [__init__.py:3036] We must use the `spawn` multiprocessing start method. Overriding VLLM_WORKER_MULTIPROC_METHOD to 'spawn'. See https://docs.vllm.ai/en/latest/usage/troubleshooting.html#python-multiprocessing for more information. Reasons: In a Ray actor and can only be spawned; CUDA is initialized
[36m(vLLMHttpServer pid=35314)[0m ['serve',
[36m(vLLMHttpServer pid=35314)[0m  '/root/models/Qwen/Qwen3-1.7B-Base',
[36m(vLLMHttpServer pid=35314)[0m  '--dtype',
[36m(vLLMHttpServer pid=35314)[0m  'bfloat16',
[36m(vLLMHttpServer pid=35314)[0m  '--load_format',
[36m(vLLMHttpServer pid=35314)[0m  'dummy',
[36m(vLLMHttpServer pid=35314)[0m  '--distributed_executor_backend',
[36m(vLLMHttpServer pid=35314)[0m  'mp',
[36m(vLLMHttpServer pid=35314)[0m  '--worker_extension_cls',
[36m(vLLMHttpServer pid=35314)[0m  'verl.workers.rollout.vllm_rollout.utils.vLLMColocateWorkerExtension',
[36m(vLLMHttpServer pid=35314)[0m  '--trust_remote_code',
[36m(vLLMHttpServer pid=35314)[0m  '--max_model_len',
[36m(vLLMHttpServer pid=35314)[0m  '3072',
[36m(vLLMHttpServer pid=35314)[0m  '--max_num_seqs',
[36m(vLLMHttpServer pid=35314)[0m  '1024',
[36m(vLLMHttpServer pid=35314)[0m  '--enable_chunked_prefill',
[36m(vLLMHttpServer pid=35314)[0m  '--max_num_batched_tokens',
[36m(vLLMHttpServer pid=35314)[0m  '8192',
[36m(vLLMHttpServer pid=35314)[0m  '--enable_prefix_caching',
[36m(vLLMHttpServer pid=35314)[0m  '--enable_sleep_mode',
[36m(vLLMHttpServer pid=35314)[0m  '--logprobs_mode',
[36m(vLLMHttpServer pid=35314)[0m  'processed_logprobs',
[36m(vLLMHttpServer pid=35314)[0m  '--enforce_eager',
[36m(vLLMHttpServer pid=35314)[0m  '--gpu_memory_utilization',
[36m(vLLMHttpServer pid=35314)[0m  '0.4',
[36m(vLLMHttpServer pid=35314)[0m  '--disable_log_stats',
[36m(vLLMHttpServer pid=35314)[0m  '--tensor_parallel_size',
[36m(vLLMHttpServer pid=35314)[0m  '1',
[36m(vLLMHttpServer pid=35314)[0m  '--seed',
[36m(vLLMHttpServer pid=35314)[0m  '0',
[36m(vLLMHttpServer pid=35314)[0m  '--override_generation_config',
[36m(vLLMHttpServer pid=35314)[0m  '{"temperature": 1.0, "top_k": -1, "top_p": 0.95, "repetition_penalty": 1.0, '
[36m(vLLMHttpServer pid=35314)[0m  '"max_new_tokens": 2048}',
[36m(vLLMHttpServer pid=35314)[0m  '--hf_overrides',
[36m(vLLMHttpServer pid=35314)[0m  '{}',
[36m(vLLMHttpServer pid=35314)[0m  '--scheduling_policy',
[36m(vLLMHttpServer pid=35314)[0m  'fcfs',
[36m(vLLMHttpServer pid=35314)[0m  '--compilation_config',
[36m(vLLMHttpServer pid=35314)[0m  '{"cudagraph_mode": "FULL_AND_PIECEWISE"}']
[36m(vLLMHttpServer pid=35312)[0m [Gloo] Rank 0 is connected to 0 peer ranks. Expected number of connected peer ranks is : 0
[36m(pid=35315)[0m WARNING 06-07 03:17:23 [api_server.py:1213] LoRA dynamic loading & unloading is enabled in the API server. This should ONLY be used for local development![32m [repeated 2x across cluster][0m[36m(vLLMHttpServer pid=35314)[0m INFO:2026-06-07 03:17:49,013:Initializing a V1 LLM engine with config: model='/root/models/Qwen/Qwen3-1.7B-Base', speculative_config=None, tokenizer='/root/models/Qwen/Qwen3-1.7B-Base', skip_tokenizer_init=False, tokenizer_mode=auto, revision=None, tokenizer_revision=None, trust_remote_code=True, dtype=torch.bfloat16, max_seq_len=3072, download_dir=None, load_format=dummy, tensor_parallel_size=1, pipeline_parallel_size=1, data_parallel_size=1, disable_custom_all_reduce=False, quantization=None, enforce_eager=True, kv_cache_dtype=auto, device_config=cuda, structured_outputs_config=StructuredOutputsConfig(backend='auto', disable_fallback=False, disable_any_whitespace=False, disable_additional_properties=False, reasoning_parser=''), observability_config=ObservabilityConfig(show_hidden_metrics_for_version=None, otlp_traces_endpoint=None, collect_detailed_traces=None), seed=0, served_model_name=/root/models/Qwen/Qwen3-1.7B-Base, enable_prefix_caching=True, chunked_prefill_enabled=True, pooler_config=None, compilation_config={"level":0,"debug_dump_path":"","cache_dir":"","backend":"","custom_ops":[],"splitting_ops":null,"use_inductor":true,"compile_sizes":[],"inductor_compile_config":{"enable_auto_functionalized_v2":false},"inductor_passes":{},"cudagraph_mode":0,"use_cudagraph":true,"cudagraph_num_of_warmups":0,"cudagraph_capture_sizes":[],"cudagraph_copy_inputs":false,"full_cuda_graph":false,"use_inductor_graph_partition":false,"pass_config":{},"max_capture_size":0,"local_cache_dir":null}
[36m(vLLMHttpServer pid=35315)[0m W0607 03:17:42.840000 35802 torch/utils/cpp_extension.py:2425] TORCH_CUDA_ARCH_LIST is not set, all archs for visible cards are included for compilation. [32m [repeated 3x across cluster][0m
[36m(vLLMHttpServer pid=35315)[0m W0607 03:17:42.840000 35802 torch/utils/cpp_extension.py:2425] If this is not desired, please set os.environ['TORCH_CUDA_ARCH_LIST'] to specific architectures.[32m [repeated 3x across cluster][0m
[36m(WorkerDict pid=34107)[0m INFO:2026-06-07 03:17:52,214:update_weights done, time cost: 0.65s
[36m(TaskRunner pid=30951)[0m Training Progress:   0%|          | 0/348 [00:00<?, ?it/s]
[36m(AgentLoopWorker pid=36101)[0m You're using a Qwen2TokenizerFast tokenizer. Please note that with a fast tokenizer, using the `__call__` method is faster than using a method to encode the text followed by a call to the `pad` method to get a padded encoding.
[36m(AgentLoopWorker pid=36098)[0m You're using a Qwen2TokenizerFast tokenizer. Please note that with a fast tokenizer, using the `__call__` method is faster than using a method to encode the text followed by a call to the `pad` method to get a padded encoding.[32m [repeated 7x across cluster][0m
[36m(WorkerDict pid=34107)[0m INFO:2026-06-07 03:20:51,641:update_weights done, time cost: 1.86s
[36m(TaskRunner pid=30951)[0m Training Progress:   0%|          | 1/348 [02:59<17:20:28, 179.91s/it]
[36m(WorkerDict pid=34107)[0m INFO:2026-06-07 03:23:34,216:update_weights done, time cost: 1.89s

[36m(vLLMHttpServer pid=35315)[0m WARNING 06-07 03:17:25 [__init__.py:3036] We must use the `spawn` multiprocessing start method. Overriding VLLM_WORKER_MULTIPROC_METHOD to 'spawn'. See https://docs.vllm.ai/en/latest/usage/troubleshooting.html#python-multiprocessing for more information. Reasons: In a Ray actor and can only be spawned; CUDA is initialized[32m [repeated 3x across cluster][0m
[36m(vLLMHttpServer pid=35312)[0m [1;36m(Worker pid=35775)[0;0m WARNING 06-07 03:17:48 [cudagraph_dispatcher.py:106] cudagraph dispatching keys are not initialized. No cudagraph will be used.
[36m(vLLMHttpServer pid=35314)[0m WARNING 06-07 03:17:49 [model.py:1389] Default sampling parameters have been overridden by the model's Hugging Face generation config recommended from the model creator. If this is not intended, please relaunch vLLM instance with `--generation-config vllm`.
[36m(TaskRunner pid=30951)[0m LLMServerManager: ['11.11.22.2:40165', '11.11.22.2:40499', '11.11.22.2:44769', '11.11.22.2:39702']
[36m(vLLMHttpServer pid=35315)[0m [Gloo] Rank 0 is connected to 0 peer ranks. Expected number of connected peer ranks is : 0[32m [repeated 23x across cluster][0m
[36m(WorkerDict pid=34108)[0m WARNING 06-07 03:17:51 [api_server.py:1213] LoRA dynamic loading & unloading is enabled in the API server. This should ONLY be used for local development!
[36m(vLLMHttpServer pid=35315)[0m [1;36m(Worker pid=35802)[0;0m WARNING 06-07 03:17:49 [cudagraph_dispatcher.py:106] cudagraph dispatching keys are not initialized. No cudagraph will be used.[32m [repeated 3x across cluster][0m
[36m(vLLMHttpServer pid=35315)[0m WARNING 06-07 03:17:49 [model.py:1389] Default sampling parameters have been overridden by the model's Hugging Face generation config recommended from the model creator. If this is not intended, please relaunch vLLM instance with `--generation-config vllm`.[32m [repeated 3x across cluster][0m
[36m(AgentLoopWorker pid=36101)[0m WARNING 06-07 03:18:01 [api_server.py:1213] LoRA dynamic loading & unloading is enabled in the API server. This should ONLY be used for local development![32m [repeated 4x across cluster][0m
[36m(AgentLoopWorker pid=36101)[0m Using dataset class: RLHFDataset
[36m(TaskRunner pid=30951)[0m step:1 - global_seqlen/min:513170 - global_seqlen/max:543837 - global_seqlen/minmax_diff:30667 - global_seqlen/balanced_min:527943 - global_seqlen/balanced_max:527948 - global_seqlen/mean:527944.5 - actor/entropy:0.4027884006500244 - perf/mfu/actor_infer:0.43534100324727865 - actor/pg_clipfrac:0.0 - actor/ppo_kl:0.0 - actor/pg_clipfrac_lower:0.0 - actor/pg_loss:0.019046871366299456 - actor/entropy_loss:0.40278834477066994 - actor/loss:0.01864408329129219 - actor/grad_norm:0.07189619541168213 - actor/lr:5.88235294117647e-08 - perf/mfu/actor:0.37022979995520466 - training/global_step:1 - training/epoch:0 - critic/score/mean:0.1103515625 - critic/score/max:1.0 - critic/score/min:0.0 - critic/rewards/mean:0.1103515625 - critic/rewards/max:1.0 - critic/rewards/min:0.0 - critic/advantages/mean:-0.01904687099158764 - critic/advantages/max:2.4748666286468506 - critic/advantages/min:-2.4748666286468506 - critic/returns/mean:-0.01904687099158764 - critic/returns/max:2.4748666286468506 - critic/returns/min:-2.4748666286468506 - response_length/mean:913.7705078125 - response_length/max:2048.0 - response_length/min:3.0 - response_length/clip_ratio:0.142578125 - response_length_non_aborted/mean:913.7705078125 - response_length_non_aborted/max:2048.0 - response_length_non_aborted/min:3.0 - response_length_non_aborted/clip_ratio:0.142578125 - response/aborted_ratio:0.0 - prompt_length/mean:117.37109375 - prompt_length/max:390.0 - prompt_length/min:39.0 - prompt_length/clip_ratio:0.0 - num_turns/min:2 - num_turns/max:2 - num_turns/mean:2.0 - timing_s/start_profile:0.0005860730016138405 - timing_s/agent_loop/num_preempted/min:-1 - timing_s/agent_loop/num_preempted/max:-1 - timing_s/agent_loop/num_preempted/mean:-1.0 - timing_s/agent_loop/generate_sequences/min:0.43686635499761906 - timing_s/agent_loop/generate_sequences/max:81.22896381000464 - timing_s/agent_loop/generate_sequences/mean:40.573398774797454 - timing_s/agent_loop/tool_calls/min:0.0 - timing_s/agent_loop/tool_calls/max:0.0 - timing_s/agent_loop/tool_calls/mean:0.0 - timing_s/agent_loop/compute_score/min:0.006354975994327106 - timing_s/agent_loop/compute_score/max:0.12608550599543378 - timing_s/agent_loop/compute_score/mean:0.016562103331516198 - timing_s/agent_loop/slowest/generate_sequences:81.22896381000464 - timing_s/agent_loop/slowest/tool_calls:0.0 - timing_s/agent_loop/slowest/compute_score:0.014589806000003591 - timing_s/agent_loop/slowest/num_preempted:-1 - timing_s/agent_loop/slowest/prompt_length:132 - timing_s/agent_loop/slowest/response_length:2048 - timing_s/gen:94.53997840899683 - timing_s/reward:5.002001125831157e-05 - timing_s/old_log_prob:20.342591681008344 - timing_s/adv:0.06010513899673242 - timing_s/update_actor:60.64175079099368 - timing_s/update_weights:3.220415341987973 - timing_s/step:179.44425397500163 - timing_s/stop_profile:0.00018901099974755198 - timing_per_token_ms/gen:0.05051826299693857 - timing_per_token_ms/update_actor:0.028715968625013463 - timing_per_token_ms/adv:2.8461864361089292e-05 - perf/total_num_tokens:2111778 - perf/time_per_step:179.44425397500163 - perf/throughput:2942.108695626152
[36m(AgentLoopWorker pid=36105)[0m WARNING 06-07 03:18:03 [api_server.py:1213] LoRA dynamic loading & unloading is enabled in the API server. This should ONLY be used for local development![32m [repeated 8x across cluster][0m
[36m(AgentLoopWorker pid=36105)[0m Using dataset class: RLHFDataset[32m [repeated 7x across cluster][0m
[36m(TaskRunner pid=30951)[0m step:2 - global_seqlen/min:501934 - global_seqlen/max:527910 - global_seqlen/minmax_diff:25976 - global_seqlen/balanced_min:511386 - global_seqlen/balanced_max:511391 - global_seqlen/mean:511388.5 - actor/entropy:0.4204264283180237 - perf/mfu/actor_infer:0.4667475002107431 - actor/pg_clipfrac:0.0 - actor/ppo_kl:0.0 - actor/pg_clipfrac_lower:0.0 - actor/pg_loss:0.02378754587334697 - actor/entropy_loss:0.42042643926106393 - actor/loss:0.02336711809039116 - actor/grad_norm:0.07085293531417847 - actor/lr:1.176470588235294e-07 - perf/mfu/actor:0.38184271807153153 - training/global_step:2 - training/epoch:0 - critic/score/mean:0.12744140625 - critic/score/max:1.0 - critic/score/min:0.0 - critic/rewards/mean:0.12744140625 - critic/rewards/max:1.0 - critic/rewards/min:0.0 - critic/advantages/mean:-0.023787545040249825 - critic/advantages/max:2.4748666286468506 - critic/advantages/min:-2.4748666286468506 - critic/returns/mean:-0.023787545040249825 - critic/returns/max:2.4748666286468506 - critic/returns/min:-2.4748666286468506 - response_length/mean:883.7197265625 - response_length/max:2048.0 - response_length/min:2.0 - response_length/clip_ratio:0.1416015625 - response_length_non_aborted/mean:883.7197265625 - response_length_non_aborted/max:2048.0 - response_length_non_aborted/min:2.0 - response_length_non_aborted/clip_ratio:0.1416015625 - response/aborted_ratio:0.0 - prompt_length/mean:115.0859375 - prompt_length/max:400.0 - prompt_length/min:44.0 - prompt_length/clip_ratio:0.0 - num_turns/min:2 - num_turns/max:2 - num_turns/mean:2.0 - timing_s/start_profile:8.647699723951519e-05 - timing_s/agent_loop/num_preempted/min:-1 - timing_s/agent_loop/num_preempted/max:-1 - timing_s/agent_loop/num_preempted/mean:-1.0 - timing_s/agent_loop/generate_sequences/min:0.44272604399884585 - timing_s/agent_loop/generate_sequences/max:78.67766055899847 - timing_s/agent_loop/generate_sequences/mean:38.267101130933014 - timing_s/agent_loop/tool_calls/min:0.0 - timing_s/agent_loop/tool_calls/max:0.0 - timing_s/agent_loop/tool_calls/mean:0.0 - timing_s/agent_loop/compute_score/min:0.005315918999258429 - timing_s/agent_loop/compute_score/max:0.11462194500199985 - timing_s/agent_loop/compute_score/mean:0.014975234117642344 - timing_s/agent_loop/slowest/generate_sequences:78.67766055899847 - timing_s/agent_loop/slowest/tool_calls:0.0 - timing_s/agent_loop/slowest/compute_score:0.014907427001162432 - timing_s/agent_loop/slowest/num_preempted:-1 - timing_s/agent_loop/slowest/prompt_length:128 - timing_s/agent_loop/slowest/response_length:2048 - timing_s/gen:81.59538887100643 - timing_s/reward:4.7815003199502826e-05 - timing_s/old_log_prob:18.986164261994418 - timing_s/adv:0.07671474899689201 - timing_s/update_actor:57.84206045499013 - timing_s/update_weights:3.0873970959946746 - timing_s/step:162.19402575599088 - timing_s/stop_profile:0.00019358099962119013 - timing_per_token_ms/gen:0.04508386230909079 - timing_per_token_ms/update_actor:0.028276965777970238 - timing_per_token_ms/adv:3.750316491126219e-05 - perf/total_num_tokens:2045554 - perf/time_per_step:162.19402575599088 - perf/throughput:3152.942888102098[36m(TaskRunner pid=30951)[0m Training Progress:   1%|          | 2/348 [05:42<16:17:56, 169.59s/it]
[36m(WorkerDict pid=34107)[0m INFO:2026-06-07 03:26:10,236:update_weights done, time cost: 1.69s
[36m(TaskRunner pid=30951)[0m Training Progress:   1%|          | 3/348 [08:18<15:40:01, 163.48s/it]
[36m(WorkerDict pid=34107)[0m INFO:2026-06-07 03:28:54,349:update_weights done, time cost: 1.86s
[36m(TaskRunner pid=30951)[0m Training Progress:   1%|          | 4/348 [11:02<15:38:13, 163.64s/it]
[36m(WorkerDict pid=34107)[0m INFO:2026-06-07 03:31:34,542:update_weights done, time cost: 1.80s

[36m(TaskRunner pid=30951)[0m step:3 - global_seqlen/min:499330 - global_seqlen/max:535649 - global_seqlen/minmax_diff:36319 - global_seqlen/balanced_min:509035 - global_seqlen/balanced_max:509039 - global_seqlen/mean:509037.0 - actor/entropy:0.42522430419921875 - perf/mfu/actor_infer:0.47261103926506837 - actor/pg_clipfrac:0.0 - actor/ppo_kl:0.0 - actor/pg_clipfrac_lower:0.0 - actor/pg_loss:0.02200107225633019 - actor/entropy_loss:0.4252243237569928 - actor/loss:0.021575847640633583 - actor/grad_norm:0.07536609470844269 - actor/lr:1.764705882352941e-07 - perf/mfu/actor:0.38061126268099504 - training/global_step:3 - training/epoch:0 - critic/score/mean:0.09423828125 - critic/score/max:1.0 - critic/score/min:0.0 - critic/rewards/mean:0.09423828125 - critic/rewards/max:1.0 - critic/rewards/min:0.0 - critic/advantages/mean:-0.022001070901751518 - critic/advantages/max:2.4748666286468506 - critic/advantages/min:-1.6201815605163574 - critic/returns/mean:-0.022001070901751518 - critic/returns/max:2.4748666286468506 - critic/returns/min:-1.6201815605163574 - response_length/mean:879.017578125 - response_length/max:2048.0 - response_length/min:2.0 - response_length/clip_ratio:0.13916015625 - response_length_non_aborted/mean:879.017578125 - response_length_non_aborted/max:2048.0 - response_length_non_aborted/min:2.0 - response_length_non_aborted/clip_ratio:0.13916015625 - response/aborted_ratio:0.0 - prompt_length/mean:115.1953125 - prompt_length/max:399.0 - prompt_length/min:42.0 - prompt_length/clip_ratio:0.0 - num_turns/min:2 - num_turns/max:2 - num_turns/mean:2.0 - timing_s/start_profile:7.65979930292815e-05 - timing_s/agent_loop/num_preempted/min:-1 - timing_s/agent_loop/num_preempted/max:-1 - timing_s/agent_loop/num_preempted/mean:-1.0 - timing_s/agent_loop/generate_sequences/min:0.2532243110035779 - timing_s/agent_loop/generate_sequences/max:73.86668636700779 - timing_s/agent_loop/generate_sequences/mean:37.305261218841 - timing_s/agent_loop/tool_calls/min:0.0 - timing_s/agent_loop/tool_calls/max:0.0 - timing_s/agent_loop/tool_calls/mean:0.0 - timing_s/agent_loop/compute_score/min:0.00593734098947607 - timing_s/agent_loop/compute_score/max:0.10748259798856452 - timing_s/agent_loop/compute_score/mean:0.014511558901581623 - timing_s/agent_loop/slowest/generate_sequences:73.86668636700779 - timing_s/agent_loop/slowest/tool_calls:0.0 - timing_s/agent_loop/slowest/compute_score:0.011467785996501334 - timing_s/agent_loop/slowest/num_preempted:-1 - timing_s/agent_loop/slowest/prompt_length:59 - timing_s/agent_loop/slowest/response_length:2048 - timing_s/gen:76.58746622900071 - timing_s/reward:2.921799023170024e-05 - timing_s/old_log_prob:17.955743715006975 - timing_s/adv:0.04998113699548412 - timing_s/update_actor:57.69381465300103 - timing_s/update_weights:3.1092463759996463 - timing_s/step:156.00968929499504 - timing_s/stop_profile:0.0002326869871467352 - timing_per_token_ms/gen:0.042543203543662644 - timing_per_token_ms/update_actor:0.028334784432664534 - timing_per_token_ms/adv:2.4546907688185792e-05 - perf/total_num_tokens:2036148 - perf/time_per_step:156.00968929499504 - perf/throughput:3262.855033558037
[36m(TaskRunner pid=30951)[0m step:4 - global_seqlen/min:509917 - global_seqlen/max:547520 - global_seqlen/minmax_diff:37603 - global_seqlen/balanced_min:528120 - global_seqlen/balanced_max:528124 - global_seqlen/mean:528122.5 - actor/entropy:0.3912481963634491 - perf/mfu/actor_infer:0.48032865114494744 - actor/pg_clipfrac:0.0 - actor/ppo_kl:0.0 - actor/pg_clipfrac_lower:0.0 - actor/pg_loss:0.018187326491897693 - actor/entropy_loss:0.391248146770522 - actor/loss:0.017796076834201813 - actor/grad_norm:0.07121255993843079 - actor/lr:2.352941176470588e-07 - perf/mfu/actor:0.3818085436562934 - training/global_step:4 - training/epoch:0 - critic/score/mean:0.1083984375 - critic/score/max:1.0 - critic/score/min:0.0 - critic/rewards/mean:0.1083984375 - critic/rewards/max:1.0 - critic/rewards/min:0.0 - critic/advantages/mean:-0.018187323585152626 - critic/advantages/max:2.4748666286468506 - critic/advantages/min:-2.4748666286468506 - critic/returns/mean:-0.018187323585152626 - critic/returns/max:2.4748666286468506 - critic/returns/min:-2.4748666286468506 - response_length/mean:921.6455078125 - response_length/max:2048.0 - response_length/min:2.0 - response_length/clip_ratio:0.130859375 - response_length_non_aborted/mean:921.6455078125 - response_length_non_aborted/max:2048.0 - response_length_non_aborted/min:2.0 - response_length_non_aborted/clip_ratio:0.130859375 - response/aborted_ratio:0.0 - prompt_length/mean:109.84375 - prompt_length/max:383.0 - prompt_length/min:40.0 - prompt_length/clip_ratio:0.0 - num_turns/min:2 - num_turns/max:2 - num_turns/mean:2.0 - timing_s/start_profile:0.0002028580056503415 - timing_s/agent_loop/num_preempted/min:-1 - timing_s/agent_loop/num_preempted/max:-1 - timing_s/agent_loop/num_preempted/mean:-1.0 - timing_s/agent_loop/generate_sequences/min:0.40041624500008766 - timing_s/agent_loop/generate_sequences/max:79.1134025920037 - timing_s/agent_loop/generate_sequences/mean:41.92541101589058 - timing_s/agent_loop/tool_calls/min:0.0 - timing_s/agent_loop/tool_calls/max:0.0 - timing_s/agent_loop/tool_calls/mean:0.0 - timing_s/agent_loop/compute_score/min:0.004691736001404934 - timing_s/agent_loop/compute_score/max:0.08743251700070687 - timing_s/agent_loop/compute_score/mean:0.01359693349755986 - timing_s/agent_loop/slowest/generate_sequences:79.1134025920037 - timing_s/agent_loop/slowest/tool_calls:0.0 - timing_s/agent_loop/slowest/compute_score:0.012420302999089472 - timing_s/agent_loop/slowest/num_preempted:-1 - timing_s/agent_loop/slowest/prompt_length:84 - timing_s/agent_loop/slowest/response_length:2048 - timing_s/gen:82.20045388198923 - timing_s/reward:4.732499655801803e-05 - timing_s/old_log_prob:18.049779299995862 - timing_s/adv:0.04486193000047933 - timing_s/update_actor:59.807552242986276 - timing_s/update_weights:2.975422585994238 - timing_s/step:163.663811077 - timing_s/stop_profile:0.00019972000154666603 - timing_per_token_ms/gen:0.04354921716846314 - timing_per_token_ms/update_actor:0.028311401352425943 - timing_per_token_ms/adv:2.123651709616582e-05 - perf/total_num_tokens:2112490 - perf/time_per_step:163.663811077 - perf/throughput:3226.8740201310034
[36m(TaskRunner pid=30951)[0m step:5 - global_seqlen/min:493023 - global_seqlen/max:552742 - global_seqlen/minmax_diff:59719 - global_seqlen/balanced_min:522101 - global_seqlen/balanced_max:522107 - global_seqlen/mean:522104.5 - actor/entropy:0.39694228768348694 - perf/mfu/actor_infer:0.47619778697068776 - actor/pg_clipfrac:0.0 - actor/ppo_kl:0.0 - actor/pg_clipfrac_lower:0.0 - actor/pg_loss:0.021474228386750838 - actor/entropy_loss:0.3969423046801239 - actor/loss:0.021077286452054977 - actor/grad_norm:0.06132514029741287 - actor/lr:2.941176470588235e-07 - perf/mfu/actor:0.37818021156168635 - training/global_step:5 - training/epoch:0 - critic/score/mean:0.10693359375 - critic/score/max:1.0 - critic/score/min:0.0 - critic/rewards/mean:0.10693359375 - critic/rewards/max:1.0 - critic/rewards/min:0.0 - critic/advantages/mean:-0.02147422730922699 - critic/advantages/max:2.4748666286468506 - critic/advantages/min:-2.4748666286468506 - critic/returns/mean:-0.02147422730922699 - critic/returns/max:2.4748666286468506 - critic/returns/min:-2.4748666286468506 - response_length/mean:905.3330078125 - response_length/max:2048.0 - response_length/min:2.0 - response_length/clip_ratio:0.1416015625 - response_length_non_aborted/mean:905.3330078125 - response_length_non_aborted/max:2048.0 - response_length_non_aborted/min:2.0 - response_length_non_aborted/clip_ratio:0.1416015625 - response/aborted_ratio:0.0 - prompt_length/mean:114.40234375 - prompt_length/max:406.0 - prompt_length/min:44.0 - prompt_length/clip_ratio:0.0 - num_turns/min:2 - num_turns/max:2 - num_turns/mean:2.0 - timing_s/start_profile:7.391799590550363e-05 - timing_s/agent_loop/num_preempted/min:-1 - timing_s/agent_loop/num_preempted/max:-1 - timing_s/agent_loop/num_preempted/mean:-1.0 - timing_s/agent_loop/generate_sequences/min:0.4041824450105196 - timing_s/agent_loop/generate_sequences/max:76.41539538301004 - timing_s/agent_loop/generate_sequences/mean:40.938045268450736 - timing_s/agent_loop/tool_calls/min:0.0 - timing_s/agent_loop/tool_calls/max:0.0 - timing_s/agent_loop/tool_calls/mean:0.0 - timing_s/agent_loop/compute_score/min:0.005489867995493114 - timing_s/agent_loop/compute_score/max:0.15038390300469473 - timing_s/agent_loop/compute_score/mean:0.015451688119455298 - timing_s/agent_loop/slowest/generate_sequences:76.41539538301004 - timing_s/agent_loop/slowest/tool_calls:0.0 - timing_s/agent_loop/slowest/compute_score:0.014650067008915357 - timing_s/agent_loop/slowest/num_preempted:-1 - timing_s/agent_loop/slowest/prompt_length:67 - timing_s/agent_loop/slowest/response_length:2048 - timing_s/gen:79.06198190500436 - timing_s/reward:4.244499723426998e-05 - timing_s/old_log_prob:18.035512177011697 - timing_s/adv:0.046901013993192464 - timing_s/update_actor:59.29004113499832 - timing_s/update_weights:3.1251690210046945 - timing_s/step:160.13658374699298 - timing_s/stop_profile:0.00018764499691314995 - timing_per_token_ms/gen:0.04264119723783244 - timing_per_token_ms/update_actor:0.02838993014568842 - timing_per_token_ms/adv:2.2457675615318613e-05 - perf/total_num_tokens:2088418 - perf/time_per_step:160.13658374699298 - perf/throughput:3260.369915377341[36m(TaskRunner pid=30951)[0m Training Progress:   1%|▏         | 5/348 [13:42<15:28:32, 162.43s/it]
[36m(WorkerDict pid=34107)[0m INFO:2026-06-07 03:34:09,399:update_weights done, time cost: 2.17s
[36m(TaskRunner pid=30951)[0m Training Progress:   2%|▏         | 6/348 [16:17<15:11:01, 159.83s/it]
[36m(WorkerDict pid=34107)[0m INFO:2026-06-07 03:36:41,593:update_weights done, time cost: 1.79s
[36m(TaskRunner pid=30951)[0m Training Progress:   2%|▏         | 7/348 [18:49<14:53:56, 157.29s/it]
[36m(WorkerDict pid=34107)[0m INFO:2026-06-07 03:39:09,262:update_weights done, time cost: 1.95s

[36m(TaskRunner pid=30951)[0m step:6 - global_seqlen/min:493175 - global_seqlen/max:527249 - global_seqlen/minmax_diff:34074 - global_seqlen/balanced_min:509873 - global_seqlen/balanced_max:509879 - global_seqlen/mean:509875.25 - actor/entropy:0.39738762378692627 - perf/mfu/actor_infer:0.474038488188065 - actor/pg_clipfrac:0.0 - actor/ppo_kl:0.0 - actor/pg_clipfrac_lower:0.0 - actor/pg_loss:0.02534760496837407 - actor/entropy_loss:0.39738763589411974 - actor/loss:0.024950217455625534 - actor/grad_norm:0.06249387189745903 - actor/lr:3.529411764705882e-07 - perf/mfu/actor:0.3864356978538895 - training/global_step:6 - training/epoch:0 - critic/score/mean:0.12158203125 - critic/score/max:1.0 - critic/score/min:0.0 - critic/rewards/mean:0.12158203125 - critic/rewards/max:1.0 - critic/rewards/min:0.0 - critic/advantages/mean:-0.025347605347633362 - critic/advantages/max:2.4748666286468506 - critic/advantages/min:-2.4748666286468506 - critic/returns/mean:-0.025347605347633362 - critic/returns/max:2.4748666286468506 - critic/returns/min:-2.4748666286468506 - response_length/mean:885.06103515625 - response_length/max:2048.0 - response_length/min:2.0 - response_length/clip_ratio:0.13134765625 - response_length_non_aborted/mean:885.06103515625 - response_length_non_aborted/max:2048.0 - response_length_non_aborted/min:2.0 - response_length_non_aborted/clip_ratio:0.13134765625 - response/aborted_ratio:0.0 - prompt_length/mean:110.7890625 - prompt_length/max:499.0 - prompt_length/min:39.0 - prompt_length/clip_ratio:0.0 - num_turns/min:2 - num_turns/max:2 - num_turns/mean:2.0 - timing_s/start_profile:7.869000546634197e-05 - timing_s/agent_loop/num_preempted/min:-1 - timing_s/agent_loop/num_preempted/max:-1 - timing_s/agent_loop/num_preempted/mean:-1.0 - timing_s/agent_loop/generate_sequences/min:0.22221948301012162 - timing_s/agent_loop/generate_sequences/max:73.77688980899984 - timing_s/agent_loop/generate_sequences/mean:38.187991874814486 - timing_s/agent_loop/tool_calls/min:0.0 - timing_s/agent_loop/tool_calls/max:0.0 - timing_s/agent_loop/tool_calls/mean:0.0 - timing_s/agent_loop/compute_score/min:0.005031022010371089 - timing_s/agent_loop/compute_score/max:0.09444041800452396 - timing_s/agent_loop/compute_score/mean:0.013977652883490066 - timing_s/agent_loop/slowest/generate_sequences:73.77688980899984 - timing_s/agent_loop/slowest/tool_calls:0.0 - timing_s/agent_loop/slowest/compute_score:0.01209595100954175 - timing_s/agent_loop/slowest/num_preempted:-1 - timing_s/agent_loop/slowest/prompt_length:105 - timing_s/agent_loop/slowest/response_length:2048 - timing_s/gen:76.40475968499959 - timing_s/reward:2.6222987798973918e-05 - timing_s/old_log_prob:17.66376445700007 - timing_s/adv:0.04857598400849383 - timing_s/update_actor:56.643532468995545 - timing_s/update_weights:3.357264543999918 - timing_s/step:154.66816953801026 - timing_s/stop_profile:0.00021789700258523226 - timing_per_token_ms/gen:0.0421519082673829 - timing_per_token_ms/update_actor:0.02777323103494215 - timing_per_token_ms/adv:2.3817582834474625e-05 - perf/total_num_tokens:2039501 - perf/time_per_step:154.66816953801026 - perf/throughput:3296.575187532017
[36m(TaskRunner pid=30951)[0m step:7 - global_seqlen/min:493861 - global_seqlen/max:538103 - global_seqlen/minmax_diff:44242 - global_seqlen/balanced_min:511357 - global_seqlen/balanced_max:511362 - global_seqlen/mean:511360.5 - actor/entropy:0.41929250955581665 - perf/mfu/actor_infer:0.47810212221183984 - actor/pg_clipfrac:0.0 - actor/ppo_kl:0.0 - actor/pg_clipfrac_lower:0.0 - actor/pg_loss:0.030024071558727883 - actor/entropy_loss:0.4192925419192761 - actor/loss:0.029604781419038773 - actor/grad_norm:0.07018464058637619 - actor/lr:4.117647058823529e-07 - perf/mfu/actor:0.3863263402921597 - training/global_step:7 - training/epoch:0 - critic/score/mean:0.123046875 - critic/score/max:1.0 - critic/score/min:0.0 - critic/rewards/mean:0.123046875 - critic/rewards/max:1.0 - critic/rewards/min:0.0 - critic/advantages/mean:-0.030024072155356407 - critic/advantages/max:2.4748666286468506 - critic/advantages/min:-2.4748666286468506 - critic/returns/mean:-0.030024072155356407 - critic/returns/max:2.4748666286468506 - critic/returns/min:-2.4748666286468506 - response_length/mean:879.2783203125 - response_length/max:2048.0 - response_length/min:2.0 - response_length/clip_ratio:0.12158203125 - response_length_non_aborted/mean:879.2783203125 - response_length_non_aborted/max:2048.0 - response_length_non_aborted/min:2.0 - response_length_non_aborted/clip_ratio:0.12158203125 - response/aborted_ratio:0.0 - prompt_length/mean:119.47265625 - prompt_length/max:370.0 - prompt_length/min:42.0 - prompt_length/clip_ratio:0.0 - num_turns/min:2 - num_turns/max:2 - num_turns/mean:2.0 - timing_s/start_profile:6.307200237642974e-05 - timing_s/agent_loop/num_preempted/min:-1 - timing_s/agent_loop/num_preempted/max:-1 - timing_s/agent_loop/num_preempted/mean:-1.0 - timing_s/agent_loop/generate_sequences/min:0.15875135399983265 - timing_s/agent_loop/generate_sequences/max:71.88559050600452 - timing_s/agent_loop/generate_sequences/mean:38.320664376962284 - timing_s/agent_loop/tool_calls/min:0.0 - timing_s/agent_loop/tool_calls/max:0.0 - timing_s/agent_loop/tool_calls/mean:0.0 - timing_s/agent_loop/compute_score/min:0.004207042002235539 - timing_s/agent_loop/compute_score/max:0.09069540799828246 - timing_s/agent_loop/compute_score/mean:0.013031130536234059 - timing_s/agent_loop/slowest/generate_sequences:71.88559050600452 - timing_s/agent_loop/slowest/tool_calls:0.0 - timing_s/agent_loop/slowest/compute_score:0.012250933999894187 - timing_s/agent_loop/slowest/num_preempted:-1 - timing_s/agent_loop/slowest/prompt_length:170 - timing_s/agent_loop/slowest/response_length:2048 - timing_s/gen:74.31409025999892 - timing_s/reward:2.514499647077173e-05 - timing_s/old_log_prob:17.292977521006833 - timing_s/adv:0.04443308399640955 - timing_s/update_actor:56.87381146199186 - timing_s/update_weights:2.8471946339996066 - timing_s/step:151.92888183300965 - timing_s/stop_profile:0.00020204699831083417 - timing_per_token_ms/gen:0.041268135522628153 - timing_per_token_ms/update_actor:0.02780514503075221 - timing_per_token_ms/adv:2.1722974299153705e-05 - perf/total_num_tokens:2045442 - perf/time_per_step:151.92888183300965 - perf/throughput:3365.7886099764373
[36m(TaskRunner pid=30951)[0m step:8 - global_seqlen/min:480245 - global_seqlen/max:517316 - global_seqlen/minmax_diff:37071 - global_seqlen/balanced_min:494581 - global_seqlen/balanced_max:494585 - global_seqlen/mean:494582.5 - actor/entropy:0.43160489201545715 - perf/mfu/actor_infer:0.47970996007116123 - actor/pg_clipfrac:0.0 - actor/ppo_kl:0.0 - actor/pg_clipfrac_lower:0.0 - actor/pg_loss:0.03376366448060253 - actor/entropy_loss:0.4316048517357558 - actor/loss:0.033332061022520065 - actor/grad_norm:0.07857811450958252 - actor/lr:4.705882352941176e-07 - perf/mfu/actor:0.3861650788531531 - training/global_step:8 - training/epoch:0 - critic/score/mean:0.12255859375 - critic/score/max:1.0 - critic/score/min:0.0 - critic/rewards/mean:0.12255859375 - critic/rewards/max:1.0 - critic/rewards/min:0.0 - critic/advantages/mean:-0.033763665705919266 - critic/advantages/max:2.4748666286468506 - critic/advantages/min:-2.4748666286468506 - critic/returns/mean:-0.033763665705919266 - critic/returns/max:2.4748666286468506 - critic/returns/min:-2.4748666286468506 - response_length/mean:856.4970703125 - response_length/max:2048.0 - response_length/min:2.0 - response_length/clip_ratio:0.119140625 - response_length_non_aborted/mean:856.4970703125 - response_length_non_aborted/max:2048.0 - response_length_non_aborted/min:2.0 - response_length_non_aborted/clip_ratio:0.119140625 - response/aborted_ratio:0.0 - prompt_length/mean:109.484375 - prompt_length/max:435.0 - prompt_length/min:40.0 - prompt_length/clip_ratio:0.0 - num_turns/min:2 - num_turns/max:2 - num_turns/mean:2.0 - timing_s/start_profile:8.829499711282551e-05 - timing_s/agent_loop/num_preempted/min:-1 - timing_s/agent_loop/num_preempted/max:-1 - timing_s/agent_loop/num_preempted/mean:-1.0 - timing_s/agent_loop/generate_sequences/min:0.3450047039950732 - timing_s/agent_loop/generate_sequences/max:70.44979983000667 - timing_s/agent_loop/generate_sequences/mean:36.37358226579848 - timing_s/agent_loop/tool_calls/min:0.0 - timing_s/agent_loop/tool_calls/max:0.0 - timing_s/agent_loop/tool_calls/mean:0.0 - timing_s/agent_loop/compute_score/min:0.004279797998606227 - timing_s/agent_loop/compute_score/max:0.07561948400689289 - timing_s/agent_loop/compute_score/mean:0.012371393658625607 - timing_s/agent_loop/slowest/generate_sequences:70.43259660499461 - timing_s/agent_loop/slowest/tool_calls:0.0 - timing_s/agent_loop/slowest/compute_score:0.032900976002565585 - timing_s/agent_loop/slowest/num_preempted:-1 - timing_s/agent_loop/slowest/prompt_length:239 - timing_s/agent_loop/slowest/response_length:2048 - timing_s/gen:72.72041387000354 - timing_s/reward:3.14210046781227e-05 - timing_s/old_log_prob:16.87534339800186 - timing_s/adv:0.03128990900586359 - timing_s/update_actor:54.33382320099918 - timing_s/update_weights:3.0950858979922486 - timing_s/step:147.61250934000418 - timing_s/stop_profile:5.7716999435797334e-05 - timing_per_token_ms/gen:0.04145725165412098 - timing_per_token_ms/update_actor:0.027464489342525857 - timing_per_token_ms/adv:1.581632437756269e-05 - perf/total_num_tokens:1978330 - perf/time_per_step:147.61250934000418 - perf/throughput:3350.545981579382[36m(TaskRunner pid=30951)[0m Training Progress:   2%|▏         | 8/348 [21:17<14:34:00, 154.24s/it]
[36m(WorkerDict pid=34107)[0m INFO:2026-06-07 03:41:51,308:update_weights done, time cost: 1.79s
[36m(TaskRunner pid=30951)[0m Training Progress:   3%|▎         | 9/348 [23:59<14:45:40, 156.76s/it]
[36m(WorkerDict pid=34107)[0m INFO:2026-06-07 03:44:20,060:update_weights done, time cost: 2.03s
[36m(TaskRunner pid=30951)[0m Training Progress:   3%|▎         | 10/348 [26:28<14:29:07, 154.28s/it]
[36m(WorkerDict pid=34107)[0m INFO:2026-06-07 03:46:57,454:update_weights done, time cost: 2.13s

[36m(TaskRunner pid=30951)[0m step:9 - global_seqlen/min:504245 - global_seqlen/max:551189 - global_seqlen/minmax_diff:46944 - global_seqlen/balanced_min:524754 - global_seqlen/balanced_max:524763 - global_seqlen/mean:524757.0 - actor/entropy:0.40707704424858093 - perf/mfu/actor_infer:0.4806080600523832 - actor/pg_clipfrac:0.0 - actor/ppo_kl:0.0 - actor/pg_clipfrac_lower:0.0 - actor/pg_loss:0.014509997194181778 - actor/entropy_loss:0.40707704168744385 - actor/loss:0.014102919958531857 - actor/grad_norm:0.06566254049539566 - actor/lr:5.294117647058823e-07 - perf/mfu/actor:0.3882263604024978 - training/global_step:9 - training/epoch:0 - critic/score/mean:0.11328125 - critic/score/max:1.0 - critic/score/min:0.0 - critic/rewards/mean:0.11328125 - critic/rewards/max:1.0 - critic/rewards/min:0.0 - critic/advantages/mean:-0.014509995467960835 - critic/advantages/max:2.4748666286468506 - critic/advantages/min:-2.4748666286468506 - critic/returns/mean:-0.014509995467960835 - critic/returns/max:2.4748666286468506 - critic/returns/min:-2.4748666286468506 - response_length/mean:910.837890625 - response_length/max:2048.0 - response_length/min:2.0 - response_length/clip_ratio:0.13037109375 - response_length_non_aborted/mean:910.837890625 - response_length_non_aborted/max:2048.0 - response_length_non_aborted/min:2.0 - response_length_non_aborted/clip_ratio:0.13037109375 - response/aborted_ratio:0.0 - prompt_length/mean:114.078125 - prompt_length/max:431.0 - prompt_length/min:47.0 - prompt_length/clip_ratio:0.0 - num_turns/min:2 - num_turns/max:2 - num_turns/mean:2.0 - timing_s/start_profile:6.137099990155548e-05 - timing_s/agent_loop/num_preempted/min:-1 - timing_s/agent_loop/num_preempted/max:-1 - timing_s/agent_loop/num_preempted/mean:-1.0 - timing_s/agent_loop/generate_sequences/min:0.24045853900315706 - timing_s/agent_loop/generate_sequences/max:79.04590221900435 - timing_s/agent_loop/generate_sequences/mean:41.49858843421581 - timing_s/agent_loop/tool_calls/min:0.0 - timing_s/agent_loop/tool_calls/max:0.0 - timing_s/agent_loop/tool_calls/mean:0.0 - timing_s/agent_loop/compute_score/min:0.004936165001709014 - timing_s/agent_loop/compute_score/max:0.07939616100338753 - timing_s/agent_loop/compute_score/mean:0.012771249705203047 - timing_s/agent_loop/slowest/generate_sequences:79.04590221900435 - timing_s/agent_loop/slowest/tool_calls:0.0 - timing_s/agent_loop/slowest/compute_score:0.013217699990491383 - timing_s/agent_loop/slowest/num_preempted:-1 - timing_s/agent_loop/slowest/prompt_length:174 - timing_s/agent_loop/slowest/response_length:2048 - timing_s/gen:81.68326031899778 - timing_s/reward:2.8728987672366202e-05 - timing_s/old_log_prob:17.945664013997884 - timing_s/adv:0.04401691400562413 - timing_s/update_actor:58.78913164998812 - timing_s/update_weights:3.1629718619951745 - timing_s/step:162.17652491900662 - timing_s/stop_profile:4.92040126118809e-05 - timing_per_token_ms/gen:0.043788697048239504 - timing_per_token_ms/update_actor:0.028007788200056463 - timing_per_token_ms/adv:2.0970141420516605e-05 - perf/total_num_tokens:2099028 - perf/time_per_step:162.17652491900662 - perf/throughput:3235.7149116499536
[36m(TaskRunner pid=30951)[0m step:10 - global_seqlen/min:472410 - global_seqlen/max:497431 - global_seqlen/minmax_diff:25021 - global_seqlen/balanced_min:484905 - global_seqlen/balanced_max:484910 - global_seqlen/mean:484907.25 - actor/entropy:0.41788002848625183 - perf/mfu/actor_infer:0.47261138636975314 - actor/pg_clipfrac:0.0 - actor/ppo_kl:0.0 - actor/pg_clipfrac_lower:0.0 - actor/pg_loss:0.039102274204196874 - actor/entropy_loss:0.41788003384135664 - actor/loss:0.03868439421057701 - actor/grad_norm:0.07345069944858551 - actor/lr:5.88235294117647e-07 - perf/mfu/actor:0.38135219014164246 - training/global_step:10 - training/epoch:0 - critic/score/mean:0.1201171875 - critic/score/max:1.0 - critic/score/min:0.0 - critic/rewards/mean:0.1201171875 - critic/rewards/max:1.0 - critic/rewards/min:0.0 - critic/advantages/mean:-0.03910227119922638 - critic/advantages/max:2.4748666286468506 - critic/advantages/min:-2.4748666286468506 - critic/returns/mean:-0.03910227119922638 - critic/returns/max:2.4748666286468506 - critic/returns/min:-2.4748666286468506 - response_length/mean:831.97509765625 - response_length/max:2048.0 - response_length/min:2.0 - response_length/clip_ratio:0.11767578125 - response_length_non_aborted/mean:831.97509765625 - response_length_non_aborted/max:2048.0 - response_length_non_aborted/min:2.0 - response_length_non_aborted/clip_ratio:0.11767578125 - response/aborted_ratio:0.0 - prompt_length/mean:115.109375 - prompt_length/max:447.0 - prompt_length/min:48.0 - prompt_length/clip_ratio:0.0 - num_turns/min:2 - num_turns/max:2 - num_turns/mean:2.0 - timing_s/start_profile:3.949900565203279e-05 - timing_s/agent_loop/num_preempted/min:-1 - timing_s/agent_loop/num_preempted/max:-1 - timing_s/agent_loop/num_preempted/mean:-1.0 - timing_s/agent_loop/generate_sequences/min:0.26009199999680277 - timing_s/agent_loop/generate_sequences/max:71.47397062899836 - timing_s/agent_loop/generate_sequences/mean:36.51772786983827 - timing_s/agent_loop/tool_calls/min:0.0 - timing_s/agent_loop/tool_calls/max:0.0 - timing_s/agent_loop/tool_calls/mean:0.0 - timing_s/agent_loop/compute_score/min:0.0051114859961671755 - timing_s/agent_loop/compute_score/max:0.08682983698963653 - timing_s/agent_loop/compute_score/mean:0.01287481942785007 - timing_s/agent_loop/slowest/generate_sequences:71.47397062899836 - timing_s/agent_loop/slowest/tool_calls:0.0 - timing_s/agent_loop/slowest/compute_score:0.016290621002553962 - timing_s/agent_loop/slowest/num_preempted:-1 - timing_s/agent_loop/slowest/prompt_length:98 - timing_s/agent_loop/slowest/response_length:2048 - timing_s/gen:73.55553393300215 - timing_s/reward:2.412599860690534e-05 - timing_s/old_log_prob:16.500554316007765 - timing_s/adv:0.050989768002182245 - timing_s/update_actor:54.79414751799777 - timing_s/update_weights:3.394625739005278 - timing_s/step:148.65200154299964 - timing_s/stop_profile:0.00020724099886137992 - timing_per_token_ms/gen:0.04316930657468206 - timing_per_token_ms/update_actor:0.02824980834891506 - timing_per_token_ms/adv:2.6288412888331865e-05 - perf/total_num_tokens:1939629 - perf/time_per_step:148.65200154299964 - perf/throughput:3262.0297403781265
[36m(TaskRunner pid=30951)[0m step:11 - global_seqlen/min:461055 - global_seqlen/max:537011 - global_seqlen/minmax_diff:75956 - global_seqlen/balanced_min:508059 - global_seqlen/balanced_max:508070 - global_seqlen/mean:508065.5 - actor/entropy:0.41109538078308105 - perf/mfu/actor_infer:0.4692803602476476 - actor/pg_clipfrac:0.0 - actor/ppo_kl:0.0 - actor/pg_clipfrac_lower:0.0 - actor/pg_loss:0.022703555129510278 - actor/entropy_loss:0.4110953789204359 - actor/loss:0.02229246124625206 - actor/grad_norm:0.06832026690244675 - actor/lr:6.470588235294117e-07 - perf/mfu/actor:0.3831711272803171 - training/global_step:11 - training/epoch:0 - critic/score/mean:0.1201171875 - critic/score/max:1.0 - critic/score/min:0.0 - critic/rewards/mean:0.1201171875 - critic/rewards/max:1.0 - critic/rewards/min:0.0 - critic/advantages/mean:-0.02270355448126793 - critic/advantages/max:2.4748666286468506 - critic/advantages/min:-2.4748666286468506 - critic/returns/mean:-0.02270355448126793 - critic/returns/max:2.4748666286468506 - critic/returns/min:-2.4748666286468506 - response_length/mean:880.2138671875 - response_length/max:2048.0 - response_length/min:3.0 - response_length/clip_ratio:0.12353515625 - response_length_non_aborted/mean:880.2138671875 - response_length_non_aborted/max:2048.0 - response_length_non_aborted/min:3.0 - response_length_non_aborted/clip_ratio:0.12353515625 - response/aborted_ratio:0.0 - prompt_length/mean:112.1015625 - prompt_length/max:491.0 - prompt_length/min:40.0 - prompt_length/clip_ratio:0.0 - num_turns/min:2 - num_turns/max:2 - num_turns/mean:2.0 - timing_s/start_profile:7.87619937909767e-05 - timing_s/agent_loop/num_preempted/min:-1 - timing_s/agent_loop/num_preempted/max:-1 - timing_s/agent_loop/num_preempted/mean:-1.0 - timing_s/agent_loop/generate_sequences/min:0.24591442800010554 - timing_s/agent_loop/generate_sequences/max:76.02149731299141 - timing_s/agent_loop/generate_sequences/mean:37.871288175356554 - timing_s/agent_loop/tool_calls/min:0.0 - timing_s/agent_loop/tool_calls/max:0.0 - timing_s/agent_loop/tool_calls/mean:0.0 - timing_s/agent_loop/compute_score/min:0.0051349690038478 - timing_s/agent_loop/compute_score/max:0.1223898190073669 - timing_s/agent_loop/compute_score/mean:0.013795726675766673 - timing_s/agent_loop/slowest/generate_sequences:76.02149731299141 - timing_s/agent_loop/slowest/tool_calls:0.0 - timing_s/agent_loop/slowest/compute_score:0.012668815004872158 - timing_s/agent_loop/slowest/num_preempted:-1 - timing_s/agent_loop/slowest/prompt_length:61 - timing_s/agent_loop/slowest/response_length:2048 - timing_s/gen:78.09290386500652 - timing_s/reward:3.31880000885576e-05 - timing_s/old_log_prob:18.044690536989947 - timing_s/adv:0.04673764998733532 - timing_s/update_actor:57.04820027000096 - timing_s/update_weights:3.452924299010192 - timing_s/step:157.25777260299947 - timing_s/stop_profile:0.0001910150022013113 - timing_per_token_ms/gen:0.04332049532140877 - timing_per_token_ms/update_actor:0.0280712822805332 - timing_per_token_ms/adv:2.299784672809673e-05 - perf/total_num_tokens:2032262 - perf/time_per_step:157.25777260299947 - perf/throughput:3230.781484376114[36m(TaskRunner pid=30951)[0m Training Progress:   3%|▎         | 11/348 [29:05<14:31:49, 155.22s/it]
[36m(WorkerDict pid=34107)[0m INFO:2026-06-07 03:49:38,010:update_weights done, time cost: 1.75s
[36m(TaskRunner pid=30951)[0m Training Progress:   3%|▎         | 12/348 [31:46<14:38:38, 156.90s/it]
[36m(WorkerDict pid=34107)[0m INFO:2026-06-07 03:52:13,817:update_weights done, time cost: 1.81s
[36m(TaskRunner pid=30951)[0m Training Progress:   4%|▎         | 13/348 [34:21<14:33:44, 156.49s/it]
[36m(WorkerDict pid=34107)[0m INFO:2026-06-07 03:54:46,644:update_weights done, time cost: 2.04s

[36m(TaskRunner pid=30951)[0m step:12 - global_seqlen/min:487063 - global_seqlen/max:535088 - global_seqlen/minmax_diff:48025 - global_seqlen/balanced_min:519459 - global_seqlen/balanced_max:519464 - global_seqlen/mean:519462.0 - actor/entropy:0.4099062383174896 - perf/mfu/actor_infer:0.4716070921221996 - actor/pg_clipfrac:0.0 - actor/ppo_kl:0.0 - actor/pg_clipfrac_lower:0.0 - actor/pg_loss:0.02937611062952783 - actor/entropy_loss:0.4099062602035701 - actor/loss:0.028966203331947327 - actor/grad_norm:0.07421641051769257 - actor/lr:7.058823529411765e-07 - perf/mfu/actor:0.3764825160852468 - training/global_step:12 - training/epoch:0 - critic/score/mean:0.1162109375 - critic/score/max:1.0 - critic/score/min:0.0 - critic/rewards/mean:0.1162109375 - critic/rewards/max:1.0 - critic/rewards/min:0.0 - critic/advantages/mean:-0.029376111924648285 - critic/advantages/max:2.4748666286468506 - critic/advantages/min:-2.4748666286468506 - critic/returns/mean:-0.029376111924648285 - critic/returns/max:2.4748666286468506 - critic/returns/min:-2.4748666286468506 - response_length/mean:899.03515625 - response_length/max:2048.0 - response_length/min:2.0 - response_length/clip_ratio:0.125 - response_length_non_aborted/mean:899.03515625 - response_length_non_aborted/max:2048.0 - response_length_non_aborted/min:2.0 - response_length_non_aborted/clip_ratio:0.125 - response/aborted_ratio:0.0 - prompt_length/mean:115.5390625 - prompt_length/max:398.0 - prompt_length/min:44.0 - prompt_length/clip_ratio:0.0 - num_turns/min:2 - num_turns/max:2 - num_turns/mean:2.0 - timing_s/start_profile:6.04599918005988e-05 - timing_s/agent_loop/num_preempted/min:-1 - timing_s/agent_loop/num_preempted/max:-1 - timing_s/agent_loop/num_preempted/mean:-1.0 - timing_s/agent_loop/generate_sequences/min:0.3694286359968828 - timing_s/agent_loop/generate_sequences/max:76.40471867400629 - timing_s/agent_loop/generate_sequences/mean:40.43717012843561 - timing_s/agent_loop/tool_calls/min:0.0 - timing_s/agent_loop/tool_calls/max:0.0 - timing_s/agent_loop/tool_calls/mean:0.0 - timing_s/agent_loop/compute_score/min:0.005532024995773099 - timing_s/agent_loop/compute_score/max:0.32043071898806375 - timing_s/agent_loop/compute_score/mean:0.014269154172218634 - timing_s/agent_loop/slowest/generate_sequences:76.3893497359968 - timing_s/agent_loop/slowest/tool_calls:0.0 - timing_s/agent_loop/slowest/compute_score:0.030037010001251474 - timing_s/agent_loop/slowest/num_preempted:-1 - timing_s/agent_loop/slowest/prompt_length:151 - timing_s/agent_loop/slowest/response_length:2048 - timing_s/gen:79.37575699099398 - timing_s/reward:2.517200482543558e-05 - timing_s/old_log_prob:18.04740208199655 - timing_s/adv:0.04871961699973326 - timing_s/update_actor:59.42175311500614 - timing_s/update_weights:3.1543784420064185 - timing_s/step:160.57465731799311 - timing_s/stop_profile:0.00022484100190922618 - timing_per_token_ms/gen:0.043110320629643095 - timing_per_token_ms/update_actor:0.028597738195963392 - timing_per_token_ms/adv:2.3447151572075177e-05 - perf/total_num_tokens:2077848 - perf/time_per_step:160.57465731799311 - perf/throughput:3235.0185806175277
[36m(TaskRunner pid=30951)[0m step:13 - global_seqlen/min:490357 - global_seqlen/max:535833 - global_seqlen/minmax_diff:45476 - global_seqlen/balanced_min:509012 - global_seqlen/balanced_max:509017 - global_seqlen/mean:509014.75 - actor/entropy:0.42092737555503845 - perf/mfu/actor_infer:0.46427804911643955 - actor/pg_clipfrac:0.0 - actor/ppo_kl:0.0 - actor/pg_clipfrac_lower:0.0 - actor/pg_loss:0.027967704848720132 - actor/entropy_loss:0.42092740535736084 - actor/loss:0.027546776458621025 - actor/grad_norm:0.07479419559240341 - actor/lr:7.647058823529411e-07 - perf/mfu/actor:0.385027212506032 - training/global_step:13 - training/epoch:0 - critic/score/mean:0.11865234375 - critic/score/max:1.0 - critic/score/min:0.0 - critic/rewards/mean:0.11865234375 - critic/rewards/max:1.0 - critic/rewards/min:0.0 - critic/advantages/mean:-0.027967702597379684 - critic/advantages/max:2.4748666286468506 - critic/advantages/min:-2.4748666286468506 - critic/returns/mean:-0.027967702597379684 - critic/returns/max:2.4748666286468506 - critic/returns/min:-2.4748666286468506 - response_length/mean:885.27880859375 - response_length/max:2048.0 - response_length/min:2.0 - response_length/clip_ratio:0.130859375 - response_length_non_aborted/mean:885.27880859375 - response_length_non_aborted/max:2048.0 - response_length_non_aborted/min:2.0 - response_length_non_aborted/clip_ratio:0.130859375 - response/aborted_ratio:0.0 - prompt_length/mean:108.890625 - prompt_length/max:371.0 - prompt_length/min:41.0 - prompt_length/clip_ratio:0.0 - num_turns/min:2 - num_turns/max:2 - num_turns/mean:2.0 - timing_s/start_profile:7.79530091676861e-05 - timing_s/agent_loop/num_preempted/min:-1 - timing_s/agent_loop/num_preempted/max:-1 - timing_s/agent_loop/num_preempted/mean:-1.0 - timing_s/agent_loop/generate_sequences/min:0.7812865110026905 - timing_s/agent_loop/generate_sequences/max:73.8573522700026 - timing_s/agent_loop/generate_sequences/mean:38.946666657722666 - timing_s/agent_loop/tool_calls/min:0.0 - timing_s/agent_loop/tool_calls/max:0.0 - timing_s/agent_loop/tool_calls/mean:0.0 - timing_s/agent_loop/compute_score/min:0.005162690998986363 - timing_s/agent_loop/compute_score/max:0.09960297901125159 - timing_s/agent_loop/compute_score/mean:0.013233117132230632 - timing_s/agent_loop/slowest/generate_sequences:73.8573522700026 - timing_s/agent_loop/slowest/tool_calls:0.0 - timing_s/agent_loop/slowest/compute_score:0.035882237993064336 - timing_s/agent_loop/slowest/num_preempted:-1 - timing_s/agent_loop/slowest/prompt_length:137 - timing_s/agent_loop/slowest/response_length:2048 - timing_s/gen:76.37996703099634 - timing_s/reward:3.7689998862333596e-05 - timing_s/old_log_prob:18.08624187899113 - timing_s/adv:0.0479376110015437 - timing_s/update_actor:57.35517810699821 - timing_s/update_weights:3.000268646996119 - timing_s/step:155.39818721299525 - timing_s/stop_profile:0.00022041299962438643 - timing_per_token_ms/gen:0.04212786459454055 - timing_per_token_ms/update_actor:0.028169703386295885 - timing_per_token_ms/adv:2.3544313304056368e-05 - perf/total_num_tokens:2036059 - perf/time_per_step:155.39818721299525 - perf/throughput:3275.5514020399937
[36m(TaskRunner pid=30951)[0m step:14 - global_seqlen/min:493298 - global_seqlen/max:519209 - global_seqlen/minmax_diff:25911 - global_seqlen/balanced_min:504467 - global_seqlen/balanced_max:504471 - global_seqlen/mean:504469.75 - actor/entropy:0.3880165219306946 - perf/mfu/actor_infer:0.47895372878969306 - actor/pg_clipfrac:0.0 - actor/ppo_kl:0.0 - actor/pg_clipfrac_lower:0.0 - actor/pg_loss:0.022051843227018253 - actor/entropy_loss:0.3880164958536625 - actor/loss:0.021663827821612358 - actor/grad_norm:0.06875495612621307 - actor/lr:8.235294117647058e-07 - perf/mfu/actor:0.3870240870109974 - training/global_step:14 - training/epoch:0 - critic/score/mean:0.11474609375 - critic/score/max:1.0 - critic/score/min:0.0 - critic/rewards/mean:0.11474609375 - critic/rewards/max:1.0 - critic/rewards/min:0.0 - critic/advantages/mean:-0.022051842883229256 - critic/advantages/max:2.4748666286468506 - critic/advantages/min:-2.4748666286468506 - critic/returns/mean:-0.022051842883229256 - critic/returns/max:2.4748666286468506 - critic/returns/min:-2.4748666286468506 - response_length/mean:866.40966796875 - response_length/max:2048.0 - response_length/min:2.0 - response_length/clip_ratio:0.1142578125 - response_length_non_aborted/mean:866.40966796875 - response_length_non_aborted/max:2048.0 - response_length_non_aborted/min:2.0 - response_length_non_aborted/clip_ratio:0.1142578125 - response/aborted_ratio:0.0 - prompt_length/mean:118.8828125 - prompt_length/max:446.0 - prompt_length/min:47.0 - prompt_length/clip_ratio:0.0 - num_turns/min:2 - num_turns/max:2 - num_turns/mean:2.0 - timing_s/start_profile:5.7896992075257e-05 - timing_s/agent_loop/num_preempted/min:-1 - timing_s/agent_loop/num_preempted/max:-1 - timing_s/agent_loop/num_preempted/mean:-1.0 - timing_s/agent_loop/generate_sequences/min:0.5045707740064245 - timing_s/agent_loop/generate_sequences/max:72.31016485100554 - timing_s/agent_loop/generate_sequences/mean:37.78958952332963 - timing_s/agent_loop/tool_calls/min:0.0 - timing_s/agent_loop/tool_calls/max:0.0 - timing_s/agent_loop/tool_calls/mean:0.0 - timing_s/agent_loop/compute_score/min:0.005085237993625924 - timing_s/agent_loop/compute_score/max:0.10288606699032243 - timing_s/agent_loop/compute_score/mean:0.012744239228041465 - timing_s/agent_loop/slowest/generate_sequences:72.31016485100554 - timing_s/agent_loop/slowest/tool_calls:0.0 - timing_s/agent_loop/slowest/compute_score:0.012944629997946322 - timing_s/agent_loop/slowest/num_preempted:-1 - timing_s/agent_loop/slowest/prompt_length:380 - timing_s/agent_loop/slowest/response_length:2048 - timing_s/gen:74.63920878901263 - timing_s/reward:4.310299118515104e-05 - timing_s/old_log_prob:17.43398049499956 - timing_s/adv:0.045242350999615155 - timing_s/update_actor:56.75969801800966 - timing_s/update_weights:3.325775015997351 - timing_s/step:152.7582921639987 - timing_s/stop_profile:0.00019919199985451996 - timing_per_token_ms/gen:0.04206431150745721 - timing_per_token_ms/update_actor:0.02812839521993621 - timing_per_token_ms/adv:2.2420745247666068e-05 - perf/total_num_tokens:2017879 - perf/time_per_step:152.7582921639987 - perf/throughput:3302.405014180244[36m(TaskRunner pid=30951)[0m Training Progress:   4%|▍         | 14/348 [36:54<14:25:01, 155.39s/it]
[36m(WorkerDict pid=34107)[0m INFO:2026-06-07 03:57:19,146:update_weights done, time cost: 2.01s
[36m(TaskRunner pid=30951)[0m Training Progress:   4%|▍         | 15/348 [39:27<14:17:48, 154.56s/it]
[36m(WorkerDict pid=34107)[0m INFO:2026-06-07 03:59:56,923:update_weights done, time cost: 2.02s
[36m(TaskRunner pid=30951)[0m Training Progress:   5%|▍         | 16/348 [42:05<14:20:22, 155.49s/it]
[36m(WorkerDict pid=34107)[0m INFO:2026-06-07 04:02:29,234:update_weights done, time cost: 1.89s

[36m(TaskRunner pid=30951)[0m step:15 - global_seqlen/min:469884 - global_seqlen/max:527580 - global_seqlen/minmax_diff:57696 - global_seqlen/balanced_min:497493 - global_seqlen/balanced_max:497495 - global_seqlen/mean:497494.0 - actor/entropy:0.3998059034347534 - perf/mfu/actor_infer:0.470970588685834 - actor/pg_clipfrac:0.0 - actor/ppo_kl:0.0 - actor/pg_clipfrac_lower:0.0 - actor/pg_loss:0.02180743204553437 - actor/entropy_loss:0.3998058931902051 - actor/loss:0.02140762470662594 - actor/grad_norm:0.07339302450418472 - actor/lr:8.823529411764705e-07 - perf/mfu/actor:0.3852145877323142 - training/global_step:15 - training/epoch:0 - critic/score/mean:0.1328125 - critic/score/max:1.0 - critic/score/min:0.0 - critic/rewards/mean:0.1328125 - critic/rewards/max:1.0 - critic/rewards/min:0.0 - critic/advantages/mean:-0.021807432174682617 - critic/advantages/max:2.4748666286468506 - critic/advantages/min:-2.4748666286468506 - critic/returns/mean:-0.021807432174682617 - critic/returns/max:2.4748666286468506 - critic/returns/min:-2.4748666286468506 - response_length/mean:860.11328125 - response_length/max:2048.0 - response_length/min:2.0 - response_length/clip_ratio:0.11474609375 - response_length_non_aborted/mean:860.11328125 - response_length_non_aborted/max:2048.0 - response_length_non_aborted/min:2.0 - response_length_non_aborted/clip_ratio:0.11474609375 - response/aborted_ratio:0.0 - prompt_length/mean:111.5546875 - prompt_length/max:424.0 - prompt_length/min:40.0 - prompt_length/clip_ratio:0.0 - num_turns/min:2 - num_turns/max:2 - num_turns/mean:2.0 - timing_s/start_profile:5.623399920295924e-05 - timing_s/agent_loop/num_preempted/min:-1 - timing_s/agent_loop/num_preempted/max:-1 - timing_s/agent_loop/num_preempted/mean:-1.0 - timing_s/agent_loop/generate_sequences/min:0.5774903780111345 - timing_s/agent_loop/generate_sequences/max:72.86235487200611 - timing_s/agent_loop/generate_sequences/mean:39.18870399587162 - timing_s/agent_loop/tool_calls/min:0.0 - timing_s/agent_loop/tool_calls/max:0.0 - timing_s/agent_loop/tool_calls/mean:0.0 - timing_s/agent_loop/compute_score/min:0.004644366999855265 - timing_s/agent_loop/compute_score/max:0.12065271400206257 - timing_s/agent_loop/compute_score/mean:0.014937730952361505 - timing_s/agent_loop/slowest/generate_sequences:72.86235487200611 - timing_s/agent_loop/slowest/tool_calls:0.0 - timing_s/agent_loop/slowest/compute_score:0.04208602099970449 - timing_s/agent_loop/slowest/num_preempted:-1 - timing_s/agent_loop/slowest/prompt_length:89 - timing_s/agent_loop/slowest/response_length:2048 - timing_s/gen:75.44939970999258 - timing_s/reward:3.1589006539434195e-05 - timing_s/old_log_prob:17.458592012000736 - timing_s/adv:0.04519786899618339 - timing_s/update_actor:55.6290796950052 - timing_s/update_weights:3.391167405003216 - timing_s/step:152.53003920700576 - timing_s/stop_profile:4.480200004763901e-05 - timing_per_token_ms/gen:0.042832180371176906 - timing_per_token_ms/update_actor:0.027954648546015228 - timing_per_token_ms/adv:2.2712770905871923e-05 - perf/total_num_tokens:1989976 - perf/time_per_step:152.53003920700576 - perf/throughput:3261.613270320001
[36m(TaskRunner pid=30951)[0m step:16 - global_seqlen/min:487690 - global_seqlen/max:538670 - global_seqlen/minmax_diff:50980 - global_seqlen/balanced_min:510391 - global_seqlen/balanced_max:510395 - global_seqlen/mean:510392.5 - actor/entropy:0.37756115198135376 - perf/mfu/actor_infer:0.4695328133082998 - actor/pg_clipfrac:0.0 - actor/ppo_kl:0.0 - actor/pg_clipfrac_lower:0.0 - actor/pg_loss:0.025985383551869745 - actor/entropy_loss:0.3775611142627895 - actor/loss:0.025607820600271225 - actor/grad_norm:0.06659507006406784 - actor/lr:9.411764705882352e-07 - perf/mfu/actor:0.380146909476554 - training/global_step:16 - training/epoch:0 - critic/score/mean:0.11865234375 - critic/score/max:1.0 - critic/score/min:0.0 - critic/rewards/mean:0.11865234375 - critic/rewards/max:1.0 - critic/rewards/min:0.0 - critic/advantages/mean:-0.02598537690937519 - critic/advantages/max:2.4748666286468506 - critic/advantages/min:-2.4748666286468506 - critic/returns/mean:-0.02598537690937519 - critic/returns/max:2.4748666286468506 - critic/returns/min:-2.4748666286468506 - response_length/mean:881.3955078125 - response_length/max:2048.0 - response_length/min:2.0 - response_length/clip_ratio:0.115234375 - response_length_non_aborted/mean:881.3955078125 - response_length_non_aborted/max:2048.0 - response_length_non_aborted/min:2.0 - response_length_non_aborted/clip_ratio:0.115234375 - response/aborted_ratio:0.0 - prompt_length/mean:115.46484375 - prompt_length/max:303.0 - prompt_length/min:42.0 - prompt_length/clip_ratio:0.0 - num_turns/min:2 - num_turns/max:2 - num_turns/mean:2.0 - timing_s/start_profile:5.715899169445038e-05 - timing_s/agent_loop/num_preempted/min:-1 - timing_s/agent_loop/num_preempted/max:-1 - timing_s/agent_loop/num_preempted/mean:-1.0 - timing_s/agent_loop/generate_sequences/min:0.3186885770119261 - timing_s/agent_loop/generate_sequences/max:75.57917276800436 - timing_s/agent_loop/generate_sequences/mean:40.23642284163934 - timing_s/agent_loop/tool_calls/min:0.0 - timing_s/agent_loop/tool_calls/max:0.0 - timing_s/agent_loop/tool_calls/mean:0.0 - timing_s/agent_loop/compute_score/min:0.004932937998091802 - timing_s/agent_loop/compute_score/max:0.06062144700263161 - timing_s/agent_loop/compute_score/mean:0.013786539205582926 - timing_s/agent_loop/slowest/generate_sequences:75.57917276800436 - timing_s/agent_loop/slowest/tool_calls:0.0 - timing_s/agent_loop/slowest/compute_score:0.016689715994289145 - timing_s/agent_loop/slowest/num_preempted:-1 - timing_s/agent_loop/slowest/prompt_length:172 - timing_s/agent_loop/slowest/response_length:2048 - timing_s/gen:78.08880599999975 - timing_s/reward:3.960300819016993e-05 - timing_s/old_log_prob:17.861579436998 - timing_s/adv:0.044431920992792584 - timing_s/update_actor:57.70350644100108 - timing_s/update_weights:3.248096221999731 - timing_s/step:157.51050166600908 - timing_s/stop_profile:0.00018312099564354867 - timing_per_token_ms/gen:0.04326014764849318 - timing_per_token_ms/update_actor:0.028264280157428393 - timing_per_token_ms/adv:2.1763603987515775e-05 - perf/total_num_tokens:2041570 - perf/time_per_step:157.51050166600908 - perf/throughput:3240.3712425616836
[36m(TaskRunner pid=30951)[0m step:17 - global_seqlen/min:468180 - global_seqlen/max:529850 - global_seqlen/minmax_diff:61670 - global_seqlen/balanced_min:503762 - global_seqlen/balanced_max:503768 - global_seqlen/mean:503765.0 - actor/entropy:0.36864128708839417 - perf/mfu/actor_infer:0.47248202803329026 - actor/pg_clipfrac:0.0 - actor/ppo_kl:0.0 - actor/pg_clipfrac_lower:0.0 - actor/pg_loss:0.021984339536174957 - actor/entropy_loss:0.3686412868555635 - actor/loss:0.02161569893360138 - actor/grad_norm:0.07461720705032349 - actor/lr:1e-06 - perf/mfu/actor:0.38513777485962014 - training/global_step:17 - training/epoch:0 - critic/score/mean:0.146484375 - critic/score/max:1.0 - critic/score/min:0.0 - critic/rewards/mean:0.146484375 - critic/rewards/max:1.0 - critic/rewards/min:0.0 - critic/advantages/mean:-0.021984338760375977 - critic/advantages/max:2.4748666286468506 - critic/advantages/min:-2.4748666286468506 - critic/returns/mean:-0.021984338760375977 - critic/returns/max:2.4748666286468506 - critic/returns/min:-2.4748666286468506 - response_length/mean:864.927734375 - response_length/max:2048.0 - response_length/min:2.0 - response_length/clip_ratio:0.11279296875 - response_length_non_aborted/mean:864.927734375 - response_length_non_aborted/max:2048.0 - response_length_non_aborted/min:2.0 - response_length_non_aborted/clip_ratio:0.11279296875 - response/aborted_ratio:0.0 - prompt_length/mean:118.98828125 - prompt_length/max:461.0 - prompt_length/min:49.0 - prompt_length/clip_ratio:0.0 - num_turns/min:2 - num_turns/max:2 - num_turns/mean:2.0 - timing_s/start_profile:0.00021390299662016332 - timing_s/agent_loop/num_preempted/min:-1 - timing_s/agent_loop/num_preempted/max:-1 - timing_s/agent_loop/num_preempted/mean:-1.0 - timing_s/agent_loop/generate_sequences/min:0.3699072440067539 - timing_s/agent_loop/generate_sequences/max:70.89673003699863 - timing_s/agent_loop/generate_sequences/mean:37.58401938786555 - timing_s/agent_loop/tool_calls/min:0.0 - timing_s/agent_loop/tool_calls/max:0.0 - timing_s/agent_loop/tool_calls/mean:0.0 - timing_s/agent_loop/compute_score/min:0.005658442009007558 - timing_s/agent_loop/compute_score/max:0.15570516300795134 - timing_s/agent_loop/compute_score/mean:0.01677449165371314 - timing_s/agent_loop/slowest/generate_sequences:70.89673003699863 - timing_s/agent_loop/slowest/tool_calls:0.0 - timing_s/agent_loop/slowest/compute_score:0.016118648010888137 - timing_s/agent_loop/slowest/num_preempted:-1 - timing_s/agent_loop/slowest/prompt_length:99 - timing_s/agent_loop/slowest/response_length:2048 - timing_s/gen:73.433914276 - timing_s/reward:4.294099926482886e-05 - timing_s/old_log_prob:17.919703099003527 - timing_s/adv:0.05133865000971127 - timing_s/update_actor:56.94151596700249 - timing_s/update_weights:3.084527300001355 - timing_s/step:152.0169899600005 - timing_s/stop_profile:0.00018712600285653025 - timing_per_token_ms/gen:0.04145595294269075 - timing_per_token_ms/update_actor:0.028257975428524453 - timing_per_token_ms/adv:2.5477479583591193e-05 - perf/total_num_tokens:2015060 - perf/time_per_step:152.0169899600005 - perf/throughput:3313.873009408707[36m(TaskRunner pid=30951)[0m Training Progress:   5%|▍         | 17/348 [44:37<14:12:16, 154.49s/it]
[36m(WorkerDict pid=34107)[0m INFO:2026-06-07 04:05:10,947:update_weights done, time cost: 1.87s
[36m(TaskRunner pid=30951)[0m Training Progress:   5%|▌         | 18/348 [47:19<14:22:03, 156.74s/it]
[36m(WorkerDict pid=34107)[0m INFO:2026-06-07 04:07:46,850:update_weights done, time cost: 2.00s
[36m(TaskRunner pid=30951)[0m Training Progress:   5%|▌         | 19/348 [49:54<14:17:55, 156.46s/it]
[36m(WorkerDict pid=34107)[0m INFO:2026-06-07 04:10:17,866:update_weights done, time cost: 1.90s

[36m(TaskRunner pid=30951)[0m step:18 - global_seqlen/min:477157 - global_seqlen/max:530087 - global_seqlen/minmax_diff:52930 - global_seqlen/balanced_min:506774 - global_seqlen/balanced_max:506776 - global_seqlen/mean:506775.0 - actor/entropy:0.39134955406188965 - perf/mfu/actor_infer:0.4675851689202113 - actor/pg_clipfrac:0.0 - actor/ppo_kl:0.0 - actor/pg_clipfrac_lower:0.0 - actor/pg_loss:0.03686209619627334 - actor/entropy_loss:0.39134954824112356 - actor/loss:0.036470748484134674 - actor/grad_norm:0.09193561226129532 - actor/lr:9.999797314343613e-07 - perf/mfu/actor:0.3835002856730548 - training/global_step:18 - training/epoch:0 - critic/score/mean:0.1630859375 - critic/score/max:1.0 - critic/score/min:0.0 - critic/rewards/mean:0.1630859375 - critic/rewards/max:1.0 - critic/rewards/min:0.0 - critic/advantages/mean:-0.0368620939552784 - critic/advantages/max:2.4748666286468506 - critic/advantages/min:-2.4748666286468506 - critic/returns/mean:-0.0368620939552784 - critic/returns/max:2.4748666286468506 - critic/returns/min:-2.4748666286468506 - response_length/mean:880.673828125 - response_length/max:2048.0 - response_length/min:2.0 - response_length/clip_ratio:0.11181640625 - response_length_non_aborted/mean:880.673828125 - response_length_non_aborted/max:2048.0 - response_length_non_aborted/min:2.0 - response_length_non_aborted/clip_ratio:0.11181640625 - response/aborted_ratio:0.0 - prompt_length/mean:109.12109375 - prompt_length/max:461.0 - prompt_length/min:38.0 - prompt_length/clip_ratio:0.0 - num_turns/min:2 - num_turns/max:2 - num_turns/mean:2.0 - timing_s/start_profile:7.68449972383678e-05 - timing_s/agent_loop/num_preempted/min:-1 - timing_s/agent_loop/num_preempted/max:-1 - timing_s/agent_loop/num_preempted/mean:-1.0 - timing_s/agent_loop/generate_sequences/min:0.5482975799968699 - timing_s/agent_loop/generate_sequences/max:79.63929226099572 - timing_s/agent_loop/generate_sequences/mean:42.04394131525555 - timing_s/agent_loop/tool_calls/min:0.0 - timing_s/agent_loop/tool_calls/max:0.0 - timing_s/agent_loop/tool_calls/mean:0.0 - timing_s/agent_loop/compute_score/min:0.006352605007123202 - timing_s/agent_loop/compute_score/max:0.16576202001306228 - timing_s/agent_loop/compute_score/mean:0.01705096056713984 - timing_s/agent_loop/slowest/generate_sequences:79.63929226099572 - timing_s/agent_loop/slowest/tool_calls:0.0 - timing_s/agent_loop/slowest/compute_score:0.01267893600743264 - timing_s/agent_loop/slowest/num_preempted:-1 - timing_s/agent_loop/slowest/prompt_length:109 - timing_s/agent_loop/slowest/response_length:2048 - timing_s/gen:82.611324322992 - timing_s/reward:4.442701174411923e-05 - timing_s/old_log_prob:17.94037159300933 - timing_s/adv:0.04480395700375084 - timing_s/update_actor:57.37693285799469 - timing_s/update_weights:3.263196276006056 - timing_s/step:161.8086999369989 - timing_s/stop_profile:0.00019719800911843777 - timing_per_token_ms/gen:0.045803065126241674 - timing_per_token_ms/update_actor:0.028304934565633016 - timing_per_token_ms/adv:2.2102489765552186e-05 - perf/total_num_tokens:2027100 - perf/time_per_step:161.8086999369989 - perf/throughput:3131.939136754177
[36m(TaskRunner pid=30951)[0m step:19 - global_seqlen/min:475615 - global_seqlen/max:540371 - global_seqlen/minmax_diff:64756 - global_seqlen/balanced_min:503646 - global_seqlen/balanced_max:503649 - global_seqlen/mean:503647.75 - actor/entropy:0.37881746888160706 - perf/mfu/actor_infer:0.475295094332634 - actor/pg_clipfrac:0.0 - actor/ppo_kl:0.0 - actor/pg_clipfrac_lower:0.0 - actor/pg_loss:0.03418972487179417 - actor/entropy_loss:0.3788174467626959 - actor/loss:0.03381090611219406 - actor/grad_norm:0.07725975662469864 - actor/lr:9.999189275632884e-07 - perf/mfu/actor:0.3887044670366033 - training/global_step:19 - training/epoch:0 - critic/score/mean:0.1494140625 - critic/score/max:1.0 - critic/score/min:0.0 - critic/rewards/mean:0.1494140625 - critic/rewards/max:1.0 - critic/rewards/min:0.0 - critic/advantages/mean:-0.034189723432064056 - critic/advantages/max:2.4748666286468506 - critic/advantages/min:-2.4748666286468506 - critic/returns/mean:-0.034189723432064056 - critic/returns/max:2.4748666286468506 - critic/returns/min:-2.4748666286468506 - response_length/mean:867.80810546875 - response_length/max:2048.0 - response_length/min:2.0 - response_length/clip_ratio:0.107421875 - response_length_non_aborted/mean:867.80810546875 - response_length_non_aborted/max:2048.0 - response_length_non_aborted/min:2.0 - response_length_non_aborted/clip_ratio:0.107421875 - response/aborted_ratio:0.0 - prompt_length/mean:115.87890625 - prompt_length/max:435.0 - prompt_length/min:43.0 - prompt_length/clip_ratio:0.0 - num_turns/min:2 - num_turns/max:2 - num_turns/mean:2.0 - timing_s/start_profile:6.4005987951532e-05 - timing_s/agent_loop/num_preempted/min:-1 - timing_s/agent_loop/num_preempted/max:-1 - timing_s/agent_loop/num_preempted/mean:-1.0 - timing_s/agent_loop/generate_sequences/min:0.4884983049996663 - timing_s/agent_loop/generate_sequences/max:75.79080771999725 - timing_s/agent_loop/generate_sequences/mean:38.92320644427843 - timing_s/agent_loop/tool_calls/min:0.0 - timing_s/agent_loop/tool_calls/max:0.0 - timing_s/agent_loop/tool_calls/mean:0.0 - timing_s/agent_loop/compute_score/min:0.007085429999278858 - timing_s/agent_loop/compute_score/max:0.10185810999246314 - timing_s/agent_loop/compute_score/mean:0.015066799392954522 - timing_s/agent_loop/slowest/generate_sequences:75.79080771999725 - timing_s/agent_loop/slowest/tool_calls:0.0 - timing_s/agent_loop/slowest/compute_score:0.014258743001846597 - timing_s/agent_loop/slowest/num_preempted:-1 - timing_s/agent_loop/slowest/prompt_length:98 - timing_s/agent_loop/slowest/response_length:2048 - timing_s/gen:78.0287202539912 - timing_s/reward:4.809499660041183e-05 - timing_s/old_log_prob:17.784715037996648 - timing_s/adv:0.046135908996802755 - timing_s/update_actor:55.97839480699622 - timing_s/update_weights:3.2201563929993426 - timing_s/step:155.66082411800744 - timing_s/stop_profile:0.0001973670005099848 - timing_per_token_ms/gen:0.043903670432922835 - timing_per_token_ms/update_actor:0.027786481130411194 - timing_per_token_ms/adv:2.290088112018904e-05 - perf/total_num_tokens:2014591 - perf/time_per_step:155.66082411800744 - perf/throughput:3235.5459561114844
[36m(TaskRunner pid=30951)[0m step:20 - global_seqlen/min:483603 - global_seqlen/max:541933 - global_seqlen/minmax_diff:58330 - global_seqlen/balanced_min:502442 - global_seqlen/balanced_max:502454 - global_seqlen/mean:502449.5 - actor/entropy:0.35735031962394714 - perf/mfu/actor_infer:0.4718348178314143 - actor/pg_clipfrac:0.0 - actor/ppo_kl:0.0 - actor/pg_clipfrac_lower:0.0 - actor/pg_loss:0.030660811507914332 - actor/entropy_loss:0.35735031589865685 - actor/loss:0.030303461477160454 - actor/grad_norm:0.06584756821393967 - actor/lr:9.998175938641472e-07 - perf/mfu/actor:0.38809141037569056 - training/global_step:20 - training/epoch:0 - critic/score/mean:0.1298828125 - critic/score/max:1.0 - critic/score/min:0.0 - critic/rewards/mean:0.1298828125 - critic/rewards/max:1.0 - critic/rewards/min:0.0 - critic/advantages/mean:-0.030660808086395264 - critic/advantages/max:2.4748666286468506 - critic/advantages/min:-2.4748666286468506 - critic/returns/mean:-0.030660808086395264 - critic/returns/max:2.4748666286468506 - critic/returns/min:-2.4748666286468506 - response_length/mean:864.0224609375 - response_length/max:2048.0 - response_length/min:2.0 - response_length/clip_ratio:0.0966796875 - response_length_non_aborted/mean:864.0224609375 - response_length_non_aborted/max:2048.0 - response_length_non_aborted/min:2.0 - response_length_non_aborted/clip_ratio:0.0966796875 - response/aborted_ratio:0.0 - prompt_length/mean:117.32421875 - prompt_length/max:466.0 - prompt_length/min:43.0 - prompt_length/clip_ratio:0.0 - num_turns/min:2 - num_turns/max:2 - num_turns/mean:2.0 - timing_s/start_profile:8.481899567414075e-05 - timing_s/agent_loop/num_preempted/min:-1 - timing_s/agent_loop/num_preempted/max:-1 - timing_s/agent_loop/num_preempted/mean:-1.0 - timing_s/agent_loop/generate_sequences/min:0.33944579999661073 - timing_s/agent_loop/generate_sequences/max:71.28699475699977 - timing_s/agent_loop/generate_sequences/mean:39.19147437632189 - timing_s/agent_loop/tool_calls/min:0.0 - timing_s/agent_loop/tool_calls/max:0.0 - timing_s/agent_loop/tool_calls/mean:0.0 - timing_s/agent_loop/compute_score/min:0.0055162689968710765 - timing_s/agent_loop/compute_score/max:0.08654277700406965 - timing_s/agent_loop/compute_score/mean:0.015153076218837214 - timing_s/agent_loop/slowest/generate_sequences:71.28699475699977 - timing_s/agent_loop/slowest/tool_calls:0.0 - timing_s/agent_loop/slowest/compute_score:0.012977196005522273 - timing_s/agent_loop/slowest/num_preempted:-1 - timing_s/agent_loop/slowest/prompt_length:97 - timing_s/agent_loop/slowest/response_length:2048 - timing_s/gen:73.74254361800558 - timing_s/reward:3.620200732257217e-05 - timing_s/old_log_prob:17.581551227995078 - timing_s/adv:0.04919174200040288 - timing_s/update_actor:55.77576288100681 - timing_s/update_weights:3.027201413991861 - timing_s/step:150.7494817879924 - timing_s/stop_profile:0.00021383000421337783 - timing_per_token_ms/gen:0.04167380248067869 - timing_per_token_ms/update_actor:0.027751924761098782 - timing_per_token_ms/adv:2.4475963256209272e-05 - perf/total_num_tokens:2009798 - perf/time_per_step:150.7494817879924 - perf/throughput:3333.009799042781[36m(TaskRunner pid=30951)[0m Training Progress:   6%|▌         | 20/348 [52:25<14:06:08, 154.78s/it]
[36m(WorkerDict pid=34107)[0m INFO:2026-06-07 04:12:49,734:update_weights done, time cost: 1.91s
[36m(TaskRunner pid=30951)[0m Training Progress:   6%|▌         | 21/348 [54:57<13:58:52, 153.92s/it]
[36m(WorkerDict pid=34107)[0m INFO:2026-06-07 04:15:27,568:update_weights done, time cost: 1.75s
[36m(TaskRunner pid=30951)[0m Training Progress:   6%|▋         | 22/348 [57:35<14:03:18, 155.21s/it]
[36m(WorkerDict pid=34107)[0m INFO:2026-06-07 04:18:13,329:update_weights done, time cost: 1.79s

[36m(TaskRunner pid=30951)[0m step:21 - global_seqlen/min:478407 - global_seqlen/max:508498 - global_seqlen/minmax_diff:30091 - global_seqlen/balanced_min:495073 - global_seqlen/balanced_max:495078 - global_seqlen/mean:495075.25 - actor/entropy:0.3406239151954651 - perf/mfu/actor_infer:0.47315919559787883 - actor/pg_clipfrac:0.0 - actor/ppo_kl:0.0 - actor/pg_clipfrac_lower:0.0 - actor/pg_loss:0.020453020272043432 - actor/entropy_loss:0.34062392078340054 - actor/loss:0.02011239528656006 - actor/grad_norm:0.06950496882200241 - actor/lr:9.996757394653316e-07 - perf/mfu/actor:0.3856010129942551 - training/global_step:21 - training/epoch:0 - critic/score/mean:0.146484375 - critic/score/max:1.0 - critic/score/min:0.0 - critic/rewards/mean:0.146484375 - critic/rewards/max:1.0 - critic/rewards/min:0.0 - critic/advantages/mean:-0.020453019067645073 - critic/advantages/max:2.4748666286468506 - critic/advantages/min:-2.4748666286468506 - critic/returns/mean:-0.020453019067645073 - critic/returns/max:2.4748666286468506 - critic/returns/min:-2.4748666286468506 - response_length/mean:855.26416015625 - response_length/max:2048.0 - response_length/min:3.0 - response_length/clip_ratio:0.08544921875 - response_length_non_aborted/mean:855.26416015625 - response_length_non_aborted/max:2048.0 - response_length_non_aborted/min:3.0 - response_length_non_aborted/clip_ratio:0.08544921875 - response/aborted_ratio:0.0 - prompt_length/mean:111.6796875 - prompt_length/max:399.0 - prompt_length/min:42.0 - prompt_length/clip_ratio:0.0 - num_turns/min:2 - num_turns/max:2 - num_turns/mean:2.0 - timing_s/start_profile:0.00014721500338055193 - timing_s/agent_loop/num_preempted/min:-1 - timing_s/agent_loop/num_preempted/max:-1 - timing_s/agent_loop/num_preempted/mean:-1.0 - timing_s/agent_loop/generate_sequences/min:0.5814131680090213 - timing_s/agent_loop/generate_sequences/max:71.64624804600317 - timing_s/agent_loop/generate_sequences/mean:39.81038191886028 - timing_s/agent_loop/tool_calls/min:0.0 - timing_s/agent_loop/tool_calls/max:0.0 - timing_s/agent_loop/tool_calls/mean:0.0 - timing_s/agent_loop/compute_score/min:0.006252342005609535 - timing_s/agent_loop/compute_score/max:0.39838448200316634 - timing_s/agent_loop/compute_score/mean:0.015009643504157566 - timing_s/agent_loop/slowest/generate_sequences:71.64624804600317 - timing_s/agent_loop/slowest/tool_calls:0.0 - timing_s/agent_loop/slowest/compute_score:0.01352671800123062 - timing_s/agent_loop/slowest/num_preempted:-1 - timing_s/agent_loop/slowest/prompt_length:144 - timing_s/agent_loop/slowest/response_length:2048 - timing_s/gen:74.99711625700002 - timing_s/reward:3.7609002902172506e-05 - timing_s/old_log_prob:17.660605298995506 - timing_s/adv:0.05194744700565934 - timing_s/update_actor:55.3327114959975 - timing_s/update_weights:3.031990608011256 - timing_s/step:151.70356665698637 - timing_s/stop_profile:0.0001952580059878528 - timing_per_token_ms/gen:0.04281681307173349 - timing_per_token_ms/update_actor:0.02794156620432828 - timing_per_token_ms/adv:2.6232096537677526e-05 - perf/total_num_tokens:1980301 - perf/time_per_step:151.70356665698637 - perf/throughput:3263.4384339783114
[36m(TaskRunner pid=30951)[0m step:22 - global_seqlen/min:472128 - global_seqlen/max:541181 - global_seqlen/minmax_diff:69053 - global_seqlen/balanced_min:512995 - global_seqlen/balanced_max:513001 - global_seqlen/mean:512998.0 - actor/entropy:0.34720146656036377 - perf/mfu/actor_infer:0.47106450930926763 - actor/pg_clipfrac:0.0 - actor/ppo_kl:0.0 - actor/pg_clipfrac_lower:0.0 - actor/pg_loss:0.018310590257897275 - actor/entropy_loss:0.3472014714498073 - actor/loss:0.017963388934731483 - actor/grad_norm:0.06593755632638931 - actor/lr:9.994933771454431e-07 - perf/mfu/actor:0.38179088954083834 - training/global_step:22 - training/epoch:0 - critic/score/mean:0.14404296875 - critic/score/max:1.0 - critic/score/min:0.0 - critic/rewards/mean:0.14404296875 - critic/rewards/max:1.0 - critic/rewards/min:0.0 - critic/advantages/mean:-0.018310589715838432 - critic/advantages/max:2.4748666286468506 - critic/advantages/min:-2.4748666286468506 - critic/returns/mean:-0.018310589715838432 - critic/returns/max:2.4748666286468506 - critic/returns/min:-2.4748666286468506 - response_length/mean:893.390625 - response_length/max:2048.0 - response_length/min:2.0 - response_length/clip_ratio:0.09716796875 - response_length_non_aborted/mean:893.390625 - response_length_non_aborted/max:2048.0 - response_length_non_aborted/min:2.0 - response_length_non_aborted/clip_ratio:0.09716796875 - response/aborted_ratio:0.0 - prompt_length/mean:108.55859375 - prompt_length/max:326.0 - prompt_length/min:42.0 - prompt_length/clip_ratio:0.0 - num_turns/min:2 - num_turns/max:2 - num_turns/mean:2.0 - timing_s/start_profile:6.057199789211154e-05 - timing_s/agent_loop/num_preempted/min:-1 - timing_s/agent_loop/num_preempted/max:-1 - timing_s/agent_loop/num_preempted/mean:-1.0 - timing_s/agent_loop/generate_sequences/min:0.4879347429960035 - timing_s/agent_loop/generate_sequences/max:75.92270217799523 - timing_s/agent_loop/generate_sequences/mean:40.686611857745355 - timing_s/agent_loop/tool_calls/min:0.0 - timing_s/agent_loop/tool_calls/max:0.0 - timing_s/agent_loop/tool_calls/mean:0.0 - timing_s/agent_loop/compute_score/min:0.006281663998379372 - timing_s/agent_loop/compute_score/max:0.15403990099730436 - timing_s/agent_loop/compute_score/mean:0.015173590977596518 - timing_s/agent_loop/slowest/generate_sequences:75.92270217799523 - timing_s/agent_loop/slowest/tool_calls:0.0 - timing_s/agent_loop/slowest/compute_score:0.01568311799201183 - timing_s/agent_loop/slowest/num_preempted:-1 - timing_s/agent_loop/slowest/prompt_length:91 - timing_s/agent_loop/slowest/response_length:2048 - timing_s/gen:78.4837781630049 - timing_s/reward:2.3838001652620733e-05 - timing_s/old_log_prob:17.819642874004785 - timing_s/adv:0.04805230400233995 - timing_s/update_actor:58.03412076999666 - timing_s/update_weights:3.292495848989347 - timing_s/step:158.04965185599576 - timing_s/stop_profile:0.00022775199613533914 - timing_per_token_ms/gen:0.04289518630907363 - timing_per_token_ms/update_actor:0.028281845528635913 - timing_per_token_ms/adv:2.3417393441270702e-05 - perf/total_num_tokens:2051992 - perf/time_per_step:158.04965185599576 - perf/throughput:3245.8027839720226
[36m(TaskRunner pid=30951)[0m step:23 - global_seqlen/min:501006 - global_seqlen/max:534695 - global_seqlen/minmax_diff:33689 - global_seqlen/balanced_min:517605 - global_seqlen/balanced_max:517618 - global_seqlen/mean:517613.0 - actor/entropy:0.3382438123226166 - perf/mfu/actor_infer:0.46666663928423896 - actor/pg_clipfrac:0.0 - actor/ppo_kl:0.0 - actor/pg_clipfrac_lower:0.0 - actor/pg_loss:0.021914717007348372 - actor/entropy_loss:0.3382438246626407 - actor/loss:0.021576473489403725 - actor/grad_norm:0.06556640565395355 - actor/lr:9.992705233321373e-07 - perf/mfu/actor:0.38304135786334864 - training/global_step:23 - training/epoch:0 - critic/score/mean:0.14501953125 - critic/score/max:1.0 - critic/score/min:0.0 - critic/rewards/mean:0.14501953125 - critic/rewards/max:1.0 - critic/rewards/min:0.0 - critic/advantages/mean:-0.021914716809988022 - critic/advantages/max:2.4748666286468506 - critic/advantages/min:-2.4748666286468506 - critic/returns/mean:-0.021914716809988022 - critic/returns/max:2.4748666286468506 - critic/returns/min:-2.4748666286468506 - response_length/mean:894.048828125 - response_length/max:2048.0 - response_length/min:2.0 - response_length/clip_ratio:0.0966796875 - response_length_non_aborted/mean:894.048828125 - response_length_non_aborted/max:2048.0 - response_length_non_aborted/min:2.0 - response_length_non_aborted/clip_ratio:0.0966796875 - response/aborted_ratio:0.0 - prompt_length/mean:116.9140625 - prompt_length/max:429.0 - prompt_length/min:40.0 - prompt_length/clip_ratio:0.0 - num_turns/min:2 - num_turns/max:2 - num_turns/mean:2.0 - timing_s/start_profile:7.69869948271662e-05 - timing_s/agent_loop/num_preempted/min:-1 - timing_s/agent_loop/num_preempted/max:-1 - timing_s/agent_loop/num_preempted/mean:-1.0 - timing_s/agent_loop/generate_sequences/min:0.6210296399949584 - timing_s/agent_loop/generate_sequences/max:81.65789518499514 - timing_s/agent_loop/generate_sequences/mean:42.73699691856479 - timing_s/agent_loop/tool_calls/min:0.0 - timing_s/agent_loop/tool_calls/max:0.0 - timing_s/agent_loop/tool_calls/mean:0.0 - timing_s/agent_loop/compute_score/min:0.005490630006534047 - timing_s/agent_loop/compute_score/max:0.13092006799706724 - timing_s/agent_loop/compute_score/mean:0.014822861143834132 - timing_s/agent_loop/slowest/generate_sequences:81.65789518499514 - timing_s/agent_loop/slowest/tool_calls:0.0 - timing_s/agent_loop/slowest/compute_score:0.01602249199640937 - timing_s/agent_loop/slowest/num_preempted:-1 - timing_s/agent_loop/slowest/prompt_length:158 - timing_s/agent_loop/slowest/response_length:2048 - timing_s/gen:84.69538519899652 - timing_s/reward:4.056301258970052e-05 - timing_s/old_log_prob:18.885010226993472 - timing_s/adv:0.044007292002788745 - timing_s/update_actor:58.06592670700047 - timing_s/update_weights:3.2445316390076187 - timing_s/step:165.5192410640011 - timing_s/stop_profile:0.00019841099856421351 - timing_per_token_ms/gen:0.04625605140708882 - timing_per_token_ms/update_actor:0.028045048475888585 - timing_per_token_ms/adv:2.1254920183027062e-05 - perf/total_num_tokens:2070452 - perf/time_per_step:165.5192410640011 - perf/throughput:3127.207427200897[36m(TaskRunner pid=30951)[0m Training Progress:   7%|▋         | 23/348 [1:00:21<14:17:38, 158.33s/it]
[36m(WorkerDict pid=34107)[0m INFO:2026-06-07 04:20:53,910:update_weights done, time cost: 1.76s
[36m(TaskRunner pid=30951)[0m Training Progress:   7%|▋         | 24/348 [1:03:02<14:18:33, 158.99s/it]
[36m(WorkerDict pid=34108)[0m INFO:2026-06-07 04:23:28,204:[Rank 1] Saved model to /workspace/AI4AI/experiments/claude-code-verl/workspace/checkpoints/grpo_v1/global_step_25/actor/model_world_size_4_rank_1.pt
[36m(WorkerDict pid=34109)[0m INFO:2026-06-07 04:23:33,033:[Rank 2] Saved optim to /workspace/AI4AI/experiments/claude-code-verl/workspace/checkpoints/grpo_v1/global_step_25/actor/optim_world_size_4_rank_2.pt
[36m(WorkerDict pid=34109)[0m INFO:2026-06-07 04:23:33,035:[Rank 2] Saved extra_state to /workspace/AI4AI/experiments/claude-code-verl/workspace/checkpoints/grpo_v1/global_step_25/actor/extra_state_world_size_4_rank_2.pt
[36m(WorkerDict pid=34110)[0m INFO:2026-06-07 04:23:28,812:[Rank 3] Saved model to /workspace/AI4AI/experiments/claude-code-verl/workspace/checkpoints/grpo_v1/global_step_25/actor/model_world_size_4_rank_3.pt[32m [repeated 3x across cluster][0m
[36m(WorkerDict pid=34107)[0m INFO:2026-06-07 04:23:34,468:[Rank 0] Saved model config and tokenizer class to /workspace/AI4AI/experiments/claude-code-verl/workspace/checkpoints/grpo_v1/global_step_25/actor/huggingface
[36m(WorkerDict pid=34107)[0m INFO:2026-06-07 04:23:36,742:update_weights done, time cost: 1.93s
[36m(TaskRunner pid=30951)[0m Training Progress:   7%|▋         | 25/348 [1:05:44<14:21:53, 160.10s/it]
[36m(WorkerDict pid=34107)[0m INFO:2026-06-07 04:26:08,653:update_weights done, time cost: 2.09s
[36m(WorkerDict pid=34107)[0m INFO:2026-06-07 04:23:34,192:[Rank 0] Saved optim to /workspace/AI4AI/experiments/claude-code-verl/workspace/checkpoints/grpo_v1/global_step_25/actor/optim_world_size_4_rank_0.pt[32m [repeated 3x across cluster][0m
[36m(WorkerDict pid=34107)[0m INFO:2026-06-07 04:23:34,200:[Rank 0] Saved extra_state to /workspace/AI4AI/experiments/claude-code-verl/workspace/checkpoints/grpo_v1/global_step_25/actor/extra_state_world_size_4_rank_0.pt[32m [repeated 3x across cluster][0m

[36m(TaskRunner pid=30951)[0m step:24 - global_seqlen/min:487594 - global_seqlen/max:521876 - global_seqlen/minmax_diff:34282 - global_seqlen/balanced_min:507456 - global_seqlen/balanced_max:507466 - global_seqlen/mean:507459.5 - actor/entropy:0.34461262822151184 - perf/mfu/actor_infer:0.4732918365132753 - actor/pg_clipfrac:0.0 - actor/ppo_kl:0.0 - actor/pg_clipfrac_lower:0.0 - actor/pg_loss:0.019857753184624016 - actor/entropy_loss:0.3446126172784716 - actor/loss:0.019513141363859177 - actor/grad_norm:0.06600744277238846 - actor/lr:9.99007198100646e-07 - perf/mfu/actor:0.3807414501822316 - training/global_step:24 - training/epoch:0 - critic/score/mean:0.17578125 - critic/score/max:1.0 - critic/score/min:0.0 - critic/rewards/mean:0.17578125 - critic/rewards/max:1.0 - critic/rewards/min:0.0 - critic/advantages/mean:-0.019857756793498993 - critic/advantages/max:2.4748666286468506 - critic/advantages/min:-2.4748666286468506 - critic/returns/mean:-0.019857756793498993 - critic/returns/max:2.4748666286468506 - critic/returns/min:-2.4748666286468506 - response_length/mean:875.5107421875 - response_length/max:2048.0 - response_length/min:5.0 - response_length/clip_ratio:0.0927734375 - response_length_non_aborted/mean:875.5107421875 - response_length_non_aborted/max:2048.0 - response_length_non_aborted/min:5.0 - response_length_non_aborted/clip_ratio:0.0927734375 - response/aborted_ratio:0.0 - prompt_length/mean:115.62109375 - prompt_length/max:423.0 - prompt_length/min:41.0 - prompt_length/clip_ratio:0.0 - num_turns/min:2 - num_turns/max:2 - num_turns/mean:2.0 - timing_s/start_profile:5.6967008276842535e-05 - timing_s/agent_loop/num_preempted/min:-1 - timing_s/agent_loop/num_preempted/max:-1 - timing_s/agent_loop/num_preempted/mean:-1.0 - timing_s/agent_loop/generate_sequences/min:1.1450580560049275 - timing_s/agent_loop/generate_sequences/max:78.45205399100087 - timing_s/agent_loop/generate_sequences/mean:43.372724105666 - timing_s/agent_loop/tool_calls/min:0.0 - timing_s/agent_loop/tool_calls/max:0.0 - timing_s/agent_loop/tool_calls/mean:0.0 - timing_s/agent_loop/compute_score/min:0.0054910500039113685 - timing_s/agent_loop/compute_score/max:0.15750848699826747 - timing_s/agent_loop/compute_score/mean:0.01651714183147135 - timing_s/agent_loop/slowest/generate_sequences:78.45205399100087 - timing_s/agent_loop/slowest/tool_calls:0.0 - timing_s/agent_loop/slowest/compute_score:0.01374242598831188 - timing_s/agent_loop/slowest/num_preempted:-1 - timing_s/agent_loop/slowest/prompt_length:98 - timing_s/agent_loop/slowest/response_length:2048 - timing_s/gen:81.53266933599662 - timing_s/reward:2.6834008167497814e-05 - timing_s/old_log_prob:17.79290784501063 - timing_s/adv:0.04392044499400072 - timing_s/update_actor:57.311643847002415 - timing_s/update_weights:3.1506492900080048 - timing_s/step:160.40713320799114 - timing_s/stop_profile:0.0001959469955181703 - timing_per_token_ms/gen:0.045471599354392815 - timing_per_token_ms/update_actor:0.02823459007418445 - timing_per_token_ms/adv:2.1637413918746578e-05 - perf/total_num_tokens:2029838 - perf/time_per_step:160.40713320799114 - perf/throughput:3163.571905134699
[36m(TaskRunner pid=30951)[0m local_global_step_folder: /workspace/AI4AI/experiments/claude-code-verl/workspace/checkpoints/grpo_v1/global_step_25
[36m(TaskRunner pid=30951)[0m step:25 - global_seqlen/min:477941 - global_seqlen/max:514718 - global_seqlen/minmax_diff:36777 - global_seqlen/balanced_min:498554 - global_seqlen/balanced_max:498563 - global_seqlen/mean:498560.0 - actor/entropy:0.3298293650150299 - perf/mfu/actor_infer:0.4748657563480732 - actor/pg_clipfrac:0.0 - actor/ppo_kl:0.0 - actor/pg_clipfrac_lower:0.0 - actor/pg_loss:0.02397514616313856 - actor/entropy_loss:0.3298293633852154 - actor/loss:0.023645317181944847 - actor/grad_norm:0.07109983265399933 - actor/lr:9.987034251719685e-07 - perf/mfu/actor:0.3883330153430823 - training/global_step:25 - training/epoch:0 - critic/score/mean:0.1943359375 - critic/score/max:1.0 - critic/score/min:0.0 - critic/rewards/mean:0.1943359375 - critic/rewards/max:1.0 - critic/rewards/min:0.0 - critic/advantages/mean:-0.023975146934390068 - critic/advantages/max:2.4748666286468506 - critic/advantages/min:-2.4748666286468506 - critic/returns/mean:-0.023975146934390068 - critic/returns/max:2.4748666286468506 - critic/returns/min:-2.4748666286468506 - response_length/mean:854.6640625 - response_length/max:2048.0 - response_length/min:3.0 - response_length/clip_ratio:0.0888671875 - response_length_non_aborted/mean:854.6640625 - response_length_non_aborted/max:2048.0 - response_length_non_aborted/min:3.0 - response_length_non_aborted/clip_ratio:0.0888671875 - response/aborted_ratio:0.0 - prompt_length/mean:119.0859375 - prompt_length/max:421.0 - prompt_length/min:44.0 - prompt_length/clip_ratio:0.0 - num_turns/min:2 - num_turns/max:2 - num_turns/mean:2.0 - timing_s/start_profile:0.00017591699725016952 - timing_s/agent_loop/num_preempted/min:-1 - timing_s/agent_loop/num_preempted/max:-1 - timing_s/agent_loop/num_preempted/mean:-1.0 - timing_s/agent_loop/generate_sequences/min:0.7051719769951887 - timing_s/agent_loop/generate_sequences/max:73.68466606999573 - timing_s/agent_loop/generate_sequences/mean:40.028230838538086 - timing_s/agent_loop/tool_calls/min:0.0 - timing_s/agent_loop/tool_calls/max:0.0 - timing_s/agent_loop/tool_calls/mean:0.0 - timing_s/agent_loop/compute_score/min:0.006385418004356325 - timing_s/agent_loop/compute_score/max:0.11080663300526794 - timing_s/agent_loop/compute_score/mean:0.014264643358337992 - timing_s/agent_loop/slowest/generate_sequences:73.68466606999573 - timing_s/agent_loop/slowest/tool_calls:0.0 - timing_s/agent_loop/slowest/compute_score:0.014347730990266427 - timing_s/agent_loop/slowest/num_preempted:-1 - timing_s/agent_loop/slowest/prompt_length:92 - timing_s/agent_loop/slowest/response_length:2048 - timing_s/gen:76.22212345400476 - timing_s/reward:3.340299008414149e-05 - timing_s/old_log_prob:17.52585230799741 - timing_s/adv:0.043964718002825975 - timing_s/update_actor:55.219949395992444 - timing_s/save_checkpoint:9.659355573006906 - timing_s/update_weights:3.2212625949905487 - timing_s/step:162.4801210630103 - timing_s/stop_profile:0.00022295799863059074 - timing_per_token_ms/gen:0.043546740000871116 - timing_per_token_ms/update_actor:0.027689721094749098 - timing_per_token_ms/adv:2.2045851052444026e-05 - perf/total_num_tokens:1994240 - perf/time_per_step:162.4801210630103 - perf/throughput:3068.436906239483
[36m(TaskRunner pid=30951)[0m step:26 - global_seqlen/min:464745 - global_seqlen/max:524355 - global_seqlen/minmax_diff:59610 - global_seqlen/balanced_min:500528 - global_seqlen/balanced_max:500539 - global_seqlen/mean:500533.75 - actor/entropy:0.3178326487541199 - perf/mfu/actor_infer:0.4739294079576657 - actor/pg_clipfrac:0.0 - actor/ppo_kl:0.0 - actor/pg_clipfrac_lower:0.0 - actor/pg_loss:0.021217453292592836 - actor/entropy_loss:0.31783262151293457 - actor/loss:0.02089962176978588 - actor/grad_norm:0.07642404735088348 - actor/lr:9.983592319107335e-07 - perf/mfu/actor:0.38720746854325183 - training/global_step:26 - training/epoch:0 - critic/score/mean:0.16845703125 - critic/score/max:1.0 - critic/score/min:0.0 - critic/rewards/mean:0.16845703125 - critic/rewards/max:1.0 - critic/rewards/min:0.0 - critic/advantages/mean:-0.021217450499534607 - critic/advantages/max:2.4748666286468506 - critic/advantages/min:-2.4748666286468506 - critic/returns/mean:-0.021217450499534607 - critic/returns/max:2.4748666286468506 - critic/returns/min:-2.4748666286468506 - response_length/mean:867.31201171875 - response_length/max:2048.0 - response_length/min:4.0 - response_length/clip_ratio:0.08740234375 - response_length_non_aborted/mean:867.31201171875 - response_length_non_aborted/max:2048.0 - response_length_non_aborted/min:4.0 - response_length_non_aborted/clip_ratio:0.08740234375 - response/aborted_ratio:0.0 - prompt_length/mean:110.29296875 - prompt_length/max:267.0 - prompt_length/min:40.0 - prompt_length/clip_ratio:0.0 - num_turns/min:2 - num_turns/max:2 - num_turns/mean:2.0 - timing_s/start_profile:7.823698979336768e-05 - timing_s/agent_loop/num_preempted/min:-1 - timing_s/agent_loop/num_preempted/max:-1 - timing_s/agent_loop/num_preempted/mean:-1.0 - timing_s/agent_loop/generate_sequences/min:0.3015504780050833 - timing_s/agent_loop/generate_sequences/max:72.04707212500216 - timing_s/agent_loop/generate_sequences/mean:39.004987035470215 - timing_s/agent_loop/tool_calls/min:0.0 - timing_s/agent_loop/tool_calls/max:0.0 - timing_s/agent_loop/tool_calls/mean:0.0 - timing_s/agent_loop/compute_score/min:0.00613028000225313 - timing_s/agent_loop/compute_score/max:0.1454260919999797 - timing_s/agent_loop/compute_score/mean:0.015360267097008773 - timing_s/agent_loop/slowest/generate_sequences:72.04707212500216 - timing_s/agent_loop/slowest/tool_calls:0.0 - timing_s/agent_loop/slowest/compute_score:0.01471664999553468 - timing_s/agent_loop/slowest/num_preempted:-1 - timing_s/agent_loop/slowest/prompt_length:133 - timing_s/agent_loop/slowest/response_length:2048 - timing_s/gen:74.67454728600569 - timing_s/reward:4.1611012420617044e-05 - timing_s/old_log_prob:17.522553023009095 - timing_s/adv:0.04377791000297293 - timing_s/update_actor:55.63541767899005 - timing_s/update_weights:3.172728265999467 - timing_s/step:151.6372153800039 - timing_s/stop_profile:0.00019214600615669042 - timing_per_token_ms/gen:0.04204044311543426 - timing_per_token_ms/update_actor:0.027788045101349336 - timing_per_token_ms/adv:2.1865613459118856e-05 - perf/total_num_tokens:2002135 - perf/time_per_step:151.6372153800039 - perf/throughput:3300.8635033666305[36m(TaskRunner pid=30951)[0m Training Progress:   7%|▋         | 26/348 [1:08:16<14:05:48, 157.61s/it]
[36m(WorkerDict pid=34107)[0m INFO:2026-06-07 04:28:50,194:update_weights done, time cost: 2.18s
[36m(TaskRunner pid=30951)[0m Training Progress:   8%|▊         | 27/348 [1:10:58<14:09:46, 158.84s/it]
[36m(WorkerDict pid=34107)[0m INFO:2026-06-07 04:31:25,971:update_weights done, time cost: 1.83s
[36m(TaskRunner pid=30951)[0m Training Progress:   8%|▊         | 28/348 [1:13:34<14:02:15, 157.92s/it]
[36m(WorkerDict pid=34107)[0m INFO:2026-06-07 04:33:59,637:update_weights done, time cost: 1.72s

[36m(TaskRunner pid=30951)[0m step:27 - global_seqlen/min:477661 - global_seqlen/max:550356 - global_seqlen/minmax_diff:72695 - global_seqlen/balanced_min:525527 - global_seqlen/balanced_max:525534 - global_seqlen/mean:525530.75 - actor/entropy:0.30554214119911194 - perf/mfu/actor_infer:0.47735324052194494 - actor/pg_clipfrac:0.0 - actor/ppo_kl:0.0 - actor/pg_clipfrac_lower:0.0 - actor/pg_loss:0.02418780395601061 - actor/entropy_loss:0.3055421563331038 - actor/loss:0.02388226054608822 - actor/grad_norm:0.061920661479234695 - actor/lr:9.979746493227355e-07 - perf/mfu/actor:0.38768477446064226 - training/global_step:27 - training/epoch:0 - critic/score/mean:0.162109375 - critic/score/max:1.0 - critic/score/min:0.0 - critic/rewards/mean:0.162109375 - critic/rewards/max:1.0 - critic/rewards/min:0.0 - critic/advantages/mean:-0.024187803268432617 - critic/advantages/max:2.4748666286468506 - critic/advantages/min:-2.4748666286468506 - critic/returns/mean:-0.024187803268432617 - critic/returns/max:2.4748666286468506 - critic/returns/min:-2.4748666286468506 - response_length/mean:912.64990234375 - response_length/max:2048.0 - response_length/min:4.0 - response_length/clip_ratio:0.08642578125 - response_length_non_aborted/mean:912.64990234375 - response_length_non_aborted/max:2048.0 - response_length_non_aborted/min:4.0 - response_length_non_aborted/clip_ratio:0.08642578125 - response/aborted_ratio:0.0 - prompt_length/mean:113.77734375 - prompt_length/max:306.0 - prompt_length/min:40.0 - prompt_length/clip_ratio:0.0 - num_turns/min:2 - num_turns/max:2 - num_turns/mean:2.0 - timing_s/start_profile:7.944699609652162e-05 - timing_s/agent_loop/num_preempted/min:-1 - timing_s/agent_loop/num_preempted/max:-1 - timing_s/agent_loop/num_preempted/mean:-1.0 - timing_s/agent_loop/generate_sequences/min:0.6290779819973977 - timing_s/agent_loop/generate_sequences/max:78.94836281200696 - timing_s/agent_loop/generate_sequences/mean:44.42451964245813 - timing_s/agent_loop/tool_calls/min:0.0 - timing_s/agent_loop/tool_calls/max:0.0 - timing_s/agent_loop/tool_calls/mean:0.0 - timing_s/agent_loop/compute_score/min:0.005506141998921521 - timing_s/agent_loop/compute_score/max:0.16802141700463835 - timing_s/agent_loop/compute_score/mean:0.015507125408319666 - timing_s/agent_loop/slowest/generate_sequences:78.94836281200696 - timing_s/agent_loop/slowest/tool_calls:0.0 - timing_s/agent_loop/slowest/compute_score:0.014108470000792295 - timing_s/agent_loop/slowest/num_preempted:-1 - timing_s/agent_loop/slowest/prompt_length:115 - timing_s/agent_loop/slowest/response_length:2048 - timing_s/gen:81.55729244499526 - timing_s/reward:4.388899833429605e-05 - timing_s/old_log_prob:18.29434963800304 - timing_s/adv:0.03065916099876631 - timing_s/update_actor:57.74186075900798 - timing_s/update_weights:3.414418571002898 - timing_s/step:161.61211434099823 - timing_s/stop_profile:4.731499939225614e-05 - timing_per_token_ms/gen:0.043634362529804474 - timing_per_token_ms/update_actor:0.027468354972096293 - timing_per_token_ms/adv:1.4584855880824437e-05 - perf/total_num_tokens:2102123 - perf/time_per_step:161.61211434099823 - perf/throughput:3251.8029489493647
[36m(TaskRunner pid=30951)[0m step:28 - global_seqlen/min:488984 - global_seqlen/max:532142 - global_seqlen/minmax_diff:43158 - global_seqlen/balanced_min:509142 - global_seqlen/balanced_max:509148 - global_seqlen/mean:509144.75 - actor/entropy:0.3310680389404297 - perf/mfu/actor_infer:0.46679472636623015 - actor/pg_clipfrac:0.0 - actor/ppo_kl:0.0 - actor/pg_clipfrac_lower:0.0 - actor/pg_loss:0.013822572873323224 - actor/entropy_loss:0.3310680577997118 - actor/loss:0.013491503894329071 - actor/grad_norm:0.062027886509895325 - actor/lr:9.975497120521405e-07 - perf/mfu/actor:0.38457322221324186 - training/global_step:28 - training/epoch:0 - critic/score/mean:0.14404296875 - critic/score/max:1.0 - critic/score/min:0.0 - critic/rewards/mean:0.14404296875 - critic/rewards/max:1.0 - critic/rewards/min:0.0 - critic/advantages/mean:-0.013822573237121105 - critic/advantages/max:2.4748666286468506 - critic/advantages/min:-2.4748666286468506 - critic/returns/mean:-0.013822573237121105 - critic/returns/max:2.4748666286468506 - critic/returns/min:-2.4748666286468506 - response_length/mean:873.17333984375 - response_length/max:2048.0 - response_length/min:2.0 - response_length/clip_ratio:0.08251953125 - response_length_non_aborted/mean:873.17333984375 - response_length_non_aborted/max:2048.0 - response_length_non_aborted/min:2.0 - response_length_non_aborted/clip_ratio:0.08251953125 - response/aborted_ratio:0.0 - prompt_length/mean:121.25 - prompt_length/max:458.0 - prompt_length/min:42.0 - prompt_length/clip_ratio:0.0 - num_turns/min:2 - num_turns/max:2 - num_turns/mean:2.0 - timing_s/start_profile:5.667000368703157e-05 - timing_s/agent_loop/num_preempted/min:-1 - timing_s/agent_loop/num_preempted/max:-1 - timing_s/agent_loop/num_preempted/mean:-1.0 - timing_s/agent_loop/generate_sequences/min:0.36043110699392855 - timing_s/agent_loop/generate_sequences/max:73.90957041599904 - timing_s/agent_loop/generate_sequences/mean:40.45148481815124 - timing_s/agent_loop/tool_calls/min:0.0 - timing_s/agent_loop/tool_calls/max:0.0 - timing_s/agent_loop/tool_calls/mean:0.0 - timing_s/agent_loop/compute_score/min:0.005049496001447551 - timing_s/agent_loop/compute_score/max:0.0844572610076284 - timing_s/agent_loop/compute_score/mean:0.014496888127034424 - timing_s/agent_loop/slowest/generate_sequences:73.90957041599904 - timing_s/agent_loop/slowest/tool_calls:0.0 - timing_s/agent_loop/slowest/compute_score:0.012076181010343134 - timing_s/agent_loop/slowest/num_preempted:-1 - timing_s/agent_loop/slowest/prompt_length:132 - timing_s/agent_loop/slowest/response_length:2048 - timing_s/gen:76.63589601998683 - timing_s/reward:3.817700780928135e-05 - timing_s/old_log_prob:17.94595324799593 - timing_s/adv:0.04663622900261544 - timing_s/update_actor:57.343675197000266 - timing_s/update_weights:3.150580973000615 - timing_s/step:155.67988471400167 - timing_s/stop_profile:0.0002010710013564676 - timing_per_token_ms/gen:0.042855031636908764 - timing_per_token_ms/update_actor:0.02815686265890018 - timing_per_token_ms/adv:2.289929779429889e-05 - perf/total_num_tokens:2036579 - perf/time_per_step:155.67988471400167 - perf/throughput:3270.459449114739
[36m(TaskRunner pid=30951)[0m step:29 - global_seqlen/min:497528 - global_seqlen/max:515885 - global_seqlen/minmax_diff:18357 - global_seqlen/balanced_min:507327 - global_seqlen/balanced_max:507338 - global_seqlen/mean:507332.25 - actor/entropy:0.3323875367641449 - perf/mfu/actor_infer:0.470949969384304 - actor/pg_clipfrac:0.0 - actor/ppo_kl:0.0 - actor/pg_clipfrac_lower:0.0 - actor/pg_loss:0.024085611981718102 - actor/entropy_loss:0.33238755306228995 - actor/loss:0.023753223940730095 - actor/grad_norm:0.0641208216547966 - actor/lr:9.970844583783663e-07 - perf/mfu/actor:0.3840179291095851 - training/global_step:29 - training/epoch:0 - critic/score/mean:0.1650390625 - critic/score/max:1.0 - critic/score/min:0.0 - critic/rewards/mean:0.1650390625 - critic/rewards/max:1.0 - critic/rewards/min:0.0 - critic/advantages/mean:-0.024085605517029762 - critic/advantages/max:2.4748666286468506 - critic/advantages/min:-2.4748666286468506 - critic/returns/mean:-0.024085605517029762 - critic/returns/max:2.4748666286468506 - critic/returns/min:-2.4748666286468506 - response_length/mean:877.49267578125 - response_length/max:2048.0 - response_length/min:7.0 - response_length/clip_ratio:0.08056640625 - response_length_non_aborted/mean:877.49267578125 - response_length_non_aborted/max:2048.0 - response_length_non_aborted/min:7.0 - response_length_non_aborted/clip_ratio:0.08056640625 - response/aborted_ratio:0.0 - prompt_length/mean:113.390625 - prompt_length/max:329.0 - prompt_length/min:42.0 - prompt_length/clip_ratio:0.0 - num_turns/min:2 - num_turns/max:2 - num_turns/mean:2.0 - timing_s/start_profile:0.00017670600209385157 - timing_s/agent_loop/num_preempted/min:-1 - timing_s/agent_loop/num_preempted/max:-1 - timing_s/agent_loop/num_preempted/mean:-1.0 - timing_s/agent_loop/generate_sequences/min:0.9744356320006773 - timing_s/agent_loop/generate_sequences/max:72.07743495400064 - timing_s/agent_loop/generate_sequences/mean:39.71656440365489 - timing_s/agent_loop/tool_calls/min:0.0 - timing_s/agent_loop/tool_calls/max:0.0 - timing_s/agent_loop/tool_calls/mean:0.0 - timing_s/agent_loop/compute_score/min:0.00639578299887944 - timing_s/agent_loop/compute_score/max:0.3104323830048088 - timing_s/agent_loop/compute_score/mean:0.015010390506326132 - timing_s/agent_loop/slowest/generate_sequences:72.07743495400064 - timing_s/agent_loop/slowest/tool_calls:0.0 - timing_s/agent_loop/slowest/compute_score:0.01690663599583786 - timing_s/agent_loop/slowest/num_preempted:-1 - timing_s/agent_loop/slowest/prompt_length:110 - timing_s/agent_loop/slowest/response_length:2048 - timing_s/gen:74.67786308600625 - timing_s/reward:4.219199763610959e-05 - timing_s/old_log_prob:18.06993660199805 - timing_s/adv:0.05148729000939056 - timing_s/update_actor:57.14192075999745 - timing_s/update_weights:3.1288096019998193 - timing_s/step:153.63779052700556 - timing_s/stop_profile:0.00020817200129386038 - timing_per_token_ms/gen:0.041554535258655594 - timing_per_token_ms/update_actor:0.02815803684863196 - timing_per_token_ms/adv:2.5371583419638e-05 - perf/total_num_tokens:2029329 - perf/time_per_step:153.63779052700556 - perf/throughput:3302.1319055667104[36m(TaskRunner pid=30951)[0m Training Progress:   8%|▊         | 29/348 [1:16:07<13:53:06, 156.70s/it]
[36m(WorkerDict pid=34107)[0m INFO:2026-06-07 04:36:28,287:update_weights done, time cost: 2.02s
[36m(TaskRunner pid=30951)[0m Training Progress:   9%|▊         | 30/348 [1:18:36<13:37:09, 154.18s/it]
[36m(WorkerDict pid=34107)[0m INFO:2026-06-07 04:39:01,720:update_weights done, time cost: 2.02s
[36m(TaskRunner pid=30951)[0m Training Progress:   9%|▉         | 31/348 [1:21:09<13:33:21, 153.95s/it]
[36m(WorkerDict pid=34107)[0m INFO:2026-06-07 04:41:31,552:update_weights done, time cost: 1.51s

[36m(TaskRunner pid=30951)[0m step:30 - global_seqlen/min:453178 - global_seqlen/max:517461 - global_seqlen/minmax_diff:64283 - global_seqlen/balanced_min:493978 - global_seqlen/balanced_max:493991 - global_seqlen/mean:493986.25 - actor/entropy:0.3252338469028473 - perf/mfu/actor_infer:0.48019234480453327 - actor/pg_clipfrac:0.0 - actor/ppo_kl:0.0 - actor/pg_clipfrac_lower:0.0 - actor/pg_loss:0.0059543457045947434 - actor/entropy_loss:0.32523387018591166 - actor/loss:0.005629110150039196 - actor/grad_norm:0.06484999507665634 - actor/lr:9.965789302126338e-07 - perf/mfu/actor:0.38293704797387673 - training/global_step:30 - training/epoch:0 - critic/score/mean:0.1728515625 - critic/score/max:1.0 - critic/score/min:0.0 - critic/rewards/mean:0.1728515625 - critic/rewards/max:1.0 - critic/rewards/min:0.0 - critic/advantages/mean:-0.005954347085207701 - critic/advantages/max:2.4748666286468506 - critic/advantages/min:-2.4748666286468506 - critic/returns/mean:-0.005954347085207701 - critic/returns/max:2.4748666286468506 - critic/returns/min:-2.4748666286468506 - response_length/mean:844.66845703125 - response_length/max:2048.0 - response_length/min:8.0 - response_length/clip_ratio:0.0703125 - response_length_non_aborted/mean:844.66845703125 - response_length_non_aborted/max:2048.0 - response_length_non_aborted/min:8.0 - response_length_non_aborted/clip_ratio:0.0703125 - response/aborted_ratio:0.0 - prompt_length/mean:120.1484375 - prompt_length/max:499.0 - prompt_length/min:44.0 - prompt_length/clip_ratio:0.0 - num_turns/min:2 - num_turns/max:2 - num_turns/mean:2.0 - timing_s/start_profile:6.086900248192251e-05 - timing_s/agent_loop/num_preempted/min:-1 - timing_s/agent_loop/num_preempted/max:-1 - timing_s/agent_loop/num_preempted/mean:-1.0 - timing_s/agent_loop/generate_sequences/min:0.3855484020023141 - timing_s/agent_loop/generate_sequences/max:70.11444413699792 - timing_s/agent_loop/generate_sequences/mean:39.17234597173867 - timing_s/agent_loop/tool_calls/min:0.0 - timing_s/agent_loop/tool_calls/max:0.0 - timing_s/agent_loop/tool_calls/mean:0.0 - timing_s/agent_loop/compute_score/min:0.003951503997086547 - timing_s/agent_loop/compute_score/max:0.38752350200957153 - timing_s/agent_loop/compute_score/mean:0.013682529798337839 - timing_s/agent_loop/slowest/generate_sequences:70.11444413699792 - timing_s/agent_loop/slowest/tool_calls:0.0 - timing_s/agent_loop/slowest/compute_score:0.005284104991005734 - timing_s/agent_loop/slowest/num_preempted:-1 - timing_s/agent_loop/slowest/prompt_length:69 - timing_s/agent_loop/slowest/response_length:2048 - timing_s/gen:72.44436641300854 - timing_s/reward:2.983699960168451e-05 - timing_s/old_log_prob:16.473820002007415 - timing_s/adv:0.050832780994824134 - timing_s/update_actor:55.75514457299141 - timing_s/update_weights:3.0550837890041294 - timing_s/step:148.1791701010079 - timing_s/stop_profile:0.00020299699099268764 - timing_per_token_ms/gen:0.04187823694982981 - timing_per_token_ms/update_actor:0.02821695167273958 - timing_per_token_ms/adv:2.5725807648909325e-05 - perf/total_num_tokens:1975945 - perf/time_per_step:148.1791701010079 - perf/throughput:3333.709114872684
[36m(TaskRunner pid=30951)[0m step:31 - global_seqlen/min:489667 - global_seqlen/max:533773 - global_seqlen/minmax_diff:44106 - global_seqlen/balanced_min:505266 - global_seqlen/balanced_max:505274 - global_seqlen/mean:505269.75 - actor/entropy:0.31441840529441833 - perf/mfu/actor_infer:0.47135561347599597 - actor/pg_clipfrac:0.0 - actor/ppo_kl:0.0 - actor/pg_clipfrac_lower:0.0 - actor/pg_loss:0.01815757235044657 - actor/entropy_loss:0.31441838247701526 - actor/loss:0.017843153327703476 - actor/grad_norm:0.07229762524366379 - actor/lr:9.960331730941905e-07 - perf/mfu/actor:0.3858584399115793 - training/global_step:31 - training/epoch:0 - critic/score/mean:0.193359375 - critic/score/max:1.0 - critic/score/min:0.0 - critic/rewards/mean:0.193359375 - critic/rewards/max:1.0 - critic/rewards/min:0.0 - critic/advantages/mean:-0.01815757341682911 - critic/advantages/max:2.4748666286468506 - critic/advantages/min:-2.4748666286468506 - critic/returns/mean:-0.01815757341682911 - critic/returns/max:2.4748666286468506 - critic/returns/min:-2.4748666286468506 - response_length/mean:872.70654296875 - response_length/max:2048.0 - response_length/min:24.0 - response_length/clip_ratio:0.0751953125 - response_length_non_aborted/mean:872.70654296875 - response_length_non_aborted/max:2048.0 - response_length_non_aborted/min:24.0 - response_length_non_aborted/clip_ratio:0.0751953125 - response/aborted_ratio:0.0 - prompt_length/mean:114.1484375 - prompt_length/max:370.0 - prompt_length/min:46.0 - prompt_length/clip_ratio:0.0 - num_turns/min:2 - num_turns/max:2 - num_turns/mean:2.0 - timing_s/start_profile:7.752899546176195e-05 - timing_s/agent_loop/num_preempted/min:-1 - timing_s/agent_loop/num_preempted/max:-1 - timing_s/agent_loop/num_preempted/mean:-1.0 - timing_s/agent_loop/generate_sequences/min:1.8508915629936382 - timing_s/agent_loop/generate_sequences/max:72.39269079400401 - timing_s/agent_loop/generate_sequences/mean:39.960376645962675 - timing_s/agent_loop/tool_calls/min:0.0 - timing_s/agent_loop/tool_calls/max:0.0 - timing_s/agent_loop/tool_calls/mean:0.0 - timing_s/agent_loop/compute_score/min:0.005426899995654821 - timing_s/agent_loop/compute_score/max:0.05245199499768205 - timing_s/agent_loop/compute_score/mean:0.01361574860914061 - timing_s/agent_loop/slowest/generate_sequences:72.39269079400401 - timing_s/agent_loop/slowest/tool_calls:0.0 - timing_s/agent_loop/slowest/compute_score:0.016940914007136598 - timing_s/agent_loop/slowest/num_preempted:-1 - timing_s/agent_loop/slowest/prompt_length:185 - timing_s/agent_loop/slowest/response_length:2048 - timing_s/gen:75.47728190400812 - timing_s/reward:3.4976008464582264e-05 - timing_s/old_log_prob:17.715955474006478 - timing_s/adv:0.04613191199314315 - timing_s/update_actor:56.34944031800842 - timing_s/update_weights:3.0955855299980612 - timing_s/step:153.26507151099213 - timing_s/stop_profile:0.00018704601097851992 - timing_per_token_ms/gen:0.04222970694057366 - timing_per_token_ms/update_actor:0.027880869732458957 - timing_per_token_ms/adv:2.282538782162555e-05 - perf/total_num_tokens:2021079 - perf/time_per_step:153.26507151099213 - perf/throughput:3296.705146310927
[36m(TaskRunner pid=30951)[0m step:32 - global_seqlen/min:466102 - global_seqlen/max:507151 - global_seqlen/minmax_diff:41049 - global_seqlen/balanced_min:484138 - global_seqlen/balanced_max:484142 - global_seqlen/mean:484140.25 - actor/entropy:0.31284600496292114 - perf/mfu/actor_infer:0.4703367570789307 - actor/pg_clipfrac:0.0 - actor/ppo_kl:0.0 - actor/pg_clipfrac_lower:0.0 - actor/pg_loss:0.011779270571423694 - actor/entropy_loss:0.31284604710526764 - actor/loss:0.01146642491221428 - actor/grad_norm:0.07077805697917938 - actor/lr:9.954472361862097e-07 - perf/mfu/actor:0.37966671039764754 - training/global_step:32 - training/epoch:0 - critic/score/mean:0.1943359375 - critic/score/max:1.0 - critic/score/min:0.0 - critic/rewards/mean:0.1943359375 - critic/rewards/max:1.0 - critic/rewards/min:0.0 - critic/advantages/mean:-0.011779272928833961 - critic/advantages/max:2.4748666286468506 - critic/advantages/min:-2.4748666286468506 - critic/returns/mean:-0.011779272928833961 - critic/returns/max:2.4748666286468506 - critic/returns/min:-2.4748666286468506 - response_length/mean:831.87158203125 - response_length/max:2048.0 - response_length/min:14.0 - response_length/clip_ratio:0.0703125 - response_length_non_aborted/mean:831.87158203125 - response_length_non_aborted/max:2048.0 - response_length_non_aborted/min:14.0 - response_length_non_aborted/clip_ratio:0.0703125 - response/aborted_ratio:0.0 - prompt_length/mean:113.71484375 - prompt_length/max:454.0 - prompt_length/min:40.0 - prompt_length/clip_ratio:0.0 - num_turns/min:2 - num_turns/max:2 - num_turns/mean:2.0 - timing_s/start_profile:6.496701098512858e-05 - timing_s/agent_loop/num_preempted/min:-1 - timing_s/agent_loop/num_preempted/max:-1 - timing_s/agent_loop/num_preempted/mean:-1.0 - timing_s/agent_loop/generate_sequences/min:1.204458551001153 - timing_s/agent_loop/generate_sequences/max:72.7886440739967 - timing_s/agent_loop/generate_sequences/mean:39.152622148788986 - timing_s/agent_loop/tool_calls/min:0.0 - timing_s/agent_loop/tool_calls/max:0.0 - timing_s/agent_loop/tool_calls/mean:0.0 - timing_s/agent_loop/compute_score/min:0.005592497007455677 - timing_s/agent_loop/compute_score/max:0.09081866500491742 - timing_s/agent_loop/compute_score/mean:0.01431298514940238 - timing_s/agent_loop/slowest/generate_sequences:72.7886440739967 - timing_s/agent_loop/slowest/tool_calls:0.0 - timing_s/agent_loop/slowest/compute_score:0.016793643997516483 - timing_s/agent_loop/slowest/num_preempted:-1 - timing_s/agent_loop/slowest/prompt_length:97 - timing_s/agent_loop/slowest/response_length:2048 - timing_s/gen:75.48264636100794 - timing_s/reward:2.1078012650832534e-05 - timing_s/old_log_prob:16.590564145008102 - timing_s/adv:0.04449361300794408 - timing_s/update_actor:54.598373690998415 - timing_s/update_weights:3.02877480899042 - timing_s/step:150.13464490999468 - timing_s/stop_profile:0.00021228600235190243 - timing_per_token_ms/gen:0.04430583002783277 - timing_per_token_ms/update_actor:0.02819346960462305 - timing_per_token_ms/adv:2.2975580427336954e-05 - perf/total_num_tokens:1936561 - perf/time_per_step:150.13464490999468 - perf/throughput:3224.707064050678[36m(TaskRunner pid=30951)[0m Training Progress:   9%|▉         | 32/348 [1:23:39<13:24:59, 152.85s/it]
[36m(WorkerDict pid=34107)[0m INFO:2026-06-07 04:44:11,775:update_weights done, time cost: 1.80s
[36m(TaskRunner pid=30951)[0m Training Progress:   9%|▉         | 33/348 [1:26:19<13:33:36, 154.97s/it]
[36m(WorkerDict pid=34107)[0m INFO:2026-06-07 04:46:46,185:update_weights done, time cost: 2.00s
[36m(TaskRunner pid=30951)[0m Training Progress:  10%|▉         | 34/348 [1:28:54<13:30:17, 154.83s/it]
[36m(WorkerDict pid=34107)[0m INFO:2026-06-07 04:49:30,431:update_weights done, time cost: 1.82s

[36m(TaskRunner pid=30951)[0m step:33 - global_seqlen/min:475870 - global_seqlen/max:527261 - global_seqlen/minmax_diff:51391 - global_seqlen/balanced_min:507814 - global_seqlen/balanced_max:507833 - global_seqlen/mean:507827.5 - actor/entropy:0.31322139501571655 - perf/mfu/actor_infer:0.4715266141891834 - actor/pg_clipfrac:0.0 - actor/ppo_kl:0.0 - actor/pg_clipfrac_lower:0.0 - actor/pg_loss:0.024870060011608075 - actor/entropy_loss:0.31322144414298236 - actor/loss:0.02455683797597885 - actor/grad_norm:0.07164237648248672 - actor/lr:9.948211722713615e-07 - perf/mfu/actor:0.38562089887770173 - training/global_step:33 - training/epoch:0 - critic/score/mean:0.19970703125 - critic/score/max:1.0 - critic/score/min:0.0 - critic/rewards/mean:0.19970703125 - critic/rewards/max:1.0 - critic/rewards/min:0.0 - critic/advantages/mean:-0.02487006224691868 - critic/advantages/max:2.4748666286468506 - critic/advantages/min:-2.4748666286468506 - critic/returns/mean:-0.02487006224691868 - critic/returns/max:2.4748666286468506 - critic/returns/min:-2.4748666286468506 - response_length/mean:875.5849609375 - response_length/max:2048.0 - response_length/min:7.0 - response_length/clip_ratio:0.07763671875 - response_length_non_aborted/mean:875.5849609375 - response_length_non_aborted/max:2048.0 - response_length_non_aborted/min:7.0 - response_length_non_aborted/clip_ratio:0.07763671875 - response/aborted_ratio:0.0 - prompt_length/mean:116.265625 - prompt_length/max:376.0 - prompt_length/min:39.0 - prompt_length/clip_ratio:0.0 - num_turns/min:2 - num_turns/max:2 - num_turns/mean:2.0 - timing_s/start_profile:0.00019658099336083978 - timing_s/agent_loop/num_preempted/min:-1 - timing_s/agent_loop/num_preempted/max:-1 - timing_s/agent_loop/num_preempted/mean:-1.0 - timing_s/agent_loop/generate_sequences/min:0.923351098987041 - timing_s/agent_loop/generate_sequences/max:78.97711408299801 - timing_s/agent_loop/generate_sequences/mean:43.21671007992952 - timing_s/agent_loop/tool_calls/min:0.0 - timing_s/agent_loop/tool_calls/max:0.0 - timing_s/agent_loop/tool_calls/mean:0.0 - timing_s/agent_loop/compute_score/min:0.0054214560077525675 - timing_s/agent_loop/compute_score/max:0.10569161501189228 - timing_s/agent_loop/compute_score/mean:0.013758710426955645 - timing_s/agent_loop/slowest/generate_sequences:78.97711408299801 - timing_s/agent_loop/slowest/tool_calls:0.0 - timing_s/agent_loop/slowest/compute_score:0.01622274699911941 - timing_s/agent_loop/slowest/num_preempted:-1 - timing_s/agent_loop/slowest/prompt_length:113 - timing_s/agent_loop/slowest/response_length:2048 - timing_s/gen:81.58517568300886 - timing_s/reward:2.9941991670057178e-05 - timing_s/old_log_prob:17.681472485986887 - timing_s/adv:0.04589285601105075 - timing_s/update_actor:56.924269964001724 - timing_s/update_weights:2.94548270899395 - timing_s/step:159.72004075700534 - timing_s/stop_profile:0.00023035700723994523 - timing_per_token_ms/gen:0.04549702580697104 - timing_per_token_ms/update_actor:0.028023428213321315 - timing_per_token_ms/adv:2.259273868146701e-05 - perf/total_num_tokens:2031310 - perf/time_per_step:159.72004075700534 - perf/throughput:3179.485164122879
[36m(TaskRunner pid=30951)[0m step:34 - global_seqlen/min:481635 - global_seqlen/max:518270 - global_seqlen/minmax_diff:36635 - global_seqlen/balanced_min:501010 - global_seqlen/balanced_max:501021 - global_seqlen/mean:501015.25 - actor/entropy:0.30974075198173523 - perf/mfu/actor_infer:0.47141506789875964 - actor/pg_clipfrac:0.0 - actor/ppo_kl:0.0 - actor/pg_clipfrac_lower:0.0 - actor/pg_loss:0.01748524436561638 - actor/entropy_loss:0.3097407794557512 - actor/loss:0.017175503075122833 - actor/grad_norm:0.06730250269174576 - actor/lr:9.941550377470568e-07 - perf/mfu/actor:0.3870862245485517 - training/global_step:34 - training/epoch:0 - critic/score/mean:0.201171875 - critic/score/max:1.0 - critic/score/min:0.0 - critic/rewards/mean:0.201171875 - critic/rewards/max:1.0 - critic/rewards/min:0.0 - critic/advantages/mean:-0.01748524233698845 - critic/advantages/max:2.4748666286468506 - critic/advantages/min:-2.4748666286468506 - critic/returns/mean:-0.01748524233698845 - critic/returns/max:2.4748666286468506 - critic/returns/min:-2.4748666286468506 - response_length/mean:868.66259765625 - response_length/max:2048.0 - response_length/min:12.0 - response_length/clip_ratio:0.07568359375 - response_length_non_aborted/mean:868.66259765625 - response_length_non_aborted/max:2048.0 - response_length_non_aborted/min:12.0 - response_length_non_aborted/clip_ratio:0.07568359375 - response/aborted_ratio:0.0 - prompt_length/mean:109.8828125 - prompt_length/max:348.0 - prompt_length/min:40.0 - prompt_length/clip_ratio:0.0 - num_turns/min:2 - num_turns/max:2 - num_turns/mean:2.0 - timing_s/start_profile:7.685000309720635e-05 - timing_s/agent_loop/num_preempted/min:-1 - timing_s/agent_loop/num_preempted/max:-1 - timing_s/agent_loop/num_preempted/mean:-1.0 - timing_s/agent_loop/generate_sequences/min:0.988371981002274 - timing_s/agent_loop/generate_sequences/max:74.09695694399124 - timing_s/agent_loop/generate_sequences/mean:40.05260762816747 - timing_s/agent_loop/tool_calls/min:0.0 - timing_s/agent_loop/tool_calls/max:0.0 - timing_s/agent_loop/tool_calls/mean:0.0 - timing_s/agent_loop/compute_score/min:0.005003906000638381 - timing_s/agent_loop/compute_score/max:0.11023916299745906 - timing_s/agent_loop/compute_score/mean:0.014017920658638161 - timing_s/agent_loop/slowest/generate_sequences:74.09695694399124 - timing_s/agent_loop/slowest/tool_calls:0.0 - timing_s/agent_loop/slowest/compute_score:0.016918163004447706 - timing_s/agent_loop/slowest/num_preempted:-1 - timing_s/agent_loop/slowest/prompt_length:127 - timing_s/agent_loop/slowest/response_length:2048 - timing_s/gen:76.9717342780059 - timing_s/reward:3.11740004690364e-05 - timing_s/old_log_prob:17.63673230999848 - timing_s/adv:0.04411417100345716 - timing_s/update_actor:55.86965291800152 - timing_s/update_weights:3.2983528029872105 - timing_s/step:154.37835761200404 - timing_s/stop_profile:0.00022962799994274974 - timing_per_token_ms/gen:0.04326634383630429 - timing_per_token_ms/update_actor:0.027878219733831217 - timing_per_token_ms/adv:2.2012389345163225e-05 - perf/total_num_tokens:2004061 - perf/time_per_step:154.37835761200404 - perf/throughput:3245.3723290617677
[36m(TaskRunner pid=30951)[0m step:35 - global_seqlen/min:522397 - global_seqlen/max:535830 - global_seqlen/minmax_diff:13433 - global_seqlen/balanced_min:527152 - global_seqlen/balanced_max:527162 - global_seqlen/mean:527155.0 - actor/entropy:0.29750457406044006 - perf/mfu/actor_infer:0.47711102215124296 - actor/pg_clipfrac:0.0 - actor/ppo_kl:0.0 - actor/pg_clipfrac_lower:0.0 - actor/pg_loss:0.010073800491795737 - actor/entropy_loss:0.2975045731291175 - actor/loss:0.009776294231414795 - actor/grad_norm:0.060261402279138565 - actor/lr:9.934488926203686e-07 - perf/mfu/actor:0.3884462375781718 - training/global_step:35 - training/epoch:0 - critic/score/mean:0.150390625 - critic/score/max:1.0 - critic/score/min:0.0 - critic/rewards/mean:0.150390625 - critic/rewards/max:1.0 - critic/rewards/min:0.0 - critic/advantages/mean:-0.010073802433907986 - critic/advantages/max:2.4748666286468506 - critic/advantages/min:-2.4748666286468506 - critic/returns/mean:-0.010073802433907986 - critic/returns/max:2.4748666286468506 - critic/returns/min:-2.4748666286468506 - response_length/mean:906.966796875 - response_length/max:2048.0 - response_length/min:8.0 - response_length/clip_ratio:0.08251953125 - response_length_non_aborted/mean:906.966796875 - response_length_non_aborted/max:2048.0 - response_length_non_aborted/min:8.0 - response_length_non_aborted/clip_ratio:0.08251953125 - response/aborted_ratio:0.0 - prompt_length/mean:122.6328125 - prompt_length/max:451.0 - prompt_length/min:47.0 - prompt_length/clip_ratio:0.0 - num_turns/min:2 - num_turns/max:2 - num_turns/mean:2.0 - timing_s/start_profile:7.66019948059693e-05 - timing_s/agent_loop/num_preempted/min:-1 - timing_s/agent_loop/num_preempted/max:-1 - timing_s/agent_loop/num_preempted/mean:-1.0 - timing_s/agent_loop/generate_sequences/min:0.8692789670021739 - timing_s/agent_loop/generate_sequences/max:81.40004727500491 - timing_s/agent_loop/generate_sequences/mean:43.70784853958844 - timing_s/agent_loop/tool_calls/min:0.0 - timing_s/agent_loop/tool_calls/max:0.0 - timing_s/agent_loop/tool_calls/mean:0.0 - timing_s/agent_loop/compute_score/min:0.005529361995286308 - timing_s/agent_loop/compute_score/max:0.15715652699873317 - timing_s/agent_loop/compute_score/mean:0.013369840054309634 - timing_s/agent_loop/slowest/generate_sequences:81.40004727500491 - timing_s/agent_loop/slowest/tool_calls:0.0 - timing_s/agent_loop/slowest/compute_score:0.017210555000929162 - timing_s/agent_loop/slowest/num_preempted:-1 - timing_s/agent_loop/slowest/prompt_length:94 - timing_s/agent_loop/slowest/response_length:2048 - timing_s/gen:83.93884050499764 - timing_s/reward:4.1934006731025875e-05 - timing_s/old_log_prob:18.204758510997635 - timing_s/adv:0.04583442299917806 - timing_s/update_actor:58.25375900400104 - timing_s/update_weights:3.024918371011154 - timing_s/step:164.0248042759922 - timing_s/stop_profile:0.00021563199697993696 - timing_per_token_ms/gen:0.04518992548189128 - timing_per_token_ms/update_actor:0.02762648509641426 - timing_per_token_ms/adv:2.173669176958298e-05 - perf/total_num_tokens:2108620 - perf/time_per_step:164.0248042759922 - perf/throughput:3213.8736718929163[36m(TaskRunner pid=30951)[0m Training Progress:  10%|█         | 35/348 [1:31:38<13:42:16, 157.62s/it]
[36m(WorkerDict pid=34107)[0m INFO:2026-06-07 04:51:58,976:update_weights done, time cost: 1.96s
[36m(TaskRunner pid=30951)[0m Training Progress:  10%|█         | 36/348 [1:34:07<13:25:40, 154.94s/it]
[36m(WorkerDict pid=34107)[0m INFO:2026-06-07 04:54:31,206:update_weights done, time cost: 1.91s
[36m(TaskRunner pid=30951)[0m Training Progress:  11%|█         | 37/348 [1:36:39<13:18:39, 154.08s/it]
[36m(WorkerDict pid=34107)[0m INFO:2026-06-07 04:57:04,719:update_weights done, time cost: 2.00s

[36m(TaskRunner pid=30951)[0m step:36 - global_seqlen/min:460705 - global_seqlen/max:518977 - global_seqlen/minmax_diff:58272 - global_seqlen/balanced_min:493753 - global_seqlen/balanced_max:493763 - global_seqlen/mean:493757.25 - actor/entropy:0.3081375062465668 - perf/mfu/actor_infer:0.4715602802240159 - actor/pg_clipfrac:0.0 - actor/ppo_kl:0.0 - actor/pg_clipfrac_lower:0.0 - actor/pg_loss:0.014037329276106902 - actor/entropy_loss:0.308137493673712 - actor/loss:0.013729190453886986 - actor/grad_norm:0.07027088850736618 - actor/lr:9.927028005026247e-07 - perf/mfu/actor:0.38293942312417373 - training/global_step:36 - training/epoch:0 - critic/score/mean:0.20703125 - critic/score/max:1.0 - critic/score/min:0.0 - critic/rewards/mean:0.20703125 - critic/rewards/max:1.0 - critic/rewards/min:0.0 - critic/advantages/mean:-0.014037325978279114 - critic/advantages/max:2.4748666286468506 - critic/advantages/min:-2.4748666286468506 - critic/returns/mean:-0.014037325978279114 - critic/returns/max:2.4748666286468506 - critic/returns/min:-2.4748666286468506 - response_length/mean:850.89697265625 - response_length/max:2048.0 - response_length/min:13.0 - response_length/clip_ratio:0.07275390625 - response_length_non_aborted/mean:850.89697265625 - response_length_non_aborted/max:2048.0 - response_length_non_aborted/min:13.0 - response_length_non_aborted/clip_ratio:0.07275390625 - response/aborted_ratio:0.0 - prompt_length/mean:113.47265625 - prompt_length/max:433.0 - prompt_length/min:46.0 - prompt_length/clip_ratio:0.0 - num_turns/min:2 - num_turns/max:2 - num_turns/mean:2.0 - timing_s/start_profile:5.854100163560361e-05 - timing_s/agent_loop/num_preempted/min:-1 - timing_s/agent_loop/num_preempted/max:-1 - timing_s/agent_loop/num_preempted/mean:-1.0 - timing_s/agent_loop/generate_sequences/min:1.2794885540060932 - timing_s/agent_loop/generate_sequences/max:68.707532867993 - timing_s/agent_loop/generate_sequences/mean:38.494693560084 - timing_s/agent_loop/tool_calls/min:0.0 - timing_s/agent_loop/tool_calls/max:0.0 - timing_s/agent_loop/tool_calls/mean:0.0 - timing_s/agent_loop/compute_score/min:0.00649103699834086 - timing_s/agent_loop/compute_score/max:0.07842197499121539 - timing_s/agent_loop/compute_score/mean:0.014440609037677632 - timing_s/agent_loop/slowest/generate_sequences:68.707532867993 - timing_s/agent_loop/slowest/tool_calls:0.0 - timing_s/agent_loop/slowest/compute_score:0.014786647006985731 - timing_s/agent_loop/slowest/num_preempted:-1 - timing_s/agent_loop/slowest/prompt_length:230 - timing_s/agent_loop/slowest/response_length:2048 - timing_s/gen:71.28556300399941 - timing_s/reward:2.617700374685228e-05 - timing_s/old_log_prob:17.438022595990333 - timing_s/adv:0.0483502200077055 - timing_s/update_actor:55.92790077799873 - timing_s/update_weights:3.3123837710008956 - timing_s/step:148.56469805900997 - timing_s/stop_profile:0.00019848499505314976 - timing_per_token_ms/gen:0.040906719531376534 - timing_per_token_ms/update_actor:0.028317508643163583 - timing_per_token_ms/adv:2.448076459014298e-05 - perf/total_num_tokens:1975029 - perf/time_per_step:148.56469805900997 - perf/throughput:3323.516666145543
[36m(TaskRunner pid=30951)[0m step:37 - global_seqlen/min:473479 - global_seqlen/max:515699 - global_seqlen/minmax_diff:42220 - global_seqlen/balanced_min:498804 - global_seqlen/balanced_max:498811 - global_seqlen/mean:498808.75 - actor/entropy:0.3060784637928009 - perf/mfu/actor_infer:0.4697870484244436 - actor/pg_clipfrac:0.0 - actor/ppo_kl:0.0 - actor/pg_clipfrac_lower:0.0 - actor/pg_loss:0.019751871106564067 - actor/entropy_loss:0.30607845867052674 - actor/loss:0.019445793703198433 - actor/grad_norm:0.06666349619626999 - actor/lr:9.91916828603679e-07 - perf/mfu/actor:0.3856291760259965 - training/global_step:37 - training/epoch:0 - critic/score/mean:0.1943359375 - critic/score/max:1.0 - critic/score/min:0.0 - critic/rewards/mean:0.1943359375 - critic/rewards/max:1.0 - critic/rewards/min:0.0 - critic/advantages/mean:-0.01975186914205551 - critic/advantages/max:2.4748666286468506 - critic/advantages/min:-2.4748666286468506 - critic/returns/mean:-0.01975186914205551 - critic/returns/max:2.4748666286468506 - critic/returns/min:-2.4748666286468506 - response_length/mean:860.95849609375 - response_length/max:2048.0 - response_length/min:79.0 - response_length/clip_ratio:0.064453125 - response_length_non_aborted/mean:860.95849609375 - response_length_non_aborted/max:2048.0 - response_length_non_aborted/min:79.0 - response_length_non_aborted/clip_ratio:0.064453125 - response/aborted_ratio:0.0 - prompt_length/mean:113.27734375 - prompt_length/max:372.0 - prompt_length/min:43.0 - prompt_length/clip_ratio:0.0 - num_turns/min:2 - num_turns/max:2 - num_turns/mean:2.0 - timing_s/start_profile:0.00017607100016903132 - timing_s/agent_loop/num_preempted/min:-1 - timing_s/agent_loop/num_preempted/max:-1 - timing_s/agent_loop/num_preempted/mean:-1.0 - timing_s/agent_loop/generate_sequences/min:4.427661880996311 - timing_s/agent_loop/generate_sequences/max:72.80904757099051 - timing_s/agent_loop/generate_sequences/mean:40.089238135519544 - timing_s/agent_loop/tool_calls/min:0.0 - timing_s/agent_loop/tool_calls/max:0.0 - timing_s/agent_loop/tool_calls/mean:0.0 - timing_s/agent_loop/compute_score/min:0.006958052996196784 - timing_s/agent_loop/compute_score/max:0.06838799999968614 - timing_s/agent_loop/compute_score/mean:0.014472878775421805 - timing_s/agent_loop/slowest/generate_sequences:72.80904757099051 - timing_s/agent_loop/slowest/tool_calls:0.0 - timing_s/agent_loop/slowest/compute_score:0.015634148003300652 - timing_s/agent_loop/slowest/num_preempted:-1 - timing_s/agent_loop/slowest/prompt_length:212 - timing_s/agent_loop/slowest/response_length:2048 - timing_s/gen:75.18490891400143 - timing_s/reward:3.002599987667054e-05 - timing_s/old_log_prob:17.384634528003517 - timing_s/adv:0.04718634398886934 - timing_s/update_actor:55.692106547008734 - timing_s/update_weights:3.0987397200078703 - timing_s/step:151.92520767099631 - timing_s/stop_profile:0.0001941719965543598 - timing_per_token_ms/gen:0.04264012896350726 - timing_per_token_ms/update_actor:0.027912554935638528 - timing_per_token_ms/adv:2.364951696861239e-05 - perf/total_num_tokens:1995235 - perf/time_per_step:151.92520767099631 - perf/throughput:3283.252053077341
[36m(TaskRunner pid=30951)[0m step:38 - global_seqlen/min:452521 - global_seqlen/max:522572 - global_seqlen/minmax_diff:70051 - global_seqlen/balanced_min:501270 - global_seqlen/balanced_max:501279 - global_seqlen/mean:501273.75 - actor/entropy:0.32092490792274475 - perf/mfu/actor_infer:0.4671461035933326 - actor/pg_clipfrac:0.0 - actor/ppo_kl:0.0 - actor/pg_clipfrac_lower:0.0 - actor/pg_loss:0.01599450234334654 - actor/entropy_loss:0.32092487486079335 - actor/loss:0.015673577785491943 - actor/grad_norm:0.06715437769889832 - actor/lr:9.910910477258557e-07 - perf/mfu/actor:0.3854304456033839 - training/global_step:38 - training/epoch:0 - critic/score/mean:0.171875 - critic/score/max:1.0 - critic/score/min:0.0 - critic/rewards/mean:0.171875 - critic/rewards/max:1.0 - critic/rewards/min:0.0 - critic/advantages/mean:-0.015994500368833542 - critic/advantages/max:2.4748666286468506 - critic/advantages/min:-2.4748666286468506 - critic/returns/mean:-0.015994500368833542 - critic/returns/max:2.4748666286468506 - critic/returns/min:-2.4748666286468506 - response_length/mean:865.10107421875 - response_length/max:2048.0 - response_length/min:108.0 - response_length/clip_ratio:0.06201171875 - response_length_non_aborted/mean:865.10107421875 - response_length_non_aborted/max:2048.0 - response_length_non_aborted/min:108.0 - response_length_non_aborted/clip_ratio:0.06201171875 - response/aborted_ratio:0.0 - prompt_length/mean:113.94921875 - prompt_length/max:315.0 - prompt_length/min:44.0 - prompt_length/clip_ratio:0.0 - num_turns/min:2 - num_turns/max:2 - num_turns/mean:2.0 - timing_s/start_profile:6.0645004850812256e-05 - timing_s/agent_loop/num_preempted/min:-1 - timing_s/agent_loop/num_preempted/max:-1 - timing_s/agent_loop/num_preempted/mean:-1.0 - timing_s/agent_loop/generate_sequences/min:6.080501958000241 - timing_s/agent_loop/generate_sequences/max:73.82328824799333 - timing_s/agent_loop/generate_sequences/mean:40.63896547639289 - timing_s/agent_loop/tool_calls/min:0.0 - timing_s/agent_loop/tool_calls/max:0.0 - timing_s/agent_loop/tool_calls/mean:0.0 - timing_s/agent_loop/compute_score/min:0.006855045008705929 - timing_s/agent_loop/compute_score/max:0.06168646999867633 - timing_s/agent_loop/compute_score/mean:0.013846862073286559 - timing_s/agent_loop/slowest/generate_sequences:73.82328824799333 - timing_s/agent_loop/slowest/tool_calls:0.0 - timing_s/agent_loop/slowest/compute_score:0.011680355004500598 - timing_s/agent_loop/slowest/num_preempted:-1 - timing_s/agent_loop/slowest/prompt_length:125 - timing_s/agent_loop/slowest/response_length:2048 - timing_s/gen:76.11529059099848 - timing_s/reward:3.1629999284632504e-05 - timing_s/old_log_prob:17.601824288998614 - timing_s/adv:0.04463559799478389 - timing_s/update_actor:55.87561817099049 - timing_s/update_weights:3.3340731310017873 - timing_s/step:153.52528566301044 - timing_s/stop_profile:0.00019314199744258076 - timing_per_token_ms/gen:0.04296107164986394 - timing_per_token_ms/update_actor:0.027866818365708604 - timing_per_token_ms/adv:2.2261088873486738e-05 - perf/total_num_tokens:2005095 - perf/time_per_step:153.52528566301044 - perf/throughput:3265.089186026991[36m(TaskRunner pid=30951)[0m Training Progress:  11%|█         | 38/348 [1:39:12<13:15:22, 153.94s/it]
*** SIGTERM received at time=1780833547 on cpu 53 ***
PC: @     0x7ff0bd911117  (unknown)  (unknown)
    @     0x7ff0bd8c2520  (unknown)  (unknown)
    @ ... and at least 1 more frames
[2026-06-07 04:59:07,829 E 23811 23811] logging.cc:474: *** SIGTERM received at time=1780833547 on cpu 53 ***
[2026-06-07 04:59:07,829 E 23811 23811] logging.cc:474: PC: @     0x7ff0bd911117  (unknown)  (unknown)
[2026-06-07 04:59:07,829 E 23811 23811] logging.cc:474:     @     0x7ff0bd8c2520  (unknown)  (unknown)
[2026-06-07 04:59:07,829 E 23811 23811] logging.cc:474:     @ ... and at least 1 more frames
