WARNING:2026-06-07 07:11:53,703:Detected megatron.core 0.14.0rc7, recommend upgrading to >= 0.14.0 for better checkpoint compatibility
2026-06-07 07:12:00,016	INFO worker.py:1942 -- Started a local Ray instance. View the dashboard at [1m[32mhttp://127.0.0.1:8265 [39m[22m
[36m(pid=513)[0m W0607 07:12:13.588000 513 torch/utils/cpp_extension.py:118] No CUDA runtime is found, using CUDA_HOME='/usr/local/cuda'
[36m(pid=513)[0m WARNING:2026-06-07 07:12:13,811:Detected megatron.core 0.14.0rc7, recommend upgrading to >= 0.14.0 for better checkpoint compatibility
ray init kwargs: {'num_cpus': None, 'runtime_env': {'env_vars': {'NCCL_DEBUG': 'WARN', 'VLLM_LOGGING_LEVEL': 'WARN', 'VLLM_ALLOW_RUNTIME_LORA_UPDATING': 'true', 'CUDA_DEVICE_MAX_CONNECTIONS': '1', 'VLLM_DISABLE_COMPILE_CACHE': '1', 'HCCL_HOST_SOCKET_PORT_RANGE': 'auto', 'HCCL_NPU_SOCKET_PORT_RANGE': 'auto', 'HSA_NO_SCRATCH_RECLAIM': '1'}, 'working_dir': None}}
[36m(TaskRunner pid=513)[0m TaskRunner hostname: g60, PID: 513
[36m(TaskRunner pid=513)[0m {'actor_rollout_ref': {'actor': {'_target_': 'verl.workers.config.FSDPActorConfig',
[36m(TaskRunner pid=513)[0m                                  'calculate_entropy': False,
[36m(TaskRunner pid=513)[0m                                  'calculate_sum_pi_squared': False,
[36m(TaskRunner pid=513)[0m                                  'checkpoint': {'_target_': 'verl.trainer.config.CheckpointConfig',
[36m(TaskRunner pid=513)[0m                                                 'async_save': False,
[36m(TaskRunner pid=513)[0m                                                 'load_contents': ['model',
[36m(TaskRunner pid=513)[0m                                                                   'optimizer',
[36m(TaskRunner pid=513)[0m                                                                   'extra'],
[36m(TaskRunner pid=513)[0m                                                 'mbridge_config': {},
[36m(TaskRunner pid=513)[0m                                                 'save_contents': ['model',
[36m(TaskRunner pid=513)[0m                                                                   'optimizer',
[36m(TaskRunner pid=513)[0m                                                                   'extra']},
[36m(TaskRunner pid=513)[0m                                  'clip_ratio': 0.2,
[36m(TaskRunner pid=513)[0m                                  'clip_ratio_c': 3.0,
[36m(TaskRunner pid=513)[0m                                  'clip_ratio_high': 0.2,
[36m(TaskRunner pid=513)[0m                                  'clip_ratio_low': 0.2,
[36m(TaskRunner pid=513)[0m                                  'data_loader_seed': 42,
[36m(TaskRunner pid=513)[0m                                  'entropy_checkpointing': False,
[36m(TaskRunner pid=513)[0m                                  'entropy_coeff': 0.001,
[36m(TaskRunner pid=513)[0m                                  'entropy_from_logits_with_chunking': False,
[36m(TaskRunner pid=513)[0m                                  'freeze_vision_tower': False,
[36m(TaskRunner pid=513)[0m                                  'fsdp_config': {'_target_': 'verl.workers.config.FSDPEngineConfig',
[36m(TaskRunner pid=513)[0m                                                  'dtype': 'bfloat16',
[36m(TaskRunner pid=513)[0m                                                  'entropy_checkpointing': False,
[36m(TaskRunner pid=513)[0m                                                  'entropy_from_logits_with_chunking': False,
[36m(TaskRunner pid=513)[0m                                                  'forward_only': False,
[36m(TaskRunner pid=513)[0m                                                  'forward_prefetch': False,
[36m(TaskRunner pid=513)[0m                                                  'fsdp_size': -1,
[36m(TaskRunner pid=513)[0m                                                  'full_determinism': False,
[36m(TaskRunner pid=513)[0m                                                  'model_dtype': 'fp32',
[36m(TaskRunner pid=513)[0m                                                  'offload_policy': False,
[36m(TaskRunner pid=513)[0m                                                  'optimizer_offload': False,
[36m(TaskRunner pid=513)[0m                                                  'param_offload': False,
[36m(TaskRunner pid=513)[0m                                                  'qat': {'_target_': 'verl.workers.config.QATEngineConfig',
[36m(TaskRunner pid=513)[0m                                                          'activation_observer': 'static_minmax',
[36m(TaskRunner pid=513)[0m                                                          'enable': False,
[36m(TaskRunner pid=513)[0m                                                          'group_size': 16,
[36m(TaskRunner pid=513)[0m                                                          'ignore_patterns': ['lm_head',
[36m(TaskRunner pid=513)[0m                                                                              'embed_tokens',
[36m(TaskRunner pid=513)[0m                                                                              're:.*mlp.gate$'],
[36m(TaskRunner pid=513)[0m                                                          'mode': 'w4a16',
[36m(TaskRunner pid=513)[0m                                                          'quantization_config_path': None},
[36m(TaskRunner pid=513)[0m                                                  'reshard_after_forward': True,
[36m(TaskRunner pid=513)[0m                                                  'seed': 42,
[36m(TaskRunner pid=513)[0m                                                  'strategy': 'fsdp',
[36m(TaskRunner pid=513)[0m                                                  'ulysses_sequence_parallel_size': 1,
[36m(TaskRunner pid=513)[0m                                                  'use_orig_params': False,
[36m(TaskRunner pid=513)[0m                                                  'use_torch_compile': True,
[36m(TaskRunner pid=513)[0m                                                  'wrap_policy': {'min_num_params': 0}},
[36m(TaskRunner pid=513)[0m                                  'grad_clip': 1.0,
[36m(TaskRunner pid=513)[0m                                  'kl_loss_coef': 0.001,
[36m(TaskRunner pid=513)[0m                                  'kl_loss_type': 'low_var_kl',
[36m(TaskRunner pid=513)[0m                                  'loss_agg_mode': 'token-mean',
[36m(TaskRunner pid=513)[0m                                  'loss_scale_factor': None,
[36m(TaskRunner pid=513)[0m                                  'optim': {'_target_': 'verl.workers.config.FSDPOptimizerConfig',
[36m(TaskRunner pid=513)[0m                                            'betas': [0.9, 0.999],
[36m(TaskRunner pid=513)[0m                                            'clip_grad': 1.0,
[36m(TaskRunner pid=513)[0m                                            'lr': 5e-06,
[36m(TaskRunner pid=513)[0m                                            'lr_scheduler_type': 'cosine',
[36m(TaskRunner pid=513)[0m                                            'lr_warmup_steps': -1,
[36m(TaskRunner pid=513)[0m                                            'lr_warmup_steps_ratio': 0.01,
[36m(TaskRunner pid=513)[0m                                            'min_lr_ratio': 0.1,
[36m(TaskRunner pid=513)[0m                                            'num_cycles': 0.5,
[36m(TaskRunner pid=513)[0m                                            'optimizer': 'AdamW',
[36m(TaskRunner pid=513)[0m                                            'optimizer_impl': 'torch.optim',
[36m(TaskRunner pid=513)[0m                                            'override_optimizer_config': None,
[36m(TaskRunner pid=513)[0m                                            'total_training_steps': -1,
[36m(TaskRunner pid=513)[0m                                            'warmup_style': None,
[36m(TaskRunner pid=513)[0m                                            'weight_decay': 0.01,
[36m(TaskRunner pid=513)[0m                                            'zero_indexed_step': True},
[36m(TaskRunner pid=513)[0m                                  'policy_loss': {'_target_': 'verl.workers.config.PolicyLossConfig',
[36m(TaskRunner pid=513)[0m                                                  'clip_cov_lb': 1.0,
[36m(TaskRunner pid=513)[0m                                                  'clip_cov_ratio': 0.0002,
[36m(TaskRunner pid=513)[0m                                                  'clip_cov_ub': 5.0,
[36m(TaskRunner pid=513)[0m                                                  'kl_cov_ratio': 0.0002,
[36m(TaskRunner pid=513)[0m                                                  'loss_mode': 'vanilla',
[36m(TaskRunner pid=513)[0m                                                  'ppo_kl_coef': 0.1},
[36m(TaskRunner pid=513)[0m                                  'ppo_epochs': 1,
[36m(TaskRunner pid=513)[0m                                  'ppo_max_token_len_per_gpu': 24576,
[36m(TaskRunner pid=513)[0m                                  'ppo_micro_batch_size': None,
[36m(TaskRunner pid=513)[0m                                  'ppo_micro_batch_size_per_gpu': 4,
[36m(TaskRunner pid=513)[0m                                  'ppo_mini_batch_size': 256,
[36m(TaskRunner pid=513)[0m                                  'profiler': {'_target_': 'verl.utils.profiler.ProfilerConfig',
[36m(TaskRunner pid=513)[0m                                               'all_ranks': False,
[36m(TaskRunner pid=513)[0m                                               'enable': False,
[36m(TaskRunner pid=513)[0m                                               'ranks': [],
[36m(TaskRunner pid=513)[0m                                               'save_path': 'outputs/profile',
[36m(TaskRunner pid=513)[0m                                               'tool': None,
[36m(TaskRunner pid=513)[0m                                               'tool_config': {'npu': {'_target_': 'verl.utils.profiler.config.NPUToolConfig',
[36m(TaskRunner pid=513)[0m                                                                       'analysis': True,
[36m(TaskRunner pid=513)[0m                                                                       'contents': [],
[36m(TaskRunner pid=513)[0m                                                                       'discrete': False,
[36m(TaskRunner pid=513)[0m                                                                       'level': 'level0'},
[36m(TaskRunner pid=513)[0m                                                               'nsys': {'_target_': 'verl.utils.profiler.config.NsightToolConfig',
[36m(TaskRunner pid=513)[0m                                                                        'discrete': False},
[36m(TaskRunner pid=513)[0m                                                               'precision_debugger': {'_target_': 'verl.utils.profiler.config.PrecisionDebuggerToolConfig',
[36m(TaskRunner pid=513)[0m                                                                                      'config_path': None,
[36m(TaskRunner pid=513)[0m                                                                                      'stages': None,
[36m(TaskRunner pid=513)[0m                                                                                      'steps': None,
[36m(TaskRunner pid=513)[0m                                                                                      'strict': False},
[36m(TaskRunner pid=513)[0m                                                               'torch': {'_target_': 'verl.utils.profiler.config.TorchProfilerToolConfig',
[36m(TaskRunner pid=513)[0m                                                                         'contents': [],
[36m(TaskRunner pid=513)[0m                                                                         'discrete': False},
[36m(TaskRunner pid=513)[0m                                                               'torch_memory': {'_target_': 'verl.utils.profiler.config.TorchMemoryToolConfig',
[36m(TaskRunner pid=513)[0m                                                                                'stack_depth': 32,
[36m(TaskRunner pid=513)[0m                                                                                'trace_alloc_max_entries': 100000}}},
[36m(TaskRunner pid=513)[0m                                  'qat': {'activation_observer': 'static_minmax',
[36m(TaskRunner pid=513)[0m                                          'enable': False,
[36m(TaskRunner pid=513)[0m                                          'group_size': 16,
[36m(TaskRunner pid=513)[0m                                          'ignore_patterns': ['lm_head',
[36m(TaskRunner pid=513)[0m                                                              'embed_tokens',
[36m(TaskRunner pid=513)[0m                                                              're:.*mlp.gate$'],
[36m(TaskRunner pid=513)[0m                                          'mode': 'w4a16',
[36m(TaskRunner pid=513)[0m                                          'quantization_config_path': None},
[36m(TaskRunner pid=513)[0m                                  'rollout_n': 8,
[36m(TaskRunner pid=513)[0m                                  'router_replay': {'_target_': 'verl.workers.config.RouterReplayConfig',
[36m(TaskRunner pid=513)[0m                                                    'mode': 'disabled',
[36m(TaskRunner pid=513)[0m                                                    'record_file': None,
[36m(TaskRunner pid=513)[0m                                                    'replay_file': None},
[36m(TaskRunner pid=513)[0m                                  'shuffle': False,
[36m(TaskRunner pid=513)[0m                                  'strategy': 'fsdp',
[36m(TaskRunner pid=513)[0m                                  'tau_neg': 1.05,
[36m(TaskRunner pid=513)[0m                                  'tau_pos': 1.0,
[36m(TaskRunner pid=513)[0m                                  'ulysses_sequence_parallel_size': 1,
[36m(TaskRunner pid=513)[0m                                  'use_dynamic_bsz': True,
[36m(TaskRunner pid=513)[0m                                  'use_fused_kernels': False,
[36m(TaskRunner pid=513)[0m                                  'use_kl_loss': False,
[36m(TaskRunner pid=513)[0m                                  'use_prefix_grouper': False,
[36m(TaskRunner pid=513)[0m                                  'use_remove_padding': True,
[36m(TaskRunner pid=513)[0m                                  'use_torch_compile': False},
[36m(TaskRunner pid=513)[0m                        'hybrid_engine': True,
[36m(TaskRunner pid=513)[0m                        'model': {'_target_': 'verl.workers.config.HFModelConfig',
[36m(TaskRunner pid=513)[0m                                  'custom_chat_template': None,
[36m(TaskRunner pid=513)[0m                                  'enable_activation_offload': False,
[36m(TaskRunner pid=513)[0m                                  'enable_gradient_checkpointing': True,
[36m(TaskRunner pid=513)[0m                                  'exclude_modules': None,
[36m(TaskRunner pid=513)[0m                                  'external_lib': None,
[36m(TaskRunner pid=513)[0m                                  'fused_kernel_options': {'impl_backend': 'torch'},
[36m(TaskRunner pid=513)[0m                                  'hf_config_path': None,
[36m(TaskRunner pid=513)[0m                                  'lora': {'a2a_experimental': False,
[36m(TaskRunner pid=513)[0m                                           'adapter_path': None,
[36m(TaskRunner pid=513)[0m                                           'alpha': 32,
[36m(TaskRunner pid=513)[0m                                           'dropout': 0.0,
[36m(TaskRunner pid=513)[0m                                           'dropout_position': 'pre',
[36m(TaskRunner pid=513)[0m                                           'dtype': None,
[36m(TaskRunner pid=513)[0m                                           'exclude_modules': [],
[36m(TaskRunner pid=513)[0m                                           'freeze_language_model': True,
[36m(TaskRunner pid=513)[0m                                           'freeze_vision_model': True,
[36m(TaskRunner pid=513)[0m                                           'freeze_vision_projection': True,
[36m(TaskRunner pid=513)[0m                                           'lora_A_init_method': 'xavier',
[36m(TaskRunner pid=513)[0m                                           'lora_B_init_method': 'zero',
[36m(TaskRunner pid=513)[0m                                           'merge': False,
[36m(TaskRunner pid=513)[0m                                           'rank': 0,
[36m(TaskRunner pid=513)[0m                                           'target_modules': ['linear_qkv',
[36m(TaskRunner pid=513)[0m                                                              'linear_proj',
[36m(TaskRunner pid=513)[0m                                                              'linear_fc1',
[36m(TaskRunner pid=513)[0m                                                              'linear_fc2'],
[36m(TaskRunner pid=513)[0m                                           'type': 'lora'},
[36m(TaskRunner pid=513)[0m                                  'lora_adapter_path': None,
[36m(TaskRunner pid=513)[0m                                  'lora_alpha': 16,
[36m(TaskRunner pid=513)[0m                                  'lora_rank': 0,
[36m(TaskRunner pid=513)[0m                                  'mtp': {'_target_': 'verl.workers.config.MtpConfig',
[36m(TaskRunner pid=513)[0m                                          'detach_encoder': False,
[36m(TaskRunner pid=513)[0m                                          'enable': False,
[36m(TaskRunner pid=513)[0m                                          'enable_rollout': False,
[36m(TaskRunner pid=513)[0m                                          'enable_train': False,
[36m(TaskRunner pid=513)[0m                                          'method': 'mtp',
[36m(TaskRunner pid=513)[0m                                          'mtp_loss_scaling_factor': 0.1,
[36m(TaskRunner pid=513)[0m                                          'num_speculative_tokens': 1,
[36m(TaskRunner pid=513)[0m                                          'speculative_algorithm': 'EAGLE',
[36m(TaskRunner pid=513)[0m                                          'speculative_eagle_topk': 1,
[36m(TaskRunner pid=513)[0m                                          'speculative_num_draft_tokens': 4,
[36m(TaskRunner pid=513)[0m                                          'speculative_num_steps': 3},
[36m(TaskRunner pid=513)[0m                                  'override_config': {},
[36m(TaskRunner pid=513)[0m                                  'path': '/root/models/Qwen/Qwen3-1.7B-Base',
[36m(TaskRunner pid=513)[0m                                  'target_modules': 'all-linear',
[36m(TaskRunner pid=513)[0m                                  'tiled_mlp': {'enabled': False,
[36m(TaskRunner pid=513)[0m                                                'num_shards': 4},
[36m(TaskRunner pid=513)[0m                                  'tokenizer_path': None,
[36m(TaskRunner pid=513)[0m                                  'trust_remote_code': True,
[36m(TaskRunner pid=513)[0m                                  'use_fused_kernels': False,
[36m(TaskRunner pid=513)[0m                                  'use_liger': False,
[36m(TaskRunner pid=513)[0m                                  'use_remove_padding': True,
[36m(TaskRunner pid=513)[0m                                  'use_shm': False},
[36m(TaskRunner pid=513)[0m                        'nccl_timeout': 600,
[36m(TaskRunner pid=513)[0m                        'ref': {'_target_': 'verl.workers.config.FSDPActorConfig',
[36m(TaskRunner pid=513)[0m                                'entropy_checkpointing': False,
[36m(TaskRunner pid=513)[0m                                'entropy_from_logits_with_chunking': False,
[36m(TaskRunner pid=513)[0m                                'fsdp_config': {'_target_': 'verl.workers.config.FSDPEngineConfig',
[36m(TaskRunner pid=513)[0m                                                'dtype': 'bfloat16',
[36m(TaskRunner pid=513)[0m                                                'entropy_checkpointing': False,
[36m(TaskRunner pid=513)[0m                                                'entropy_from_logits_with_chunking': False,
[36m(TaskRunner pid=513)[0m                                                'forward_only': True,
[36m(TaskRunner pid=513)[0m                                                'forward_prefetch': False,
[36m(TaskRunner pid=513)[0m                                                'fsdp_size': -1,
[36m(TaskRunner pid=513)[0m                                                'full_determinism': False,
[36m(TaskRunner pid=513)[0m                                                'model_dtype': 'fp32',
[36m(TaskRunner pid=513)[0m                                                'offload_policy': False,
[36m(TaskRunner pid=513)[0m                                                'optimizer_offload': False,
[36m(TaskRunner pid=513)[0m                                                'param_offload': False,
[36m(TaskRunner pid=513)[0m                                                'qat': {'_target_': 'verl.workers.config.QATEngineConfig',
[36m(TaskRunner pid=513)[0m                                                        'activation_observer': 'static_minmax',
[36m(TaskRunner pid=513)[0m                                                        'enable': False,
[36m(TaskRunner pid=513)[0m                                                        'group_size': 16,
[36m(TaskRunner pid=513)[0m                                                        'ignore_patterns': ['lm_head',
[36m(TaskRunner pid=513)[0m                                                                            'embed_tokens',
[36m(TaskRunner pid=513)[0m                                                                            're:.*mlp.gate$'],
[36m(TaskRunner pid=513)[0m                                                        'mode': 'w4a16',
[36m(TaskRunner pid=513)[0m                                                        'quantization_config_path': None},
[36m(TaskRunner pid=513)[0m                                                'reshard_after_forward': True,
[36m(TaskRunner pid=513)[0m                                                'seed': 42,
[36m(TaskRunner pid=513)[0m                                                'strategy': 'fsdp',
[36m(TaskRunner pid=513)[0m                                                'ulysses_sequence_parallel_size': 1,
[36m(TaskRunner pid=513)[0m                                                'use_orig_params': False,
[36m(TaskRunner pid=513)[0m                                                'use_torch_compile': True,
[36m(TaskRunner pid=513)[0m                                                'wrap_policy': {'min_num_params': 0}},
[36m(TaskRunner pid=513)[0m                                'log_prob_max_token_len_per_gpu': 24576,
[36m(TaskRunner pid=513)[0m                                'log_prob_micro_batch_size': None,
[36m(TaskRunner pid=513)[0m                                'log_prob_micro_batch_size_per_gpu': None,
[36m(TaskRunner pid=513)[0m                                'log_prob_use_dynamic_bsz': True,
[36m(TaskRunner pid=513)[0m                                'profiler': {'_target_': 'verl.utils.profiler.ProfilerConfig',
[36m(TaskRunner pid=513)[0m                                             'all_ranks': False,
[36m(TaskRunner pid=513)[0m                                             'enable': False,
[36m(TaskRunner pid=513)[0m                                             'ranks': [],
[36m(TaskRunner pid=513)[0m                                             'save_path': 'outputs/profile',
[36m(TaskRunner pid=513)[0m                                             'tool': None,
[36m(TaskRunner pid=513)[0m                                             'tool_config': {'npu': {'_target_': 'verl.utils.profiler.config.NPUToolConfig',
[36m(TaskRunner pid=513)[0m                                                                     'analysis': True,
[36m(TaskRunner pid=513)[0m                                                                     'contents': [],
[36m(TaskRunner pid=513)[0m                                                                     'discrete': False,
[36m(TaskRunner pid=513)[0m                                                                     'level': 'level0'},
[36m(TaskRunner pid=513)[0m                                                             'nsys': {'_target_': 'verl.utils.profiler.config.NsightToolConfig',
[36m(TaskRunner pid=513)[0m                                                                      'discrete': False},
[36m(TaskRunner pid=513)[0m                                                             'precision_debugger': {'_target_': 'verl.utils.profiler.config.PrecisionDebuggerToolConfig',
[36m(TaskRunner pid=513)[0m                                                                                    'config_path': None,
[36m(TaskRunner pid=513)[0m                                                                                    'stages': None,
[36m(TaskRunner pid=513)[0m                                                                                    'steps': None,
[36m(TaskRunner pid=513)[0m                                                                                    'strict': False},
[36m(TaskRunner pid=513)[0m                                                             'torch': {'_target_': 'verl.utils.profiler.config.TorchProfilerToolConfig',
[36m(TaskRunner pid=513)[0m                                                                       'contents': [],
[36m(TaskRunner pid=513)[0m                                                                       'discrete': False},
[36m(TaskRunner pid=513)[0m                                                             'torch_memory': {'_target_': 'verl.utils.profiler.config.TorchMemoryToolConfig',
[36m(TaskRunner pid=513)[0m                                                                              'stack_depth': 32,
[36m(TaskRunner pid=513)[0m                                                                              'trace_alloc_max_entries': 100000}}},
[36m(TaskRunner pid=513)[0m                                'rollout_n': 8,
[36m(TaskRunner pid=513)[0m                                'router_replay': {'_target_': 'verl.workers.config.RouterReplayConfig',
[36m(TaskRunner pid=513)[0m                                                  'mode': 'disabled',
[36m(TaskRunner pid=513)[0m                                                  'record_file': None,
[36m(TaskRunner pid=513)[0m                                                  'replay_file': None},
[36m(TaskRunner pid=513)[0m                                'strategy': 'fsdp',
[36m(TaskRunner pid=513)[0m                                'ulysses_sequence_parallel_size': 1,
[36m(TaskRunner pid=513)[0m                                'use_torch_compile': False},
[36m(TaskRunner pid=513)[0m                        'rollout': {'_target_': 'verl.workers.config.RolloutConfig',
[36m(TaskRunner pid=513)[0m                                    'agent': {'_target_': 'verl.workers.config.AgentLoopConfig',
[36m(TaskRunner pid=513)[0m                                              'agent_loop_config_path': None,
[36m(TaskRunner pid=513)[0m                                              'custom_async_server': {'_target_': 'verl.workers.config.CustomAsyncServerConfig',
[36m(TaskRunner pid=513)[0m                                                                      'name': None,
[36m(TaskRunner pid=513)[0m                                                                      'path': None},
[36m(TaskRunner pid=513)[0m                                              'default_agent_loop': 'single_turn_agent',
[36m(TaskRunner pid=513)[0m                                              'num_workers': 8},
[36m(TaskRunner pid=513)[0m                                    'calculate_log_probs': False,
[36m(TaskRunner pid=513)[0m                                    'checkpoint_engine': {'_target_': 'verl.workers.config.CheckpointEngineConfig',
[36m(TaskRunner pid=513)[0m                                                          'backend': 'naive',
[36m(TaskRunner pid=513)[0m                                                          'custom_backend_module': None,
[36m(TaskRunner pid=513)[0m                                                          'engine_kwargs': {},
[36m(TaskRunner pid=513)[0m                                                          'update_weights_bucket_megabytes': 2048},
[36m(TaskRunner pid=513)[0m                                    'cudagraph_capture_sizes': None,
[36m(TaskRunner pid=513)[0m                                    'data_parallel_size': 1,
[36m(TaskRunner pid=513)[0m                                    'disable_log_stats': True,
[36m(TaskRunner pid=513)[0m                                    'disaggregation': {'bootstrap_port': None,
[36m(TaskRunner pid=513)[0m                                                       'decode_replicas': 1,
[36m(TaskRunner pid=513)[0m                                                       'decode_tensor_model_parallel_size': None,
[36m(TaskRunner pid=513)[0m                                                       'enabled': False,
[36m(TaskRunner pid=513)[0m                                                       'ib_device': None,
[36m(TaskRunner pid=513)[0m                                                       'prefill_replicas': 1,
[36m(TaskRunner pid=513)[0m                                                       'transfer_backend': 'nixl'},
[36m(TaskRunner pid=513)[0m                                    'do_sample': True,
[36m(TaskRunner pid=513)[0m                                    'dtype': 'bfloat16',
[36m(TaskRunner pid=513)[0m                                    'enable_chunked_prefill': True,
[36m(TaskRunner pid=513)[0m                                    'enable_prefix_caching': True,
[36m(TaskRunner pid=513)[0m                                    'enable_rollout_routing_replay': False,
[36m(TaskRunner pid=513)[0m                                    'enforce_eager': True,
[36m(TaskRunner pid=513)[0m                                    'engine_kwargs': {'sglang': {},
[36m(TaskRunner pid=513)[0m                                                      'trtllm': {},
[36m(TaskRunner pid=513)[0m                                                      'vllm': {}},
[36m(TaskRunner pid=513)[0m                                    'expert_parallel_size': 1,
[36m(TaskRunner pid=513)[0m                                    'free_cache_engine': True,
[36m(TaskRunner pid=513)[0m                                    'gpu_memory_utilization': 0.4,
[36m(TaskRunner pid=513)[0m                                    'ignore_eos': False,
[36m(TaskRunner pid=513)[0m                                    'layered_summon': False,
[36m(TaskRunner pid=513)[0m                                    'load_format': 'dummy',
[36m(TaskRunner pid=513)[0m                                    'log_prob_max_token_len_per_gpu': 24576,
[36m(TaskRunner pid=513)[0m                                    'log_prob_micro_batch_size': None,
[36m(TaskRunner pid=513)[0m                                    'log_prob_micro_batch_size_per_gpu': None,
[36m(TaskRunner pid=513)[0m                                    'log_prob_use_dynamic_bsz': True,
[36m(TaskRunner pid=513)[0m                                    'logprobs_mode': 'processed_logprobs',
[36m(TaskRunner pid=513)[0m                                    'max_model_len': 3072,
[36m(TaskRunner pid=513)[0m                                    'max_num_batched_tokens': 8192,
[36m(TaskRunner pid=513)[0m                                    'max_num_seqs': 1024,
[36m(TaskRunner pid=513)[0m                                    'mode': 'async',
[36m(TaskRunner pid=513)[0m                                    'mtp': {'_target_': 'verl.workers.config.MtpConfig',
[36m(TaskRunner pid=513)[0m                                            'detach_encoder': False,
[36m(TaskRunner pid=513)[0m                                            'enable': False,
[36m(TaskRunner pid=513)[0m                                            'enable_rollout': False,
[36m(TaskRunner pid=513)[0m                                            'enable_train': False,
[36m(TaskRunner pid=513)[0m                                            'method': 'mtp',
[36m(TaskRunner pid=513)[0m                                            'mtp_loss_scaling_factor': 0.1,
[36m(TaskRunner pid=513)[0m                                            'num_speculative_tokens': 1,
[36m(TaskRunner pid=513)[0m                                            'speculative_algorithm': 'EAGLE',
[36m(TaskRunner pid=513)[0m                                            'speculative_eagle_topk': 1,
[36m(TaskRunner pid=513)[0m                                            'speculative_num_draft_tokens': 4,
[36m(TaskRunner pid=513)[0m                                            'speculative_num_steps': 3},
[36m(TaskRunner pid=513)[0m                                    'multi_stage_wake_up': False,
[36m(TaskRunner pid=513)[0m                                    'multi_turn': {'_target_': 'verl.workers.config.MultiTurnConfig',
[36m(TaskRunner pid=513)[0m                                                   'enable': False,
[36m(TaskRunner pid=513)[0m                                                   'format': 'hermes',
[36m(TaskRunner pid=513)[0m                                                   'function_tool_path': None,
[36m(TaskRunner pid=513)[0m                                                   'max_assistant_turns': None,
[36m(TaskRunner pid=513)[0m                                                   'max_parallel_calls': 1,
[36m(TaskRunner pid=513)[0m                                                   'max_tool_response_length': 256,
[36m(TaskRunner pid=513)[0m                                                   'max_user_turns': None,
[36m(TaskRunner pid=513)[0m                                                   'num_repeat_rollouts': None,
[36m(TaskRunner pid=513)[0m                                                   'tokenization_sanity_check_mode': 'strict',
[36m(TaskRunner pid=513)[0m                                                   'tool_config_path': None,
[36m(TaskRunner pid=513)[0m                                                   'tool_response_truncate_side': 'middle',
[36m(TaskRunner pid=513)[0m                                                   'use_inference_chat_template': False},
[36m(TaskRunner pid=513)[0m                                    'n': 8,
[36m(TaskRunner pid=513)[0m                                    'n_gpus_per_node': 4,
[36m(TaskRunner pid=513)[0m                                    'name': 'vllm',
[36m(TaskRunner pid=513)[0m                                    'nnodes': 0,
[36m(TaskRunner pid=513)[0m                                    'over_sample_rate': 0,
[36m(TaskRunner pid=513)[0m                                    'pipeline_model_parallel_size': 1,
[36m(TaskRunner pid=513)[0m                                    'profiler': {'_target_': 'verl.utils.profiler.ProfilerConfig',
[36m(TaskRunner pid=513)[0m                                                 'all_ranks': False,
[36m(TaskRunner pid=513)[0m                                                 'enable': False,
[36m(TaskRunner pid=513)[0m                                                 'ranks': [],
[36m(TaskRunner pid=513)[0m                                                 'save_path': 'outputs/profile',
[36m(TaskRunner pid=513)[0m                                                 'tool': None,
[36m(TaskRunner pid=513)[0m                                                 'tool_config': {'npu': {'_target_': 'verl.utils.profiler.config.NPUToolConfig',
[36m(TaskRunner pid=513)[0m                                                                         'analysis': True,
[36m(TaskRunner pid=513)[0m                                                                         'contents': [],
[36m(TaskRunner pid=513)[0m                                                                         'discrete': False,
[36m(TaskRunner pid=513)[0m                                                                         'level': 'level0'},
[36m(TaskRunner pid=513)[0m                                                                 'precision_debugger': {'_target_': 'verl.utils.profiler.config.PrecisionDebuggerToolConfig',
[36m(TaskRunner pid=513)[0m                                                                                        'config_path': None,
[36m(TaskRunner pid=513)[0m                                                                                        'stages': None,
[36m(TaskRunner pid=513)[0m                                                                                        'steps': None,
[36m(TaskRunner pid=513)[0m                                                                                        'strict': False},
[36m(TaskRunner pid=513)[0m                                                                 'torch': {'_target_': 'verl.utils.profiler.config.TorchProfilerToolConfig',
[36m(TaskRunner pid=513)[0m                                                                           'contents': [],
[36m(TaskRunner pid=513)[0m                                                                           'discrete': False}}},
[36m(TaskRunner pid=513)[0m                                    'prometheus': {'_target_': 'verl.workers.config.PrometheusConfig',
[36m(TaskRunner pid=513)[0m                                                   'enable': False,
[36m(TaskRunner pid=513)[0m                                                   'file': '/tmp/ray/session_latest/metrics/prometheus/prometheus.yml',
[36m(TaskRunner pid=513)[0m                                                   'port': 9090,
[36m(TaskRunner pid=513)[0m                                                   'served_model_name': '/root/models/Qwen/Qwen3-1.7B-Base'},
[36m(TaskRunner pid=513)[0m                                    'prompt_length': 512,
[36m(TaskRunner pid=513)[0m                                    'qat': {'_target_': 'verl.workers.config.QATEngineConfig',
[36m(TaskRunner pid=513)[0m                                            'activation_observer': 'static_minmax',
[36m(TaskRunner pid=513)[0m                                            'enable': False,
[36m(TaskRunner pid=513)[0m                                            'group_size': 16,
[36m(TaskRunner pid=513)[0m                                            'ignore_patterns': ['lm_head',
[36m(TaskRunner pid=513)[0m                                                                'embed_tokens',
[36m(TaskRunner pid=513)[0m                                                                're:.*mlp.gate$'],
[36m(TaskRunner pid=513)[0m                                            'mode': 'w4a16',
[36m(TaskRunner pid=513)[0m                                            'quantization_config_path': None},
[36m(TaskRunner pid=513)[0m                                    'quantization': None,
[36m(TaskRunner pid=513)[0m                                    'quantization_config_file': None,
[36m(TaskRunner pid=513)[0m                                    'response_length': 2048,
[36m(TaskRunner pid=513)[0m                                    'scheduling_policy': 'fcfs',
[36m(TaskRunner pid=513)[0m                                    'skip': {'_target_': 'verl.workers.config.SkipConfig',
[36m(TaskRunner pid=513)[0m                                             'action': 'cache',
[36m(TaskRunner pid=513)[0m                                             'dump_dir': '~/.verl/rollout_dump',
[36m(TaskRunner pid=513)[0m                                             'enable': False,
[36m(TaskRunner pid=513)[0m                                             'max_dump_step': 1},
[36m(TaskRunner pid=513)[0m                                    'skip_tokenizer_init': True,
[36m(TaskRunner pid=513)[0m                                    'temperature': 1.0,
[36m(TaskRunner pid=513)[0m                                    'tensor_model_parallel_size': 1,
[36m(TaskRunner pid=513)[0m                                    'top_k': -1,
[36m(TaskRunner pid=513)[0m                                    'top_p': 0.95,
[36m(TaskRunner pid=513)[0m                                    'trace': {'_target_': 'verl.workers.config.TraceConfig',
[36m(TaskRunner pid=513)[0m                                              'backend': None,
[36m(TaskRunner pid=513)[0m                                              'experiment_name': 'grpo_v4',
[36m(TaskRunner pid=513)[0m                                              'max_samples_per_step_per_worker': None,
[36m(TaskRunner pid=513)[0m                                              'project_name': 'grpo_math',
[36m(TaskRunner pid=513)[0m                                              'token2text': False},
[36m(TaskRunner pid=513)[0m                                    'val_kwargs': {'_target_': 'verl.workers.config.SamplingConfig',
[36m(TaskRunner pid=513)[0m                                                   'do_sample': False,
[36m(TaskRunner pid=513)[0m                                                   'n': 1,
[36m(TaskRunner pid=513)[0m                                                   'temperature': 0,
[36m(TaskRunner pid=513)[0m                                                   'top_k': -1,
[36m(TaskRunner pid=513)[0m                                                   'top_p': 1.0}}},
[36m(TaskRunner pid=513)[0m  'algorithm': {'_target_': 'verl.trainer.config.AlgoConfig',
[36m(TaskRunner pid=513)[0m                'adv_estimator': 'grpo',
[36m(TaskRunner pid=513)[0m                'gamma': 1.0,
[36m(TaskRunner pid=513)[0m                'kl_ctrl': {'_target_': 'verl.trainer.config.KLControlConfig',
[36m(TaskRunner pid=513)[0m                            'horizon': 10000,
[36m(TaskRunner pid=513)[0m                            'kl_coef': 0.001,
[36m(TaskRunner pid=513)[0m                            'target_kl': 0.1,
[36m(TaskRunner pid=513)[0m                            'type': 'fixed'},
[36m(TaskRunner pid=513)[0m                'kl_penalty': 'kl',
[36m(TaskRunner pid=513)[0m                'lam': 1.0,
[36m(TaskRunner pid=513)[0m                'norm_adv_by_std_in_grpo': True,
[36m(TaskRunner pid=513)[0m                'pf_ppo': {'reweight_method': 'pow', 'weight_pow': 2.0},
[36m(TaskRunner pid=513)[0m                'rollout_correction': {'bypass_mode': False,
[36m(TaskRunner pid=513)[0m                                       'loss_type': 'ppo_clip',
[36m(TaskRunner pid=513)[0m                                       'rollout_is': None,
[36m(TaskRunner pid=513)[0m                                       'rollout_is_batch_normalize': False,
[36m(TaskRunner pid=513)[0m                                       'rollout_is_threshold': 2.0,
[36m(TaskRunner pid=513)[0m                                       'rollout_rs': None,
[36m(TaskRunner pid=513)[0m                                       'rollout_rs_threshold': None},
[36m(TaskRunner pid=513)[0m                'use_kl_in_reward': False,
[36m(TaskRunner pid=513)[0m                'use_pf_ppo': False},
[36m(TaskRunner pid=513)[0m  'critic': {'_target_': 'verl.workers.config.FSDPCriticConfig',
[36m(TaskRunner pid=513)[0m             'checkpoint': {'_target_': 'verl.trainer.config.CheckpointConfig',
[36m(TaskRunner pid=513)[0m                            'async_save': False,
[36m(TaskRunner pid=513)[0m                            'load_contents': ['model', 'optimizer', 'extra'],
[36m(TaskRunner pid=513)[0m                            'mbridge_config': {},
[36m(TaskRunner pid=513)[0m                            'save_contents': ['model', 'optimizer', 'extra']},
[36m(TaskRunner pid=513)[0m             'cliprange_value': 0.5,
[36m(TaskRunner pid=513)[0m             'data_loader_seed': 42,
[36m(TaskRunner pid=513)[0m             'enable': None,
[36m(TaskRunner pid=513)[0m             'forward_max_token_len_per_gpu': 32768,
[36m(TaskRunner pid=513)[0m             'forward_micro_batch_size': None,
[36m(TaskRunner pid=513)[0m             'forward_micro_batch_size_per_gpu': None,
[36m(TaskRunner pid=513)[0m             'fsdp': {'_target_': 'verl.workers.config.FSDPEngineConfig',
[36m(TaskRunner pid=513)[0m                      'dtype': 'bfloat16',
[36m(TaskRunner pid=513)[0m                      'entropy_checkpointing': False,
[36m(TaskRunner pid=513)[0m                      'entropy_from_logits_with_chunking': False,
[36m(TaskRunner pid=513)[0m                      'forward_only': False,
[36m(TaskRunner pid=513)[0m                      'forward_prefetch': False,
[36m(TaskRunner pid=513)[0m                      'fsdp_size': -1,
[36m(TaskRunner pid=513)[0m                      'full_determinism': False,
[36m(TaskRunner pid=513)[0m                      'model_dtype': 'fp32',
[36m(TaskRunner pid=513)[0m                      'offload_policy': False,
[36m(TaskRunner pid=513)[0m                      'optimizer_offload': False,
[36m(TaskRunner pid=513)[0m                      'param_offload': False,
[36m(TaskRunner pid=513)[0m                      'qat': {'_target_': 'verl.workers.config.QATEngineConfig',
[36m(TaskRunner pid=513)[0m                              'activation_observer': 'static_minmax',
[36m(TaskRunner pid=513)[0m                              'enable': False,
[36m(TaskRunner pid=513)[0m                              'group_size': 16,
[36m(TaskRunner pid=513)[0m                              'ignore_patterns': ['lm_head',
[36m(TaskRunner pid=513)[0m                                                  'embed_tokens',
[36m(TaskRunner pid=513)[0m                                                  're:.*mlp.gate$'],
[36m(TaskRunner pid=513)[0m                              'mode': 'w4a16',
[36m(TaskRunner pid=513)[0m                              'quantization_config_path': None},
[36m(TaskRunner pid=513)[0m                      'reshard_after_forward': True,
[36m(TaskRunner pid=513)[0m                      'seed': 42,
[36m(TaskRunner pid=513)[0m                      'strategy': 'fsdp',
[36m(TaskRunner pid=513)[0m                      'ulysses_sequence_parallel_size': 1,
[36m(TaskRunner pid=513)[0m                      'use_orig_params': False,
[36m(TaskRunner pid=513)[0m                      'use_torch_compile': True,
[36m(TaskRunner pid=513)[0m                      'wrap_policy': {'min_num_params': 0}},
[36m(TaskRunner pid=513)[0m             'grad_clip': 1.0,
[36m(TaskRunner pid=513)[0m             'loss_agg_mode': 'token-mean',
[36m(TaskRunner pid=513)[0m             'model': {'_target_': 'verl.workers.config.HFModelConfig',
[36m(TaskRunner pid=513)[0m                       'custom_chat_template': None,
[36m(TaskRunner pid=513)[0m                       'enable_activation_offload': False,
[36m(TaskRunner pid=513)[0m                       'enable_gradient_checkpointing': True,
[36m(TaskRunner pid=513)[0m                       'exclude_modules': None,
[36m(TaskRunner pid=513)[0m                       'external_lib': None,
[36m(TaskRunner pid=513)[0m                       'fused_kernel_options': {'impl_backend': 'torch'},
[36m(TaskRunner pid=513)[0m                       'hf_config_path': None,
[36m(TaskRunner pid=513)[0m                       'lora': {'a2a_experimental': False,
[36m(TaskRunner pid=513)[0m                                'adapter_path': None,
[36m(TaskRunner pid=513)[0m                                'alpha': 32,
[36m(TaskRunner pid=513)[0m                                'dropout': 0.0,
[36m(TaskRunner pid=513)[0m                                'dropout_position': 'pre',
[36m(TaskRunner pid=513)[0m                                'dtype': None,
[36m(TaskRunner pid=513)[0m                                'exclude_modules': [],
[36m(TaskRunner pid=513)[0m                                'freeze_language_model': True,
[36m(TaskRunner pid=513)[0m                                'freeze_vision_model': True,
[36m(TaskRunner pid=513)[0m                                'freeze_vision_projection': True,
[36m(TaskRunner pid=513)[0m                                'lora_A_init_method': 'xavier',
[36m(TaskRunner pid=513)[0m                                'lora_B_init_method': 'zero',
[36m(TaskRunner pid=513)[0m                                'merge': False,
[36m(TaskRunner pid=513)[0m                                'rank': 0,
[36m(TaskRunner pid=513)[0m                                'target_modules': ['linear_qkv',
[36m(TaskRunner pid=513)[0m                                                   'linear_proj',
[36m(TaskRunner pid=513)[0m                                                   'linear_fc1',
[36m(TaskRunner pid=513)[0m                                                   'linear_fc2'],
[36m(TaskRunner pid=513)[0m                                'type': 'lora'},
[36m(TaskRunner pid=513)[0m                       'lora_adapter_path': None,
[36m(TaskRunner pid=513)[0m                       'lora_alpha': 16,
[36m(TaskRunner pid=513)[0m                       'lora_rank': 0,
[36m(TaskRunner pid=513)[0m                       'mtp': {'_target_': 'verl.workers.config.MtpConfig',
[36m(TaskRunner pid=513)[0m                               'detach_encoder': False,
[36m(TaskRunner pid=513)[0m                               'enable': False,
[36m(TaskRunner pid=513)[0m                               'enable_rollout': False,
[36m(TaskRunner pid=513)[0m                               'enable_train': False,
[36m(TaskRunner pid=513)[0m                               'method': 'mtp',
[36m(TaskRunner pid=513)[0m                               'mtp_loss_scaling_factor': 0.1,
[36m(TaskRunner pid=513)[0m                               'num_speculative_tokens': 1,
[36m(TaskRunner pid=513)[0m                               'speculative_algorithm': 'EAGLE',
[36m(TaskRunner pid=513)[0m                               'speculative_eagle_topk': 1,
[36m(TaskRunner pid=513)[0m                               'speculative_num_draft_tokens': 4,
[36m(TaskRunner pid=513)[0m                               'speculative_num_steps': 3},
[36m(TaskRunner pid=513)[0m                       'override_config': {},
[36m(TaskRunner pid=513)[0m                       'path': '~/models/deepseek-llm-7b-chat',
[36m(TaskRunner pid=513)[0m                       'target_modules': 'all-linear',
[36m(TaskRunner pid=513)[0m                       'tiled_mlp': {'enabled': False, 'num_shards': 4},
[36m(TaskRunner pid=513)[0m                       'tokenizer_path': None,
[36m(TaskRunner pid=513)[0m                       'trust_remote_code': False,
[36m(TaskRunner pid=513)[0m                       'use_fused_kernels': False,
[36m(TaskRunner pid=513)[0m                       'use_liger': False,
[36m(TaskRunner pid=513)[0m                       'use_remove_padding': True,
[36m(TaskRunner pid=513)[0m                       'use_shm': False},
[36m(TaskRunner pid=513)[0m             'optim': {'_target_': 'verl.workers.config.FSDPOptimizerConfig',
[36m(TaskRunner pid=513)[0m                       'betas': [0.9, 0.999],
[36m(TaskRunner pid=513)[0m                       'clip_grad': 1.0,
[36m(TaskRunner pid=513)[0m                       'lr': 1e-05,
[36m(TaskRunner pid=513)[0m                       'lr_scheduler_type': 'constant',
[36m(TaskRunner pid=513)[0m                       'lr_warmup_steps': -1,
[36m(TaskRunner pid=513)[0m                       'lr_warmup_steps_ratio': 0.0,
[36m(TaskRunner pid=513)[0m                       'min_lr_ratio': 0.0,
[36m(TaskRunner pid=513)[0m                       'num_cycles': 0.5,
[36m(TaskRunner pid=513)[0m                       'optimizer': 'AdamW',
[36m(TaskRunner pid=513)[0m                       'optimizer_impl': 'torch.optim',
[36m(TaskRunner pid=513)[0m                       'override_optimizer_config': None,
[36m(TaskRunner pid=513)[0m                       'total_training_steps': -1,
[36m(TaskRunner pid=513)[0m                       'warmup_style': None,
[36m(TaskRunner pid=513)[0m                       'weight_decay': 0.01,
[36m(TaskRunner pid=513)[0m                       'zero_indexed_step': True},
[36m(TaskRunner pid=513)[0m             'ppo_epochs': 1,
[36m(TaskRunner pid=513)[0m             'ppo_max_token_len_per_gpu': 32768,
[36m(TaskRunner pid=513)[0m             'ppo_micro_batch_size': None,
[36m(TaskRunner pid=513)[0m             'ppo_micro_batch_size_per_gpu': None,
[36m(TaskRunner pid=513)[0m             'ppo_mini_batch_size': 256,
[36m(TaskRunner pid=513)[0m             'profiler': {'_target_': 'verl.utils.profiler.ProfilerConfig',
[36m(TaskRunner pid=513)[0m                          'all_ranks': False,
[36m(TaskRunner pid=513)[0m                          'enable': False,
[36m(TaskRunner pid=513)[0m                          'ranks': [],
[36m(TaskRunner pid=513)[0m                          'save_path': 'outputs/profile',
[36m(TaskRunner pid=513)[0m                          'tool': None,
[36m(TaskRunner pid=513)[0m                          'tool_config': {'npu': {'_target_': 'verl.utils.profiler.config.NPUToolConfig',
[36m(TaskRunner pid=513)[0m                                                  'analysis': True,
[36m(TaskRunner pid=513)[0m                                                  'contents': [],
[36m(TaskRunner pid=513)[0m                                                  'discrete': False,
[36m(TaskRunner pid=513)[0m                                                  'level': 'level0'},
[36m(TaskRunner pid=513)[0m                                          'nsys': {'_target_': 'verl.utils.profiler.config.NsightToolConfig',
[36m(TaskRunner pid=513)[0m                                                   'discrete': False},
[36m(TaskRunner pid=513)[0m                                          'precision_debugger': {'_target_': 'verl.utils.profiler.config.PrecisionDebuggerToolConfig',
[36m(TaskRunner pid=513)[0m                                                                 'config_path': None,
[36m(TaskRunner pid=513)[0m                                                                 'stages': None,
[36m(TaskRunner pid=513)[0m                                                                 'steps': None,
[36m(TaskRunner pid=513)[0m                                                                 'strict': False},
[36m(TaskRunner pid=513)[0m                                          'torch': {'_target_': 'verl.utils.profiler.config.TorchProfilerToolConfig',
[36m(TaskRunner pid=513)[0m                                                    'contents': [],
[36m(TaskRunner pid=513)[0m                                                    'discrete': False},
[36m(TaskRunner pid=513)[0m                                          'torch_memory': {'_target_': 'verl.utils.profiler.config.TorchMemoryToolConfig',
[36m(TaskRunner pid=513)[0m                                                           'stack_depth': 32,
[36m(TaskRunner pid=513)[0m                                                           'trace_alloc_max_entries': 100000}}},
[36m(TaskRunner pid=513)[0m             'rollout_n': 8,
[36m(TaskRunner pid=513)[0m             'shuffle': False,
[36m(TaskRunner pid=513)[0m             'strategy': 'fsdp',
[36m(TaskRunner pid=513)[0m             'ulysses_sequence_parallel_size': 1,
[36m(TaskRunner pid=513)[0m             'use_dynamic_bsz': True},
[36m(TaskRunner pid=513)[0m  'data': {'apply_chat_template_kwargs': {},
[36m(TaskRunner pid=513)[0m           'custom_cls': {'name': None, 'path': None},
[36m(TaskRunner pid=513)[0m           'dataloader_num_workers': 8,
[36m(TaskRunner pid=513)[0m           'filter_overlong_prompts': True,
[36m(TaskRunner pid=513)[0m           'filter_overlong_prompts_workers': 1,
[36m(TaskRunner pid=513)[0m           'function_tool_path': None,
[36m(TaskRunner pid=513)[0m           'image_key': 'images',
[36m(TaskRunner pid=513)[0m           'image_patch_size': 14,
[36m(TaskRunner pid=513)[0m           'max_prompt_length': 512,
[36m(TaskRunner pid=513)[0m           'max_response_length': 2048,
[36m(TaskRunner pid=513)[0m           'prompt_key': 'prompt',
[36m(TaskRunner pid=513)[0m           'return_full_prompt': False,
[36m(TaskRunner pid=513)[0m           'return_multi_modal_inputs': True,
[36m(TaskRunner pid=513)[0m           'return_raw_chat': True,
[36m(TaskRunner pid=513)[0m           'return_raw_input_ids': False,
[36m(TaskRunner pid=513)[0m           'reward_fn_key': 'data_source',
[36m(TaskRunner pid=513)[0m           'seed': None,
[36m(TaskRunner pid=513)[0m           'shuffle': True,
[36m(TaskRunner pid=513)[0m           'tokenizer': None,
[36m(TaskRunner pid=513)[0m           'tool_config_path': None,
[36m(TaskRunner pid=513)[0m           'train_batch_size': 256,
[36m(TaskRunner pid=513)[0m           'train_files': '/workspace/AI4AI/experiments/claude-code-verl/workspace/data/train_v4.parquet',
[36m(TaskRunner pid=513)[0m           'train_max_samples': -1,
[36m(TaskRunner pid=513)[0m           'truncation': 'left',
[36m(TaskRunner pid=513)[0m           'trust_remote_code': True,
[36m(TaskRunner pid=513)[0m           'use_shm': False,
[36m(TaskRunner pid=513)[0m           'val_batch_size': None,
[36m(TaskRunner pid=513)[0m           'val_files': '/workspace/AI4AI/experiments/claude-code-verl/workspace/data/val_v4.parquet',
[36m(TaskRunner pid=513)[0m           'val_max_samples': -1,
[36m(TaskRunner pid=513)[0m           'validation_shuffle': False,
[36m(TaskRunner pid=513)[0m           'video_key': 'videos'},
[36m(TaskRunner pid=513)[0m  'distillation': {'_target_': 'verl.workers.config.DistillationConfig',
[36m(TaskRunner pid=513)[0m                   'distillation_loss': {'_target_': 'verl.workers.config.DistillationLossConfig',
[36m(TaskRunner pid=513)[0m                                         'clip_ratio': 0.2,
[36m(TaskRunner pid=513)[0m                                         'clip_ratio_high': 0.2,
[36m(TaskRunner pid=513)[0m                                         'clip_ratio_low': 0.2,
[36m(TaskRunner pid=513)[0m                                         'distillation_loss_coef': 1.0,
[36m(TaskRunner pid=513)[0m                                         'log_prob_min_clamp': None,
[36m(TaskRunner pid=513)[0m                                         'loss_max_clamp': None,
[36m(TaskRunner pid=513)[0m                                         'loss_mode': 'k3',
[36m(TaskRunner pid=513)[0m                                         'policy_loss_mode': 'vanilla',
[36m(TaskRunner pid=513)[0m                                         'topk': 32,
[36m(TaskRunner pid=513)[0m                                         'use_policy_gradient': False,
[36m(TaskRunner pid=513)[0m                                         'use_task_rewards': True},
[36m(TaskRunner pid=513)[0m                   'enabled': False,
[36m(TaskRunner pid=513)[0m                   'n_gpus_per_node': 8,
[36m(TaskRunner pid=513)[0m                   'nnodes': 0,
[36m(TaskRunner pid=513)[0m                   'teacher_key': 'data_source',
[36m(TaskRunner pid=513)[0m                   'teacher_models': {'teacher_model': {'_target_': 'verl.workers.config.DistillationTeacherModelConfig',
[36m(TaskRunner pid=513)[0m                                                        'inference': {'_target_': 'verl.workers.config.RolloutConfig',
[36m(TaskRunner pid=513)[0m                                                                      'cudagraph_capture_sizes': None,
[36m(TaskRunner pid=513)[0m                                                                      'data_parallel_size': 1,
[36m(TaskRunner pid=513)[0m                                                                      'disable_log_stats': True,
[36m(TaskRunner pid=513)[0m                                                                      'dtype': 'bfloat16',
[36m(TaskRunner pid=513)[0m                                                                      'enable_chunked_prefill': True,
[36m(TaskRunner pid=513)[0m                                                                      'enable_prefix_caching': True,
[36m(TaskRunner pid=513)[0m                                                                      'enforce_eager': True,
[36m(TaskRunner pid=513)[0m                                                                      'engine_kwargs': {},
[36m(TaskRunner pid=513)[0m                                                                      'expert_parallel_size': 1,
[36m(TaskRunner pid=513)[0m                                                                      'free_cache_engine': True,
[36m(TaskRunner pid=513)[0m                                                                      'gpu_memory_utilization': 0.5,
[36m(TaskRunner pid=513)[0m                                                                      'limit_images': None,
[36m(TaskRunner pid=513)[0m                                                                      'load_format': 'auto',
[36m(TaskRunner pid=513)[0m                                                                      'max_model_len': None,
[36m(TaskRunner pid=513)[0m                                                                      'max_num_batched_tokens': 8192,
[36m(TaskRunner pid=513)[0m                                                                      'max_num_seqs': 1024,
[36m(TaskRunner pid=513)[0m                                                                      'name': 'vllm',
[36m(TaskRunner pid=513)[0m                                                                      'prompt_length': 512,
[36m(TaskRunner pid=513)[0m                                                                      'response_length': 2048,
[36m(TaskRunner pid=513)[0m                                                                      'skip_tokenizer_init': True,
[36m(TaskRunner pid=513)[0m                                                                      'temperature': 1.0,
[36m(TaskRunner pid=513)[0m                                                                      'tensor_model_parallel_size': 2},
[36m(TaskRunner pid=513)[0m                                                        'key': None,
[36m(TaskRunner pid=513)[0m                                                        'model_path': None,
[36m(TaskRunner pid=513)[0m                                                        'num_replicas': 0}}},
[36m(TaskRunner pid=513)[0m  'global_profiler': {'_target_': 'verl.utils.profiler.ProfilerConfig',
[36m(TaskRunner pid=513)[0m                      'global_tool_config': {'nsys': {'_target_': 'verl.utils.profiler.config.NsightToolConfig',
[36m(TaskRunner pid=513)[0m                                                      'controller_nsight_options': {'cuda-graph-trace': 'graph',
[36m(TaskRunner pid=513)[0m                                                                                    'cuda-memory-usage': 'true',
[36m(TaskRunner pid=513)[0m                                                                                    'trace': 'cuda,nvtx,cublas,ucx'},
[36m(TaskRunner pid=513)[0m                                                      'discrete': False,
[36m(TaskRunner pid=513)[0m                                                      'worker_nsight_options': {'capture-range': 'cudaProfilerApi',
[36m(TaskRunner pid=513)[0m                                                                                'capture-range-end': None,
[36m(TaskRunner pid=513)[0m                                                                                'cuda-graph-trace': 'graph',
[36m(TaskRunner pid=513)[0m                                                                                'cuda-memory-usage': 'true',
[36m(TaskRunner pid=513)[0m                                                                                'kill': 'none',
[36m(TaskRunner pid=513)[0m                                                                                'trace': 'cuda,nvtx,cublas,ucx'}},
[36m(TaskRunner pid=513)[0m                                             'precision_debugger': {'_target_': 'verl.utils.profiler.config.PrecisionDebuggerToolConfig',
[36m(TaskRunner pid=513)[0m                                                                    'config_path': None,
[36m(TaskRunner pid=513)[0m                                                                    'stages': None,
[36m(TaskRunner pid=513)[0m                                                                    'steps': None,
[36m(TaskRunner pid=513)[0m                                                                    'strict': False},
[36m(TaskRunner pid=513)[0m                                             'torch_memory': {'context': 'all',
[36m(TaskRunner pid=513)[0m                                                              'kw_args': {},
[36m(TaskRunner pid=513)[0m                                                              'stack_depth': 32,
[36m(TaskRunner pid=513)[0m                                                              'stacks': 'all',
[36m(TaskRunner pid=513)[0m                                                              'trace_alloc_max_entries': 100000}},
[36m(TaskRunner pid=513)[0m                      'profile_continuous_steps': False,
[36m(TaskRunner pid=513)[0m                      'save_path': 'outputs/profile',
[36m(TaskRunner pid=513)[0m                      'steps': None,
[36m(TaskRunner pid=513)[0m                      'tool': None},
[36m(TaskRunner pid=513)[0m  'model_engine': 'dp',
[36m(TaskRunner pid=513)[0m  'ray_kwargs': {'ray_init': {'num_cpus': None}, 'timeline_json_file': None},
[36m(TaskRunner pid=513)[0m  'reward': {'_target_': 'verl.workers.config.RewardConfig',
[36m(TaskRunner pid=513)[0m             'custom_reward_function': {'name': 'compute_score',
[36m(TaskRunner pid=513)[0m                                        'path': '/workspace/AI4AI/experiments/claude-code-verl/workspace/reward_function_v4.py'},
[36m(TaskRunner pid=513)[0m             'num_workers': 8,
[36m(TaskRunner pid=513)[0m             'reward_manager': {'_target_': 'verl.workers.config.reward.RewardManagerConfig',
[36m(TaskRunner pid=513)[0m                                'module': {'_target_': 'verl.trainer.config.config.ModuleConfig',
[36m(TaskRunner pid=513)[0m                                           'name': 'custom_reward_manager',
[36m(TaskRunner pid=513)[0m                                           'path': None},
[36m(TaskRunner pid=513)[0m                                'name': 'naive',
[36m(TaskRunner pid=513)[0m                                'source': 'register'},
[36m(TaskRunner pid=513)[0m             'reward_model': {'_target_': 'verl.workers.config.RewardModelConfig',
[36m(TaskRunner pid=513)[0m                              'enable': False,
[36m(TaskRunner pid=513)[0m                              'enable_resource_pool': False,
[36m(TaskRunner pid=513)[0m                              'model_path': None,
[36m(TaskRunner pid=513)[0m                              'n_gpus_per_node': 8,
[36m(TaskRunner pid=513)[0m                              'nnodes': 0,
[36m(TaskRunner pid=513)[0m                              'rollout': {'_target_': 'verl.workers.config.RolloutConfig',
[36m(TaskRunner pid=513)[0m                                          'cudagraph_capture_sizes': None,
[36m(TaskRunner pid=513)[0m                                          'data_parallel_size': 1,
[36m(TaskRunner pid=513)[0m                                          'disable_log_stats': True,
[36m(TaskRunner pid=513)[0m                                          'disaggregation': {'bootstrap_port': None,
[36m(TaskRunner pid=513)[0m                                                             'decode_replicas': 1,
[36m(TaskRunner pid=513)[0m                                                             'decode_tensor_model_parallel_size': None,
[36m(TaskRunner pid=513)[0m                                                             'enabled': False,
[36m(TaskRunner pid=513)[0m                                                             'ib_device': None,
[36m(TaskRunner pid=513)[0m                                                             'prefill_replicas': 1,
[36m(TaskRunner pid=513)[0m                                                             'transfer_backend': 'nixl'},
[36m(TaskRunner pid=513)[0m                                          'do_sample': True,
[36m(TaskRunner pid=513)[0m                                          'dtype': 'bfloat16',
[36m(TaskRunner pid=513)[0m                                          'enable_chunked_prefill': True,
[36m(TaskRunner pid=513)[0m                                          'enable_prefix_caching': True,
[36m(TaskRunner pid=513)[0m                                          'enforce_eager': True,
[36m(TaskRunner pid=513)[0m                                          'engine_kwargs': {},
[36m(TaskRunner pid=513)[0m                                          'expert_parallel_size': 1,
[36m(TaskRunner pid=513)[0m                                          'free_cache_engine': True,
[36m(TaskRunner pid=513)[0m                                          'gpu_memory_utilization': 0.5,
[36m(TaskRunner pid=513)[0m                                          'ignore_eos': False,
[36m(TaskRunner pid=513)[0m                                          'layered_summon': False,
[36m(TaskRunner pid=513)[0m                                          'limit_images': None,
[36m(TaskRunner pid=513)[0m                                          'load_format': 'auto',
[36m(TaskRunner pid=513)[0m                                          'max_model_len': None,
[36m(TaskRunner pid=513)[0m                                          'max_num_batched_tokens': 8192,
[36m(TaskRunner pid=513)[0m                                          'max_num_seqs': 1024,
[36m(TaskRunner pid=513)[0m                                          'mtp': None,
[36m(TaskRunner pid=513)[0m                                          'multi_stage_wake_up': False,
[36m(TaskRunner pid=513)[0m                                          'n': 1,
[36m(TaskRunner pid=513)[0m                                          'name': '???',
[36m(TaskRunner pid=513)[0m                                          'pipeline_model_parallel_size': 1,
[36m(TaskRunner pid=513)[0m                                          'prompt_length': 2048,
[36m(TaskRunner pid=513)[0m                                          'quantization': None,
[36m(TaskRunner pid=513)[0m                                          'quantization_config_file': None,
[36m(TaskRunner pid=513)[0m                                          'response_length': 2048,
[36m(TaskRunner pid=513)[0m                                          'scheduling_policy': 'fcfs',
[36m(TaskRunner pid=513)[0m                                          'skip_tokenizer_init': False,
[36m(TaskRunner pid=513)[0m                                          'temperature': 1.0,
[36m(TaskRunner pid=513)[0m                                          'tensor_model_parallel_size': 2,
[36m(TaskRunner pid=513)[0m                                          'top_k': -1,
[36m(TaskRunner pid=513)[0m                                          'top_p': 1}},
[36m(TaskRunner pid=513)[0m             'sandbox_fusion': {'_target_': 'verl.workers.config.SandboxFusionConfig',
[36m(TaskRunner pid=513)[0m                                'max_concurrent': 64,
[36m(TaskRunner pid=513)[0m                                'memory_limit_mb': 1024,
[36m(TaskRunner pid=513)[0m                                'url': None}},
[36m(TaskRunner pid=513)[0m  'trainer': {'balance_batch': True,
[36m(TaskRunner pid=513)[0m              'critic_warmup': 0,
[36m(TaskRunner pid=513)[0m              'default_hdfs_dir': None,
[36m(TaskRunner pid=513)[0m              'default_local_dir': '/workspace/AI4AI/experiments/claude-code-verl/workspace/checkpoints/grpo_v4',
[36m(TaskRunner pid=513)[0m              'del_local_ckpt_after_load': False,
[36m(TaskRunner pid=513)[0m              'device': 'cuda',
[36m(TaskRunner pid=513)[0m              'esi_redundant_time': 0,
[36m(TaskRunner pid=513)[0m              'experiment_name': 'grpo_v4',
[36m(TaskRunner pid=513)[0m              'log_val_generations': 0,
[36m(TaskRunner pid=513)[0m              'logger': ['console'],
[36m(TaskRunner pid=513)[0m              'max_actor_ckpt_to_keep': None,
[36m(TaskRunner pid=513)[0m              'max_critic_ckpt_to_keep': None,
[36m(TaskRunner pid=513)[0m              'n_gpus_per_node': 4,
[36m(TaskRunner pid=513)[0m              'nnodes': 1,
[36m(TaskRunner pid=513)[0m              'project_name': 'grpo_math',
[36m(TaskRunner pid=513)[0m              'ray_wait_register_center_timeout': 300,
[36m(TaskRunner pid=513)[0m              'resume_from_path': '/workspace/AI4AI/experiments/claude-code-verl/workspace/checkpoints/grpo_v2/global_step_10',
[36m(TaskRunner pid=513)[0m              'resume_mode': 'resume_path',
[36m(TaskRunner pid=513)[0m              'rollout_data_dir': None,
[36m(TaskRunner pid=513)[0m              'save_freq': 10,
[36m(TaskRunner pid=513)[0m              'test_freq': -1,
[36m(TaskRunner pid=513)[0m              'total_epochs': 3,
[36m(TaskRunner pid=513)[0m              'total_training_steps': None,
[36m(TaskRunner pid=513)[0m              'val_before_train': False,
[36m(TaskRunner pid=513)[0m              'val_only': False,[36m(TaskRunner pid=513)[0m /workspace/AI4AI/training/verl/trainer/main_ppo.py:254: UserWarning: Disabled critic as algorithm.adv_estimator != gae. If it is not intended, please set critic.enable=True
[36m(TaskRunner pid=513)[0m   use_critic=need_critic(config),
[36m(TaskRunner pid=513)[0m Filtering prompts longer than 512 tokens (num_proc=1):   0%|          | 0/30000 [00:00<?, ? examples/s]
[36m(TaskRunner pid=513)[0m Filtering prompts longer than 512 tokens (num_proc=1):   3%|▎         | 1000/30000 [00:01<00:53, 542.50 examples/s]
[36m(TaskRunner pid=513)[0m Filtering prompts longer than 512 tokens (num_proc=1):   7%|▋         | 2000/30000 [00:02<00:32, 874.56 examples/s]
[36m(TaskRunner pid=513)[0m Filtering prompts longer than 512 tokens (num_proc=1):  10%|█         | 3000/30000 [00:03<00:24, 1091.11 examples/s]
[36m(TaskRunner pid=513)[0m Filtering prompts longer than 512 tokens (num_proc=1):  13%|█▎        | 4000/30000 [00:03<00:21, 1230.76 examples/s]
[36m(TaskRunner pid=513)[0m Filtering prompts longer than 512 tokens (num_proc=1):  17%|█▋        | 5000/30000 [00:04<00:18, 1335.12 examples/s]
[36m(TaskRunner pid=513)[0m Filtering prompts longer than 512 tokens (num_proc=1):  20%|██        | 6000/30000 [00:05<00:17, 1398.54 examples/s]
[36m(TaskRunner pid=513)[0m Filtering prompts longer than 512 tokens (num_proc=1):  23%|██▎       | 7000/30000 [00:05<00:15, 1447.20 examples/s]
[36m(TaskRunner pid=513)[0m Filtering prompts longer than 512 tokens (num_proc=1):  27%|██▋       | 8000/30000 [00:06<00:14, 1484.36 examples/s]
[36m(TaskRunner pid=513)[0m Filtering prompts longer than 512 tokens (num_proc=1):  30%|███       | 9000/30000 [00:07<00:14, 1496.53 examples/s]
[36m(TaskRunner pid=513)[0m Filtering prompts longer than 512 tokens (num_proc=1):  33%|███▎      | 10000/30000 [00:07<00:13, 1507.15 examples/s]
[36m(TaskRunner pid=513)[0m Filtering prompts longer than 512 tokens (num_proc=1):  37%|███▋      | 11000/30000 [00:08<00:12, 1514.90 examples/s]
[36m(TaskRunner pid=513)[0m Filtering prompts longer than 512 tokens (num_proc=1):  40%|████      | 12000/30000 [00:08<00:11, 1529.81 examples/s]
[36m(TaskRunner pid=513)[0m Filtering prompts longer than 512 tokens (num_proc=1):  43%|████▎     | 13000/30000 [00:09<00:11, 1539.18 examples/s]
[36m(TaskRunner pid=513)[0m Filtering prompts longer than 512 tokens (num_proc=1):  47%|████▋     | 14000/30000 [00:10<00:10, 1523.83 examples/s]
[36m(TaskRunner pid=513)[0m Filtering prompts longer than 512 tokens (num_proc=1):  50%|█████     | 15000/30000 [00:10<00:09, 1528.08 examples/s]
[36m(TaskRunner pid=513)[0m Filtering prompts longer than 512 tokens (num_proc=1):  53%|█████▎    | 16000/30000 [00:11<00:09, 1529.15 examples/s]
[36m(TaskRunner pid=513)[0m Filtering prompts longer than 512 tokens (num_proc=1):  57%|█████▋    | 17000/30000 [00:12<00:08, 1539.92 examples/s]
[36m(TaskRunner pid=513)[0m Filtering prompts longer than 512 tokens (num_proc=1):  60%|██████    | 18000/30000 [00:12<00:07, 1545.52 examples/s]
[36m(TaskRunner pid=513)[0m Filtering prompts longer than 512 tokens (num_proc=1):  63%|██████▎   | 19000/30000 [00:13<00:07, 1543.46 examples/s]
[36m(TaskRunner pid=513)[0m Filtering prompts longer than 512 tokens (num_proc=1):  67%|██████▋   | 20000/30000 [00:14<00:06, 1541.39 examples/s]
[36m(TaskRunner pid=513)[0m Filtering prompts longer than 512 tokens (num_proc=1):  70%|███████   | 21000/30000 [00:14<00:05, 1548.99 examples/s]
[36m(TaskRunner pid=513)[0m Filtering prompts longer than 512 tokens (num_proc=1):  73%|███████▎  | 22000/30000 [00:15<00:05, 1550.06 examples/s]
[36m(TaskRunner pid=513)[0m Filtering prompts longer than 512 tokens (num_proc=1):  77%|███████▋  | 23000/30000 [00:16<00:04, 1541.05 examples/s]
[36m(TaskRunner pid=513)[0m Filtering prompts longer than 512 tokens (num_proc=1):  80%|████████  | 24000/30000 [00:16<00:03, 1543.94 examples/s]
[36m(TaskRunner pid=513)[0m Filtering prompts longer than 512 tokens (num_proc=1):  83%|████████▎ | 25000/30000 [00:17<00:03, 1542.84 examples/s]
[36m(TaskRunner pid=513)[0m Filtering prompts longer than 512 tokens (num_proc=1):  87%|████████▋ | 26000/30000 [00:18<00:02, 1543.49 examples/s]
[36m(TaskRunner pid=513)[0m Filtering prompts longer than 512 tokens (num_proc=1):  90%|█████████ | 27000/30000 [00:18<00:01, 1548.79 examples/s]
[36m(TaskRunner pid=513)[0m Filtering prompts longer than 512 tokens (num_proc=1):  93%|█████████▎| 28000/30000 [00:19<00:01, 1553.62 examples/s]
[36m(TaskRunner pid=513)[0m Filtering prompts longer than 512 tokens (num_proc=1):  97%|█████████▋| 29000/30000 [00:19<00:00, 1564.83 examples/s]
[36m(TaskRunner pid=513)[0m Filtering prompts longer than 512 tokens (num_proc=1): 100%|██████████| 30000/30000 [00:20<00:00, 1570.29 examples/s]
[36m(TaskRunner pid=513)[0m Filtering prompts longer than 512 tokens (num_proc=1): 100%|██████████| 30000/30000 [00:20<00:00, 1444.87 examples/s]
[36m(TaskRunner pid=513)[0m Filtering prompts longer than 512 tokens (num_proc=1):   0%|          | 0/500 [00:00<?, ? examples/s]
[36m(TaskRunner pid=513)[0m Filtering prompts longer than 512 tokens (num_proc=1): 100%|██████████| 500/500 [00:01<00:00, 322.81 examples/s]
[36m(TaskRunner pid=513)[0m Filtering prompts longer than 512 tokens (num_proc=1): 100%|██████████| 500/500 [00:01<00:00, 283.41 examples/s]
[36m(TaskRunner pid=513)[0m /workspace/AI4AI/training/verl/trainer/ppo/ray_trainer.py:296: UserWarning: Disabled critic as algorithm.adv_estimator != gae. If it is not intended, please set critic.enable=True
[36m(TaskRunner pid=513)[0m   self.use_critic = need_critic(self.config)
[36m(WorkerDict pid=3767)[0m WARNING:2026-06-07 07:12:55,325:Detected megatron.core 0.14.0rc7, recommend upgrading to >= 0.14.0 for better checkpoint compatibility
[36m(WorkerDict pid=3767)[0m `torch_dtype` is deprecated! Use `dtype` instead!
[36m(WorkerDict pid=3767)[0m Flash Attention 2 only supports torch.float16 and torch.bfloat16 dtypes, but the current dype in Qwen3ForCausalLM is torch.float32. You should run training or inference using Automatic Mixed-Precision via the `with torch.autocast(device_type='torch_device'):` decorator, or load the model with the `dtype` argument. Example: `model = AutoModel.from_pretrained("openai/whisper-tiny", attn_implementation="flash_attention_2", dtype=torch.float16)`
[36m(WorkerDict pid=3767)[0m Flash Attention 2 only supports torch.float16 and torch.bfloat16 dtypes, but the current dype in Qwen3Model is torch.float32. You should run training or inference using Automatic Mixed-Precision via the `with torch.autocast(device_type='torch_device'):` decorator, or load the model with the `dtype` argument. Example: `model = AutoModel.from_pretrained("openai/whisper-tiny", attn_implementation="flash_attention_2", dtype=torch.float16)`
[36m(WorkerDict pid=3764)[0m WARNING:2026-06-07 07:12:56,667:Detected megatron.core 0.14.0rc7, recommend upgrading to >= 0.14.0 for better checkpoint compatibility[32m [repeated 3x across cluster] (Ray deduplicates logs by default. Set RAY_DEDUP_LOGS=0 to disable log deduplication, or see https://docs.ray.io/en/master/ray-observability/user-guides/configure-logging.html#log-deduplication for more options.)[0m
[36m(WorkerDict pid=3766)[0m /usr/local/lib/python3.12/dist-packages/torch/distributed/fsdp/fully_sharded_data_parallel.py:678: FutureWarning: FSDP.state_dict_type() and FSDP.set_state_dict_type() are being deprecated. Please use APIs, get_state_dict() and set_state_dict(), which can support different parallelisms, FSDP1, FSDP2, DDP. API doc: https://pytorch.org/docs/stable/distributed.checkpoint.html#torch.distributed.checkpoint.state_dict.get_state_dict .Tutorial: https://pytorch.org/tutorials/recipes/distributed_checkpoint_recipe.html .
[36m(WorkerDict pid=3766)[0m   warnings.warn(
[36m(WorkerDict pid=3764)[0m `torch_dtype` is deprecated! Use `dtype` instead![32m [repeated 3x across cluster][0m
[36m(WorkerDict pid=3764)[0m Flash Attention 2 only supports torch.float16 and torch.bfloat16 dtypes, but the current dype in Qwen3Model is torch.float32. You should run training or inference using Automatic Mixed-Precision via the `with torch.autocast(device_type='torch_device'):` decorator, or load the model with the `dtype` argument. Example: `model = AutoModel.from_pretrained("openai/whisper-tiny", attn_implementation="flash_attention_2", dtype=torch.float16)`[32m [repeated 6x across cluster][0m
[36m(vLLMHttpServer pid=4868)[0m WARNING:2026-06-07 07:13:50,203:agent loop only support torch and npu profiler, got None
[36m(vLLMHttpServer pid=4868)[0m INFO:2026-06-07 07:13:50,203:vLLMHttpServer, replica_rank: 2, node_rank: 0, CUDA_VISIBLE_DEVICES: 2, master_address: 11.11.22.2, master_port: 46811, data_parallel_rpc_port: 38317, data_parallel_master_port: 37980
[36m(vLLMHttpServer pid=4868)[0m INFO:2026-06-07 07:13:50,217:override_generation_config: {'temperature': 1.0, 'top_k': -1, 'top_p': 0.95, 'repetition_penalty': 1.0, 'max_new_tokens': 2048}
[36m(vLLMHttpServer pid=4868)[0m INFO:2026-06-07 07:13:50,217:enable_sleep_mode: True
[36m(vLLMHttpServer pid=4868)[0m The argument `trust_remote_code` is to be used with Auto classes. It has no effect here and is ignored.
[36m(WorkerDict pid=3765)[0m /usr/local/lib/python3.12/dist-packages/torch/distributed/fsdp/fully_sharded_data_parallel.py:678: FutureWarning: FSDP.state_dict_type() and FSDP.set_state_dict_type() are being deprecated. Please use APIs, get_state_dict() and set_state_dict(), which can support different parallelisms, FSDP1, FSDP2, DDP. API doc: https://pytorch.org/docs/stable/distributed.checkpoint.html#torch.distributed.checkpoint.state_dict.get_state_dict .Tutorial: https://pytorch.org/tutorials/recipes/distributed_checkpoint_recipe.html .[32m [repeated 3x across cluster][0m
[36m(WorkerDict pid=3765)[0m   warnings.warn([32m [repeated 3x across cluster][0m
[36m(vLLMHttpServer pid=4868)[0m `torch_dtype` is deprecated! Use `dtype` instead!
[36m(vLLMHttpServer pid=4870)[0m `torch_dtype` is deprecated! Use `dtype` instead!
[36m(vLLMHttpServer pid=4868)[0m W0607 07:14:06.201000 5590 torch/utils/cpp_extension.py:2425] TORCH_CUDA_ARCH_LIST is not set, all archs for visible cards are included for compilation. 
[36m(vLLMHttpServer pid=4868)[0m W0607 07:14:06.201000 5590 torch/utils/cpp_extension.py:2425] If this is not desired, please set os.environ['TORCH_CUDA_ARCH_LIST'] to specific architectures.
[36m(vLLMHttpServer pid=4869)[0m WARNING:2026-06-07 07:13:50,715:agent loop only support torch and npu profiler, got None[32m [repeated 3x across cluster][0m
[36m(vLLMHttpServer pid=4869)[0m INFO:2026-06-07 07:13:50,715:vLLMHttpServer, replica_rank: 1, node_rank: 0, CUDA_VISIBLE_DEVICES: 1, master_address: 11.11.22.2, master_port: 44509, data_parallel_rpc_port: 40429, data_parallel_master_port: 44080[32m [repeated 3x across cluster][0m
[36m(vLLMHttpServer pid=4869)[0m INFO:2026-06-07 07:13:50,729:override_generation_config: {'temperature': 1.0, 'top_k': -1, 'top_p': 0.95, 'repetition_penalty': 1.0, 'max_new_tokens': 2048}[32m [repeated 3x across cluster][0m
[36m(vLLMHttpServer pid=4869)[0m INFO:2026-06-07 07:13:50,729:enable_sleep_mode: True[32m [repeated 3x across cluster][0m
[36m(vLLMHttpServer pid=4869)[0m The argument `trust_remote_code` is to be used with Auto classes. It has no effect here and is ignored.[32m [repeated 3x across cluster][0m
[36m(vLLMHttpServer pid=4869)[0m `torch_dtype` is deprecated! Use `dtype` instead![32m [repeated 2x across cluster][0m

[36m(TaskRunner pid=513)[0m              'validation_data_dir': None},
[36m(TaskRunner pid=513)[0m  'transfer_queue': {'backend': {'SimpleStorage': {'num_data_storage_units': 8,
[36m(TaskRunner pid=513)[0m                                                   'total_storage_size': 100000},
[36m(TaskRunner pid=513)[0m                                 'storage_backend': 'SimpleStorage'},
[36m(TaskRunner pid=513)[0m                     'enable': False}}
[36m(TaskRunner pid=513)[0m [validate_config] All configuration checks passed successfully!
[36m(TaskRunner pid=513)[0m Using dataset class: RLHFDataset
[36m(TaskRunner pid=513)[0m dataset len: 30000
[36m(TaskRunner pid=513)[0m filter dataset len: 29920
[36m(TaskRunner pid=513)[0m Using dataset class: RLHFDataset
[36m(TaskRunner pid=513)[0m dataset len: 500
[36m(TaskRunner pid=513)[0m filter dataset len: 500
[36m(TaskRunner pid=513)[0m Size of train dataloader: 116, Size of val dataloader: 1
[36m(TaskRunner pid=513)[0m Total training steps: 348
[36m(TaskRunner pid=513)[0m colocated worker base class <class 'verl.single_controller.base.worker.Worker'>
[36m(WorkerDict pid=3766)[0m [Gloo] Rank 2 is connected to 3 peer ranks. Expected number of connected peer ranks is : 3
[36m(WorkerDict pid=3766)[0m Warning: Failed to set NUMA affinity: libnuma.so: cannot open shared object file: No such file or directory
[36m(WorkerDict pid=3767)[0m Monkey patch state_dict in AutoModelForCausalLMWithValueHead. 
[36m(WorkerDict pid=3767)[0m Monkey patch _flash_attention_forward in transformers.integrations.flash_attention
[36m(WorkerDict pid=3767)[0m Skipping monkey patch for Qwen3ForCausalLM as use_fused_kernels is False or fused_kernels_backend is torch
[36m(WorkerDict pid=3765)[0m [Gloo] Rank 1 is connected to 3 peer ranks. Expected number of connected peer ranks is : 3[32m [repeated 3x across cluster][0m
[36m(WorkerDict pid=3765)[0m Warning: Failed to set NUMA affinity: libnuma.so: cannot open shared object file: No such file or directory[32m [repeated 3x across cluster][0m
[36m(WorkerDict pid=3764)[0m Qwen3ForCausalLM contains 1.72B parameters
[36m(WorkerDict pid=3764)[0m Before FSDP, memory allocated (GB): 0.00, memory reserved (GB): 0.00, device memory used/total (GB): 0.41/79.33
[36m(WorkerDict pid=3764)[0m After FSDP, memory allocated (GB): 1.60, memory reserved (GB): 4.36, device memory used/total (GB): 5.25/79.33
[36m(WorkerDict pid=3764)[0m Total steps: 348, num_warmup_steps: 3
[36m(WorkerDict pid=3764)[0m Monkey patch state_dict in AutoModelForCausalLMWithValueHead. [32m [repeated 3x across cluster][0m
[36m(WorkerDict pid=3764)[0m Monkey patch _flash_attention_forward in transformers.integrations.flash_attention[32m [repeated 3x across cluster][0m
[36m(WorkerDict pid=3764)[0m Skipping monkey patch for Qwen3ForCausalLM as use_fused_kernels is False or fused_kernels_backend is torch[32m [repeated 3x across cluster][0m
[36m(WorkerDict pid=3766)[0m [Gloo] Rank 2 is connected to 3 peer ranks. Expected number of connected peer ranks is : 3
[36m(WorkerDict pid=3766)[0m [Gloo] Rank 0 is connected to 0 peer ranks. Expected number of connected peer ranks is : 0
[36m(WorkerDict pid=3766)[0m [Gloo] Rank 0 is connected to 0 peer ranks. Expected number of connected peer ranks is : 0
[36m(WorkerDict pid=3764)[0m NCCL version 2.27.3+cuda12.9
[36m(TaskRunner pid=513)[0m WARNING 06-07 07:13:38 [api_server.py:1213] LoRA dynamic loading & unloading is enabled in the API server. This should ONLY be used for local development!
[36m(WorkerDict pid=3765)[0m [Gloo] Rank 0 is connected to 0 peer ranks. Expected number of connected peer ranks is : 0[32m [repeated 9x across cluster][0m
[36m(pid=4868)[0m WARNING 06-07 07:13:49 [api_server.py:1213] LoRA dynamic loading & unloading is enabled in the API server. This should ONLY be used for local development!
[36m(pid=4870)[0m WARNING 06-07 07:13:49 [api_server.py:1213] LoRA dynamic loading & unloading is enabled in the API server. This should ONLY be used for local development!
[36m(vLLMHttpServer pid=4870)[0m ['serve',
[36m(vLLMHttpServer pid=4870)[0m  '/root/models/Qwen/Qwen3-1.7B-Base',
[36m(vLLMHttpServer pid=4870)[0m  '--dtype',
[36m(vLLMHttpServer pid=4870)[0m  'bfloat16',
[36m(vLLMHttpServer pid=4870)[0m  '--load_format',
[36m(vLLMHttpServer pid=4870)[0m  'dummy',
[36m(vLLMHttpServer pid=4870)[0m  '--distributed_executor_backend',
[36m(vLLMHttpServer pid=4870)[0m  'mp',
[36m(vLLMHttpServer pid=4870)[0m  '--worker_extension_cls',
[36m(vLLMHttpServer pid=4870)[0m  'verl.workers.rollout.vllm_rollout.utils.vLLMColocateWorkerExtension',
[36m(vLLMHttpServer pid=4870)[0m  '--trust_remote_code',
[36m(vLLMHttpServer pid=4870)[0m  '--max_model_len',
[36m(vLLMHttpServer pid=4870)[0m  '3072',
[36m(vLLMHttpServer pid=4870)[0m  '--max_num_seqs',
[36m(vLLMHttpServer pid=4870)[0m  '1024',
[36m(vLLMHttpServer pid=4870)[0m  '--enable_chunked_prefill',
[36m(vLLMHttpServer pid=4870)[0m  '--max_num_batched_tokens',
[36m(vLLMHttpServer pid=4870)[0m  '8192',
[36m(vLLMHttpServer pid=4870)[0m  '--enable_prefix_caching',
[36m(vLLMHttpServer pid=4870)[0m  '--enable_sleep_mode',
[36m(vLLMHttpServer pid=4870)[0m  '--logprobs_mode',
[36m(vLLMHttpServer pid=4870)[0m  'processed_logprobs',
[36m(vLLMHttpServer pid=4870)[0m  '--enforce_eager',
[36m(vLLMHttpServer pid=4870)[0m  '--gpu_memory_utilization',
[36m(vLLMHttpServer pid=4870)[0m  '0.4',
[36m(vLLMHttpServer pid=4870)[0m  '--disable_log_stats',
[36m(vLLMHttpServer pid=4870)[0m  '--tensor_parallel_size',
[36m(vLLMHttpServer pid=4870)[0m  '1',
[36m(vLLMHttpServer pid=4870)[0m  '--seed',
[36m(vLLMHttpServer pid=4870)[0m  '0',
[36m(vLLMHttpServer pid=4870)[0m  '--override_generation_config',
[36m(vLLMHttpServer pid=4870)[0m  '{"temperature": 1.0, "top_k": -1, "top_p": 0.95, "repetition_penalty": 1.0, '
[36m(vLLMHttpServer pid=4870)[0m  '"max_new_tokens": 2048}',
[36m(vLLMHttpServer pid=4870)[0m  '--hf_overrides',
[36m(vLLMHttpServer pid=4870)[0m  '{}',
[36m(vLLMHttpServer pid=4870)[0m  '--scheduling_policy',
[36m(vLLMHttpServer pid=4870)[0m  'fcfs',
[36m(vLLMHttpServer pid=4870)[0m  '--compilation_config',
[36m(vLLMHttpServer pid=4870)[0m  '{"cudagraph_mode": "FULL_AND_PIECEWISE"}']
[36m(vLLMHttpServer pid=4868)[0m WARNING 06-07 07:13:50 [__init__.py:3036] We must use the `spawn` multiprocessing start method. Overriding VLLM_WORKER_MULTIPROC_METHOD to 'spawn'. See https://docs.vllm.ai/en/latest/usage/troubleshooting.html#python-multiprocessing for more information. Reasons: In a Ray actor and can only be spawned; CUDA is initialized
[36m(vLLMHttpServer pid=4868)[0m [Gloo] Rank 0 is connected to 0 peer ranks. Expected number of connected peer ranks is : 0
[36m(vLLMHttpServer pid=4868)[0m [Gloo] Rank 0 is connected to 0 peer ranks. Expected number of connected peer ranks is : 0
[36m(vLLMHttpServer pid=4868)[0m [Gloo] Rank 0 is connected to 0 peer ranks. Expected number of connected peer ranks is : 0
[36m(vLLMHttpServer pid=4868)[0m [Gloo] Rank 0 is connected to 0 peer ranks. Expected number of connected peer ranks is : 0
[36m(vLLMHttpServer pid=4868)[0m [Gloo] Rank 0 is connected to 0 peer ranks. Expected number of connected peer ranks is : 0
[36m(vLLMHttpServer pid=4868)[0m [Gloo] Rank 0 is connected to 0 peer ranks. Expected number of connected peer ranks is : 0
[36m(pid=4867)[0m WARNING 06-07 07:13:49 [api_server.py:1213] LoRA dynamic loading & unloading is enabled in the API server. This should ONLY be used for local development![32m [repeated 2x across cluster][0m
[36m(vLLMHttpServer pid=4869)[0m WARNING 06-07 07:13:51 [__init__.py:3036] We must use the `spawn` multiprocessing start method. Overriding VLLM_WORKER_MULTIPROC_METHOD to 'spawn'. See https://docs.vllm.ai/en/latest/usage/troubleshooting.html#python-multiprocessing for more information. Reasons: In a Ray actor and can only be spawned; CUDA is initialized[32m [repeated 3x across cluster][0m
[36m(vLLMHttpServer pid=4868)[0m [1;36m(Worker pid=5590)[0;0m WARNING 06-07 07:14:11 [cudagraph_dispatcher.py:106] cudagraph dispatching keys are not initialized. No cudagraph will be used.[36m(vLLMHttpServer pid=4870)[0m INFO:2026-06-07 07:14:13,774:Initializing a V1 LLM engine with config: model='/root/models/Qwen/Qwen3-1.7B-Base', speculative_config=None, tokenizer='/root/models/Qwen/Qwen3-1.7B-Base', skip_tokenizer_init=False, tokenizer_mode=auto, revision=None, tokenizer_revision=None, trust_remote_code=True, dtype=torch.bfloat16, max_seq_len=3072, download_dir=None, load_format=dummy, tensor_parallel_size=1, pipeline_parallel_size=1, data_parallel_size=1, disable_custom_all_reduce=False, quantization=None, enforce_eager=True, kv_cache_dtype=auto, device_config=cuda, structured_outputs_config=StructuredOutputsConfig(backend='auto', disable_fallback=False, disable_any_whitespace=False, disable_additional_properties=False, reasoning_parser=''), observability_config=ObservabilityConfig(show_hidden_metrics_for_version=None, otlp_traces_endpoint=None, collect_detailed_traces=None), seed=0, served_model_name=/root/models/Qwen/Qwen3-1.7B-Base, enable_prefix_caching=True, chunked_prefill_enabled=True, pooler_config=None, compilation_config={"level":0,"debug_dump_path":"","cache_dir":"","backend":"","custom_ops":[],"splitting_ops":null,"use_inductor":true,"compile_sizes":[],"inductor_compile_config":{"enable_auto_functionalized_v2":false},"inductor_passes":{},"cudagraph_mode":0,"use_cudagraph":true,"cudagraph_num_of_warmups":0,"cudagraph_capture_sizes":[],"cudagraph_copy_inputs":false,"full_cuda_graph":false,"use_inductor_graph_partition":false,"pass_config":{},"max_capture_size":0,"local_cache_dir":null}
[36m(vLLMHttpServer pid=4870)[0m W0607 07:14:06.936000 5583 torch/utils/cpp_extension.py:2425] TORCH_CUDA_ARCH_LIST is not set, all archs for visible cards are included for compilation. [32m [repeated 3x across cluster][0m
[36m(vLLMHttpServer pid=4870)[0m W0607 07:14:06.936000 5583 torch/utils/cpp_extension.py:2425] If this is not desired, please set os.environ['TORCH_CUDA_ARCH_LIST'] to specific architectures.[32m [repeated 3x across cluster][0m
[36m(WorkerDict pid=3766)[0m /usr/local/lib/python3.12/dist-packages/torch/distributed/fsdp/fully_sharded_data_parallel.py:678: FutureWarning: FSDP.state_dict_type() and FSDP.set_state_dict_type() are being deprecated. Please use APIs, get_state_dict() and set_state_dict(), which can support different parallelisms, FSDP1, FSDP2, DDP. API doc: https://pytorch.org/docs/stable/distributed.checkpoint.html#torch.distributed.checkpoint.state_dict.get_state_dict .Tutorial: https://pytorch.org/tutorials/recipes/distributed_checkpoint_recipe.html .
[36m(WorkerDict pid=3766)[0m   warnings.warn(
[36m(WorkerDict pid=3766)[0m INFO:2026-06-07 07:14:17,487:[Rank 2] Loaded model from /workspace/AI4AI/experiments/claude-code-verl/workspace/checkpoints/grpo_v2/global_step_10/actor/model_world_size_4_rank_2.pt
[36m(WorkerDict pid=3764)[0m INFO:2026-06-07 07:14:20,804:[Rank 0] Loaded optimizer from /workspace/AI4AI/experiments/claude-code-verl/workspace/checkpoints/grpo_v2/global_step_10/actor/optim_world_size_4_rank_0.pt
[36m(WorkerDict pid=3764)[0m INFO:2026-06-07 07:14:20,825:[Rank 0] Loaded rng from /workspace/AI4AI/experiments/claude-code-verl/workspace/checkpoints/grpo_v2/global_step_10/actor/extra_state_world_size_4_rank_0.pt
[36m(WorkerDict pid=3764)[0m INFO:2026-06-07 07:14:20,825:[Rank 0] Loaded lr_scheduler from /workspace/AI4AI/experiments/claude-code-verl/workspace/checkpoints/grpo_v2/global_step_10/actor/extra_state_world_size_4_rank_0.pt
[36m(WorkerDict pid=3765)[0m /usr/local/lib/python3.12/dist-packages/torch/distributed/fsdp/fully_sharded_data_parallel.py:678: FutureWarning: FSDP.state_dict_type() and FSDP.set_state_dict_type() are being deprecated. Please use APIs, get_state_dict() and set_state_dict(), which can support different parallelisms, FSDP1, FSDP2, DDP. API doc: https://pytorch.org/docs/stable/distributed.checkpoint.html#torch.distributed.checkpoint.state_dict.get_state_dict .Tutorial: https://pytorch.org/tutorials/recipes/distributed_checkpoint_recipe.html .[32m [repeated 3x across cluster][0m
[36m(WorkerDict pid=3765)[0m   warnings.warn([32m [repeated 3x across cluster][0m
[36m(WorkerDict pid=3764)[0m INFO:2026-06-07 07:14:22,508:update_weights done, time cost: 0.59s
[36m(WorkerDict pid=3765)[0m INFO:2026-06-07 07:14:17,487:[Rank 1] Loaded model from /workspace/AI4AI/experiments/claude-code-verl/workspace/checkpoints/grpo_v2/global_step_10/actor/model_world_size_4_rank_1.pt[32m [repeated 3x across cluster][0m
[36m(TaskRunner pid=513)[0m Training Progress:   3%|▎         | 10/348 [00:00<?, ?it/s]
[36m(AgentLoopWorker pid=5944)[0m You're using a Qwen2TokenizerFast tokenizer. Please note that with a fast tokenizer, using the `__call__` method is faster than using a method to encode the text followed by a call to the `pad` method to get a padded encoding.
[36m(WorkerDict pid=3767)[0m INFO:2026-06-07 07:14:21,455:[Rank 3] Loaded optimizer from /workspace/AI4AI/experiments/claude-code-verl/workspace/checkpoints/grpo_v2/global_step_10/actor/optim_world_size_4_rank_3.pt[32m [repeated 3x across cluster][0m
[36m(WorkerDict pid=3767)[0m INFO:2026-06-07 07:14:21,491:[Rank 3] Loaded rng from /workspace/AI4AI/experiments/claude-code-verl/workspace/checkpoints/grpo_v2/global_step_10/actor/extra_state_world_size_4_rank_3.pt[32m [repeated 3x across cluster][0m
[36m(WorkerDict pid=3767)[0m INFO:2026-06-07 07:14:21,491:[Rank 3] Loaded lr_scheduler from /workspace/AI4AI/experiments/claude-code-verl/workspace/checkpoints/grpo_v2/global_step_10/actor/extra_state_world_size_4_rank_3.pt[32m [repeated 3x across cluster][0m
[36m(AgentLoopWorker pid=5939)[0m You're using a Qwen2TokenizerFast tokenizer. Please note that with a fast tokenizer, using the `__call__` method is faster than using a method to encode the text followed by a call to the `pad` method to get a padded encoding.[32m [repeated 6x across cluster][0m
[36m(WorkerDict pid=3764)[0m INFO:2026-06-07 07:16:53,222:update_weights done, time cost: 1.61s
[36m(AgentLoopWorker pid=5940)[0m You're using a Qwen2TokenizerFast tokenizer. Please note that with a fast tokenizer, using the `__call__` method is faster than using a method to encode the text followed by a call to the `pad` method to get a padded encoding.
[36m(TaskRunner pid=513)[0m Training Progress:   3%|▎         | 11/348 [02:30<14:07:18, 150.86s/it]
[36m(WorkerDict pid=3764)[0m INFO:2026-06-07 07:19:22,389:update_weights done, time cost: 1.96s

[36m(vLLMHttpServer pid=4868)[0m WARNING 06-07 07:14:12 [model.py:1389] Default sampling parameters have been overridden by the model's Hugging Face generation config recommended from the model creator. If this is not intended, please relaunch vLLM instance with `--generation-config vllm`.
[36m(vLLMHttpServer pid=4870)[0m [Gloo] Rank 0 is connected to 0 peer ranks. Expected number of connected peer ranks is : 0[32m [repeated 18x across cluster][0m
[36m(TaskRunner pid=513)[0m LLMServerManager: ['11.11.22.2:43286', '11.11.22.2:41864', '11.11.22.2:35840', '11.11.22.2:35292']
[36m(TaskRunner pid=513)[0m Checkpoint tracker file does not exist: /workspace/AI4AI/experiments/claude-code-verl/workspace/checkpoints/grpo_v4/latest_checkpointed_iteration.txt
[36m(TaskRunner pid=513)[0m Load from checkpoint folder: /workspace/AI4AI/experiments/claude-code-verl/workspace/checkpoints/grpo_v2/global_step_10
[36m(TaskRunner pid=513)[0m Setting global step to 10
[36m(TaskRunner pid=513)[0m Resuming from /workspace/AI4AI/experiments/claude-code-verl/workspace/checkpoints/grpo_v2/global_step_10
[36m(WorkerDict pid=3766)[0m WARNING 06-07 07:14:21 [api_server.py:1213] LoRA dynamic loading & unloading is enabled in the API server. This should ONLY be used for local development!
[36m(vLLMHttpServer pid=4870)[0m [1;36m(Worker pid=5583)[0;0m WARNING 06-07 07:14:12 [cudagraph_dispatcher.py:106] cudagraph dispatching keys are not initialized. No cudagraph will be used.[32m [repeated 3x across cluster][0m
[36m(vLLMHttpServer pid=4870)[0m WARNING 06-07 07:14:13 [model.py:1389] Default sampling parameters have been overridden by the model's Hugging Face generation config recommended from the model creator. If this is not intended, please relaunch vLLM instance with `--generation-config vllm`.[32m [repeated 3x across cluster][0m
[36m(AgentLoopWorker pid=5939)[0m Using dataset class: RLHFDataset
[36m(AgentLoopWorker pid=5941)[0m WARNING 06-07 07:14:26 [api_server.py:1213] LoRA dynamic loading & unloading is enabled in the API server. This should ONLY be used for local development![32m [repeated 11x across cluster][0m
[36m(TaskRunner pid=513)[0m step:11 - global_seqlen/min:475527 - global_seqlen/max:513060 - global_seqlen/minmax_diff:37533 - global_seqlen/balanced_min:492191 - global_seqlen/balanced_max:492205 - global_seqlen/mean:492198.75 - actor/entropy:0.25137826800346375 - perf/mfu/actor_infer:0.4338009225209436 - actor/pg_clipfrac:0.0 - actor/ppo_kl:0.0 - actor/pg_clipfrac_lower:0.0 - actor/pg_loss:0.002853768692148151 - actor/entropy_loss:0.2513782614842057 - actor/loss:0.002602390944957733 - actor/grad_norm:0.023046426475048065 - actor/lr:4.994032368746136e-06 - perf/mfu/actor:0.38185152891654917 - training/global_step:11 - training/epoch:0 - critic/score/mean:0.00732421875 - critic/score/max:1.0 - critic/score/min:0.0 - critic/rewards/mean:0.00732421875 - critic/rewards/max:1.0 - critic/rewards/min:0.0 - critic/advantages/mean:-0.0028537684120237827 - critic/advantages/max:2.4748666286468506 - critic/advantages/min:-0.5400605201721191 - critic/returns/mean:-0.0028537684120237827 - critic/returns/max:2.4748666286468506 - critic/returns/min:-0.5400605201721191 - response_length/mean:829.09521484375 - response_length/max:2048.0 - response_length/min:6.0 - response_length/clip_ratio:0.0712890625 - response_length_non_aborted/mean:829.09521484375 - response_length_non_aborted/max:2048.0 - response_length_non_aborted/min:6.0 - response_length_non_aborted/clip_ratio:0.0712890625 - response/aborted_ratio:0.0 - prompt_length/mean:132.23046875 - prompt_length/max:486.0 - prompt_length/min:61.0 - prompt_length/clip_ratio:0.0 - num_turns/min:2 - num_turns/max:2 - num_turns/mean:2.0 - timing_s/start_profile:0.0005888210143893957 - timing_s/agent_loop/num_preempted/min:-1 - timing_s/agent_loop/num_preempted/max:-1 - timing_s/agent_loop/num_preempted/mean:-1.0 - timing_s/agent_loop/generate_sequences/min:0.522225514985621 - timing_s/agent_loop/generate_sequences/max:65.70029847699334 - timing_s/agent_loop/generate_sequences/mean:36.635374308785174 - timing_s/agent_loop/tool_calls/min:0.0 - timing_s/agent_loop/tool_calls/max:0.0 - timing_s/agent_loop/tool_calls/mean:0.0 - timing_s/agent_loop/compute_score/min:0.005330198997398838 - timing_s/agent_loop/compute_score/max:0.06750303399167024 - timing_s/agent_loop/compute_score/mean:0.013740243454734014 - timing_s/agent_loop/slowest/generate_sequences:65.70029847699334 - timing_s/agent_loop/slowest/tool_calls:0.0 - timing_s/agent_loop/slowest/compute_score:0.04485624999506399 - timing_s/agent_loop/slowest/num_preempted:-1 - timing_s/agent_loop/slowest/prompt_length:236 - timing_s/agent_loop/slowest/response_length:2048 - timing_s/gen:72.29720982897561 - timing_s/reward:3.832500078715384e-05 - timing_s/old_log_prob:18.79002998000942 - timing_s/adv:0.05838783600484021 - timing_s/update_actor:55.97530246700626 - timing_s/update_weights:2.639104579022387 - timing_s/step:150.37790933498763 - timing_s/stop_profile:0.00018304100376553833 - timing_per_token_ms/gen:0.042578188071507976 - timing_per_token_ms/adv:2.9656635660310093e-05 - timing_per_token_ms/update_actor:0.028431249808642475 - perf/total_num_tokens:1968795 - perf/time_per_step:150.37790933498763 - perf/throughput:3273.078819732485
[36m(AgentLoopWorker pid=5943)[0m Using dataset class: RLHFDataset[32m [repeated 7x across cluster][0m
[36m(AgentLoopWorker pid=5943)[0m WARNING 06-07 07:14:26 [api_server.py:1213] LoRA dynamic loading & unloading is enabled in the API server. This should ONLY be used for local development!
[36m(TaskRunner pid=513)[0m step:12 - global_seqlen/min:465284 - global_seqlen/max:544420 - global_seqlen/minmax_diff:79136 - global_seqlen/balanced_min:501270 - global_seqlen/balanced_max:501281 - global_seqlen/mean:501276.75 - actor/entropy:0.23290978372097015 - perf/mfu/actor_infer:0.47426145713199785 - actor/pg_clipfrac:0.0 - actor/ppo_kl:0.0 - actor/pg_clipfrac_lower:0.0 - actor/pg_loss:0.0004999835991839063 - actor/entropy_loss:0.23290977533906698 - actor/loss:0.0002670737449079752 - actor/grad_norm:0.016129299998283386 - actor/lr:4.992448103961192e-06 - perf/mfu/actor:0.38111024163144047 - training/global_step:12 - training/epoch:0 - critic/score/mean:0.00439453125 - critic/score/max:1.0 - critic/score/min:0.0 - critic/rewards/mean:0.00439453125 - critic/rewards/max:1.0 - critic/rewards/min:0.0 - critic/advantages/mean:-0.0004999835509806871 - critic/advantages/max:2.4748666286468506 - critic/advantages/min:-0.5400605201721191 - critic/returns/mean:-0.0004999835509806871 - critic/returns/max:2.4748666286468506 - critic/returns/min:-0.5400605201721191 - response_length/mean:838.38427734375 - response_length/max:2048.0 - response_length/min:16.0 - response_length/clip_ratio:0.0654296875 - response_length_non_aborted/mean:838.38427734375 - response_length_non_aborted/max:2048.0 - response_length_non_aborted/min:16.0 - response_length_non_aborted/clip_ratio:0.0654296875 - response/aborted_ratio:0.0 - prompt_length/mean:140.671875 - prompt_length/max:465.0 - prompt_length/min:63.0 - prompt_length/clip_ratio:0.0 - num_turns/min:2 - num_turns/max:2 - num_turns/mean:2.0 - timing_s/start_profile:6.024399772286415e-05 - timing_s/agent_loop/num_preempted/min:-1 - timing_s/agent_loop/num_preempted/max:-1 - timing_s/agent_loop/num_preempted/mean:-1.0 - timing_s/agent_loop/generate_sequences/min:1.7877249399898574 - timing_s/agent_loop/generate_sequences/max:68.5492658939911 - timing_s/agent_loop/generate_sequences/mean:38.57601851021896 - timing_s/agent_loop/tool_calls/min:0.0 - timing_s/agent_loop/tool_calls/max:0.0 - timing_s/agent_loop/tool_calls/mean:0.0 - timing_s/agent_loop/compute_score/min:0.004841343004954979 - timing_s/agent_loop/compute_score/max:0.0488376269931905 - timing_s/agent_loop/compute_score/mean:0.012339875665631439 - timing_s/agent_loop/slowest/generate_sequences:68.5492658939911 - timing_s/agent_loop/slowest/tool_calls:0.0 - timing_s/agent_loop/slowest/compute_score:0.011569555004825816 - timing_s/agent_loop/slowest/num_preempted:-1 - timing_s/agent_loop/slowest/prompt_length:76 - timing_s/agent_loop/slowest/response_length:2048 - timing_s/gen:71.07858423801372 - timing_s/reward:3.806001041084528e-05 - timing_s/old_log_prob:17.544049733987777 - timing_s/adv:0.047319934994447976 - timing_s/update_actor:56.62675626800046 - timing_s/update_weights:3.289659064990701 - timing_s/step:149.22610589000396 - timing_s/stop_profile:0.0001875520101748407 - timing_per_token_ms/gen:0.041396697073002864 - timing_per_token_ms/adv:2.359970564884965e-05 - timing_per_token_ms/update_actor:0.02824126406620717 - perf/total_num_tokens:2005107 - perf/time_per_step:149.22610589000396 - perf/throughput:3359.175976685313[36m(TaskRunner pid=513)[0m Training Progress:   3%|▎         | 12/348 [05:00<13:59:52, 149.98s/it]
