WARNING:2026-06-07 05:02:03,221:Detected megatron.core 0.14.0rc7, recommend upgrading to >= 0.14.0 for better checkpoint compatibility
2026-06-07 05:02:10,172	INFO worker.py:1942 -- Started a local Ray instance. View the dashboard at [1m[32mhttp://127.0.0.1:8265 [39m[22m
[36m(pid=49193)[0m W0607 05:02:23.070000 49193 torch/utils/cpp_extension.py:118] No CUDA runtime is found, using CUDA_HOME='/usr/local/cuda'
[36m(pid=49193)[0m WARNING:2026-06-07 05:02:23,283:Detected megatron.core 0.14.0rc7, recommend upgrading to >= 0.14.0 for better checkpoint compatibility
ray init kwargs: {'num_cpus': None, 'runtime_env': {'env_vars': {'NCCL_DEBUG': 'WARN', 'VLLM_LOGGING_LEVEL': 'WARN', 'VLLM_ALLOW_RUNTIME_LORA_UPDATING': 'true', 'CUDA_DEVICE_MAX_CONNECTIONS': '1', 'VLLM_DISABLE_COMPILE_CACHE': '1', 'HCCL_HOST_SOCKET_PORT_RANGE': 'auto', 'HCCL_NPU_SOCKET_PORT_RANGE': 'auto', 'HSA_NO_SCRATCH_RECLAIM': '1'}, 'working_dir': None}}
[36m(TaskRunner pid=49193)[0m TaskRunner hostname: g60, PID: 49193
[36m(TaskRunner pid=49193)[0m {'actor_rollout_ref': 
[36m(TaskRunner pid=49193)[0m {'actor': {'_target_': 'verl.workers.config.FSDPActorConfig',
[36m(TaskRunner pid=49193)[0m                                  'calculate_entropy': False,
[36m(TaskRunner pid=49193)[0m                                  'calculate_sum_pi_squared': False,
[36m(TaskRunner pid=49193)[0m                                  'checkpoint': {'_target_': 'verl.trainer.config.CheckpointConfig',
[36m(TaskRunner pid=49193)[0m                                                 'async_save': False,
[36m(TaskRunner pid=49193)[0m                                                 'load_contents': ['model',
[36m(TaskRunner pid=49193)[0m                                                                   'optimizer',
[36m(TaskRunner pid=49193)[0m                                                                   'extra'],
[36m(TaskRunner pid=49193)[0m                                                 'mbridge_config': {},
[36m(TaskRunner pid=49193)[0m                                                 'save_contents': ['model',
[36m(TaskRunner pid=49193)[0m                                                                   'optimizer',
[36m(TaskRunner pid=49193)[0m                                                                   'extra']},
[36m(TaskRunner pid=49193)[0m                                  'clip_ratio': 0.2,
[36m(TaskRunner pid=49193)[0m                                  'clip_ratio_c': 3.0,
[36m(TaskRunner pid=49193)[0m                                  'clip_ratio_high': 0.2,
[36m(TaskRunner pid=49193)[0m                                  'clip_ratio_low': 0.2,
[36m(TaskRunner pid=49193)[0m                                  'data_loader_seed': 42,
[36m(TaskRunner pid=49193)[0m                                  'entropy_checkpointing': False,
[36m(TaskRunner pid=49193)[0m                                  'entropy_coeff': 0.001,
[36m(TaskRunner pid=49193)[0m                                  'entropy_from_logits_with_chunking': False,
[36m(TaskRunner pid=49193)[0m                                  'freeze_vision_tower': False,
[36m(TaskRunner pid=49193)[0m                                  'fsdp_config': {'_target_': 'verl.workers.config.FSDPEngineConfig',
[36m(TaskRunner pid=49193)[0m                                                  'dtype': 'bfloat16',
[36m(TaskRunner pid=49193)[0m                                                  'entropy_checkpointing': False,
[36m(TaskRunner pid=49193)[0m                                                  'entropy_from_logits_with_chunking': False,
[36m(TaskRunner pid=49193)[0m                                                  'forward_only': False,
[36m(TaskRunner pid=49193)[0m                                                  'forward_prefetch': False,
[36m(TaskRunner pid=49193)[0m                                                  'fsdp_size': -1,
[36m(TaskRunner pid=49193)[0m                                                  'full_determinism': False,
[36m(TaskRunner pid=49193)[0m                                                  'model_dtype': 'fp32',
[36m(TaskRunner pid=49193)[0m                                                  'offload_policy': False,
[36m(TaskRunner pid=49193)[0m                                                  'optimizer_offload': False,
[36m(TaskRunner pid=49193)[0m                                                  'param_offload': False,
[36m(TaskRunner pid=49193)[0m                                                  'qat': {'_target_': 'verl.workers.config.QATEngineConfig',
[36m(TaskRunner pid=49193)[0m                                                          'activation_observer': 'static_minmax',
[36m(TaskRunner pid=49193)[0m                                                          'enable': False,
[36m(TaskRunner pid=49193)[0m                                                          'group_size': 16,
[36m(TaskRunner pid=49193)[0m                                                          'ignore_patterns': ['lm_head',
[36m(TaskRunner pid=49193)[0m                                                                              'embed_tokens',
[36m(TaskRunner pid=49193)[0m                                                                              're:.*mlp.gate$'],
[36m(TaskRunner pid=49193)[0m                                                          'mode': 'w4a16',
[36m(TaskRunner pid=49193)[0m                                                          'quantization_config_path': None},
[36m(TaskRunner pid=49193)[0m                                                  'reshard_after_forward': True,
[36m(TaskRunner pid=49193)[0m                                                  'seed': 42,
[36m(TaskRunner pid=49193)[0m                                                  'strategy': 'fsdp',
[36m(TaskRunner pid=49193)[0m                                                  'ulysses_sequence_parallel_size': 1,
[36m(TaskRunner pid=49193)[0m                                                  'use_orig_params': False,
[36m(TaskRunner pid=49193)[0m                                                  'use_torch_compile': True,
[36m(TaskRunner pid=49193)[0m                                                  'wrap_policy': {'min_num_params': 0}},
[36m(TaskRunner pid=49193)[0m                                  'grad_clip': 1.0,
[36m(TaskRunner pid=49193)[0m                                  'kl_loss_coef': 0.001,
[36m(TaskRunner pid=49193)[0m                                  'kl_loss_type': 'low_var_kl',
[36m(TaskRunner pid=49193)[0m                                  'loss_agg_mode': 'token-mean',
[36m(TaskRunner pid=49193)[0m                                  'loss_scale_factor': None,
[36m(TaskRunner pid=49193)[0m                                  'optim': {'_target_': 'verl.workers.config.FSDPOptimizerConfig',
[36m(TaskRunner pid=49193)[0m                                            'betas': [0.9, 0.999],
[36m(TaskRunner pid=49193)[0m                                            'clip_grad': 1.0,
[36m(TaskRunner pid=49193)[0m                                            'lr': 5e-06,
[36m(TaskRunner pid=49193)[0m                                            'lr_scheduler_type': 'cosine',
[36m(TaskRunner pid=49193)[0m                                            'lr_warmup_steps': -1,
[36m(TaskRunner pid=49193)[0m                                            'lr_warmup_steps_ratio': 0.03,
[36m(TaskRunner pid=49193)[0m                                            'min_lr_ratio': 0.1,
[36m(TaskRunner pid=49193)[0m                                            'num_cycles': 0.5,
[36m(TaskRunner pid=49193)[0m                                            'optimizer': 'AdamW',
[36m(TaskRunner pid=49193)[0m                                            'optimizer_impl': 'torch.optim',
[36m(TaskRunner pid=49193)[0m                                            'override_optimizer_config': None,
[36m(TaskRunner pid=49193)[0m                                            'total_training_steps': -1,
[36m(TaskRunner pid=49193)[0m                                            'warmup_style': None,
[36m(TaskRunner pid=49193)[0m                                            'weight_decay': 0.01,
[36m(TaskRunner pid=49193)[0m                                            'zero_indexed_step': True},
[36m(TaskRunner pid=49193)[0m                                  'policy_loss': {'_target_': 'verl.workers.config.PolicyLossConfig',
[36m(TaskRunner pid=49193)[0m                                                  'clip_cov_lb': 1.0,
[36m(TaskRunner pid=49193)[0m                                                  'clip_cov_ratio': 0.0002,
[36m(TaskRunner pid=49193)[0m                                                  'clip_cov_ub': 5.0,
[36m(TaskRunner pid=49193)[0m                                                  'kl_cov_ratio': 0.0002,
[36m(TaskRunner pid=49193)[0m                                                  'loss_mode': 'vanilla',
[36m(TaskRunner pid=49193)[0m                                                  'ppo_kl_coef': 0.1},
[36m(TaskRunner pid=49193)[0m                                  'ppo_epochs': 1,
[36m(TaskRunner pid=49193)[0m                                  'ppo_max_token_len_per_gpu': 24576,
[36m(TaskRunner pid=49193)[0m                                  'ppo_micro_batch_size': None,
[36m(TaskRunner pid=49193)[0m                                  'ppo_micro_batch_size_per_gpu': 4,
[36m(TaskRunner pid=49193)[0m                                  'ppo_mini_batch_size': 256,
[36m(TaskRunner pid=49193)[0m                                  'profiler': {'_target_': 'verl.utils.profiler.ProfilerConfig',
[36m(TaskRunner pid=49193)[0m                                               'all_ranks': False,
[36m(TaskRunner pid=49193)[0m                                               'enable': False,
[36m(TaskRunner pid=49193)[0m                                               'ranks': [],
[36m(TaskRunner pid=49193)[0m                                               'save_path': 'outputs/profile',
[36m(TaskRunner pid=49193)[0m                                               'tool': None,
[36m(TaskRunner pid=49193)[0m                                               'tool_config': {'npu': {'_target_': 'verl.utils.profiler.config.NPUToolConfig',
[36m(TaskRunner pid=49193)[0m                                                                       'analysis': True,
[36m(TaskRunner pid=49193)[0m                                                                       'contents': [],
[36m(TaskRunner pid=49193)[0m                                                                       'discrete': False,
[36m(TaskRunner pid=49193)[0m                                                                       'level': 'level0'},
[36m(TaskRunner pid=49193)[0m                                                               'nsys': {'_target_': 'verl.utils.profiler.config.NsightToolConfig',
[36m(TaskRunner pid=49193)[0m                                                                        'discrete': False},
[36m(TaskRunner pid=49193)[0m                                                               'precision_debugger': {'_target_': 'verl.utils.profiler.config.PrecisionDebuggerToolConfig',
[36m(TaskRunner pid=49193)[0m                                                                                      'config_path': None,
[36m(TaskRunner pid=49193)[0m                                                                                      'stages': None,
[36m(TaskRunner pid=49193)[0m                                                                                      'steps': None,
[36m(TaskRunner pid=49193)[0m                                                                                      'strict': False},
[36m(TaskRunner pid=49193)[0m                                                               'torch': {'_target_': 'verl.utils.profiler.config.TorchProfilerToolConfig',
[36m(TaskRunner pid=49193)[0m                                                                         'contents': [],
[36m(TaskRunner pid=49193)[0m                                                                         'discrete': False},
[36m(TaskRunner pid=49193)[0m                                                               'torch_memory': {'_target_': 'verl.utils.profiler.config.TorchMemoryToolConfig',
[36m(TaskRunner pid=49193)[0m                                                                                'stack_depth': 32,
[36m(TaskRunner pid=49193)[0m                                                                                'trace_alloc_max_entries': 100000}}},
[36m(TaskRunner pid=49193)[0m                                  'qat': {'activation_observer': 'static_minmax',
[36m(TaskRunner pid=49193)[0m                                          'enable': False,
[36m(TaskRunner pid=49193)[0m                                          'group_size': 16,
[36m(TaskRunner pid=49193)[0m                                          'ignore_patterns': ['lm_head',
[36m(TaskRunner pid=49193)[0m                                                              'embed_tokens',
[36m(TaskRunner pid=49193)[0m                                                              're:.*mlp.gate$'],
[36m(TaskRunner pid=49193)[0m                                          'mode': 'w4a16',
[36m(TaskRunner pid=49193)[0m                                          'quantization_config_path': None},
[36m(TaskRunner pid=49193)[0m                                  'rollout_n': 8,
[36m(TaskRunner pid=49193)[0m                                  'router_replay': {'_target_': 'verl.workers.config.RouterReplayConfig',
[36m(TaskRunner pid=49193)[0m                                                    'mode': 'disabled',
[36m(TaskRunner pid=49193)[0m                                                    'record_file': None,
[36m(TaskRunner pid=49193)[0m                                                    'replay_file': None},
[36m(TaskRunner pid=49193)[0m                                  'shuffle': False,
[36m(TaskRunner pid=49193)[0m                                  'strategy': 'fsdp',
[36m(TaskRunner pid=49193)[0m                                  'tau_neg': 1.05,
[36m(TaskRunner pid=49193)[0m                                  'tau_pos': 1.0,
[36m(TaskRunner pid=49193)[0m                                  'ulysses_sequence_parallel_size': 1,
[36m(TaskRunner pid=49193)[0m                                  'use_dynamic_bsz': True,
[36m(TaskRunner pid=49193)[0m                                  'use_fused_kernels': False,
[36m(TaskRunner pid=49193)[0m                                  'use_kl_loss': False,
[36m(TaskRunner pid=49193)[0m                                  'use_prefix_grouper': False,
[36m(TaskRunner pid=49193)[0m                                  'use_remove_padding': True,
[36m(TaskRunner pid=49193)[0m                                  'use_torch_compile': False},
[36m(TaskRunner pid=49193)[0m                        'hybrid_engine': True,
[36m(TaskRunner pid=49193)[0m                        'model': {'_target_': 'verl.workers.config.HFModelConfig',
[36m(TaskRunner pid=49193)[0m                                  'custom_chat_template': None,
[36m(TaskRunner pid=49193)[0m                                  'enable_activation_offload': False,
[36m(TaskRunner pid=49193)[0m                                  'enable_gradient_checkpointing': True,
[36m(TaskRunner pid=49193)[0m                                  'exclude_modules': None,
[36m(TaskRunner pid=49193)[0m                                  'external_lib': None,
[36m(TaskRunner pid=49193)[0m                                  'fused_kernel_options': {'impl_backend': 'torch'},
[36m(TaskRunner pid=49193)[0m                                  'hf_config_path': None,
[36m(TaskRunner pid=49193)[0m                                  'lora': {'a2a_experimental': False,
[36m(TaskRunner pid=49193)[0m                                           'adapter_path': None,
[36m(TaskRunner pid=49193)[0m                                           'alpha': 32,
[36m(TaskRunner pid=49193)[0m                                           'dropout': 0.0,
[36m(TaskRunner pid=49193)[0m                                           'dropout_position': 'pre',
[36m(TaskRunner pid=49193)[0m                                           'dtype': None,
[36m(TaskRunner pid=49193)[0m                                           'exclude_modules': [],
[36m(TaskRunner pid=49193)[0m                                           'freeze_language_model': True,
[36m(TaskRunner pid=49193)[0m                                           'freeze_vision_model': True,
[36m(TaskRunner pid=49193)[0m                                           'freeze_vision_projection': True,
[36m(TaskRunner pid=49193)[0m                                           'lora_A_init_method': 'xavier',
[36m(TaskRunner pid=49193)[0m                                           'lora_B_init_method': 'zero',
[36m(TaskRunner pid=49193)[0m                                           'merge': False,
[36m(TaskRunner pid=49193)[0m                                           'rank': 0,
[36m(TaskRunner pid=49193)[0m                                           'target_modules': ['linear_qkv',
[36m(TaskRunner pid=49193)[0m                                                              'linear_proj',
[36m(TaskRunner pid=49193)[0m                                                              'linear_fc1',
[36m(TaskRunner pid=49193)[0m                                                              'linear_fc2'],
[36m(TaskRunner pid=49193)[0m                                           'type': 'lora'},
[36m(TaskRunner pid=49193)[0m                                  'lora_adapter_path': None,
[36m(TaskRunner pid=49193)[0m                                  'lora_alpha': 16,
[36m(TaskRunner pid=49193)[0m                                  'lora_rank': 0,
[36m(TaskRunner pid=49193)[0m                                  'mtp': {'_target_': 'verl.workers.config.MtpConfig',
[36m(TaskRunner pid=49193)[0m                                          'detach_encoder': False,
[36m(TaskRunner pid=49193)[0m                                          'enable': False,
[36m(TaskRunner pid=49193)[0m                                          'enable_rollout': False,
[36m(TaskRunner pid=49193)[0m                                          'enable_train': False,
[36m(TaskRunner pid=49193)[0m                                          'method': 'mtp',
[36m(TaskRunner pid=49193)[0m                                          'mtp_loss_scaling_factor': 0.1,
[36m(TaskRunner pid=49193)[0m                                          'num_speculative_tokens': 1,
[36m(TaskRunner pid=49193)[0m                                          'speculative_algorithm': 'EAGLE',
[36m(TaskRunner pid=49193)[0m                                          'speculative_eagle_topk': 1,
[36m(TaskRunner pid=49193)[0m                                          'speculative_num_draft_tokens': 4,
[36m(TaskRunner pid=49193)[0m                                          'speculative_num_steps': 3},
[36m(TaskRunner pid=49193)[0m                                  'override_config': {},
[36m(TaskRunner pid=49193)[0m                                  'path': '/root/models/Qwen/Qwen3-1.7B-Base',
[36m(TaskRunner pid=49193)[0m                                  'target_modules': 'all-linear',
[36m(TaskRunner pid=49193)[0m                                  'tiled_mlp': {'enabled': False,
[36m(TaskRunner pid=49193)[0m                                                'num_shards': 4},
[36m(TaskRunner pid=49193)[0m                                  'tokenizer_path': None,
[36m(TaskRunner pid=49193)[0m                                  'trust_remote_code': True,
[36m(TaskRunner pid=49193)[0m                                  'use_fused_kernels': False,
[36m(TaskRunner pid=49193)[0m                                  'use_liger': False,
[36m(TaskRunner pid=49193)[0m                                  'use_remove_padding': True,
[36m(TaskRunner pid=49193)[0m                                  'use_shm': False},
[36m(TaskRunner pid=49193)[0m                        'nccl_timeout': 600,
[36m(TaskRunner pid=49193)[0m                        'ref': {'_target_': 'verl.workers.config.FSDPActorConfig',
[36m(TaskRunner pid=49193)[0m                                'entropy_checkpointing': False,
[36m(TaskRunner pid=49193)[0m                                'entropy_from_logits_with_chunking': False,
[36m(TaskRunner pid=49193)[0m                                'fsdp_config': {'_target_': 'verl.workers.config.FSDPEngineConfig',
[36m(TaskRunner pid=49193)[0m                                                'dtype': 'bfloat16',
[36m(TaskRunner pid=49193)[0m                                                'entropy_checkpointing': False,
[36m(TaskRunner pid=49193)[0m                                                'entropy_from_logits_with_chunking': False,
[36m(TaskRunner pid=49193)[0m                                                'forward_only': True,
[36m(TaskRunner pid=49193)[0m                                                'forward_prefetch': False,
[36m(TaskRunner pid=49193)[0m                                                'fsdp_size': -1,
[36m(TaskRunner pid=49193)[0m                                                'full_determinism': False,
[36m(TaskRunner pid=49193)[0m                                                'model_dtype': 'fp32',
[36m(TaskRunner pid=49193)[0m                                                'offload_policy': False,
[36m(TaskRunner pid=49193)[0m                                                'optimizer_offload': False,
[36m(TaskRunner pid=49193)[0m                                                'param_offload': False,
[36m(TaskRunner pid=49193)[0m                                                'qat': {'_target_': 'verl.workers.config.QATEngineConfig',
[36m(TaskRunner pid=49193)[0m                                                        'activation_observer': 'static_minmax',
[36m(TaskRunner pid=49193)[0m                                                        'enable': False,
[36m(TaskRunner pid=49193)[0m                                                        'group_size': 16,
[36m(TaskRunner pid=49193)[0m                                                        'ignore_patterns': ['lm_head',
[36m(TaskRunner pid=49193)[0m                                                                            'embed_tokens',
[36m(TaskRunner pid=49193)[0m                                                                            're:.*mlp.gate$'],
[36m(TaskRunner pid=49193)[0m                                                        'mode': 'w4a16',
[36m(TaskRunner pid=49193)[0m                                                        'quantization_config_path': None},
[36m(TaskRunner pid=49193)[0m                                                'reshard_after_forward': True,
[36m(TaskRunner pid=49193)[0m                                                'seed': 42,
[36m(TaskRunner pid=49193)[0m                                                'strategy': 'fsdp',
[36m(TaskRunner pid=49193)[0m                                                'ulysses_sequence_parallel_size': 1,
[36m(TaskRunner pid=49193)[0m                                                'use_orig_params': False,
[36m(TaskRunner pid=49193)[0m                                                'use_torch_compile': True,
[36m(TaskRunner pid=49193)[0m                                                'wrap_policy': {'min_num_params': 0}},
[36m(TaskRunner pid=49193)[0m                                'log_prob_max_token_len_per_gpu': 24576,
[36m(TaskRunner pid=49193)[0m                                'log_prob_micro_batch_size': None,
[36m(TaskRunner pid=49193)[0m                                'log_prob_micro_batch_size_per_gpu': None,
[36m(TaskRunner pid=49193)[0m                                'log_prob_use_dynamic_bsz': True,
[36m(TaskRunner pid=49193)[0m                                'profiler': {'_target_': 'verl.utils.profiler.ProfilerConfig',
[36m(TaskRunner pid=49193)[0m                                             'all_ranks': False,
[36m(TaskRunner pid=49193)[0m                                             'enable': False,
[36m(TaskRunner pid=49193)[0m                                             'ranks': [],
[36m(TaskRunner pid=49193)[0m                                             'save_path': 'outputs/profile',
[36m(TaskRunner pid=49193)[0m                                             'tool': None,
[36m(TaskRunner pid=49193)[0m                                             'tool_config': {'npu': {'_target_': 'verl.utils.profiler.config.NPUToolConfig',
[36m(TaskRunner pid=49193)[0m                                                                     'analysis': True,
[36m(TaskRunner pid=49193)[0m                                                                     'contents': [],
[36m(TaskRunner pid=49193)[0m                                                                     'discrete': False,
[36m(TaskRunner pid=49193)[0m                                                                     'level': 'level0'},
[36m(TaskRunner pid=49193)[0m                                                             'nsys': {'_target_': 'verl.utils.profiler.config.NsightToolConfig',
[36m(TaskRunner pid=49193)[0m                                                                      'discrete': False},
[36m(TaskRunner pid=49193)[0m                                                             'precision_debugger': {'_target_': 'verl.utils.profiler.config.PrecisionDebuggerToolConfig',
[36m(TaskRunner pid=49193)[0m                                                                                    'config_path': None,
[36m(TaskRunner pid=49193)[0m                                                                                    'stages': None,
[36m(TaskRunner pid=49193)[0m                                                                                    'steps': None,
[36m(TaskRunner pid=49193)[0m                                                                                    'strict': False},
[36m(TaskRunner pid=49193)[0m                                                             'torch': {'_target_': 'verl.utils.profiler.config.TorchProfilerToolConfig',
[36m(TaskRunner pid=49193)[0m                                                                       'contents': [],
[36m(TaskRunner pid=49193)[0m                                                                       'discrete': False},
[36m(TaskRunner pid=49193)[0m                                                             'torch_memory': {'_target_': 'verl.utils.profiler.config.TorchMemoryToolConfig',
[36m(TaskRunner pid=49193)[0m                                                                              'stack_depth': 32,
[36m(TaskRunner pid=49193)[0m                                                                              'trace_alloc_max_entries': 100000}}},
[36m(TaskRunner pid=49193)[0m                                'rollout_n': 8,
[36m(TaskRunner pid=49193)[0m                                'router_replay': {'_target_': 'verl.workers.config.RouterReplayConfig',
[36m(TaskRunner pid=49193)[0m                                                  'mode': 'disabled',
[36m(TaskRunner pid=49193)[0m                                                  'record_file': None,
[36m(TaskRunner pid=49193)[0m                                                  'replay_file': None},
[36m(TaskRunner pid=49193)[0m                                'strategy': 'fsdp',
[36m(TaskRunner pid=49193)[0m                                'ulysses_sequence_parallel_size': 1,
[36m(TaskRunner pid=49193)[0m                                'use_torch_compile': False},
[36m(TaskRunner pid=49193)[0m                        'rollout': {'_target_': 'verl.workers.config.RolloutConfig',
[36m(TaskRunner pid=49193)[0m                                    'agent': {'_target_': 'verl.workers.config.AgentLoopConfig',
[36m(TaskRunner pid=49193)[0m                                              'agent_loop_config_path': None,
[36m(TaskRunner pid=49193)[0m                                              'custom_async_server': {'_target_': 'verl.workers.config.CustomAsyncServerConfig',
[36m(TaskRunner pid=49193)[0m                                                                      'name': None,
[36m(TaskRunner pid=49193)[0m                                                                      'path': None},
[36m(TaskRunner pid=49193)[0m                                              'default_agent_loop': 'single_turn_agent',
[36m(TaskRunner pid=49193)[0m                                              'num_workers': 8},
[36m(TaskRunner pid=49193)[0m                                    'calculate_log_probs': False,
[36m(TaskRunner pid=49193)[0m                                    'checkpoint_engine': {'_target_': 'verl.workers.config.CheckpointEngineConfig',
[36m(TaskRunner pid=49193)[0m                                                          'backend': 'naive',
[36m(TaskRunner pid=49193)[0m                                                          'custom_backend_module': None,
[36m(TaskRunner pid=49193)[0m                                                          'engine_kwargs': {},
[36m(TaskRunner pid=49193)[0m                                                          'update_weights_bucket_megabytes': 2048},
[36m(TaskRunner pid=49193)[0m                                    'cudagraph_capture_sizes': None,
[36m(TaskRunner pid=49193)[0m                                    'data_parallel_size': 1,
[36m(TaskRunner pid=49193)[0m                                    'disable_log_stats': True,
[36m(TaskRunner pid=49193)[0m                                    'disaggregation': {'bootstrap_port': None,
[36m(TaskRunner pid=49193)[0m                                                       'decode_replicas': 1,
[36m(TaskRunner pid=49193)[0m                                                       'decode_tensor_model_parallel_size': None,
[36m(TaskRunner pid=49193)[0m                                                       'enabled': False,
[36m(TaskRunner pid=49193)[0m                                                       'ib_device': None,
[36m(TaskRunner pid=49193)[0m                                                       'prefill_replicas': 1,
[36m(TaskRunner pid=49193)[0m                                                       'transfer_backend': 'nixl'},
[36m(TaskRunner pid=49193)[0m                                    'do_sample': True,
[36m(TaskRunner pid=49193)[0m                                    'dtype': 'bfloat16',
[36m(TaskRunner pid=49193)[0m                                    'enable_chunked_prefill': True,
[36m(TaskRunner pid=49193)[0m                                    'enable_prefix_caching': True,
[36m(TaskRunner pid=49193)[0m                                    'enable_rollout_routing_replay': False,
[36m(TaskRunner pid=49193)[0m                                    'enforce_eager': True,
[36m(TaskRunner pid=49193)[0m                                    'engine_kwargs': {'sglang': {},
[36m(TaskRunner pid=49193)[0m                                                      'trtllm': {},
[36m(TaskRunner pid=49193)[0m                                                      'vllm': {}},
[36m(TaskRunner pid=49193)[0m                                    'expert_parallel_size': 1,
[36m(TaskRunner pid=49193)[0m                                    'free_cache_engine': True,
[36m(TaskRunner pid=49193)[0m                                    'gpu_memory_utilization': 0.4,
[36m(TaskRunner pid=49193)[0m                                    'ignore_eos': False,
[36m(TaskRunner pid=49193)[0m                                    'layered_summon': False,
[36m(TaskRunner pid=49193)[0m                                    'load_format': 'dummy',
[36m(TaskRunner pid=49193)[0m                                    'log_prob_max_token_len_per_gpu': 24576,
[36m(TaskRunner pid=49193)[0m                                    'log_prob_micro_batch_size': None,
[36m(TaskRunner pid=49193)[0m                                    'log_prob_micro_batch_size_per_gpu': None,
[36m(TaskRunner pid=49193)[0m                                    'log_prob_use_dynamic_bsz': True,
[36m(TaskRunner pid=49193)[0m                                    'logprobs_mode': 'processed_logprobs',
[36m(TaskRunner pid=49193)[0m                                    'max_model_len': 3072,
[36m(TaskRunner pid=49193)[0m                                    'max_num_batched_tokens': 8192,
[36m(TaskRunner pid=49193)[0m                                    'max_num_seqs': 1024,
[36m(TaskRunner pid=49193)[0m                                    'mode': 'async',
[36m(TaskRunner pid=49193)[0m                                    'mtp': {'_target_': 'verl.workers.config.MtpConfig',
[36m(TaskRunner pid=49193)[0m                                            'detach_encoder': False,
[36m(TaskRunner pid=49193)[0m                                            'enable': False,
[36m(TaskRunner pid=49193)[0m                                            'enable_rollout': False,
[36m(TaskRunner pid=49193)[0m                                            'enable_train': False,
[36m(TaskRunner pid=49193)[0m                                            'method': 'mtp',
[36m(TaskRunner pid=49193)[0m                                            'mtp_loss_scaling_factor': 0.1,
[36m(TaskRunner pid=49193)[0m                                            'num_speculative_tokens': 1,
[36m(TaskRunner pid=49193)[0m                                            'speculative_algorithm': 'EAGLE',
[36m(TaskRunner pid=49193)[0m                                            'speculative_eagle_topk': 1,
[36m(TaskRunner pid=49193)[0m                                            'speculative_num_draft_tokens': 4,
[36m(TaskRunner pid=49193)[0m                                            'speculative_num_steps': 3},
[36m(TaskRunner pid=49193)[0m                                    'multi_stage_wake_up': False,
[36m(TaskRunner pid=49193)[0m                                    'multi_turn': {'_target_': 'verl.workers.config.MultiTurnConfig',
[36m(TaskRunner pid=49193)[0m                                                   'enable': False,
[36m(TaskRunner pid=49193)[0m                                                   'format': 'hermes',
[36m(TaskRunner pid=49193)[0m                                                   'function_tool_path': None,
[36m(TaskRunner pid=49193)[0m                                                   'max_assistant_turns': None,
[36m(TaskRunner pid=49193)[0m                                                   'max_parallel_calls': 1,
[36m(TaskRunner pid=49193)[0m                                                   'max_tool_response_length': 256,
[36m(TaskRunner pid=49193)[0m                                                   'max_user_turns': None,
[36m(TaskRunner pid=49193)[0m                                                   'num_repeat_rollouts': None,
[36m(TaskRunner pid=49193)[0m                                                   'tokenization_sanity_check_mode': 'strict',
[36m(TaskRunner pid=49193)[0m                                                   'tool_config_path': None,
[36m(TaskRunner pid=49193)[0m                                                   'tool_response_truncate_side': 'middle',
[36m(TaskRunner pid=49193)[0m                                                   'use_inference_chat_template': False},
[36m(TaskRunner pid=49193)[0m                                    'n': 8,
[36m(TaskRunner pid=49193)[0m                                    'n_gpus_per_node': 4,
[36m(TaskRunner pid=49193)[0m                                    'name': 'vllm',
[36m(TaskRunner pid=49193)[0m                                    'nnodes': 0,
[36m(TaskRunner pid=49193)[0m                                    'over_sample_rate': 0,
[36m(TaskRunner pid=49193)[0m                                    'pipeline_model_parallel_size': 1,
[36m(TaskRunner pid=49193)[0m                                    'profiler': {'_target_': 'verl.utils.profiler.ProfilerConfig',
[36m(TaskRunner pid=49193)[0m                                                 'all_ranks': False,
[36m(TaskRunner pid=49193)[0m                                                 'enable': False,
[36m(TaskRunner pid=49193)[0m                                                 'ranks': [],
[36m(TaskRunner pid=49193)[0m                                                 'save_path': 'outputs/profile',
[36m(TaskRunner pid=49193)[0m                                                 'tool': None,
[36m(TaskRunner pid=49193)[0m                                                 'tool_config': {'npu': {'_target_': 'verl.utils.profiler.config.NPUToolConfig',
[36m(TaskRunner pid=49193)[0m                                                                         'analysis': True,
[36m(TaskRunner pid=49193)[0m                                                                         'contents': [],
[36m(TaskRunner pid=49193)[0m                                                                         'discrete': False,
[36m(TaskRunner pid=49193)[0m                                                                         'level': 'level0'},
[36m(TaskRunner pid=49193)[0m                                                                 'precision_debugger': {'_target_': 'verl.utils.profiler.config.PrecisionDebuggerToolConfig',
[36m(TaskRunner pid=49193)[0m                                                                                        'config_path': None,
[36m(TaskRunner pid=49193)[0m                                                                                        'stages': None,
[36m(TaskRunner pid=49193)[0m                                                                                        'steps': None,
[36m(TaskRunner pid=49193)[0m                                                                                        'strict': False},
[36m(TaskRunner pid=49193)[0m                                                                 'torch': {'_target_': 'verl.utils.profiler.config.TorchProfilerToolConfig',
[36m(TaskRunner pid=49193)[0m                                                                           'contents': [],
[36m(TaskRunner pid=49193)[0m                                                                           'discrete': False}}},
[36m(TaskRunner pid=49193)[0m                                    'prometheus': {'_target_': 'verl.workers.config.PrometheusConfig',
[36m(TaskRunner pid=49193)[0m                                                   'enable': False,
[36m(TaskRunner pid=49193)[0m                                                   'file': '/tmp/ray/session_latest/metrics/prometheus/prometheus.yml',
[36m(TaskRunner pid=49193)[0m                                                   'port': 9090,
[36m(TaskRunner pid=49193)[0m                                                   'served_model_name': '/root/models/Qwen/Qwen3-1.7B-Base'},
[36m(TaskRunner pid=49193)[0m                                    'prompt_length': 512,
[36m(TaskRunner pid=49193)[0m                                    'qat': {'_target_': 'verl.workers.config.QATEngineConfig',
[36m(TaskRunner pid=49193)[0m                                            'activation_observer': 'static_minmax',
[36m(TaskRunner pid=49193)[0m                                            'enable': False,
[36m(TaskRunner pid=49193)[0m                                            'group_size': 16,
[36m(TaskRunner pid=49193)[0m                                            'ignore_patterns': ['lm_head',
[36m(TaskRunner pid=49193)[0m                                                                'embed_tokens',
[36m(TaskRunner pid=49193)[0m                                                                're:.*mlp.gate$'],
[36m(TaskRunner pid=49193)[0m                                            'mode': 'w4a16',
[36m(TaskRunner pid=49193)[0m                                            'quantization_config_path': None},
[36m(TaskRunner pid=49193)[0m                                    'quantization': None,
[36m(TaskRunner pid=49193)[0m                                    'quantization_config_file': None,
[36m(TaskRunner pid=49193)[0m                                    'response_length': 2048,
[36m(TaskRunner pid=49193)[0m                                    'scheduling_policy': 'fcfs',
[36m(TaskRunner pid=49193)[0m                                    'skip': {'_target_': 'verl.workers.config.SkipConfig',
[36m(TaskRunner pid=49193)[0m                                             'action': 'cache',
[36m(TaskRunner pid=49193)[0m                                             'dump_dir': '~/.verl/rollout_dump',
[36m(TaskRunner pid=49193)[0m                                             'enable': False,
[36m(TaskRunner pid=49193)[0m                                             'max_dump_step': 1},
[36m(TaskRunner pid=49193)[0m                                    'skip_tokenizer_init': True,
[36m(TaskRunner pid=49193)[0m                                    'temperature': 1.0,
[36m(TaskRunner pid=49193)[0m                                    'tensor_model_parallel_size': 1,
[36m(TaskRunner pid=49193)[0m                                    'top_k': -1,
[36m(TaskRunner pid=49193)[0m                                    'top_p': 0.95,
[36m(TaskRunner pid=49193)[0m                                    'trace': {'_target_': 'verl.workers.config.TraceConfig',
[36m(TaskRunner pid=49193)[0m                                              'backend': None,
[36m(TaskRunner pid=49193)[0m                                              'experiment_name': 'grpo_v2',
[36m(TaskRunner pid=49193)[0m                                              'max_samples_per_step_per_worker': None,
[36m(TaskRunner pid=49193)[0m                                              'project_name': 'grpo_math',
[36m(TaskRunner pid=49193)[0m                                              'token2text': False},
[36m(TaskRunner pid=49193)[0m                                    'val_kwargs': {'_target_': 'verl.workers.config.SamplingConfig',
[36m(TaskRunner pid=49193)[0m                                                   'do_sample': False,
[36m(TaskRunner pid=49193)[0m                                                   'n': 1,
[36m(TaskRunner pid=49193)[0m                                                   'temperature': 0,
[36m(TaskRunner pid=49193)[0m                                                   'top_k': -1,
[36m(TaskRunner pid=49193)[0m                                                   'top_p': 1.0}}},
[36m(TaskRunner pid=49193)[0m  'algorithm': {'_target_': 'verl.trainer.config.AlgoConfig',
[36m(TaskRunner pid=49193)[0m                'adv_estimator': 'grpo',
[36m(TaskRunner pid=49193)[0m                'gamma': 1.0,
[36m(TaskRunner pid=49193)[0m                'kl_ctrl': {'_target_': 'verl.trainer.config.KLControlConfig',
[36m(TaskRunner pid=49193)[0m                            'horizon': 10000,
[36m(TaskRunner pid=49193)[0m                            'kl_coef': 0.001,
[36m(TaskRunner pid=49193)[0m                            'target_kl': 0.1,
[36m(TaskRunner pid=49193)[0m                            'type': 'fixed'},
[36m(TaskRunner pid=49193)[0m                'kl_penalty': 'kl',
[36m(TaskRunner pid=49193)[0m                'lam': 1.0,
[36m(TaskRunner pid=49193)[0m                'norm_adv_by_std_in_grpo': True,
[36m(TaskRunner pid=49193)[0m                'pf_ppo': {'reweight_method': 'pow', 'weight_pow': 2.0},
[36m(TaskRunner pid=49193)[0m                'rollout_correction': {'bypass_mode': False,
[36m(TaskRunner pid=49193)[0m                                       'loss_type': 'ppo_clip',
[36m(TaskRunner pid=49193)[0m                                       'rollout_is': None,
[36m(TaskRunner pid=49193)[0m                                       'rollout_is_batch_normalize': False,
[36m(TaskRunner pid=49193)[0m                                       'rollout_is_threshold': 2.0,
[36m(TaskRunner pid=49193)[0m                                       'rollout_rs': None,
[36m(TaskRunner pid=49193)[0m                                       'rollout_rs_threshold': None},
[36m(TaskRunner pid=49193)[0m                'use_kl_in_reward': False,
[36m(TaskRunner pid=49193)[0m                'use_pf_ppo': False},
[36m(TaskRunner pid=49193)[0m  'critic': {'_target_': 'verl.workers.config.FSDPCriticConfig',
[36m(TaskRunner pid=49193)[0m             'checkpoint': {'_target_': 'verl.trainer.config.CheckpointConfig',
[36m(TaskRunner pid=49193)[0m                            'async_save': False,
[36m(TaskRunner pid=49193)[0m                            'load_contents': ['model', 'optimizer', 'extra'],
[36m(TaskRunner pid=49193)[0m                            'mbridge_config': {},
[36m(TaskRunner pid=49193)[0m                            'save_contents': ['model', 'optimizer', 'extra']},
[36m(TaskRunner pid=49193)[0m             'cliprange_value': 0.5,
[36m(TaskRunner pid=49193)[0m             'data_loader_seed': 42,
[36m(TaskRunner pid=49193)[0m             'enable': None,
[36m(TaskRunner pid=49193)[0m             'forward_max_token_len_per_gpu': 32768,
[36m(TaskRunner pid=49193)[0m             'forward_micro_batch_size': None,
[36m(TaskRunner pid=49193)[0m             'forward_micro_batch_size_per_gpu': None,
[36m(TaskRunner pid=49193)[0m             'fsdp': {'_target_': 'verl.workers.config.FSDPEngineConfig',
[36m(TaskRunner pid=49193)[0m                      'dtype': 'bfloat16',
[36m(TaskRunner pid=49193)[0m                      'entropy_checkpointing': False,
[36m(TaskRunner pid=49193)[0m                      'entropy_from_logits_with_chunking': False,
[36m(TaskRunner pid=49193)[0m                      'forward_only': False,
[36m(TaskRunner pid=49193)[0m                      'forward_prefetch': False,
[36m(TaskRunner pid=49193)[0m                      'fsdp_size': -1,
[36m(TaskRunner pid=49193)[0m                      'full_determinism': False,
[36m(TaskRunner pid=49193)[0m                      'model_dtype': 'fp32',
[36m(TaskRunner pid=49193)[0m                      'offload_policy': False,
[36m(TaskRunner pid=49193)[0m                      'optimizer_offload': False,
[36m(TaskRunner pid=49193)[0m                      'param_offload': False,
[36m(TaskRunner pid=49193)[0m                      'qat': {'_target_': 'verl.workers.config.QATEngineConfig',
[36m(TaskRunner pid=49193)[0m                              'activation_observer': 'static_minmax',
[36m(TaskRunner pid=49193)[0m                              'enable': False,
[36m(TaskRunner pid=49193)[0m                              'group_size': 16,
[36m(TaskRunner pid=49193)[0m                              'ignore_patterns': ['lm_head',
[36m(TaskRunner pid=49193)[0m                                                  'embed_tokens',
[36m(TaskRunner pid=49193)[0m                                                  're:.*mlp.gate$'],
[36m(TaskRunner pid=49193)[0m                              'mode': 'w4a16',
[36m(TaskRunner pid=49193)[0m                              'quantization_config_path': None},
[36m(TaskRunner pid=49193)[0m                      'reshard_after_forward': True,
[36m(TaskRunner pid=49193)[0m                      'seed': 42,
[36m(TaskRunner pid=49193)[0m                      'strategy': 'fsdp',
[36m(TaskRunner pid=49193)[0m                      'ulysses_sequence_parallel_size': 1,
[36m(TaskRunner pid=49193)[0m                      'use_orig_params': False,
[36m(TaskRunner pid=49193)[0m                      'use_torch_compile': True,
[36m(TaskRunner pid=49193)[0m                      'wrap_policy': {'min_num_params': 0}},
[36m(TaskRunner pid=49193)[0m             'grad_clip': 1.0,
[36m(TaskRunner pid=49193)[0m             'loss_agg_mode': 'token-mean',
[36m(TaskRunner pid=49193)[0m             'model': {'_target_': 'verl.workers.config.HFModelConfig',
[36m(TaskRunner pid=49193)[0m                       'custom_chat_template': None,
[36m(TaskRunner pid=49193)[0m                       'enable_activation_offload': False,
[36m(TaskRunner pid=49193)[0m                       'enable_gradient_checkpointing': True,
[36m(TaskRunner pid=49193)[0m                       'exclude_modules': None,
[36m(TaskRunner pid=49193)[0m                       'external_lib': None,
[36m(TaskRunner pid=49193)[0m                       'fused_kernel_options': {'impl_backend': 'torch'},
[36m(TaskRunner pid=49193)[0m                       'hf_config_path': None,
[36m(TaskRunner pid=49193)[0m                       'lora': {'a2a_experimental': False,
[36m(TaskRunner pid=49193)[0m                                'adapter_path': None,
[36m(TaskRunner pid=49193)[0m                                'alpha': 32,
[36m(TaskRunner pid=49193)[0m                                'dropout': 0.0,
[36m(TaskRunner pid=49193)[0m                                'dropout_position': 'pre',
[36m(TaskRunner pid=49193)[0m                                'dtype': None,
[36m(TaskRunner pid=49193)[0m                                'exclude_modules': [],
[36m(TaskRunner pid=49193)[0m                                'freeze_language_model': True,
[36m(TaskRunner pid=49193)[0m                                'freeze_vision_model': True,
[36m(TaskRunner pid=49193)[0m                                'freeze_vision_projection': True,
[36m(TaskRunner pid=49193)[0m                                'lora_A_init_method': 'xavier',
[36m(TaskRunner pid=49193)[0m                                'lora_B_init_method': 'zero',
[36m(TaskRunner pid=49193)[0m                                'merge': False,
[36m(TaskRunner pid=49193)[0m                                'rank': 0,
[36m(TaskRunner pid=49193)[0m                                'target_modules': ['linear_qkv',
[36m(TaskRunner pid=49193)[0m                                                   'linear_proj',
[36m(TaskRunner pid=49193)[0m                                                   'linear_fc1',
[36m(TaskRunner pid=49193)[0m                                                   'linear_fc2'],
[36m(TaskRunner pid=49193)[0m                                'type': 'lora'},
[36m(TaskRunner pid=49193)[0m                       'lora_adapter_path': None,
[36m(TaskRunner pid=49193)[0m                       'lora_alpha': 16,
[36m(TaskRunner pid=49193)[0m                       'lora_rank': 0,
[36m(TaskRunner pid=49193)[0m                       'mtp': {'_target_': 'verl.workers.config.MtpConfig',
[36m(TaskRunner pid=49193)[0m                               'detach_encoder': False,
[36m(TaskRunner pid=49193)[0m                               'enable': False,
[36m(TaskRunner pid=49193)[0m                               'enable_rollout': False,
[36m(TaskRunner pid=49193)[0m                               'enable_train': False,
[36m(TaskRunner pid=49193)[0m                               'method': 'mtp',
[36m(TaskRunner pid=49193)[0m                               'mtp_loss_scaling_factor': 0.1,
[36m(TaskRunner pid=49193)[0m                               'num_speculative_tokens': 1,
[36m(TaskRunner pid=49193)[0m                               'speculative_algorithm': 'EAGLE',
[36m(TaskRunner pid=49193)[0m                               'speculative_eagle_topk': 1,
[36m(TaskRunner pid=49193)[0m                               'speculative_num_draft_tokens': 4,
[36m(TaskRunner pid=49193)[0m                               'speculative_num_steps': 3},
[36m(TaskRunner pid=49193)[0m                       'override_config': {},
[36m(TaskRunner pid=49193)[0m                       'path': '~/models/deepseek-llm-7b-chat',
[36m(TaskRunner pid=49193)[0m                       'target_modules': 'all-linear',
[36m(TaskRunner pid=49193)[0m                       'tiled_mlp': {'enabled': False, 'num_shards': 4},
[36m(TaskRunner pid=49193)[0m                       'tokenizer_path': None,
[36m(TaskRunner pid=49193)[0m                       'trust_remote_code': False,
[36m(TaskRunner pid=49193)[0m                       'use_fused_kernels': False,
[36m(TaskRunner pid=49193)[0m                       'use_liger': False,
[36m(TaskRunner pid=49193)[0m                       'use_remove_padding': True,
[36m(TaskRunner pid=49193)[0m                       'use_shm': False},
[36m(TaskRunner pid=49193)[0m             'optim': {'_target_': 'verl.workers.config.FSDPOptimizerConfig',
[36m(TaskRunner pid=49193)[0m                       'betas': 
[36m(TaskRunner pid=49193)[0m [0.9, 0.999],
[36m(TaskRunner pid=49193)[0m                       'clip_grad': 1.0,
[36m(TaskRunner pid=49193)[0m                       'lr': 
[36m(TaskRunner pid=49193)[0m 1e-05,
[36m(TaskRunner pid=49193)[0m                       'lr_scheduler_type': 'constant',
[36m(TaskRunner pid=49193)[0m                       'lr_warmup_steps': -1,
[36m(TaskRunner pid=49193)[0m                       'lr_warmup_steps_ratio': 0.0,
[36m(TaskRunner pid=49193)[0m                       'min_lr_ratio': 0.0,
[36m(TaskRunner pid=49193)[0m                       'num_cycles': 0.5,
[36m(TaskRunner pid=49193)[0m                       'optimizer': 'AdamW',
[36m(TaskRunner pid=49193)[0m                       'optimizer_impl': 'torch.optim',
[36m(TaskRunner pid=49193)[0m                       'override_optimizer_config': None,
[36m(TaskRunner pid=49193)[0m                       'total_training_steps': -1,
[36m(TaskRunner pid=49193)[0m                       'warmup_style': None,
[36m(TaskRunner pid=49193)[0m                       'weight_decay': 0.01,
[36m(TaskRunner pid=49193)[0m                       'zero_indexed_step': True},
[36m(TaskRunner pid=49193)[0m             'ppo_epochs': 1,
[36m(TaskRunner pid=49193)[0m             'ppo_max_token_len_per_gpu': 
[36m(TaskRunner pid=49193)[0m 32768,
[36m(TaskRunner pid=49193)[0m             'ppo_micro_batch_size': None,
[36m(TaskRunner pid=49193)[0m             'ppo_micro_batch_size_per_gpu': None,
[36m(TaskRunner pid=49193)[0m             'ppo_mini_batch_size': 256,
[36m(TaskRunner pid=49193)[0m             'profiler': 
[36m(TaskRunner pid=49193)[0m {'_target_': 'verl.utils.profiler.ProfilerConfig',
[36m(TaskRunner pid=49193)[0m                          'all_ranks': False,
[36m(TaskRunner pid=49193)[0m                          'enable': False,
[36m(TaskRunner pid=49193)[0m                          'ranks': [],
[36m(TaskRunner pid=49193)[0m                          'save_path': 'outputs/profile',
[36m(TaskRunner pid=49193)[0m                          'tool': None,
[36m(TaskRunner pid=49193)[0m                          'tool_config': {'npu': {'_target_': 'verl.utils.profiler.config.NPUToolConfig',
[36m(TaskRunner pid=49193)[0m                                                  'analysis': True,
[36m(TaskRunner pid=49193)[0m                                                  'contents': [],
[36m(TaskRunner pid=49193)[0m                                                  'discrete': False,
[36m(TaskRunner pid=49193)[0m                                                  'level': 'level0'},
[36m(TaskRunner pid=49193)[0m                                          'nsys': {'_target_': 'verl.utils.profiler.config.NsightToolConfig',
[36m(TaskRunner pid=49193)[0m                                                   'discrete': False},
[36m(TaskRunner pid=49193)[0m                                          'precision_debugger': {'_target_': 'verl.utils.profiler.config.PrecisionDebuggerToolConfig',
[36m(TaskRunner pid=49193)[0m                                                                 'config_path': None,
[36m(TaskRunner pid=49193)[0m                                                                 'stages': None,
[36m(TaskRunner pid=49193)[0m                                                                 'steps': None,
[36m(TaskRunner pid=49193)[0m                                                                 'strict': False},
[36m(TaskRunner pid=49193)[0m                                          'torch': {'_target_': 'verl.utils.profiler.config.TorchProfilerToolConfig',
[36m(TaskRunner pid=49193)[0m                                                    'contents': [],
[36m(TaskRunner pid=49193)[0m                                                    'discrete': False},
[36m(TaskRunner pid=49193)[0m                                          'torch_memory': {'_target_': 'verl.utils.profiler.config.TorchMemoryToolConfig',
[36m(TaskRunner pid=49193)[0m                                                           'stack_depth': 32,
[36m(TaskRunner pid=49193)[0m                                                           'trace_alloc_max_entries': 100000}}},
[36m(TaskRunner pid=49193)[0m             'rollout_n': 8,
[36m(TaskRunner pid=49193)[0m             'shuffle': False,
[36m(TaskRunner pid=49193)[0m             'strategy': 'fsdp',
[36m(TaskRunner pid=49193)[0m             'ulysses_sequence_parallel_size': 1,
[36m(TaskRunner pid=49193)[0m             'use_dynamic_bsz': True},
[36m(TaskRunner pid=49193)[0m  'data': {'apply_chat_template_kwargs': {},
[36m(TaskRunner pid=49193)[0m           'custom_cls': {'name': None, 'path': None},
[36m(TaskRunner pid=49193)[0m           'dataloader_num_workers': 8,
[36m(TaskRunner pid=49193)[0m           'filter_overlong_prompts': True,
[36m(TaskRunner pid=49193)[0m           'filter_overlong_prompts_workers': 1,
[36m(TaskRunner pid=49193)[0m           'function_tool_path': None,
[36m(TaskRunner pid=49193)[0m           'image_key': 'images',
[36m(TaskRunner pid=49193)[0m           'image_patch_size': 14,
[36m(TaskRunner pid=49193)[0m           'max_prompt_length': 512,
[36m(TaskRunner pid=49193)[0m           'max_response_length': 2048,
[36m(TaskRunner pid=49193)[0m           'prompt_key': 'prompt',
[36m(TaskRunner pid=49193)[0m           'return_full_prompt': False,
[36m(TaskRunner pid=49193)[0m           'return_multi_modal_inputs': True,
[36m(TaskRunner pid=49193)[0m           'return_raw_chat': True,
[36m(TaskRunner pid=49193)[0m           'return_raw_input_ids': False,
[36m(TaskRunner pid=49193)[0m           'reward_fn_key': 'data_source',
[36m(TaskRunner pid=49193)[0m           'seed': None,
[36m(TaskRunner pid=49193)[0m           'shuffle': True,
[36m(TaskRunner pid=49193)[0m           'tokenizer': None,
[36m(TaskRunner pid=49193)[0m           'tool_config_path': None,
[36m(TaskRunner pid=49193)[0m           'train_batch_size': 256,
[36m(TaskRunner pid=49193)[0m           'train_files': '/workspace/AI4AI/experiments/claude-code-verl/workspace/data/train_v2.parquet',
[36m(TaskRunner pid=49193)[0m           'train_max_samples': -1,
[36m(TaskRunner pid=49193)[0m           'truncation': 'left',
[36m(TaskRunner pid=49193)[0m           'trust_remote_code': True,
[36m(TaskRunner pid=49193)[0m           'use_shm': False,
[36m(TaskRunner pid=49193)[0m           'val_batch_size': None,
[36m(TaskRunner pid=49193)[0m           'val_files': '/workspace/AI4AI/experiments/claude-code-verl/workspace/data/val_v2.parquet',
[36m(TaskRunner pid=49193)[0m           'val_max_samples': -1,
[36m(TaskRunner pid=49193)[0m           'validation_shuffle': False,
[36m(TaskRunner pid=49193)[0m           'video_key': 'videos'},
[36m(TaskRunner pid=49193)[0m  'distillation': {'_target_': 'verl.workers.config.DistillationConfig',
[36m(TaskRunner pid=49193)[0m                   'distillation_loss': {'_target_': 'verl.workers.config.DistillationLossConfig',
[36m(TaskRunner pid=49193)[0m                                         'clip_ratio': 0.2,
[36m(TaskRunner pid=49193)[0m                                         'clip_ratio_high': 0.2,
[36m(TaskRunner pid=49193)[0m                                         'clip_ratio_low': 0.2,
[36m(TaskRunner pid=49193)[0m                                         'distillation_loss_coef': 1.0,
[36m(TaskRunner pid=49193)[0m                                         'log_prob_min_clamp': None,
[36m(TaskRunner pid=49193)[0m                                         'loss_max_clamp': None,
[36m(TaskRunner pid=49193)[0m                                         'loss_mode': 'k3',
[36m(TaskRunner pid=49193)[0m                                         'policy_loss_mode': 'vanilla',
[36m(TaskRunner pid=49193)[0m                                         'topk': 32,
[36m(TaskRunner pid=49193)[0m                                         'use_policy_gradient': False,
[36m(TaskRunner pid=49193)[0m                                         'use_task_rewards': True},
[36m(TaskRunner pid=49193)[0m                   'enabled': False,
[36m(TaskRunner pid=49193)[0m                   'n_gpus_per_node': 8,
[36m(TaskRunner pid=49193)[0m                   'nnodes': 0,
[36m(TaskRunner pid=49193)[0m                   'teacher_key': 'data_source',
[36m(TaskRunner pid=49193)[0m                   'teacher_models': {'teacher_model': {'_target_': 'verl.workers.config.DistillationTeacherModelConfig',
[36m(TaskRunner pid=49193)[0m                                                        'inference': {'_target_': 'verl.workers.config.RolloutConfig',
[36m(TaskRunner pid=49193)[0m                                                                      'cudagraph_capture_sizes': None,
[36m(TaskRunner pid=49193)[0m                                                                      'data_parallel_size': 1,
[36m(TaskRunner pid=49193)[0m                                                                      'disable_log_stats': True,
[36m(TaskRunner pid=49193)[0m                                                                      'dtype': 'bfloat16',
[36m(TaskRunner pid=49193)[0m                                                                      'enable_chunked_prefill': True,
[36m(TaskRunner pid=49193)[0m                                                                      'enable_prefix_caching': True,
[36m(TaskRunner pid=49193)[0m                                                                      'enforce_eager': True,
[36m(TaskRunner pid=49193)[0m                                                                      'engine_kwargs': {},
[36m(TaskRunner pid=49193)[0m                                                                      'expert_parallel_size': 1,
[36m(TaskRunner pid=49193)[0m                                                                      'free_cache_engine': True,
[36m(TaskRunner pid=49193)[0m                                                                      'gpu_memory_utilization': 0.5,
[36m(TaskRunner pid=49193)[0m                                                                      'limit_images': None,
[36m(TaskRunner pid=49193)[0m                                                                      'load_format': 'auto',
[36m(TaskRunner pid=49193)[0m                                                                      'max_model_len': None,
[36m(TaskRunner pid=49193)[0m                                                                      'max_num_batched_tokens': 8192,
[36m(TaskRunner pid=49193)[0m                                                                      'max_num_seqs': 1024,
[36m(TaskRunner pid=49193)[0m                                                                      'name': 'vllm',
[36m(TaskRunner pid=49193)[0m                                                                      'prompt_length': 512,
[36m(TaskRunner pid=49193)[0m                                                                      'response_length': 2048,
[36m(TaskRunner pid=49193)[0m                                                                      'skip_tokenizer_init': True,
[36m(TaskRunner pid=49193)[0m                                                                      'temperature': 1.0,
[36m(TaskRunner pid=49193)[0m                                                                      'tensor_model_parallel_size': 2},
[36m(TaskRunner pid=49193)[0m                                                        'key': None,
[36m(TaskRunner pid=49193)[0m                                                        'model_path': None,
[36m(TaskRunner pid=49193)[0m                                                        'num_replicas': 0}}},
[36m(TaskRunner pid=49193)[0m  'global_profiler': {'_target_': 'verl.utils.profiler.ProfilerConfig',
[36m(TaskRunner pid=49193)[0m                      'global_tool_config': {'nsys': {'_target_': 'verl.utils.profiler.config.NsightToolConfig',
[36m(TaskRunner pid=49193)[0m                                                      'controller_nsight_options': {'cuda-graph-trace': 'graph',
[36m(TaskRunner pid=49193)[0m                                                                                    'cuda-memory-usage': 'true',
[36m(TaskRunner pid=49193)[0m                                                                                    'trace': 'cuda,nvtx,cublas,ucx'},
[36m(TaskRunner pid=49193)[0m                                                      'discrete': False,
[36m(TaskRunner pid=49193)[0m                                                      'worker_nsight_options': {'capture-range': 'cudaProfilerApi',
[36m(TaskRunner pid=49193)[0m                                                                                'capture-range-end': None,
[36m(TaskRunner pid=49193)[0m                                                                                'cuda-graph-trace': 'graph',
[36m(TaskRunner pid=49193)[0m                                                                                'cuda-memory-usage': 'true',
[36m(TaskRunner pid=49193)[0m                                                                                'kill': 'none',
[36m(TaskRunner pid=49193)[0m                                                                                'trace': 'cuda,nvtx,cublas,ucx'}},
[36m(TaskRunner pid=49193)[0m                                             'precision_debugger': {'_target_': 'verl.utils.profiler.config.PrecisionDebuggerToolConfig',
[36m(TaskRunner pid=49193)[0m                                                                    'config_path': None,
[36m(TaskRunner pid=49193)[0m                                                                    'stages': None,
[36m(TaskRunner pid=49193)[0m                                                                    'steps': None,
[36m(TaskRunner pid=49193)[0m                                                                    'strict': False},
[36m(TaskRunner pid=49193)[0m                                             'torch_memory': {'context': 'all',
[36m(TaskRunner pid=49193)[0m                                                              'kw_args': {},
[36m(TaskRunner pid=49193)[0m                                                              'stack_depth': 32,
[36m(TaskRunner pid=49193)[0m                                                              'stacks': 'all',
[36m(TaskRunner pid=49193)[0m                                                              'trace_alloc_max_entries': 100000}},
[36m(TaskRunner pid=49193)[0m                      'profile_continuous_steps': False,
[36m(TaskRunner pid=49193)[0m                      'save_path': 'outputs/profile',
[36m(TaskRunner pid=49193)[0m                      'steps': None,
[36m(TaskRunner pid=49193)[0m                      'tool': None},
[36m(TaskRunner pid=49193)[0m  'model_engine': 'dp',
[36m(TaskRunner pid=49193)[0m  'ray_kwargs': {'ray_init': {'num_cpus': None}, 'timeline_json_file': None},
[36m(TaskRunner pid=49193)[0m  'reward': {'_target_': 'verl.workers.config.RewardConfig',
[36m(TaskRunner pid=49193)[0m             'custom_reward_function': {'name': 'compute_score',
[36m(TaskRunner pid=49193)[0m                                        'path': '/workspace/AI4AI/experiments/claude-code-verl/workspace/reward_function_v2.py'},
[36m(TaskRunner pid=49193)[0m             'num_workers': 8,
[36m(TaskRunner pid=49193)[0m             'reward_manager': {'_target_': 'verl.workers.config.reward.RewardManagerConfig',
[36m(TaskRunner pid=49193)[0m                                'module': {'_target_': 'verl.trainer.config.config.ModuleConfig',
[36m(TaskRunner pid=49193)[0m                                           'name': 'custom_reward_manager',
[36m(TaskRunner pid=49193)[0m                                           'path': None},
[36m(TaskRunner pid=49193)[0m                                'name': 'naive',
[36m(TaskRunner pid=49193)[0m                                'source': 'register'},
[36m(TaskRunner pid=49193)[0m             'reward_model': {'_target_': 'verl.workers.config.RewardModelConfig',
[36m(TaskRunner pid=49193)[0m                              'enable': False,
[36m(TaskRunner pid=49193)[0m                              'enable_resource_pool': False,
[36m(TaskRunner pid=49193)[0m                              'model_path': None,
[36m(TaskRunner pid=49193)[0m                              'n_gpus_per_node': 8,
[36m(TaskRunner pid=49193)[0m                              'nnodes': 0,
[36m(TaskRunner pid=49193)[0m                              'rollout': {'_target_': 'verl.workers.config.RolloutConfig',
[36m(TaskRunner pid=49193)[0m                                          'cudagraph_capture_sizes': None,
[36m(TaskRunner pid=49193)[0m                                          'data_parallel_size': 1,
[36m(TaskRunner pid=49193)[0m                                          'disable_log_stats': True,
[36m(TaskRunner pid=49193)[0m                                          'disaggregation': {'bootstrap_port': None,
[36m(TaskRunner pid=49193)[0m                                                             'decode_replicas': 1,
[36m(TaskRunner pid=49193)[0m                                                             'decode_tensor_model_parallel_size': None,
[36m(TaskRunner pid=49193)[0m                                                             'enabled': False,
[36m(TaskRunner pid=49193)[0m                                                             'ib_device': None,
[36m(TaskRunner pid=49193)[0m                                                             'prefill_replicas': 1,
[36m(TaskRunner pid=49193)[0m                                                             'transfer_backend': 'nixl'},
[36m(TaskRunner pid=49193)[0m                                          'do_sample': True,
[36m(TaskRunner pid=49193)[0m                                          'dtype': 'bfloat16',
[36m(TaskRunner pid=49193)[0m                                          'enable_chunked_prefill': True,
[36m(TaskRunner pid=49193)[0m                                          'enable_prefix_caching': True,
[36m(TaskRunner pid=49193)[0m                                          'enforce_eager': True,
[36m(TaskRunner pid=49193)[0m                                          'engine_kwargs': {},
[36m(TaskRunner pid=49193)[0m                                          'expert_parallel_size': 1,
[36m(TaskRunner pid=49193)[0m                                          'free_cache_engine': True,
[36m(TaskRunner pid=49193)[0m                                          'gpu_memory_utilization': 0.5,
[36m(TaskRunner pid=49193)[0m                                          'ignore_eos': False,
[36m(TaskRunner pid=49193)[0m                                          'layered_summon': False,
[36m(TaskRunner pid=49193)[0m                                          'limit_images': None,
[36m(TaskRunner pid=49193)[0m                                          'load_format': 'auto',
[36m(TaskRunner pid=49193)[0m                                          'max_model_len': None,
[36m(TaskRunner pid=49193)[0m                                          'max_num_batched_tokens': 8192,
[36m(TaskRunner pid=49193)[0m                                          'max_num_seqs': 1024,
[36m(TaskRunner pid=49193)[0m                                          'mtp': None,
[36m(TaskRunner pid=49193)[0m                                          'multi_stage_wake_up': False,
[36m(TaskRunner pid=49193)[0m                                          'n': 1,
[36m(TaskRunner pid=49193)[0m                                          'name': '???',
[36m(TaskRunner pid=49193)[0m                                          'pipeline_model_parallel_size': 1,
[36m(TaskRunner pid=49193)[0m                                          'prompt_length': 2048,
[36m(TaskRunner pid=49193)[0m                                          'quantization': None,
[36m(TaskRunner pid=49193)[0m                                          'quantization_config_file': None,
[36m(TaskRunner pid=49193)[0m                                          'response_length': 2048,
[36m(TaskRunner pid=49193)[0m                                          'scheduling_policy': 'fcfs',
[36m(TaskRunner pid=49193)[0m                                          'skip_tokenizer_init': False,
[36m(TaskRunner pid=49193)[0m                                          'temperature': 1.0,
[36m(TaskRunner pid=49193)[0m                                          'tensor_model_parallel_size': 2,
[36m(TaskRunner pid=49193)[0m                                          'top_k': -1,
[36m(TaskRunner pid=49193)[0m                                          'top_p': 1}},
[36m(TaskRunner pid=49193)[0m             'sandbox_fusion': {'_target_': 'verl.workers.config.SandboxFusionConfig',
[36m(TaskRunner pid=49193)[0m                                'max_concurrent': 64,
[36m(TaskRunner pid=49193)[0m                                'memory_limit_mb': 1024,
[36m(TaskRunner pid=49193)[0m                                'url': None}},
[36m(TaskRunner pid=49193)[0m  'trainer': {'balance_batch': True,
[36m(TaskRunner pid=49193)[0m              'critic_warmup': 0,
[36m(TaskRunner pid=49193)[0m              'default_hdfs_dir': None,[36m(TaskRunner pid=49193)[0m /workspace/AI4AI/training/verl/trainer/main_ppo.py:254: UserWarning: Disabled critic as algorithm.adv_estimator != gae. If it is not intended, please set critic.enable=True
[36m(TaskRunner pid=49193)[0m   use_critic=need_critic(config),
[36m(TaskRunner pid=49193)[0m Generating train split: 0 examples [00:00, ? examples/s]
[36m(TaskRunner pid=49193)[0m Generating train split: 30000 examples [00:00, 259058.51 examples/s]Generating train split: 30000 examples [00:00, 254521.61 examples/s]
[36m(TaskRunner pid=49193)[0m Filtering prompts longer than 512 tokens (num_proc=1):   0%|          | 0/30000 [00:00<?, ? examples/s]
[36m(TaskRunner pid=49193)[0m Filtering prompts longer than 512 tokens (num_proc=1):   3%|▎         | 1000/30000 [00:01<00:46, 621.60 examples/s]
[36m(TaskRunner pid=49193)[0m Filtering prompts longer than 512 tokens (num_proc=1):   7%|▋         | 2000/30000 [00:02<00:29, 950.11 examples/s]
[36m(TaskRunner pid=49193)[0m Filtering prompts longer than 512 tokens (num_proc=1):  10%|█         | 3000/30000 [00:02<00:23, 1163.02 examples/s]
[36m(TaskRunner pid=49193)[0m Filtering prompts longer than 512 tokens (num_proc=1):  13%|█▎        | 4000/30000 [00:03<00:19, 1306.17 examples/s]
[36m(TaskRunner pid=49193)[0m Filtering prompts longer than 512 tokens (num_proc=1):  17%|█▋        | 5000/30000 [00:04<00:17, 1411.03 examples/s]
[36m(TaskRunner pid=49193)[0m Filtering prompts longer than 512 tokens (num_proc=1):  20%|██        | 6000/30000 [00:04<00:16, 1439.59 examples/s]
[36m(TaskRunner pid=49193)[0m Filtering prompts longer than 512 tokens (num_proc=1):  23%|██▎       | 7000/30000 [00:05<00:15, 1493.48 examples/s]
[36m(TaskRunner pid=49193)[0m Filtering prompts longer than 512 tokens (num_proc=1):  27%|██▋       | 8000/30000 [00:06<00:14, 1535.33 examples/s]
[36m(TaskRunner pid=49193)[0m Filtering prompts longer than 512 tokens (num_proc=1):  30%|███       | 9000/30000 [00:06<00:13, 1566.44 examples/s]
[36m(TaskRunner pid=49193)[0m Filtering prompts longer than 512 tokens (num_proc=1):  33%|███▎      | 10000/30000 [00:07<00:12, 1578.15 examples/s]
[36m(TaskRunner pid=49193)[0m Filtering prompts longer than 512 tokens (num_proc=1):  37%|███▋      | 11000/30000 [00:07<00:12, 1579.81 examples/s]
[36m(TaskRunner pid=49193)[0m Filtering prompts longer than 512 tokens (num_proc=1):  40%|████      | 12000/30000 [00:08<00:11, 1597.12 examples/s]
[36m(TaskRunner pid=49193)[0m Filtering prompts longer than 512 tokens (num_proc=1):  43%|████▎     | 13000/30000 [00:09<00:10, 1606.36 examples/s]
[36m(TaskRunner pid=49193)[0m Filtering prompts longer than 512 tokens (num_proc=1):  47%|████▋     | 14000/30000 [00:09<00:09, 1604.46 examples/s]
[36m(TaskRunner pid=49193)[0m Filtering prompts longer than 512 tokens (num_proc=1):  50%|█████     | 15000/30000 [00:10<00:09, 1606.60 examples/s]
[36m(TaskRunner pid=49193)[0m Filtering prompts longer than 512 tokens (num_proc=1):  53%|█████▎    | 16000/30000 [00:10<00:08, 1602.67 examples/s]
[36m(TaskRunner pid=49193)[0m Filtering prompts longer than 512 tokens (num_proc=1):  57%|█████▋    | 17000/30000 [00:11<00:08, 1611.42 examples/s]
[36m(TaskRunner pid=49193)[0m Filtering prompts longer than 512 tokens (num_proc=1):  60%|██████    | 18000/30000 [00:12<00:07, 1540.19 examples/s]
[36m(TaskRunner pid=49193)[0m Filtering prompts longer than 512 tokens (num_proc=1):  63%|██████▎   | 19000/30000 [00:13<00:07, 1514.80 examples/s]
[36m(TaskRunner pid=49193)[0m Filtering prompts longer than 512 tokens (num_proc=1):  67%|██████▋   | 20000/30000 [00:13<00:06, 1529.00 examples/s]
[36m(TaskRunner pid=49193)[0m Filtering prompts longer than 512 tokens (num_proc=1):  70%|███████   | 21000/30000 [00:14<00:05, 1548.12 examples/s]
[36m(TaskRunner pid=49193)[0m Filtering prompts longer than 512 tokens (num_proc=1):  73%|███████▎  | 22000/30000 [00:14<00:05, 1557.65 examples/s]
[36m(TaskRunner pid=49193)[0m Filtering prompts longer than 512 tokens (num_proc=1):  77%|███████▋  | 23000/30000 [00:15<00:04, 1570.74 examples/s]
[36m(TaskRunner pid=49193)[0m Filtering prompts longer than 512 tokens (num_proc=1):  80%|████████  | 24000/30000 [00:16<00:03, 1577.75 examples/s]
[36m(TaskRunner pid=49193)[0m Filtering prompts longer than 512 tokens (num_proc=1):  83%|████████▎ | 25000/30000 [00:16<00:03, 1578.47 examples/s]
[36m(TaskRunner pid=49193)[0m Filtering prompts longer than 512 tokens (num_proc=1):  87%|████████▋ | 26000/30000 [00:17<00:02, 1581.44 examples/s]
[36m(TaskRunner pid=49193)[0m Filtering prompts longer than 512 tokens (num_proc=1):  90%|█████████ | 27000/30000 [00:18<00:01, 1587.65 examples/s]
[36m(TaskRunner pid=49193)[0m Filtering prompts longer than 512 tokens (num_proc=1):  93%|█████████▎| 28000/30000 [00:18<00:01, 1602.89 examples/s]
[36m(TaskRunner pid=49193)[0m Filtering prompts longer than 512 tokens (num_proc=1):  97%|█████████▋| 29000/30000 [00:19<00:00, 1617.95 examples/s]
[36m(TaskRunner pid=49193)[0m Filtering prompts longer than 512 tokens (num_proc=1): 100%|██████████| 30000/30000 [00:19<00:00, 1618.32 examples/s]
[36m(TaskRunner pid=49193)[0m Filtering prompts longer than 512 tokens (num_proc=1): 100%|██████████| 30000/30000 [00:20<00:00, 1494.63 examples/s]
[36m(TaskRunner pid=49193)[0m Generating train split: 0 examples [00:00, ? examples/s]Generating train split: 500 examples [00:00, 28561.44 examples/s]
[36m(TaskRunner pid=49193)[0m Filtering prompts longer than 512 tokens (num_proc=1):   0%|          | 0/500 [00:00<?, ? examples/s]
[36m(TaskRunner pid=49193)[0m Filtering prompts longer than 512 tokens (num_proc=1): 100%|██████████| 500/500 [00:01<00:00, 409.03 examples/s]
[36m(TaskRunner pid=49193)[0m Filtering prompts longer than 512 tokens (num_proc=1): 100%|██████████| 500/500 [00:01<00:00, 358.72 examples/s]
[36m(TaskRunner pid=49193)[0m /workspace/AI4AI/training/verl/trainer/ppo/ray_trainer.py:296: UserWarning: Disabled critic as algorithm.adv_estimator != gae. If it is not intended, please set critic.enable=True
[36m(TaskRunner pid=49193)[0m   self.use_critic = need_critic(self.config)
[36m(WorkerDict pid=52399)[0m WARNING:2026-06-07 05:03:06,615:Detected megatron.core 0.14.0rc7, recommend upgrading to >= 0.14.0 for better checkpoint compatibility
[36m(WorkerDict pid=52396)[0m `torch_dtype` is deprecated! Use `dtype` instead!
[36m(WorkerDict pid=52396)[0m Flash Attention 2 only supports torch.float16 and torch.bfloat16 dtypes, but the current dype in Qwen3ForCausalLM is torch.float32. You should run training or inference using Automatic Mixed-Precision via the `with torch.autocast(device_type='torch_device'):` decorator, or load the model with the `dtype` argument. Example: `model = AutoModel.from_pretrained("openai/whisper-tiny", attn_implementation="flash_attention_2", dtype=torch.float16)`
[36m(WorkerDict pid=52396)[0m Flash Attention 2 only supports torch.float16 and torch.bfloat16 dtypes, but the current dype in Qwen3Model is torch.float32. You should run training or inference using Automatic Mixed-Precision via the `with torch.autocast(device_type='torch_device'):` decorator, or load the model with the `dtype` argument. Example: `model = AutoModel.from_pretrained("openai/whisper-tiny", attn_implementation="flash_attention_2", dtype=torch.float16)`
[36m(WorkerDict pid=52397)[0m WARNING:2026-06-07 05:03:07,336:Detected megatron.core 0.14.0rc7, recommend upgrading to >= 0.14.0 for better checkpoint compatibility[32m [repeated 3x across cluster] (Ray deduplicates logs by default. Set RAY_DEDUP_LOGS=0 to disable log deduplication, or see https://docs.ray.io/en/master/ray-observability/user-guides/configure-logging.html#log-deduplication for more options.)[0m
[36m(WorkerDict pid=52396)[0m /usr/local/lib/python3.12/dist-packages/torch/distributed/fsdp/fully_sharded_data_parallel.py:678: FutureWarning: FSDP.state_dict_type() and FSDP.set_state_dict_type() are being deprecated. Please use APIs, get_state_dict() and set_state_dict(), which can support different parallelisms, FSDP1, FSDP2, DDP. API doc: https://pytorch.org/docs/stable/distributed.checkpoint.html#torch.distributed.checkpoint.state_dict.get_state_dict .Tutorial: https://pytorch.org/tutorials/recipes/distributed_checkpoint_recipe.html .
[36m(WorkerDict pid=52396)[0m   warnings.warn(
[36m(WorkerDict pid=52397)[0m `torch_dtype` is deprecated! Use `dtype` instead![32m [repeated 3x across cluster][0m
[36m(WorkerDict pid=52397)[0m Flash Attention 2 only supports torch.float16 and torch.bfloat16 dtypes, but the current dype in Qwen3Model is torch.float32. You should run training or inference using Automatic Mixed-Precision via the `with torch.autocast(device_type='torch_device'):` decorator, or load the model with the `dtype` argument. Example: `model = AutoModel.from_pretrained("openai/whisper-tiny", attn_implementation="flash_attention_2", dtype=torch.float16)`[32m [repeated 6x across cluster][0m
[36m(vLLMHttpServer pid=53449)[0m WARNING:2026-06-07 05:04:05,873:agent loop only support torch and npu profiler, got None
[36m(vLLMHttpServer pid=53449)[0m INFO:2026-06-07 05:04:05,873:vLLMHttpServer, replica_rank: 0, node_rank: 0, CUDA_VISIBLE_DEVICES: 0, master_address: 11.11.22.2, master_port: 40269, data_parallel_rpc_port: 40616, data_parallel_master_port: 37936
[36m(WorkerDict pid=52398)[0m /usr/local/lib/python3.12/dist-packages/torch/distributed/fsdp/fully_sharded_data_parallel.py:678: FutureWarning: FSDP.state_dict_type() and FSDP.set_state_dict_type() are being deprecated. Please use APIs, get_state_dict() and set_state_dict(), which can support different parallelisms, FSDP1, FSDP2, DDP. API doc: https://pytorch.org/docs/stable/distributed.checkpoint.html#torch.distributed.checkpoint.state_dict.get_state_dict .Tutorial: https://pytorch.org/tutorials/recipes/distributed_checkpoint_recipe.html .[32m [repeated 3x across cluster][0m
[36m(WorkerDict pid=52398)[0m   warnings.warn([32m [repeated 3x across cluster][0m
[36m(vLLMHttpServer pid=53450)[0m INFO:2026-06-07 05:04:05,848:override_generation_config: {'temperature': 1.0, 'top_k': -1, 'top_p': 0.95, 'repetition_penalty': 1.0, 'max_new_tokens': 2048}
[36m(vLLMHttpServer pid=53450)[0m INFO:2026-06-07 05:04:05,848:enable_sleep_mode: True
[36m(vLLMHttpServer pid=53450)[0m The argument `trust_remote_code` is to be used with Auto classes. It has no effect here and is ignored.
[36m(vLLMHttpServer pid=53450)[0m `torch_dtype` is deprecated! Use `dtype` instead!

[36m(TaskRunner pid=49193)[0m              'default_local_dir': '/workspace/AI4AI/experiments/claude-code-verl/workspace/checkpoints/grpo_v2',
[36m(TaskRunner pid=49193)[0m              'del_local_ckpt_after_load': False,
[36m(TaskRunner pid=49193)[0m              'device': 'cuda',
[36m(TaskRunner pid=49193)[0m              'esi_redundant_time': 0,
[36m(TaskRunner pid=49193)[0m              'experiment_name': 'grpo_v2',
[36m(TaskRunner pid=49193)[0m              'log_val_generations': 0,
[36m(TaskRunner pid=49193)[0m              'logger': ['console'],
[36m(TaskRunner pid=49193)[0m              'max_actor_ckpt_to_keep': None,
[36m(TaskRunner pid=49193)[0m              'max_critic_ckpt_to_keep': None,
[36m(TaskRunner pid=49193)[0m              'n_gpus_per_node': 4,
[36m(TaskRunner pid=49193)[0m              'nnodes': 1,
[36m(TaskRunner pid=49193)[0m              'project_name': 'grpo_math',
[36m(TaskRunner pid=49193)[0m              'ray_wait_register_center_timeout': 300,
[36m(TaskRunner pid=49193)[0m              'resume_from_path': None,
[36m(TaskRunner pid=49193)[0m              'resume_mode': 'disable',
[36m(TaskRunner pid=49193)[0m              'rollout_data_dir': None,
[36m(TaskRunner pid=49193)[0m              'save_freq': 10,
[36m(TaskRunner pid=49193)[0m              'test_freq': -1,
[36m(TaskRunner pid=49193)[0m              'total_epochs': 3,
[36m(TaskRunner pid=49193)[0m              'total_training_steps': None,
[36m(TaskRunner pid=49193)[0m              'val_before_train': False,
[36m(TaskRunner pid=49193)[0m              'val_only': False,
[36m(TaskRunner pid=49193)[0m              'validation_data_dir': None},
[36m(TaskRunner pid=49193)[0m  'transfer_queue': {'backend': {'SimpleStorage': {'num_data_storage_units': 8,
[36m(TaskRunner pid=49193)[0m                                                   'total_storage_size': 100000},
[36m(TaskRunner pid=49193)[0m                                 'storage_backend': 'SimpleStorage'},
[36m(TaskRunner pid=49193)[0m                     'enable': False}}
[36m(TaskRunner pid=49193)[0m [validate_config] All configuration checks passed successfully!
[36m(TaskRunner pid=49193)[0m Using dataset class: RLHFDataset
[36m(TaskRunner pid=49193)[0m dataset len: 30000
[36m(TaskRunner pid=49193)[0m filter dataset len: 29920
[36m(TaskRunner pid=49193)[0m Using dataset class: RLHFDataset
[36m(TaskRunner pid=49193)[0m dataset len: 500
[36m(TaskRunner pid=49193)[0m filter dataset len: 500
[36m(TaskRunner pid=49193)[0m Size of train dataloader: 116, Size of val dataloader: 1
[36m(TaskRunner pid=49193)[0m Total training steps: 348
[36m(TaskRunner pid=49193)[0m colocated worker base class <class 'verl.single_controller.base.worker.Worker'>
[36m(WorkerDict pid=52396)[0m [Gloo] Rank 0 is connected to 3 peer ranks. Expected number of connected peer ranks is : 3
[36m(WorkerDict pid=52396)[0m Warning: Failed to set NUMA affinity: libnuma.so: cannot open shared object file: No such file or directory
[36m(WorkerDict pid=52396)[0m Monkey patch state_dict in AutoModelForCausalLMWithValueHead. 
[36m(WorkerDict pid=52396)[0m Monkey patch _flash_attention_forward in transformers.integrations.flash_attention
[36m(WorkerDict pid=52396)[0m Skipping monkey patch for Qwen3ForCausalLM as use_fused_kernels is False or fused_kernels_backend is torch
[36m(WorkerDict pid=52399)[0m [Gloo] Rank 3 is connected to 3 peer ranks. Expected number of connected peer ranks is : 3[32m [repeated 3x across cluster][0m
[36m(WorkerDict pid=52399)[0m Warning: Failed to set NUMA affinity: libnuma.so: cannot open shared object file: No such file or directory[32m [repeated 3x across cluster][0m
[36m(WorkerDict pid=52396)[0m Qwen3ForCausalLM contains 1.72B parameters
[36m(WorkerDict pid=52396)[0m Before FSDP, memory allocated (GB): 0.00, memory reserved (GB): 0.00, device memory used/total (GB): 0.41/79.33
[36m(WorkerDict pid=52396)[0m After FSDP, memory allocated (GB): 1.60, memory reserved (GB): 4.36, device memory used/total (GB): 5.25/79.33
[36m(WorkerDict pid=52396)[0m Total steps: 348, num_warmup_steps: 10
[36m(WorkerDict pid=52397)[0m Monkey patch state_dict in AutoModelForCausalLMWithValueHead. [32m [repeated 3x across cluster][0m
[36m(WorkerDict pid=52397)[0m Monkey patch _flash_attention_forward in transformers.integrations.flash_attention[32m [repeated 3x across cluster][0m
[36m(WorkerDict pid=52397)[0m Skipping monkey patch for Qwen3ForCausalLM as use_fused_kernels is False or fused_kernels_backend is torch[32m [repeated 3x across cluster][0m
[36m(WorkerDict pid=52396)[0m NCCL version 2.27.3+cuda12.9
[36m(WorkerDict pid=52396)[0m [Gloo] Rank 0 is connected to 3 peer ranks. Expected number of connected peer ranks is : 3
[36m(WorkerDict pid=52396)[0m [Gloo] Rank 0 is connected to 0 peer ranks. Expected number of connected peer ranks is : 0
[36m(WorkerDict pid=52396)[0m [Gloo] Rank 0 is connected to 0 peer ranks. Expected number of connected peer ranks is : 0
[36m(TaskRunner pid=49193)[0m WARNING 06-07 05:03:52 [api_server.py:1213] LoRA dynamic loading & unloading is enabled in the API server. This should ONLY be used for local development!
[36m(WorkerDict pid=52399)[0m [Gloo] Rank 0 is connected to 0 peer ranks. Expected number of connected peer ranks is : 0[32m [repeated 9x across cluster][0m
[36m(pid=53449)[0m WARNING 06-07 05:04:04 [api_server.py:1213] LoRA dynamic loading & unloading is enabled in the API server. This should ONLY be used for local development!
[36m(pid=53450)[0m WARNING 06-07 05:04:04 [api_server.py:1213] LoRA dynamic loading & unloading is enabled in the API server. This should ONLY be used for local development!
[36m(vLLMHttpServer pid=53449)[0m ['serve',
[36m(vLLMHttpServer pid=53449)[0m  '/root/models/Qwen/Qwen3-1.7B-Base',
[36m(vLLMHttpServer pid=53449)[0m  '--dtype',
[36m(vLLMHttpServer pid=53449)[0m  'bfloat16',
[36m(vLLMHttpServer pid=53449)[0m  '--load_format',
[36m(vLLMHttpServer pid=53449)[0m  'dummy',
[36m(vLLMHttpServer pid=53449)[0m  '--distributed_executor_backend',
[36m(vLLMHttpServer pid=53449)[0m  'mp',
[36m(vLLMHttpServer pid=53449)[0m  '--worker_extension_cls',
[36m(vLLMHttpServer pid=53449)[0m  'verl.workers.rollout.vllm_rollout.utils.vLLMColocateWorkerExtension',
[36m(vLLMHttpServer pid=53449)[0m  '--trust_remote_code',
[36m(vLLMHttpServer pid=53449)[0m  '--max_model_len',
[36m(vLLMHttpServer pid=53449)[0m  '3072',
[36m(vLLMHttpServer pid=53449)[0m  '--max_num_seqs',
[36m(vLLMHttpServer pid=53449)[0m  '1024',
[36m(vLLMHttpServer pid=53449)[0m  '--enable_chunked_prefill',
[36m(vLLMHttpServer pid=53449)[0m  '--max_num_batched_tokens',
[36m(vLLMHttpServer pid=53449)[0m  '8192',
[36m(vLLMHttpServer pid=53449)[0m  '--enable_prefix_caching',
[36m(vLLMHttpServer pid=53449)[0m  '--enable_sleep_mode',
[36m(vLLMHttpServer pid=53449)[0m  '--logprobs_mode',
[36m(vLLMHttpServer pid=53449)[0m  'processed_logprobs',
[36m(vLLMHttpServer pid=53449)[0m  '--enforce_eager',
[36m(vLLMHttpServer pid=53449)[0m  '--gpu_memory_utilization',
[36m(vLLMHttpServer pid=53449)[0m  '0.4',
[36m(vLLMHttpServer pid=53449)[0m  '--disable_log_stats',
[36m(vLLMHttpServer pid=53449)[0m  '--tensor_parallel_size',
[36m(vLLMHttpServer pid=53449)[0m  '1',
[36m(vLLMHttpServer pid=53449)[0m  '--seed',
[36m(vLLMHttpServer pid=53449)[0m  '0',
[36m(vLLMHttpServer pid=53449)[0m  '--override_generation_config',
[36m(vLLMHttpServer pid=53449)[0m  '{"temperature": 1.0, "top_k": -1, "top_p": 0.95, "repetition_penalty": 1.0, '
[36m(vLLMHttpServer pid=53449)[0m  '"max_new_tokens": 2048}',
[36m(vLLMHttpServer pid=53449)[0m  '--hf_overrides',
[36m(vLLMHttpServer pid=53449)[0m  '{}',
[36m(vLLMHttpServer pid=53449)[0m  '--scheduling_policy',
[36m(vLLMHttpServer pid=53449)[0m  'fcfs',
[36m(vLLMHttpServer pid=53449)[0m  '--compilation_config',
[36m(vLLMHttpServer pid=53449)[0m  '{"cudagraph_mode": "FULL_AND_PIECEWISE"}']
[36m(vLLMHttpServer pid=53449)[0m WARNING 06-07 05:04:06 [__init__.py:3036] We must use the `spawn` multiprocessing start method. Overriding VLLM_WORKER_MULTIPROC_METHOD to 'spawn'. See https://docs.vllm.ai/en/latest/usage/troubleshooting.html#python-multiprocessing for more information. Reasons: In a Ray actor and can only be spawned; CUDA is initialized[36m(vLLMHttpServer pid=53449)[0m W0607 05:04:25.149000 54146 torch/utils/cpp_extension.py:2425] TORCH_CUDA_ARCH_LIST is not set, all archs for visible cards are included for compilation. 
[36m(vLLMHttpServer pid=53449)[0m W0607 05:04:25.149000 54146 torch/utils/cpp_extension.py:2425] If this is not desired, please set os.environ['TORCH_CUDA_ARCH_LIST'] to specific architectures.
[36m(vLLMHttpServer pid=53452)[0m WARNING:2026-06-07 05:04:06,368:agent loop only support torch and npu profiler, got None[32m [repeated 3x across cluster][0m
[36m(vLLMHttpServer pid=53452)[0m INFO:2026-06-07 05:04:06,369:vLLMHttpServer, replica_rank: 2, node_rank: 0, CUDA_VISIBLE_DEVICES: 2, master_address: 11.11.22.2, master_port: 38358, data_parallel_rpc_port: 34458, data_parallel_master_port: 36059[32m [repeated 3x across cluster][0m
[36m(vLLMHttpServer pid=53452)[0m INFO:2026-06-07 05:04:06,393:override_generation_config: {'temperature': 1.0, 'top_k': -1, 'top_p': 0.95, 'repetition_penalty': 1.0, 'max_new_tokens': 2048}[32m [repeated 3x across cluster][0m
[36m(vLLMHttpServer pid=53452)[0m INFO:2026-06-07 05:04:06,393:enable_sleep_mode: True[32m [repeated 3x across cluster][0m
[36m(vLLMHttpServer pid=53452)[0m The argument `trust_remote_code` is to be used with Auto classes. It has no effect here and is ignored.[32m [repeated 3x across cluster][0m
[36m(vLLMHttpServer pid=53452)[0m `torch_dtype` is deprecated! Use `dtype` instead![32m [repeated 3x across cluster][0m
[36m(vLLMHttpServer pid=53449)[0m INFO:2026-06-07 05:04:33,524:Initializing a V1 LLM engine with config: model='/root/models/Qwen/Qwen3-1.7B-Base', speculative_config=None, tokenizer='/root/models/Qwen/Qwen3-1.7B-Base', skip_tokenizer_init=False, tokenizer_mode=auto, revision=None, tokenizer_revision=None, trust_remote_code=True, dtype=torch.bfloat16, max_seq_len=3072, download_dir=None, load_format=dummy, tensor_parallel_size=1, pipeline_parallel_size=1, data_parallel_size=1, disable_custom_all_reduce=False, quantization=None, enforce_eager=True, kv_cache_dtype=auto, device_config=cuda, structured_outputs_config=StructuredOutputsConfig(backend='auto', disable_fallback=False, disable_any_whitespace=False, disable_additional_properties=False, reasoning_parser=''), observability_config=ObservabilityConfig(show_hidden_metrics_for_version=None, otlp_traces_endpoint=None, collect_detailed_traces=None), seed=0, served_model_name=/root/models/Qwen/Qwen3-1.7B-Base, enable_prefix_caching=True, chunked_prefill_enabled=True, pooler_config=None, compilation_config={"level":0,"debug_dump_path":"","cache_dir":"","backend":"","custom_ops":[],"splitting_ops":null,"use_inductor":true,"compile_sizes":[],"inductor_compile_config":{"enable_auto_functionalized_v2":false},"inductor_passes":{},"cudagraph_mode":0,"use_cudagraph":true,"cudagraph_num_of_warmups":0,"cudagraph_capture_sizes":[],"cudagraph_copy_inputs":false,"full_cuda_graph":false,"use_inductor_graph_partition":false,"pass_config":{},"max_capture_size":0,"local_cache_dir":null}
[36m(vLLMHttpServer pid=53452)[0m W0607 05:04:25.716000 54155 torch/utils/cpp_extension.py:2425] TORCH_CUDA_ARCH_LIST is not set, all archs for visible cards are included for compilation. [32m [repeated 3x across cluster][0m
[36m(vLLMHttpServer pid=53452)[0m W0607 05:04:25.716000 54155 torch/utils/cpp_extension.py:2425] If this is not desired, please set os.environ['TORCH_CUDA_ARCH_LIST'] to specific architectures.[32m [repeated 3x across cluster][0m
[36m(WorkerDict pid=52396)[0m INFO:2026-06-07 05:04:36,025:update_weights done, time cost: 0.51s
[36m(TaskRunner pid=49193)[0m Training Progress:   0%|          | 0/348 [00:00<?, ?it/s]
[36m(AgentLoopWorker pid=54484)[0m You're using a Qwen2TokenizerFast tokenizer. Please note that with a fast tokenizer, using the `__call__` method is faster than using a method to encode the text followed by a call to the `pad` method to get a padded encoding.
[36m(WorkerDict pid=52396)[0m INFO:2026-06-07 05:07:30,247:update_weights done, time cost: 2.01s
[36m(AgentLoopWorker pid=54487)[0m You're using a Qwen2TokenizerFast tokenizer. Please note that with a fast tokenizer, using the `__call__` method is faster than using a method to encode the text followed by a call to the `pad` method to get a padded encoding.[32m [repeated 7x across cluster][0m
[36m(TaskRunner pid=49193)[0m Training Progress:   0%|          | 1/348 [02:54<16:49:38, 174.58s/it]
[36m(WorkerDict pid=52396)[0m INFO:2026-06-07 05:10:09,214:update_weights done, time cost: 2.05s

[36m(vLLMHttpServer pid=53449)[0m [Gloo] Rank 0 is connected to 0 peer ranks. Expected number of connected peer ranks is : 0
[36m(vLLMHttpServer pid=53449)[0m [Gloo] Rank 0 is connected to 0 peer ranks. Expected number of connected peer ranks is : 0
[36m(vLLMHttpServer pid=53449)[0m [Gloo] Rank 0 is connected to 0 peer ranks. Expected number of connected peer ranks is : 0
[36m(vLLMHttpServer pid=53449)[0m [Gloo] Rank 0 is connected to 0 peer ranks. Expected number of connected peer ranks is : 0
[36m(vLLMHttpServer pid=53449)[0m [Gloo] Rank 0 is connected to 0 peer ranks. Expected number of connected peer ranks is : 0
[36m(vLLMHttpServer pid=53449)[0m [Gloo] Rank 0 is connected to 0 peer ranks. Expected number of connected peer ranks is : 0
[36m(pid=53452)[0m WARNING 06-07 05:04:05 [api_server.py:1213] LoRA dynamic loading & unloading is enabled in the API server. This should ONLY be used for local development![32m [repeated 2x across cluster][0m
[36m(vLLMHttpServer pid=53452)[0m WARNING 06-07 05:04:07 [__init__.py:3036] We must use the `spawn` multiprocessing start method. Overriding VLLM_WORKER_MULTIPROC_METHOD to 'spawn'. See https://docs.vllm.ai/en/latest/usage/troubleshooting.html#python-multiprocessing for more information. Reasons: In a Ray actor and can only be spawned; CUDA is initialized[32m [repeated 3x across cluster][0m
[36m(vLLMHttpServer pid=53451)[0m [1;36m(Worker pid=54160)[0;0m WARNING 06-07 05:04:31 [cudagraph_dispatcher.py:106] cudagraph dispatching keys are not initialized. No cudagraph will be used.
[36m(vLLMHttpServer pid=53451)[0m WARNING 06-07 05:04:33 [model.py:1389] Default sampling parameters have been overridden by the model's Hugging Face generation config recommended from the model creator. If this is not intended, please relaunch vLLM instance with `--generation-config vllm`.
[36m(vLLMHttpServer pid=53452)[0m [Gloo] Rank 0 is connected to 0 peer ranks. Expected number of connected peer ranks is : 0[32m [repeated 18x across cluster][0m
[36m(TaskRunner pid=49193)[0m LLMServerManager: ['11.11.22.2:43611', '11.11.22.2:43071', '11.11.22.2:39986', '11.11.22.2:43825']
[36m(WorkerDict pid=52396)[0m WARNING 06-07 05:04:35 [api_server.py:1213] LoRA dynamic loading & unloading is enabled in the API server. This should ONLY be used for local development!
[36m(vLLMHttpServer pid=53452)[0m [1;36m(Worker pid=54155)[0;0m WARNING 06-07 05:04:32 [cudagraph_dispatcher.py:106] cudagraph dispatching keys are not initialized. No cudagraph will be used.[32m [repeated 3x across cluster][0m
[36m(vLLMHttpServer pid=53452)[0m WARNING 06-07 05:04:33 [model.py:1389] Default sampling parameters have been overridden by the model's Hugging Face generation config recommended from the model creator. If this is not intended, please relaunch vLLM instance with `--generation-config vllm`.[32m [repeated 3x across cluster][0m
[36m(GlobalRequestLoadBalancer pid=54481)[0m WARNING 06-07 05:04:45 [api_server.py:1213] LoRA dynamic loading & unloading is enabled in the API server. This should ONLY be used for local development![32m [repeated 4x across cluster][0m
[36m(AgentLoopWorker pid=54484)[0m Using dataset class: RLHFDataset
[36m(TaskRunner pid=49193)[0m step:1 - global_seqlen/min:523175 - global_seqlen/max:545446 - global_seqlen/minmax_diff:22271 - global_seqlen/balanced_min:534459 - global_seqlen/balanced_max:534462 - global_seqlen/mean:534460.5 - actor/entropy:0.5510649085044861 - perf/mfu/actor_infer:0.4305542266256759 - actor/pg_clipfrac:0.0 - actor/ppo_kl:0.0 - actor/pg_clipfrac_lower:0.0 - actor/pg_loss:0.006208018592133158 - actor/entropy_loss:0.5510649119969457 - actor/loss:0.0056569529697299 - actor/grad_norm:0.055379822850227356 - actor/lr:5.000000000000001e-07 - perf/mfu/actor:0.3765625159640371 - training/global_step:1 - training/epoch:0 - critic/score/mean:0.046875 - critic/score/max:1.0 - critic/score/min:0.0 - critic/rewards/mean:0.046875 - critic/rewards/max:1.0 - critic/rewards/min:0.0 - critic/advantages/mean:-0.006208017468452454 - critic/advantages/max:2.4748666286468506 - critic/advantages/min:-1.20761239528656 - critic/returns/mean:-0.006208017468452454 - critic/returns/max:2.4748666286468506 - critic/returns/min:-1.20761239528656 - response_length/mean:909.7783203125 - response_length/max:2048.0 - response_length/min:2.0 - response_length/clip_ratio:0.19384765625 - response_length_non_aborted/mean:909.7783203125 - response_length_non_aborted/max:2048.0 - response_length_non_aborted/min:2.0 - response_length_non_aborted/clip_ratio:0.19384765625 - response/aborted_ratio:0.0 - prompt_length/mean:134.08984375 - prompt_length/max:363.0 - prompt_length/min:59.0 - prompt_length/clip_ratio:0.0 - num_turns/min:2 - num_turns/max:2 - num_turns/mean:2.0 - timing_s/start_profile:0.0002012530021602288 - timing_s/agent_loop/num_preempted/min:-1 - timing_s/agent_loop/num_preempted/max:-1 - timing_s/agent_loop/num_preempted/mean:-1.0 - timing_s/agent_loop/generate_sequences/min:0.32130388099176344 - timing_s/agent_loop/generate_sequences/max:76.43595350399846 - timing_s/agent_loop/generate_sequences/mean:37.7983988679877 - timing_s/agent_loop/tool_calls/min:0.0 - timing_s/agent_loop/tool_calls/max:0.0 - timing_s/agent_loop/tool_calls/mean:0.0 - timing_s/agent_loop/compute_score/min:0.0046073709963820875 - timing_s/agent_loop/compute_score/max:0.19108242000220343 - timing_s/agent_loop/compute_score/mean:0.016653397829792027 - timing_s/agent_loop/slowest/generate_sequences:76.43595350399846 - timing_s/agent_loop/slowest/tool_calls:0.0 - timing_s/agent_loop/slowest/compute_score:0.013373812005738728 - timing_s/agent_loop/slowest/num_preempted:-1 - timing_s/agent_loop/slowest/prompt_length:189 - timing_s/agent_loop/slowest/response_length:2048 - timing_s/gen:89.431424770999 - timing_s/reward:3.682600799947977e-05 - timing_s/old_log_prob:19.89782524399925 - timing_s/adv:0.0463166289991932 - timing_s/update_actor:61.108342806997825 - timing_s/update_weights:3.3641586379962973 - timing_s/step:174.30114932400465 - timing_s/stop_profile:4.4922009692527354e-05 - timing_per_token_ms/adv:2.1665131941085075e-05 - timing_per_token_ms/gen:0.0479981627408586 - timing_per_token_ms/update_actor:0.028584124929250068 - perf/total_num_tokens:2137842 - perf/time_per_step:174.30114932400465 - perf/throughput:3066.305082168465
[36m(AgentLoopWorker pid=54482)[0m WARNING 06-07 05:04:46 [api_server.py:1213] LoRA dynamic loading & unloading is enabled in the API server. This should ONLY be used for local development![32m [repeated 8x across cluster][0m
[36m(AgentLoopWorker pid=54482)[0m Using dataset class: RLHFDataset[32m [repeated 7x across cluster][0m
[36m(TaskRunner pid=49193)[0m step:2 - global_seqlen/min:503598 - global_seqlen/max:539988 - global_seqlen/minmax_diff:36390 - global_seqlen/balanced_min:516478 - global_seqlen/balanced_max:516482 - global_seqlen/mean:516480.0 - actor/entropy:0.5308687686920166 - perf/mfu/actor_infer:0.47437460458762115 - actor/pg_clipfrac:0.0 - actor/ppo_kl:0.0 - actor/pg_clipfrac_lower:0.0 - actor/pg_loss:0.009708232196317113 - actor/entropy_loss:0.5308688166551292 - actor/loss:0.009177363477647305 - actor/grad_norm:0.05283616483211517 - actor/lr:1.0000000000000002e-06 - perf/mfu/actor:0.3815432561659728 - training/global_step:2 - training/epoch:0 - critic/score/mean:0.04931640625 - critic/score/max:1.0 - critic/score/min:0.0 - critic/rewards/mean:0.04931640625 - critic/rewards/max:1.0 - critic/rewards/min:0.0 - critic/advantages/mean:-0.009708233177661896 - critic/advantages/max:2.4748666286468506 - critic/advantages/min:-2.4748666286468506 - critic/returns/mean:-0.009708233177661896 - critic/returns/max:2.4748666286468506 - critic/returns/min:-2.4748666286468506 - response_length/mean:877.71484375 - response_length/max:2048.0 - response_length/min:2.0 - response_length/clip_ratio:0.17724609375 - response_length_non_aborted/mean:877.71484375 - response_length_non_aborted/max:2048.0 - response_length_non_aborted/min:2.0 - response_length_non_aborted/clip_ratio:0.17724609375 - response/aborted_ratio:0.0 - prompt_length/mean:131.03515625 - prompt_length/max:321.0 - prompt_length/min:56.0 - prompt_length/clip_ratio:0.0 - num_turns/min:2 - num_turns/max:2 - num_turns/mean:2.0 - timing_s/start_profile:0.00020235100237186998 - timing_s/agent_loop/num_preempted/min:-1 - timing_s/agent_loop/num_preempted/max:-1 - timing_s/agent_loop/num_preempted/mean:-1.0 - timing_s/agent_loop/generate_sequences/min:0.19991389499045908 - timing_s/agent_loop/generate_sequences/max:76.34300611399522 - timing_s/agent_loop/generate_sequences/mean:35.86180163015805 - timing_s/agent_loop/tool_calls/min:0.0 - timing_s/agent_loop/tool_calls/max:0.0 - timing_s/agent_loop/tool_calls/mean:0.0 - timing_s/agent_loop/compute_score/min:0.004435153998201713 - timing_s/agent_loop/compute_score/max:0.0914920569921378 - timing_s/agent_loop/compute_score/mean:0.013992460939888929 - timing_s/agent_loop/slowest/generate_sequences:76.34300611399522 - timing_s/agent_loop/slowest/tool_calls:0.0 - timing_s/agent_loop/slowest/compute_score:0.014721803003340028 - timing_s/agent_loop/slowest/num_preempted:-1 - timing_s/agent_loop/slowest/prompt_length:119 - timing_s/agent_loop/slowest/response_length:2048 - timing_s/gen:79.05318765000266 - timing_s/reward:3.10949981212616e-05 - timing_s/old_log_prob:17.898740001997794 - timing_s/adv:0.03507760500360746 - timing_s/update_actor:57.75976558600087 - timing_s/update_weights:3.4429879099916434 - timing_s/step:158.80406437499914 - timing_s/stop_profile:0.00018781099061015993 - timing_per_token_ms/adv:1.6979169088642086e-05 - timing_per_token_ms/gen:0.043978052276420626 - timing_per_token_ms/update_actor:0.027958374760881772 - perf/total_num_tokens:2065920 - perf/time_per_step:158.80406437499914 - perf/throughput:3252.309706509694[36m(TaskRunner pid=49193)[0m Training Progress:   1%|          | 2/348 [05:33<15:54:12, 165.47s/it]
[36m(WorkerDict pid=52396)[0m INFO:2026-06-07 05:12:54,596:update_weights done, time cost: 1.55s
[36m(TaskRunner pid=49193)[0m Training Progress:   1%|          | 3/348 [08:19<15:51:18, 165.45s/it]
[36m(WorkerDict pid=52396)[0m INFO:2026-06-07 05:15:32,727:update_weights done, time cost: 1.91s
[36m(TaskRunner pid=49193)[0m Training Progress:   1%|          | 4/348 [10:57<15:32:10, 162.59s/it]
[36m(WorkerDict pid=52396)[0m INFO:2026-06-07 05:18:10,075:update_weights done, time cost: 1.71s

[36m(TaskRunner pid=49193)[0m step:3 - global_seqlen/min:497030 - global_seqlen/max:567046 - global_seqlen/minmax_diff:70016 - global_seqlen/balanced_min:528189 - global_seqlen/balanced_max:528192 - global_seqlen/mean:528190.5 - actor/entropy:0.5147879719734192 - perf/mfu/actor_infer:0.4739606067524255 - actor/pg_clipfrac:0.0 - actor/ppo_kl:0.0 - actor/pg_clipfrac_lower:0.0 - actor/pg_loss:0.002453763663652353 - actor/entropy_loss:0.5147880245931447 - actor/loss:0.0019389756489545107 - actor/grad_norm:0.06293369084596634 - actor/lr:1.5e-06 - perf/mfu/actor:0.37884474265219287 - training/global_step:3 - training/epoch:0 - critic/score/mean:0.05419921875 - critic/score/max:1.0 - critic/score/min:0.0 - critic/rewards/mean:0.05419921875 - critic/rewards/max:1.0 - critic/rewards/min:0.0 - critic/advantages/mean:-0.0024537653662264347 - critic/advantages/max:2.4748666286468506 - critic/advantages/min:-1.20761239528656 - critic/returns/mean:-0.0024537653662264347 - critic/returns/max:2.4748666286468506 - critic/returns/min:-1.20761239528656 - response_length/mean:897.5830078125 - response_length/max:2048.0 - response_length/min:2.0 - response_length/clip_ratio:0.18310546875 - response_length_non_aborted/mean:897.5830078125 - response_length_non_aborted/max:2048.0 - response_length_non_aborted/min:2.0 - response_length_non_aborted/clip_ratio:0.18310546875 - response/aborted_ratio:0.0 - prompt_length/mean:134.0390625 - prompt_length/max:396.0 - prompt_length/min:59.0 - prompt_length/clip_ratio:0.0 - num_turns/min:2 - num_turns/max:2 - num_turns/mean:2.0 - timing_s/start_profile:9.04400076251477e-05 - timing_s/agent_loop/num_preempted/min:-1 - timing_s/agent_loop/num_preempted/max:-1 - timing_s/agent_loop/num_preempted/mean:-1.0 - timing_s/agent_loop/generate_sequences/min:0.3639508110063616 - timing_s/agent_loop/generate_sequences/max:79.46168870700058 - timing_s/agent_loop/generate_sequences/mean:37.10489627574553 - timing_s/agent_loop/tool_calls/min:0.0 - timing_s/agent_loop/tool_calls/max:0.0 - timing_s/agent_loop/tool_calls/mean:0.0 - timing_s/agent_loop/compute_score/min:0.00629258100525476 - timing_s/agent_loop/compute_score/max:0.12144922598963603 - timing_s/agent_loop/compute_score/mean:0.016433050418136474 - timing_s/agent_loop/slowest/generate_sequences:79.46168870700058 - timing_s/agent_loop/slowest/tool_calls:0.0 - timing_s/agent_loop/slowest/compute_score:0.0152775790047599 - timing_s/agent_loop/slowest/num_preempted:-1 - timing_s/agent_loop/slowest/prompt_length:264 - timing_s/agent_loop/slowest/response_length:2048 - timing_s/gen:83.20110180199845 - timing_s/reward:2.9440998332574964e-05 - timing_s/old_log_prob:18.359277851996012 - timing_s/adv:0.04461789000197314 - timing_s/update_actor:60.03517235000618 - timing_s/update_weights:3.0275188170053298 - timing_s/step:165.27134190499783 - timing_s/stop_profile:0.00022723799338564277 - timing_per_token_ms/adv:2.1118275509486227e-05 - timing_per_token_ms/gen:0.04526103729198882 - timing_per_token_ms/update_actor:0.028415492303442688 - perf/total_num_tokens:2112762 - perf/time_per_step:165.27134190499783 - perf/throughput:3195.89890123611
[36m(TaskRunner pid=49193)[0m step:4 - global_seqlen/min:509680 - global_seqlen/max:536001 - global_seqlen/minmax_diff:26321 - global_seqlen/balanced_min:521282 - global_seqlen/balanced_max:521287 - global_seqlen/mean:521284.25 - actor/entropy:0.531634509563446 - perf/mfu/actor_infer:0.4712388017278247 - actor/pg_clipfrac:0.0 - actor/ppo_kl:0.0 - actor/pg_clipfrac_lower:0.0 - actor/pg_loss:0.010949446847007493 - actor/entropy_loss:0.5316345042083412 - actor/loss:0.010417811572551727 - actor/grad_norm:0.061694685369729996 - actor/lr:2.0000000000000003e-06 - perf/mfu/actor:0.3820963081338854 - training/global_step:4 - training/epoch:0 - critic/score/mean:0.05615234375 - critic/score/max:1.0 - critic/score/min:0.0 - critic/rewards/mean:0.05615234375 - critic/rewards/max:1.0 - critic/rewards/min:0.0 - critic/advantages/mean:-0.010949444025754929 - critic/advantages/max:2.4748666286468506 - critic/advantages/min:-0.935412585735321 - critic/returns/mean:-0.010949444025754929 - critic/returns/max:2.4748666286468506 - critic/returns/min:-0.935412585735321 - response_length/mean:882.08251953125 - response_length/max:2048.0 - response_length/min:2.0 - response_length/clip_ratio:0.173828125 - response_length_non_aborted/mean:882.08251953125 - response_length_non_aborted/max:2048.0 - response_length_non_aborted/min:2.0 - response_length_non_aborted/clip_ratio:0.173828125 - response/aborted_ratio:0.0 - prompt_length/mean:136.05078125 - prompt_length/max:386.0 - prompt_length/min:61.0 - prompt_length/clip_ratio:0.0 - num_turns/min:2 - num_turns/max:2 - num_turns/mean:2.0 - timing_s/start_profile:6.540799222420901e-05 - timing_s/agent_loop/num_preempted/min:-1 - timing_s/agent_loop/num_preempted/max:-1 - timing_s/agent_loop/num_preempted/mean:-1.0 - timing_s/agent_loop/generate_sequences/min:0.24502293599653058 - timing_s/agent_loop/generate_sequences/max:74.62156709301053 - timing_s/agent_loop/generate_sequences/mean:35.996645407655414 - timing_s/agent_loop/tool_calls/min:0.0 - timing_s/agent_loop/tool_calls/max:0.0 - timing_s/agent_loop/tool_calls/mean:0.0 - timing_s/agent_loop/compute_score/min:0.006250054997508414 - timing_s/agent_loop/compute_score/max:0.14335646099061705 - timing_s/agent_loop/compute_score/mean:0.015306521398251505 - timing_s/agent_loop/slowest/generate_sequences:74.61329263600055 - timing_s/agent_loop/slowest/tool_calls:0.0 - timing_s/agent_loop/slowest/compute_score:0.02490852799382992 - timing_s/agent_loop/slowest/num_preempted:-1 - timing_s/agent_loop/slowest/prompt_length:77 - timing_s/agent_loop/slowest/response_length:2048 - timing_s/gen:76.74556573999871 - timing_s/reward:3.34270007442683e-05 - timing_s/old_log_prob:18.051102601995808 - timing_s/adv:0.044442682003136724 - timing_s/update_actor:59.14465339999879 - timing_s/update_weights:3.497842655997374 - timing_s/step:158.1054870329972 - timing_s/stop_profile:6.024900358170271e-05 - timing_per_token_ms/adv:2.1314034522977016e-05 - timing_per_token_ms/gen:0.042482896941884306 - timing_per_token_ms/update_actor:0.02836487645655839 - perf/total_num_tokens:2085137 - perf/time_per_step:158.1054870329972 - perf/throughput:3297.066153632012
[36m(TaskRunner pid=49193)[0m step:5 - global_seqlen/min:478664 - global_seqlen/max:530295 - global_seqlen/minmax_diff:51631 - global_seqlen/balanced_min:508448 - global_seqlen/balanced_max:508450 - global_seqlen/mean:508449.0 - actor/entropy:0.5319879651069641 - perf/mfu/actor_infer:0.46476040185219597 - actor/pg_clipfrac:0.0 - actor/ppo_kl:0.0 - actor/pg_clipfrac_lower:0.0 - actor/pg_loss:0.022063692088522657 - actor/entropy_loss:0.5319880279712379 - actor/loss:0.02153170295059681 - actor/grad_norm:0.05480387806892395 - actor/lr:2.5e-06 - perf/mfu/actor:0.3805099983939195 - training/global_step:5 - training/epoch:0 - critic/score/mean:0.0517578125 - critic/score/max:1.0 - critic/score/min:0.0 - critic/rewards/mean:0.0517578125 - critic/rewards/max:1.0 - critic/rewards/min:0.0 - critic/advantages/mean:-0.022063691169023514 - critic/advantages/max:2.4748666286468506 - critic/advantages/min:-1.6201815605163574 - critic/returns/mean:-0.022063691169023514 - critic/returns/max:2.4748666286468506 - critic/returns/min:-1.6201815605163574 - response_length/mean:867.240234375 - response_length/max:2048.0 - response_length/min:2.0 - response_length/clip_ratio:0.1669921875 - response_length_non_aborted/mean:867.240234375 - response_length_non_aborted/max:2048.0 - response_length_non_aborted/min:2.0 - response_length_non_aborted/clip_ratio:0.1669921875 - response/aborted_ratio:0.0 - prompt_length/mean:125.82421875 - prompt_length/max:290.0 - prompt_length/min:59.0 - prompt_length/clip_ratio:0.0 - num_turns/min:2 - num_turns/max:2 - num_turns/mean:2.0 - timing_s/start_profile:5.9587007854133844e-05 - timing_s/agent_loop/num_preempted/min:-1 - timing_s/agent_loop/num_preempted/max:-1 - timing_s/agent_loop/num_preempted/mean:-1.0 - timing_s/agent_loop/generate_sequences/min:0.25270919800095726 - timing_s/agent_loop/generate_sequences/max:75.00734121099231 - timing_s/agent_loop/generate_sequences/mean:35.41952117485038 - timing_s/agent_loop/tool_calls/min:0.0 - timing_s/agent_loop/tool_calls/max:0.0 - timing_s/agent_loop/tool_calls/mean:0.0 - timing_s/agent_loop/compute_score/min:0.004862212008447386 - timing_s/agent_loop/compute_score/max:0.15359239600365981 - timing_s/agent_loop/compute_score/mean:0.01544392454590593 - timing_s/agent_loop/slowest/generate_sequences:74.96541667400743 - timing_s/agent_loop/slowest/tool_calls:0.0 - timing_s/agent_loop/slowest/compute_score:0.06155305099673569 - timing_s/agent_loop/slowest/num_preempted:-1 - timing_s/agent_loop/slowest/prompt_length:148 - timing_s/agent_loop/slowest/response_length:2048 - timing_s/gen:77.41593296699284 - timing_s/reward:3.450200892984867e-05 - timing_s/old_log_prob:18.22978105500806 - timing_s/adv:0.04863928699342068 - timing_s/update_actor:57.655471429010504 - timing_s/update_weights:3.382185576003394 - timing_s/step:157.3416411979997 - timing_s/stop_profile:0.00019812199752777815 - timing_per_token_ms/adv:2.3915519055707006e-05 - timing_per_token_ms/gen:0.04358740176103753 - timing_per_token_ms/update_actor:0.028348699392176258 - perf/total_num_tokens:2033796 - perf/time_per_step:157.3416411979997 - perf/throughput:3231.496736201986[36m(TaskRunner pid=49193)[0m Training Progress:   1%|▏         | 5/348 [13:34<15:18:53, 160.74s/it]
[36m(WorkerDict pid=52396)[0m INFO:2026-06-07 05:20:42,882:update_weights done, time cost: 1.73s
[36m(TaskRunner pid=49193)[0m Training Progress:   2%|▏         | 6/348 [16:07<15:00:17, 157.95s/it]
[36m(WorkerDict pid=52396)[0m INFO:2026-06-07 05:23:16,601:update_weights done, time cost: 1.82s
[36m(TaskRunner pid=49193)[0m Training Progress:   2%|▏         | 7/348 [18:40<14:49:48, 156.56s/it]
[36m(WorkerDict pid=52396)[0m INFO:2026-06-07 05:25:47,282:update_weights done, time cost: 1.89s

[36m(TaskRunner pid=49193)[0m step:6 - global_seqlen/min:497655 - global_seqlen/max:522865 - global_seqlen/minmax_diff:25210 - global_seqlen/balanced_min:510195 - global_seqlen/balanced_max:510196 - global_seqlen/mean:510195.5 - actor/entropy:0.5106520056724548 - perf/mfu/actor_infer:0.46610704331818886 - actor/pg_clipfrac:0.0 - actor/ppo_kl:0.0 - actor/pg_clipfrac_lower:0.0 - actor/pg_loss:0.019617590674897656 - actor/entropy_loss:0.510651987278834 - actor/loss:0.01910693570971489 - actor/grad_norm:0.052964139729738235 - actor/lr:3e-06 - perf/mfu/actor:0.3827599196792521 - training/global_step:6 - training/epoch:0 - critic/score/mean:0.0458984375 - critic/score/max:1.0 - critic/score/min:0.0 - critic/rewards/mean:0.0458984375 - critic/rewards/max:1.0 - critic/rewards/min:0.0 - critic/advantages/mean:-0.0196175929158926 - critic/advantages/max:2.4748666286468506 - critic/advantages/min:-0.935412585735321 - critic/returns/mean:-0.0196175929158926 - critic/returns/max:2.4748666286468506 - critic/returns/min:-0.935412585735321 - response_length/mean:867.9833984375 - response_length/max:2048.0 - response_length/min:2.0 - response_length/clip_ratio:0.16943359375 - response_length_non_aborted/mean:867.9833984375 - response_length_non_aborted/max:2048.0 - response_length_non_aborted/min:2.0 - response_length_non_aborted/clip_ratio:0.16943359375 - response/aborted_ratio:0.0 - prompt_length/mean:128.4921875 - prompt_length/max:410.0 - prompt_length/min:58.0 - prompt_length/clip_ratio:0.0 - num_turns/min:2 - num_turns/max:2 - num_turns/mean:2.0 - timing_s/start_profile:8.091700146906078e-05 - timing_s/agent_loop/num_preempted/min:-1 - timing_s/agent_loop/num_preempted/max:-1 - timing_s/agent_loop/num_preempted/mean:-1.0 - timing_s/agent_loop/generate_sequences/min:0.21842889599793125 - timing_s/agent_loop/generate_sequences/max:71.30662913800916 - timing_s/agent_loop/generate_sequences/mean:35.377638999932294 - timing_s/agent_loop/tool_calls/min:0.0 - timing_s/agent_loop/tool_calls/max:0.0 - timing_s/agent_loop/tool_calls/mean:0.0 - timing_s/agent_loop/compute_score/min:0.005433611004264094 - timing_s/agent_loop/compute_score/max:0.2183777070022188 - timing_s/agent_loop/compute_score/mean:0.016186178748590407 - timing_s/agent_loop/slowest/generate_sequences:71.28951292100828 - timing_s/agent_loop/slowest/tool_calls:0.0 - timing_s/agent_loop/slowest/compute_score:0.0827935730048921 - timing_s/agent_loop/slowest/num_preempted:-1 - timing_s/agent_loop/slowest/prompt_length:231 - timing_s/agent_loop/slowest/response_length:2048 - timing_s/gen:73.54582628699427 - timing_s/reward:3.4738986869342625e-05 - timing_s/old_log_prob:17.406567308993544 - timing_s/adv:0.04528716899221763 - timing_s/update_actor:57.75272627999948 - timing_s/update_weights:3.12292950299161 - timing_s/step:152.41173155499564 - timing_s/stop_profile:0.00023033100296743214 - timing_per_token_ms/adv:2.2191086060254173e-05 - timing_per_token_ms/gen:0.041372966414267465 - timing_per_token_ms/update_actor:0.028299311871625425 - perf/total_num_tokens:2040782 - perf/time_per_step:152.41173155499564 - perf/throughput:3347.4818164893236
[36m(TaskRunner pid=49193)[0m step:7 - global_seqlen/min:496464 - global_seqlen/max:532837 - global_seqlen/minmax_diff:36373 - global_seqlen/balanced_min:511847 - global_seqlen/balanced_max:511850 - global_seqlen/mean:511848.75 - actor/entropy:0.512048602104187 - perf/mfu/actor_infer:0.4666358211348716 - actor/pg_clipfrac:0.0 - actor/ppo_kl:0.0 - actor/pg_clipfrac_lower:0.0 - actor/pg_loss:0.011918347621758585 - actor/entropy_loss:0.5120486039668322 - actor/loss:0.011406298726797104 - actor/grad_norm:0.05884821340441704 - actor/lr:3.5e-06 - perf/mfu/actor:0.3820708552752223 - training/global_step:7 - training/epoch:0 - critic/score/mean:0.05419921875 - critic/score/max:1.0 - critic/score/min:0.0 - critic/rewards/mean:0.05419921875 - critic/rewards/max:1.0 - critic/rewards/min:0.0 - critic/advantages/mean:-0.01191834919154644 - critic/advantages/max:2.4748666286468506 - critic/advantages/min:-1.20761239528656 - critic/returns/mean:-0.01191834919154644 - critic/returns/max:2.4748666286468506 - critic/returns/min:-1.20761239528656 - response_length/mean:871.72802734375 - response_length/max:2048.0 - response_length/min:2.0 - response_length/clip_ratio:0.154296875 - response_length_non_aborted/mean:871.72802734375 - response_length_non_aborted/max:2048.0 - response_length_non_aborted/min:2.0 - response_length_non_aborted/clip_ratio:0.154296875 - response/aborted_ratio:0.0 - prompt_length/mean:127.9765625 - prompt_length/max:473.0 - prompt_length/min:61.0 - prompt_length/clip_ratio:0.0 - num_turns/min:2 - num_turns/max:2 - num_turns/mean:2.0 - timing_s/start_profile:6.638599734287709e-05 - timing_s/agent_loop/num_preempted/min:-1 - timing_s/agent_loop/num_preempted/max:-1 - timing_s/agent_loop/num_preempted/mean:-1.0 - timing_s/agent_loop/generate_sequences/min:0.2520064709970029 - timing_s/agent_loop/generate_sequences/max:71.63664300799428 - timing_s/agent_loop/generate_sequences/mean:35.189333618593714 - timing_s/agent_loop/tool_calls/min:0.0 - timing_s/agent_loop/tool_calls/max:0.0 - timing_s/agent_loop/tool_calls/mean:0.0 - timing_s/agent_loop/compute_score/min:0.005105720003484748 - timing_s/agent_loop/compute_score/max:0.12004028000228573 - timing_s/agent_loop/compute_score/mean:0.014653931341150894 - timing_s/agent_loop/slowest/generate_sequences:71.56075241300277 - timing_s/agent_loop/slowest/tool_calls:0.0 - timing_s/agent_loop/slowest/compute_score:0.12004028000228573 - timing_s/agent_loop/slowest/num_preempted:-1 - timing_s/agent_loop/slowest/prompt_length:125 - timing_s/agent_loop/slowest/response_length:2048 - timing_s/gen:73.78463503600506 - timing_s/reward:3.1920993933454156e-05 - timing_s/old_log_prob:18.08680465098587 - timing_s/adv:0.04935748499701731 - timing_s/update_actor:57.822813688995666 - timing_s/update_weights:3.212858711995068 - timing_s/step:153.60123817599379 - timing_s/stop_profile:0.0002389069995842874 - timing_per_token_ms/adv:2.410745605856091e-05 - timing_per_token_ms/gen:0.04132900709405263 - timing_per_token_ms/update_actor:0.028242138761204197 - perf/total_num_tokens:2047395 - perf/time_per_step:153.60123817599379 - perf/throughput:3332.3217708279935
[36m(TaskRunner pid=49193)[0m step:8 - global_seqlen/min:462286 - global_seqlen/max:519292 - global_seqlen/minmax_diff:57006 - global_seqlen/balanced_min:501990 - global_seqlen/balanced_max:501994 - global_seqlen/mean:501992.5 - actor/entropy:0.4089563488960266 - perf/mfu/actor_infer:0.46958299708284207 - actor/pg_clipfrac:0.0 - actor/ppo_kl:0.0 - actor/pg_clipfrac_lower:0.0 - actor/pg_loss:0.008107936836950103 - actor/entropy_loss:0.40895632468163967 - actor/loss:0.007698982022702694 - actor/grad_norm:0.06463387608528137 - actor/lr:4.000000000000001e-06 - perf/mfu/actor:0.3831969485117817 - training/global_step:8 - training/epoch:0 - critic/score/mean:0.08447265625 - critic/score/max:1.0 - critic/score/min:0.0 - critic/rewards/mean:0.08447265625 - critic/rewards/max:1.0 - critic/rewards/min:0.0 - critic/advantages/mean:-0.008107933215796947 - critic/advantages/max:2.4748666286468506 - critic/advantages/min:-1.20761239528656 - critic/returns/mean:-0.008107933215796947 - critic/returns/max:2.4748666286468506 - critic/returns/min:-1.20761239528656 - response_length/mean:849.6611328125 - response_length/max:2048.0 - response_length/min:2.0 - response_length/clip_ratio:0.12744140625 - response_length_non_aborted/mean:849.6611328125 - response_length_non_aborted/max:2048.0 - response_length_non_aborted/min:2.0 - response_length_non_aborted/clip_ratio:0.12744140625 - response/aborted_ratio:0.0 - prompt_length/mean:130.79296875 - prompt_length/max:377.0 - prompt_length/min:56.0 - prompt_length/clip_ratio:0.0 - num_turns/min:2 - num_turns/max:2 - num_turns/mean:2.0 - timing_s/start_profile:0.00010017098975367844 - timing_s/agent_loop/num_preempted/min:-1 - timing_s/agent_loop/num_preempted/max:-1 - timing_s/agent_loop/num_preempted/mean:-1.0 - timing_s/agent_loop/generate_sequences/min:0.20183706699754111 - timing_s/agent_loop/generate_sequences/max:69.53324601599888 - timing_s/agent_loop/generate_sequences/mean:35.04184617877604 - timing_s/agent_loop/tool_calls/min:0.0 - timing_s/agent_loop/tool_calls/max:0.0 - timing_s/agent_loop/tool_calls/mean:0.0 - timing_s/agent_loop/compute_score/min:0.004855894992942922 - timing_s/agent_loop/compute_score/max:0.11199767699872609 - timing_s/agent_loop/compute_score/mean:0.013831480053653422 - timing_s/agent_loop/slowest/generate_sequences:69.53324601599888 - timing_s/agent_loop/slowest/tool_calls:0.0 - timing_s/agent_loop/slowest/compute_score:0.008636001992272213 - timing_s/agent_loop/slowest/num_preempted:-1 - timing_s/agent_loop/slowest/prompt_length:126 - timing_s/agent_loop/slowest/response_length:2048 - timing_s/gen:71.54322979100107 - timing_s/reward:3.419000131543726e-05 - timing_s/old_log_prob:17.987925410008756 - timing_s/adv:0.04630579400691204 - timing_s/update_actor:56.66813625699433 - timing_s/update_weights:3.3925961339991773 - timing_s/step:150.65784554700076 - timing_s/stop_profile:0.00020448400755412877 - timing_per_token_ms/adv:2.3060998922748866e-05 - timing_per_token_ms/gen:0.041114294066568975 - timing_per_token_ms/update_actor:0.028221605032442882 - perf/total_num_tokens:2007970 - perf/time_per_step:150.65784554700076 - perf/throughput:3332.0037079874032[36m(TaskRunner pid=49193)[0m Training Progress:   2%|▏         | 8/348 [21:11<14:36:47, 154.73s/it]
[36m(WorkerDict pid=52396)[0m INFO:2026-06-07 05:28:12,704:update_weights done, time cost: 1.89s
[36m(TaskRunner pid=49193)[0m Training Progress:   3%|▎         | 9/348 [23:36<14:17:11, 151.72s/it]
[36m(WorkerDict pid=52396)[0m INFO:2026-06-07 05:30:33,880:[Rank 0] Saved model to /workspace/AI4AI/experiments/claude-code-verl/workspace/checkpoints/grpo_v2/global_step_10/actor/model_world_size_4_rank_0.pt
[36m(WorkerDict pid=52399)[0m INFO:2026-06-07 05:30:39,411:[Rank 3] Saved optim to /workspace/AI4AI/experiments/claude-code-verl/workspace/checkpoints/grpo_v2/global_step_10/actor/optim_world_size_4_rank_3.pt
[36m(WorkerDict pid=52399)[0m INFO:2026-06-07 05:30:39,413:[Rank 3] Saved extra_state to /workspace/AI4AI/experiments/claude-code-verl/workspace/checkpoints/grpo_v2/global_step_10/actor/extra_state_world_size_4_rank_3.pt
[36m(WorkerDict pid=52397)[0m INFO:2026-06-07 05:30:34,552:[Rank 1] Saved model to /workspace/AI4AI/experiments/claude-code-verl/workspace/checkpoints/grpo_v2/global_step_10/actor/model_world_size_4_rank_1.pt[32m [repeated 3x across cluster][0m
[36m(WorkerDict pid=52396)[0m INFO:2026-06-07 05:30:40,223:[Rank 0] Saved model config and tokenizer class to /workspace/AI4AI/experiments/claude-code-verl/workspace/checkpoints/grpo_v2/global_step_10/actor/huggingface
[36m(WorkerDict pid=52396)[0m INFO:2026-06-07 05:30:43,296:update_weights done, time cost: 1.79s
[36m(TaskRunner pid=49193)[0m Training Progress:   3%|▎         | 10/348 [26:07<14:12:37, 151.35s/it]
[36m(WorkerDict pid=52396)[0m INFO:2026-06-07 05:33:09,571:update_weights done, time cost: 1.90s
[36m(WorkerDict pid=52397)[0m INFO:2026-06-07 05:30:41,249:[Rank 1] Saved optim to /workspace/AI4AI/experiments/claude-code-verl/workspace/checkpoints/grpo_v2/global_step_10/actor/optim_world_size_4_rank_1.pt[32m [repeated 3x across cluster][0m
[36m(WorkerDict pid=52397)[0m INFO:2026-06-07 05:30:41,253:[Rank 1] Saved extra_state to /workspace/AI4AI/experiments/claude-code-verl/workspace/checkpoints/grpo_v2/global_step_10/actor/extra_state_world_size_4_rank_1.pt[32m [repeated 3x across cluster][0m

[36m(TaskRunner pid=49193)[0m step:9 - global_seqlen/min:453235 - global_seqlen/max:517362 - global_seqlen/minmax_diff:64127 - global_seqlen/balanced_min:488317 - global_seqlen/balanced_max:488318 - global_seqlen/mean:488317.25 - actor/entropy:0.3651595115661621 - perf/mfu/actor_infer:0.4665004872782839 - actor/pg_clipfrac:0.0 - actor/ppo_kl:0.0 - actor/pg_clipfrac_lower:0.0 - actor/pg_loss:0.022837485937088786 - actor/entropy_loss:0.36515951016917825 - actor/loss:0.022472325712442398 - actor/grad_norm:0.06535682827234268 - actor/lr:4.5e-06 - perf/mfu/actor:0.38348780135274263 - training/global_step:9 - training/epoch:0 - critic/score/mean:0.107421875 - critic/score/max:1.0 - critic/score/min:0.0 - critic/rewards/mean:0.107421875 - critic/rewards/max:1.0 - critic/rewards/min:0.0 - critic/advantages/mean:-0.022837484255433083 - critic/advantages/max:2.4748666286468506 - critic/advantages/min:-2.4748666286468506 - critic/returns/mean:-0.022837484255433083 - critic/returns/max:2.4748666286468506 - critic/returns/min:-2.4748666286468506 - response_length/mean:830.06494140625 - response_length/max:2048.0 - response_length/min:2.0 - response_length/clip_ratio:0.1015625 - response_length_non_aborted/mean:830.06494140625 - response_length_non_aborted/max:2048.0 - response_length_non_aborted/min:2.0 - response_length_non_aborted/clip_ratio:0.1015625 - response/aborted_ratio:0.0 - prompt_length/mean:123.6796875 - prompt_length/max:502.0 - prompt_length/min:57.0 - prompt_length/clip_ratio:0.0 - num_turns/min:2 - num_turns/max:2 - num_turns/mean:2.0 - timing_s/start_profile:6.539598689414561e-05 - timing_s/agent_loop/num_preempted/min:-1 - timing_s/agent_loop/num_preempted/max:-1 - timing_s/agent_loop/num_preempted/mean:-1.0 - timing_s/agent_loop/generate_sequences/min:0.4072032889962429 - timing_s/agent_loop/generate_sequences/max:67.04990600699966 - timing_s/agent_loop/generate_sequences/mean:34.731884765003294 - timing_s/agent_loop/tool_calls/min:0.0 - timing_s/agent_loop/tool_calls/max:0.0 - timing_s/agent_loop/tool_calls/mean:0.0 - timing_s/agent_loop/compute_score/min:0.00558209499286022 - timing_s/agent_loop/compute_score/max:0.16709354099293705 - timing_s/agent_loop/compute_score/mean:0.014539052817980291 - timing_s/agent_loop/slowest/generate_sequences:67.04990600699966 - timing_s/agent_loop/slowest/tool_calls:0.0 - timing_s/agent_loop/slowest/compute_score:0.014390340002137236 - timing_s/agent_loop/slowest/num_preempted:-1 - timing_s/agent_loop/slowest/prompt_length:138 - timing_s/agent_loop/slowest/response_length:2048 - timing_s/gen:69.09612467700208 - timing_s/reward:3.305099380668253e-05 - timing_s/old_log_prob:17.371713458007434 - timing_s/adv:0.054348987992852926 - timing_s/update_actor:55.03379839500121 - timing_s/update_weights:3.0345891479955753 - timing_s/step:144.97513769999205 - timing_s/stop_profile:0.00019825200433842838 - timing_per_token_ms/adv:2.7824630397990716e-05 - timing_per_token_ms/gen:0.04064542476674752 - timing_per_token_ms/update_actor:0.02817522747506934 - perf/total_num_tokens:1953269 - perf/time_per_step:144.97513769999205 - perf/throughput:3368.282712105517
[36m(TaskRunner pid=49193)[0m local_global_step_folder: /workspace/AI4AI/experiments/claude-code-verl/workspace/checkpoints/grpo_v2/global_step_10
[36m(TaskRunner pid=49193)[0m step:10 - global_seqlen/min:440910 - global_seqlen/max:491842 - global_seqlen/minmax_diff:50932 - global_seqlen/balanced_min:474845 - global_seqlen/balanced_max:474853 - global_seqlen/mean:474850.0 - actor/entropy:0.3104032576084137 - perf/mfu/actor_infer:0.46998369774536036 - actor/pg_clipfrac:0.0 - actor/ppo_kl:0.0 - actor/pg_clipfrac_lower:0.0 - actor/pg_loss:0.00987602948418953 - actor/entropy_loss:0.31040325458161533 - actor/loss:0.00956562627106905 - actor/grad_norm:0.07373584061861038 - actor/lr:5e-06 - perf/mfu/actor:0.3854783703787174 - training/global_step:10 - training/epoch:0 - critic/score/mean:0.14794921875 - critic/score/max:1.0 - critic/score/min:0.0 - critic/rewards/mean:0.14794921875 - critic/rewards/max:1.0 - critic/rewards/min:0.0 - critic/advantages/mean:-0.009876029565930367 - critic/advantages/max:2.4748666286468506 - critic/advantages/min:-2.4748666286468506 - critic/returns/mean:-0.009876029565930367 - critic/returns/max:2.4748666286468506 - critic/returns/min:-2.4748666286468506 - response_length/mean:799.1328125 - response_length/max:2048.0 - response_length/min:2.0 - response_length/clip_ratio:0.080078125 - response_length_non_aborted/mean:799.1328125 - response_length_non_aborted/max:2048.0 - response_length_non_aborted/min:2.0 - response_length_non_aborted/clip_ratio:0.080078125 - response/aborted_ratio:0.0 - prompt_length/mean:128.30859375 - prompt_length/max:415.0 - prompt_length/min:57.0 - prompt_length/clip_ratio:0.0 - num_turns/min:2 - num_turns/max:2 - num_turns/mean:2.0 - timing_s/start_profile:0.00013872000272385776 - timing_s/agent_loop/num_preempted/min:-1 - timing_s/agent_loop/num_preempted/max:-1 - timing_s/agent_loop/num_preempted/mean:-1.0 - timing_s/agent_loop/generate_sequences/min:0.4765449370024726 - timing_s/agent_loop/generate_sequences/max:63.69836440200743 - timing_s/agent_loop/generate_sequences/mean:33.87025738596138 - timing_s/agent_loop/tool_calls/min:0.0 - timing_s/agent_loop/tool_calls/max:0.0 - timing_s/agent_loop/tool_calls/mean:0.0 - timing_s/agent_loop/compute_score/min:0.006210765990545042 - timing_s/agent_loop/compute_score/max:0.10095497401198372 - timing_s/agent_loop/compute_score/mean:0.01282304273895818 - timing_s/agent_loop/slowest/generate_sequences:63.694911644997774 - timing_s/agent_loop/slowest/tool_calls:0.0 - timing_s/agent_loop/slowest/compute_score:0.034735909997834824 - timing_s/agent_loop/slowest/num_preempted:-1 - timing_s/agent_loop/slowest/prompt_length:79 - timing_s/agent_loop/slowest/response_length:2048 - timing_s/gen:65.71159764399636 - timing_s/reward:2.6116002118214965e-05 - timing_s/old_log_prob:16.776398279995192 - timing_s/adv:0.05400994799856562 - timing_s/update_actor:53.73743971899967 - timing_s/save_checkpoint:10.68960473399784 - timing_s/update_weights:2.878621176001616 - timing_s/step:150.3984731919918 - timing_s/stop_profile:0.00019018100283574313 - timing_per_token_ms/adv:2.843526797860673e-05 - timing_per_token_ms/gen:0.040150699026774844 - timing_per_token_ms/update_actor:0.0282917972617667 - perf/total_num_tokens:1899400 - perf/time_per_step:150.3984731919918 - perf/throughput:3157.2793920176855
[36m(TaskRunner pid=49193)[0m step:11 - global_seqlen/min:475750 - global_seqlen/max:512247 - global_seqlen/minmax_diff:36497 - global_seqlen/balanced_min:492086 - global_seqlen/balanced_max:492095 - global_seqlen/mean:492090.25 - actor/entropy:0.27353721857070923 - perf/mfu/actor_infer:0.4705999973078319 - actor/pg_clipfrac:0.0 - actor/ppo_kl:0.0 - actor/pg_clipfrac_lower:0.0 - actor/pg_loss:0.015149300375924213 - actor/entropy_loss:0.2735372204333544 - actor/loss:0.014875762164592743 - actor/grad_norm:0.07027622312307358 - actor/lr:4.9999028113072344e-06 - perf/mfu/actor:0.3816451871535632 - training/global_step:11 - training/epoch:0 - critic/score/mean:0.17041015625 - critic/score/max:1.0 - critic/score/min:0.0 - critic/rewards/mean:0.17041015625 - critic/rewards/max:1.0 - critic/rewards/min:0.0 - critic/advantages/mean:-0.015149296261370182 - critic/advantages/max:2.4748666286468506 - critic/advantages/min:-1.6201815605163574 - critic/returns/mean:-0.015149296261370182 - critic/returns/max:2.4748666286468506 - critic/returns/min:-1.6201815605163574 - response_length/mean:831.88330078125 - response_length/max:2048.0 - response_length/min:4.0 - response_length/clip_ratio:0.083984375 - response_length_non_aborted/mean:831.88330078125 - response_length_non_aborted/max:2048.0 - response_length_non_aborted/min:4.0 - response_length_non_aborted/clip_ratio:0.083984375 - response/aborted_ratio:0.0 - prompt_length/mean:129.23046875 - prompt_length/max:483.0 - prompt_length/min:58.0 - prompt_length/clip_ratio:0.0 - num_turns/min:2 - num_turns/max:2 - num_turns/mean:2.0 - timing_s/start_profile:8.122999861370772e-05 - timing_s/agent_loop/num_preempted/min:-1 - timing_s/agent_loop/num_preempted/max:-1 - timing_s/agent_loop/num_preempted/mean:-1.0 - timing_s/agent_loop/generate_sequences/min:0.506978759993217 - timing_s/agent_loop/generate_sequences/max:67.56912382801238 - timing_s/agent_loop/generate_sequences/mean:37.213199537987215 - timing_s/agent_loop/tool_calls/min:0.0 - timing_s/agent_loop/tool_calls/max:0.0 - timing_s/agent_loop/tool_calls/mean:0.0 - timing_s/agent_loop/compute_score/min:0.004877244005911052 - timing_s/agent_loop/compute_score/max:0.08733825600938872 - timing_s/agent_loop/compute_score/mean:0.012828267287616768 - timing_s/agent_loop/slowest/generate_sequences:67.55741211200075 - timing_s/agent_loop/slowest/tool_calls:0.0 - timing_s/agent_loop/slowest/compute_score:0.05924871399474796 - timing_s/agent_loop/slowest/num_preempted:-1 - timing_s/agent_loop/slowest/prompt_length:100 - timing_s/agent_loop/slowest/response_length:2048 - timing_s/gen:69.86022546100139 - timing_s/reward:2.5711997295729816e-05 - timing_s/old_log_prob:17.055761063995305 - timing_s/adv:0.0329008170083398 - timing_s/update_actor:55.52704170499055 - timing_s/update_weights:3.234913742999197 - timing_s/step:146.25844059800147 - timing_s/stop_profile:0.00018664599338080734 - timing_per_token_ms/adv:1.6714828737380898e-05 - timing_per_token_ms/gen:0.041005076290561875 - timing_per_token_ms/update_actor:0.028209785555083924 - perf/total_num_tokens:1968361 - perf/time_per_step:146.25844059800147 - perf/throughput:3364.525479609989[36m(TaskRunner pid=49193)[0m Training Progress:   3%|▎         | 11/348 [28:33<14:01:29, 149.82s/it]
[36m(WorkerDict pid=52396)[0m INFO:2026-06-07 05:35:41,606:update_weights done, time cost: 1.90s
[36m(TaskRunner pid=49193)[0m Training Progress:   3%|▎         | 12/348 [31:05<14:02:36, 150.46s/it]
[36m(WorkerDict pid=52396)[0m INFO:2026-06-07 05:38:09,009:update_weights done, time cost: 2.09s
[36m(TaskRunner pid=49193)[0m Training Progress:   4%|▎         | 13/348 [33:33<13:54:45, 149.51s/it]
[36m(WorkerDict pid=52396)[0m INFO:2026-06-07 05:40:40,027:update_weights done, time cost: 2.17s

[36m(TaskRunner pid=49193)[0m step:12 - global_seqlen/min:453537 - global_seqlen/max:541749 - global_seqlen/minmax_diff:88212 - global_seqlen/balanced_min:494602 - global_seqlen/balanced_max:494610 - global_seqlen/mean:494606.25 - actor/entropy:0.2488325983285904 - perf/mfu/actor_infer:0.4713321882184023 - actor/pg_clipfrac:0.0 - actor/ppo_kl:0.0 - actor/pg_clipfrac_lower:0.0 - actor/pg_loss:0.022947144259887864 - actor/entropy_loss:0.2488325908780098 - actor/loss:0.022698312997817993 - actor/grad_norm:0.07481653988361359 - actor/lr:4.999611253625062e-06 - perf/mfu/actor:0.38569137720703267 - training/global_step:12 - training/epoch:0 - critic/score/mean:0.17138671875 - critic/score/max:1.0 - critic/score/min:0.0 - critic/rewards/mean:0.17138671875 - critic/rewards/max:1.0 - critic/rewards/min:0.0 - critic/advantages/mean:-0.02294713817536831 - critic/advantages/max:2.4748666286468506 - critic/advantages/min:-2.4748666286468506 - critic/returns/mean:-0.02294713817536831 - critic/returns/max:2.4748666286468506 - critic/returns/min:-2.4748666286468506 - response_length/mean:828.35595703125 - response_length/max:2048.0 - response_length/min:13.0 - response_length/clip_ratio:0.0673828125 - response_length_non_aborted/mean:828.35595703125 - response_length_non_aborted/max:2048.0 - response_length_non_aborted/min:13.0 - response_length_non_aborted/clip_ratio:0.0673828125 - response/aborted_ratio:0.0 - prompt_length/mean:137.671875 - prompt_length/max:462.0 - prompt_length/min:60.0 - prompt_length/clip_ratio:0.0 - num_turns/min:2 - num_turns/max:2 - num_turns/mean:2.0 - timing_s/start_profile:8.114699448924512e-05 - timing_s/agent_loop/num_preempted/min:-1 - timing_s/agent_loop/num_preempted/max:-1 - timing_s/agent_loop/num_preempted/mean:-1.0 - timing_s/agent_loop/generate_sequences/min:1.0454294079972897 - timing_s/agent_loop/generate_sequences/max:73.36035267398984 - timing_s/agent_loop/generate_sequences/mean:37.68194181286249 - timing_s/agent_loop/tool_calls/min:0.0 - timing_s/agent_loop/tool_calls/max:0.0 - timing_s/agent_loop/tool_calls/mean:0.0 - timing_s/agent_loop/compute_score/min:0.0036408779997145757 - timing_s/agent_loop/compute_score/max:0.3351468779874267 - timing_s/agent_loop/compute_score/mean:0.011320498254363542 - timing_s/agent_loop/slowest/generate_sequences:73.36035267398984 - timing_s/agent_loop/slowest/tool_calls:0.0 - timing_s/agent_loop/slowest/compute_score:0.013065785009530373 - timing_s/agent_loop/slowest/num_preempted:-1 - timing_s/agent_loop/slowest/prompt_length:114 - timing_s/agent_loop/slowest/response_length:2048 - timing_s/gen:76.31539278400305 - timing_s/reward:3.631399886216968e-05 - timing_s/old_log_prob:17.16859838498931 - timing_s/adv:0.02990937100548763 - timing_s/update_actor:54.781507160005276 - timing_s/update_weights:2.9654743839928415 - timing_s/step:151.81776137900306 - timing_s/stop_profile:0.000194729000213556 - timing_per_token_ms/adv:1.5117768429678976e-05 - timing_per_token_ms/gen:0.04498473761975761 - timing_per_token_ms/update_actor:0.027689453560284204 - perf/total_num_tokens:1978425 - perf/time_per_step:151.81776137900306 - perf/throughput:3257.8945013241764
[36m(TaskRunner pid=49193)[0m step:13 - global_seqlen/min:468193 - global_seqlen/max:505840 - global_seqlen/minmax_diff:37647 - global_seqlen/balanced_min:493518 - global_seqlen/balanced_max:493525 - global_seqlen/mean:493521.0 - actor/entropy:0.2533910572528839 - perf/mfu/actor_infer:0.4728209508780072 - actor/pg_clipfrac:0.0 - actor/ppo_kl:0.0 - actor/pg_clipfrac_lower:0.0 - actor/pg_loss:0.018357220397319907 - actor/entropy_loss:0.2533910730853677 - actor/loss:0.01810383051633835 - actor/grad_norm:0.06328092515468597 - actor/lr:4.999125352141137e-06 - perf/mfu/actor:0.3857423476994871 - training/global_step:13 - training/epoch:0 - critic/score/mean:0.1796875 - critic/score/max:1.0 - critic/score/min:0.0 - critic/rewards/mean:0.1796875 - critic/rewards/max:1.0 - critic/rewards/min:0.0 - critic/advantages/mean:-0.01835722103714943 - critic/advantages/max:2.4748666286468506 - critic/advantages/min:-2.4748666286468506 - critic/returns/mean:-0.01835722103714943 - critic/returns/max:2.4748666286468506 - critic/returns/min:-2.4748666286468506 - response_length/mean:826.525390625 - response_length/max:2048.0 - response_length/min:28.0 - response_length/clip_ratio:0.05615234375 - response_length_non_aborted/mean:826.525390625 - response_length_non_aborted/max:2048.0 - response_length_non_aborted/min:28.0 - response_length_non_aborted/clip_ratio:0.05615234375 - response/aborted_ratio:0.0 - prompt_length/mean:137.3828125 - prompt_length/max:312.0 - prompt_length/min:59.0 - prompt_length/clip_ratio:0.0 - num_turns/min:2 - num_turns/max:2 - num_turns/mean:2.0 - timing_s/start_profile:8.361200161743909e-05 - timing_s/agent_loop/num_preempted/min:-1 - timing_s/agent_loop/num_preempted/max:-1 - timing_s/agent_loop/num_preempted/mean:-1.0 - timing_s/agent_loop/generate_sequences/min:2.1985820590052754 - timing_s/agent_loop/generate_sequences/max:68.63669839000795 - timing_s/agent_loop/generate_sequences/mean:39.333004221941515 - timing_s/agent_loop/tool_calls/min:0.0 - timing_s/agent_loop/tool_calls/max:0.0 - timing_s/agent_loop/tool_calls/mean:0.0 - timing_s/agent_loop/compute_score/min:0.00503286300227046 - timing_s/agent_loop/compute_score/max:0.04371944499143865 - timing_s/agent_loop/compute_score/mean:0.01213887352291465 - timing_s/agent_loop/slowest/generate_sequences:68.63669839000795 - timing_s/agent_loop/slowest/tool_calls:0.0 - timing_s/agent_loop/slowest/compute_score:0.011446773001807742 - timing_s/agent_loop/slowest/num_preempted:-1 - timing_s/agent_loop/slowest/prompt_length:88 - timing_s/agent_loop/slowest/response_length:2048 - timing_s/gen:71.13047867899877 - timing_s/reward:2.569200296420604e-05 - timing_s/old_log_prob:17.282473102997756 - timing_s/adv:0.05139871500432491 - timing_s/update_actor:55.07439436200366 - timing_s/update_weights:3.1472590399935143 - timing_s/step:147.24607480199484 - timing_s/stop_profile:5.8645993703976274e-05 - timing_per_token_ms/adv:2.6036741599812832e-05 - timing_per_token_ms/gen:0.042021309250060125 - timing_per_token_ms/update_actor:0.027898708647658185 - perf/total_num_tokens:1974084 - perf/time_per_step:147.24607480199484 - perf/throughput:3351.6750831127347
[36m(TaskRunner pid=49193)[0m step:14 - global_seqlen/min:463260 - global_seqlen/max:511730 - global_seqlen/minmax_diff:48470 - global_seqlen/balanced_min:494781 - global_seqlen/balanced_max:494790 - global_seqlen/mean:494786.0 - actor/entropy:0.24210216104984283 - perf/mfu/actor_infer:0.4730894133349867 - actor/pg_clipfrac:0.0 - actor/ppo_kl:0.0 - actor/pg_clipfrac_lower:0.0 - actor/pg_loss:0.015653736583772115 - actor/entropy_loss:0.2421021587215364 - actor/loss:0.01541163306683302 - actor/grad_norm:0.06649931520223618 - actor/lr:4.9984451488324624e-06 - perf/mfu/actor:0.3841156024593254 - training/global_step:14 - training/epoch:0 - critic/score/mean:0.19091796875 - critic/score/max:1.0 - critic/score/min:0.0 - critic/rewards/mean:0.19091796875 - critic/rewards/max:1.0 - critic/rewards/min:0.0 - critic/advantages/mean:-0.015653736889362335 - critic/advantages/max:2.4748666286468506 - critic/advantages/min:-2.4748666286468506 - critic/returns/mean:-0.015653736889362335 - critic/returns/max:2.4748666286468506 - critic/returns/min:-2.4748666286468506 - response_length/mean:834.30859375 - response_length/max:2048.0 - response_length/min:61.0 - response_length/clip_ratio:0.0625 - response_length_non_aborted/mean:834.30859375 - response_length_non_aborted/max:2048.0 - response_length_non_aborted/min:61.0 - response_length_non_aborted/clip_ratio:0.0625 - response/aborted_ratio:0.0 - prompt_length/mean:132.0703125 - prompt_length/max:477.0 - prompt_length/min:62.0 - prompt_length/clip_ratio:0.0 - num_turns/min:2 - num_turns/max:2 - num_turns/mean:2.0 - timing_s/start_profile:6.133101123850793e-05 - timing_s/agent_loop/num_preempted/min:-1 - timing_s/agent_loop/num_preempted/max:-1 - timing_s/agent_loop/num_preempted/mean:-1.0 - timing_s/agent_loop/generate_sequences/min:3.626271054992685 - timing_s/agent_loop/generate_sequences/max:71.99566482299997 - timing_s/agent_loop/generate_sequences/mean:39.69015063764191 - timing_s/agent_loop/tool_calls/min:0.0 - timing_s/agent_loop/tool_calls/max:0.0 - timing_s/agent_loop/tool_calls/mean:0.0 - timing_s/agent_loop/compute_score/min:0.0048686359950806946 - timing_s/agent_loop/compute_score/max:0.07099903300695587 - timing_s/agent_loop/compute_score/mean:0.012552354443869262 - timing_s/agent_loop/slowest/generate_sequences:71.99566482299997 - timing_s/agent_loop/slowest/tool_calls:0.0 - timing_s/agent_loop/slowest/compute_score:0.01394851399527397 - timing_s/agent_loop/slowest/num_preempted:-1 - timing_s/agent_loop/slowest/prompt_length:68 - timing_s/agent_loop/slowest/response_length:2048 - timing_s/gen:74.50347868600511 - timing_s/reward:3.990299592260271e-05 - timing_s/old_log_prob:17.31425610400038 - timing_s/adv:0.04487029199663084 - timing_s/update_actor:55.268237294993014 - timing_s/update_weights:3.243107931994018 - timing_s/step:150.92102179001085 - timing_s/stop_profile:0.00019449699902907014 - timing_per_token_ms/adv:2.26715650789588e-05 - timing_per_token_ms/gen:0.04360335249411535 - timing_per_token_ms/update_actor:0.027925323925390478 - perf/total_num_tokens:1979144 - perf/time_per_step:150.92102179001085 - perf/throughput:3278.443215739935[36m(TaskRunner pid=49193)[0m Training Progress:   4%|▍         | 14/348 [36:04<13:54:53, 149.98s/it]
[36m(WorkerDict pid=52396)[0m INFO:2026-06-07 05:42:59,870:update_weights done, time cost: 2.16s
[36m(TaskRunner pid=49193)[0m Training Progress:   4%|▍         | 15/348 [38:23<13:35:21, 146.91s/it]
[36m(WorkerDict pid=52396)[0m INFO:2026-06-07 05:45:34,349:update_weights done, time cost: 1.64s
[36m(TaskRunner pid=49193)[0m Training Progress:   5%|▍         | 16/348 [40:58<13:46:05, 149.29s/it]
[36m(WorkerDict pid=52396)[0m INFO:2026-06-07 05:47:56,237:update_weights done, time cost: 1.67s

[36m(TaskRunner pid=49193)[0m step:15 - global_seqlen/min:447302 - global_seqlen/max:501655 - global_seqlen/minmax_diff:54353 - global_seqlen/balanced_min:475749 - global_seqlen/balanced_max:475764 - global_seqlen/mean:475759.75 - actor/entropy:0.24909910559654236 - perf/mfu/actor_infer:0.4710698397991409 - actor/pg_clipfrac:0.0 - actor/ppo_kl:0.0 - actor/pg_clipfrac_lower:0.0 - actor/pg_loss:0.015206567139102845 - actor/entropy_loss:0.24909908417612314 - actor/loss:0.014957468025386333 - actor/grad_norm:0.06385017186403275 - actor/lr:4.99757070246177e-06 - perf/mfu/actor:0.384727291339031 - training/global_step:15 - training/epoch:0 - critic/score/mean:0.19921875 - critic/score/max:1.0 - critic/score/min:0.0 - critic/rewards/mean:0.19921875 - critic/rewards/max:1.0 - critic/rewards/min:0.0 - critic/advantages/mean:-0.015206572599709034 - critic/advantages/max:2.4748666286468506 - critic/advantages/min:-2.4748666286468506 - critic/returns/mean:-0.015206572599709034 - critic/returns/max:2.4748666286468506 - critic/returns/min:-2.4748666286468506 - response_length/mean:799.94873046875 - response_length/max:2048.0 - response_length/min:65.0 - response_length/clip_ratio:0.0498046875 - response_length_non_aborted/mean:799.94873046875 - response_length_non_aborted/max:2048.0 - response_length_non_aborted/min:65.0 - response_length_non_aborted/clip_ratio:0.0498046875 - response/aborted_ratio:0.0 - prompt_length/mean:129.26953125 - prompt_length/max:406.0 - prompt_length/min:56.0 - prompt_length/clip_ratio:0.0 - num_turns/min:2 - num_turns/max:2 - num_turns/mean:2.0 - timing_s/start_profile:8.481400436721742e-05 - timing_s/agent_loop/num_preempted/min:-1 - timing_s/agent_loop/num_preempted/max:-1 - timing_s/agent_loop/num_preempted/mean:-1.0 - timing_s/agent_loop/generate_sequences/min:3.7569090650067665 - timing_s/agent_loop/generate_sequences/max:63.649538729005144 - timing_s/agent_loop/generate_sequences/mean:37.16887503857298 - timing_s/agent_loop/tool_calls/min:0.0 - timing_s/agent_loop/tool_calls/max:0.0 - timing_s/agent_loop/tool_calls/mean:0.0 - timing_s/agent_loop/compute_score/min:0.005217915007960983 - timing_s/agent_loop/compute_score/max:0.053917338998871855 - timing_s/agent_loop/compute_score/mean:0.012026416583346133 - timing_s/agent_loop/slowest/generate_sequences:63.649538729005144 - timing_s/agent_loop/slowest/tool_calls:0.0 - timing_s/agent_loop/slowest/compute_score:0.012409443006617948 - timing_s/agent_loop/slowest/num_preempted:-1 - timing_s/agent_loop/slowest/prompt_length:114 - timing_s/agent_loop/slowest/response_length:2048 - timing_s/gen:65.79846137898858 - timing_s/reward:3.3720003557391465e-05 - timing_s/old_log_prob:16.872390951000853 - timing_s/adv:0.04438648199720774 - timing_s/update_actor:53.23690350400284 - timing_s/update_weights:3.15313004500058 - timing_s/step:139.6828789489955 - timing_s/stop_profile:0.00023165201127994806 - timing_per_token_ms/adv:2.3324000189805747e-05 - timing_per_token_ms/gen:0.040162767620598595 - timing_per_token_ms/update_actor:0.027974678135341862 - perf/total_num_tokens:1903039 - perf/time_per_step:139.6828789489955 - perf/throughput:3405.9990285117283
[36m(TaskRunner pid=49193)[0m step:16 - global_seqlen/min:478805 - global_seqlen/max:536383 - global_seqlen/minmax_diff:57578 - global_seqlen/balanced_min:515044 - global_seqlen/balanced_max:515047 - global_seqlen/mean:515045.5 - actor/entropy:0.21731899678707123 - perf/mfu/actor_infer:0.46973376707827597 - actor/pg_clipfrac:0.0 - actor/ppo_kl:0.0 - actor/pg_clipfrac_lower:0.0 - actor/pg_loss:0.0163956466185482 - actor/entropy_loss:0.2173190067987889 - actor/loss:0.016178328543901443 - actor/grad_norm:0.06049678847193718 - actor/lr:4.996502088572435e-06 - perf/mfu/actor:0.38620618821382824 - training/global_step:16 - training/epoch:0 - critic/score/mean:0.2021484375 - critic/score/max:1.0 - critic/score/min:0.0 - critic/rewards/mean:0.2021484375 - critic/rewards/max:1.0 - critic/rewards/min:0.0 - critic/advantages/mean:-0.016395650804042816 - critic/advantages/max:2.4748666286468506 - critic/advantages/min:-2.4748666286468506 - critic/returns/mean:-0.016395650804042816 - critic/returns/max:2.4748666286468506 - critic/returns/min:-2.4748666286468506 - response_length/mean:875.0732421875 - response_length/max:2048.0 - response_length/min:127.0 - response_length/clip_ratio:0.0673828125 - response_length_non_aborted/mean:875.0732421875 - response_length_non_aborted/max:2048.0 - response_length_non_aborted/min:127.0 - response_length_non_aborted/clip_ratio:0.0673828125 - response/aborted_ratio:0.0 - prompt_length/mean:130.875 - prompt_length/max:463.0 - prompt_length/min:58.0 - prompt_length/clip_ratio:0.0 - num_turns/min:2 - num_turns/max:2 - num_turns/mean:2.0 - timing_s/start_profile:8.514299406670034e-05 - timing_s/agent_loop/num_preempted/min:-1 - timing_s/agent_loop/num_preempted/max:-1 - timing_s/agent_loop/num_preempted/mean:-1.0 - timing_s/agent_loop/generate_sequences/min:7.282705306992284 - timing_s/agent_loop/generate_sequences/max:73.37446074599575 - timing_s/agent_loop/generate_sequences/mean:41.679117944261584 - timing_s/agent_loop/tool_calls/min:0.0 - timing_s/agent_loop/tool_calls/max:0.0 - timing_s/agent_loop/tool_calls/mean:0.0 - timing_s/agent_loop/compute_score/min:0.0046798640105407685 - timing_s/agent_loop/compute_score/max:0.07567774700873997 - timing_s/agent_loop/compute_score/mean:0.012463813655216427 - timing_s/agent_loop/slowest/generate_sequences:73.37446074599575 - timing_s/agent_loop/slowest/tool_calls:0.0 - timing_s/agent_loop/slowest/compute_score:0.01913709299697075 - timing_s/agent_loop/slowest/num_preempted:-1 - timing_s/agent_loop/slowest/prompt_length:205 - timing_s/agent_loop/slowest/response_length:2048 - timing_s/gen:75.78767418199277 - timing_s/reward:3.491400275379419e-05 - timing_s/old_log_prob:18.11469432899321 - timing_s/adv:0.04390398200484924 - timing_s/update_actor:57.188409217007575 - timing_s/update_weights:2.99501768501068 - timing_s/step:154.71392740300507 - timing_s/stop_profile:0.00019207199511583894 - timing_per_token_ms/adv:2.131072983107766e-05 - timing_per_token_ms/gen:0.04228868910637657 - timing_per_token_ms/update_actor:0.027758911211246177 - perf/total_num_tokens:2060182 - perf/time_per_step:154.71392740300507 - perf/throughput:3329.0183285076123
[36m(TaskRunner pid=49193)[0m step:17 - global_seqlen/min:455096 - global_seqlen/max:523279 - global_seqlen/minmax_diff:68183 - global_seqlen/balanced_min:478189 - global_seqlen/balanced_max:478193 - global_seqlen/mean:478190.75 - actor/entropy:0.2650766670703888 - perf/mfu/actor_infer:0.46909361218249707 - actor/pg_clipfrac:0.0 - actor/ppo_kl:0.0 - actor/pg_clipfrac_lower:0.0 - actor/pg_loss:0.013050376041974232 - actor/entropy_loss:0.26507668499834836 - actor/loss:0.012785300612449646 - actor/grad_norm:0.06568078696727753 - actor/lr:4.995239399481958e-06 - perf/mfu/actor:0.38412658446755565 - training/global_step:17 - training/epoch:0 - critic/score/mean:0.1904296875 - critic/score/max:1.0 - critic/score/min:0.0 - critic/rewards/mean:0.1904296875 - critic/rewards/max:1.0 - critic/rewards/min:0.0 - critic/advantages/mean:-0.013050373643636703 - critic/advantages/max:2.4748666286468506 - critic/advantages/min:-2.4748666286468506 - critic/returns/mean:-0.013050373643636703 - critic/returns/max:2.4748666286468506 - critic/returns/min:-2.4748666286468506 - response_length/mean:804.51318359375 - response_length/max:2048.0 - response_length/min:30.0 - response_length/clip_ratio:0.033203125 - response_length_non_aborted/mean:804.51318359375 - response_length_non_aborted/max:2048.0 - response_length_non_aborted/min:30.0 - response_length_non_aborted/clip_ratio:0.033203125 - response/aborted_ratio:0.0 - prompt_length/mean:129.453125 - prompt_length/max:364.0 - prompt_length/min:55.0 - prompt_length/clip_ratio:0.0 - num_turns/min:2 - num_turns/max:2 - num_turns/mean:2.0 - timing_s/start_profile:5.9094003518112004e-05 - timing_s/agent_loop/num_preempted/min:-1 - timing_s/agent_loop/num_preempted/max:-1 - timing_s/agent_loop/num_preempted/mean:-1.0 - timing_s/agent_loop/generate_sequences/min:2.0162369799945736 - timing_s/agent_loop/generate_sequences/max:65.42341369600035 - timing_s/agent_loop/generate_sequences/mean:38.449555376502474 - timing_s/agent_loop/tool_calls/min:0.0 - timing_s/agent_loop/tool_calls/max:0.0 - timing_s/agent_loop/tool_calls/mean:0.0 - timing_s/agent_loop/compute_score/min:0.004661883998778649 - timing_s/agent_loop/compute_score/max:0.06267937600205187 - timing_s/agent_loop/compute_score/mean:0.011504916982694624 - timing_s/agent_loop/slowest/generate_sequences:65.42341369600035 - timing_s/agent_loop/slowest/tool_calls:0.0 - timing_s/agent_loop/slowest/compute_score:0.012596604006830603 - timing_s/agent_loop/slowest/num_preempted:-1 - timing_s/agent_loop/slowest/prompt_length:142 - timing_s/agent_loop/slowest/response_length:2048 - timing_s/gen:67.92671922899899 - timing_s/reward:3.210699651390314e-05 - timing_s/old_log_prob:17.236943416995928 - timing_s/adv:0.03379484800097998 - timing_s/update_actor:52.948171619005734 - timing_s/update_weights:3.196582608987228 - timing_s/step:141.93889418999606 - timing_s/stop_profile:5.554300150834024e-05 - timing_per_token_ms/adv:1.766807910911074e-05 - timing_per_token_ms/gen:0.04122660019737224 - timing_per_token_ms/update_actor:0.02768151183340839 - perf/total_num_tokens:1912763 - perf/time_per_step:141.93889418999606 - perf/throughput:3368.990245618689[36m(TaskRunner pid=49193)[0m Training Progress:   5%|▍         | 17/348 [43:20<13:31:31, 147.11s/it]
[36m(WorkerDict pid=52396)[0m INFO:2026-06-07 05:50:20,220:update_weights done, time cost: 2.12s
[36m(TaskRunner pid=49193)[0m Training Progress:   5%|▌         | 18/348 [45:44<13:23:36, 146.11s/it]
[36m(WorkerDict pid=52396)[0m INFO:2026-06-07 05:52:47,439:update_weights done, time cost: 2.08s
[36m(TaskRunner pid=49193)[0m Training Progress:   5%|▌         | 19/348 [48:11<13:22:28, 146.35s/it]
[36m(WorkerDict pid=52396)[0m INFO:2026-06-07 05:55:10,513:[Rank 0] Saved model to /workspace/AI4AI/experiments/claude-code-verl/workspace/checkpoints/grpo_v2/global_step_20/actor/model_world_size_4_rank_0.pt
[36m(WorkerDict pid=52396)[0m INFO:2026-06-07 05:55:15,448:[Rank 0] Saved optim to /workspace/AI4AI/experiments/claude-code-verl/workspace/checkpoints/grpo_v2/global_step_20/actor/optim_world_size_4_rank_0.pt
[36m(WorkerDict pid=52396)[0m INFO:2026-06-07 05:55:15,451:[Rank 0] Saved extra_state to /workspace/AI4AI/experiments/claude-code-verl/workspace/checkpoints/grpo_v2/global_step_20/actor/extra_state_world_size_4_rank_0.pt
[36m(WorkerDict pid=52396)[0m INFO:2026-06-07 05:55:15,665:[Rank 0] Saved model config and tokenizer class to /workspace/AI4AI/experiments/claude-code-verl/workspace/checkpoints/grpo_v2/global_step_20/actor/huggingface
[36m(WorkerDict pid=52398)[0m INFO:2026-06-07 05:55:11,310:[Rank 2] Saved model to /workspace/AI4AI/experiments/claude-code-verl/workspace/checkpoints/grpo_v2/global_step_20/actor/model_world_size_4_rank_2.pt[32m [repeated 3x across cluster][0m
[36m(WorkerDict pid=52396)[0m INFO:2026-06-07 05:55:19,588:update_weights done, time cost: 1.62s

[36m(TaskRunner pid=49193)[0m step:18 - global_seqlen/min:441021 - global_seqlen/max:501261 - global_seqlen/minmax_diff:60240 - global_seqlen/balanced_min:478961 - global_seqlen/balanced_max:478963 - global_seqlen/mean:478961.75 - actor/entropy:0.2754462957382202 - perf/mfu/actor_infer:0.4679153199804271 - actor/pg_clipfrac:0.0 - actor/ppo_kl:0.0 - actor/pg_clipfrac_lower:0.0 - actor/pg_loss:0.01965185222798027 - actor/entropy_loss:0.27544626127928495 - actor/loss:0.01937640644609928 - actor/grad_norm:0.0735921859741211 - actor/lr:4.993782744273986e-06 - perf/mfu/actor:0.38381596225070796 - training/global_step:18 - training/epoch:0 - critic/score/mean:0.22314453125 - critic/score/max:1.0 - critic/score/min:0.0 - critic/rewards/mean:0.22314453125 - critic/rewards/max:1.0 - critic/rewards/min:0.0 - critic/advantages/mean:-0.019651848822832108 - critic/advantages/max:2.4748666286468506 - critic/advantages/min:-2.4748666286468506 - critic/returns/mean:-0.019651848822832108 - critic/returns/max:2.4748666286468506 - critic/returns/min:-2.4748666286468506 - response_length/mean:799.10498046875 - response_length/max:2048.0 - response_length/min:105.0 - response_length/clip_ratio:0.03369140625 - response_length_non_aborted/mean:799.10498046875 - response_length_non_aborted/max:2048.0 - response_length_non_aborted/min:105.0 - response_length_non_aborted/clip_ratio:0.03369140625 - response/aborted_ratio:0.0 - prompt_length/mean:136.3671875 - prompt_length/max:477.0 - prompt_length/min:57.0 - prompt_length/clip_ratio:0.0 - num_turns/min:2 - num_turns/max:2 - num_turns/mean:2.0 - timing_s/start_profile:0.00018722200184129179 - timing_s/agent_loop/num_preempted/min:-1 - timing_s/agent_loop/num_preempted/max:-1 - timing_s/agent_loop/num_preempted/mean:-1.0 - timing_s/agent_loop/generate_sequences/min:5.787109152995981 - timing_s/agent_loop/generate_sequences/max:66.4298965989874 - timing_s/agent_loop/generate_sequences/mean:38.328324643205555 - timing_s/agent_loop/tool_calls/min:0.0 - timing_s/agent_loop/tool_calls/max:0.0 - timing_s/agent_loop/tool_calls/mean:0.0 - timing_s/agent_loop/compute_score/min:0.005475462996400893 - timing_s/agent_loop/compute_score/max:0.038875732992892154 - timing_s/agent_loop/compute_score/mean:0.011907886310986271 - timing_s/agent_loop/slowest/generate_sequences:66.41968612698838 - timing_s/agent_loop/slowest/tool_calls:0.0 - timing_s/agent_loop/slowest/compute_score:0.025816359993768856 - timing_s/agent_loop/slowest/num_preempted:-1 - timing_s/agent_loop/slowest/prompt_length:122 - timing_s/agent_loop/slowest/response_length:2048 - timing_s/gen:68.55241390698939 - timing_s/reward:3.872399975080043e-05 - timing_s/old_log_prob:17.201150960987434 - timing_s/adv:0.06046735600102693 - timing_s/update_actor:53.779336352992686 - timing_s/update_weights:3.426159173002816 - timing_s/step:143.60561921499902 - timing_s/stop_profile:0.00022527399414684623 - timing_per_token_ms/adv:3.1561683162082844e-05 - timing_per_token_ms/gen:0.0418879360924358 - timing_per_token_ms/update_actor:0.0280707887179888 - perf/total_num_tokens:1915847 - perf/time_per_step:143.60561921499902 - perf/throughput:3335.2577191490177
[36m(TaskRunner pid=49193)[0m step:19 - global_seqlen/min:468188 - global_seqlen/max:501872 - global_seqlen/minmax_diff:33684 - global_seqlen/balanced_min:484024 - global_seqlen/balanced_max:484031 - global_seqlen/mean:484028.25 - actor/entropy:0.28035518527030945 - perf/mfu/actor_infer:0.4701927534093755 - actor/pg_clipfrac:0.0 - actor/ppo_kl:0.0 - actor/pg_clipfrac_lower:0.0 - actor/pg_loss:0.014094999672124686 - actor/entropy_loss:0.28035520226694643 - actor/loss:0.01381464209407568 - actor/grad_norm:0.07130443304777145 - actor/lr:4.992132248788887e-06 - perf/mfu/actor:0.3855747715444642 - training/global_step:19 - training/epoch:0 - critic/score/mean:0.234375 - critic/score/max:1.0 - critic/score/min:0.0 - critic/rewards/mean:0.234375 - critic/rewards/max:1.0 - critic/rewards/min:0.0 - critic/advantages/mean:-0.014094999060034752 - critic/advantages/max:2.4748666286468506 - critic/advantages/min:-2.4748666286468506 - critic/returns/mean:-0.014094999060034752 - critic/returns/max:2.4748666286468506 - critic/returns/min:-2.4748666286468506 - response_length/mean:813.89111328125 - response_length/max:2048.0 - response_length/min:91.0 - response_length/clip_ratio:0.041015625 - response_length_non_aborted/mean:813.89111328125 - response_length_non_aborted/max:2048.0 - response_length_non_aborted/min:91.0 - response_length_non_aborted/clip_ratio:0.041015625 - response/aborted_ratio:0.0 - prompt_length/mean:131.4765625 - prompt_length/max:451.0 - prompt_length/min:59.0 - prompt_length/clip_ratio:0.0 - num_turns/min:2 - num_turns/max:2 - num_turns/mean:2.0 - timing_s/start_profile:8.111000352073461e-05 - timing_s/agent_loop/num_preempted/min:-1 - timing_s/agent_loop/num_preempted/max:-1 - timing_s/agent_loop/num_preempted/mean:-1.0 - timing_s/agent_loop/generate_sequences/min:5.177583682991099 - timing_s/agent_loop/generate_sequences/max:69.05280551999749 - timing_s/agent_loop/generate_sequences/mean:39.28981189957915 - timing_s/agent_loop/tool_calls/min:0.0 - timing_s/agent_loop/tool_calls/max:0.0 - timing_s/agent_loop/tool_calls/mean:0.0 - timing_s/agent_loop/compute_score/min:0.005539860998396762 - timing_s/agent_loop/compute_score/max:0.06378478099941276 - timing_s/agent_loop/compute_score/mean:0.012177357664626243 - timing_s/agent_loop/slowest/generate_sequences:69.05280551999749 - timing_s/agent_loop/slowest/tool_calls:0.0 - timing_s/agent_loop/slowest/compute_score:0.013182050985051319 - timing_s/agent_loop/slowest/num_preempted:-1 - timing_s/agent_loop/slowest/prompt_length:99 - timing_s/agent_loop/slowest/response_length:2048 - timing_s/gen:71.70639396100887 - timing_s/reward:4.17219998780638e-05 - timing_s/old_log_prob:17.28101431700634 - timing_s/adv:0.060691049991874024 - timing_s/update_actor:54.02998799100169 - timing_s/update_weights:3.1450275200186297 - timing_s/step:146.82382200000575 - timing_s/stop_profile:5.8828998589888215e-05 - timing_per_token_ms/adv:3.134685320116854e-05 - timing_per_token_ms/gen:0.04301913008377416 - timing_per_token_ms/update_actor:0.02790642281261563 - perf/total_num_tokens:1936113 - perf/time_per_step:146.82382200000575 - perf/throughput:3296.6601972803915
[36m(TaskRunner pid=49193)[0m local_global_step_folder: /workspace/AI4AI/experiments/claude-code-verl/workspace/checkpoints/grpo_v2/global_step_20
[36m(TaskRunner pid=49193)[0m 
[36m(TaskRunner pid=49193)[0m step:20 - global_seqlen/min:465431 - global_seqlen/max:505438 - global_seqlen/minmax_diff:40007 - global_seqlen/balanced_min:478691 - global_seqlen/balanced_max:478714 - global_seqlen/mean:478705.5 - actor/entropy:0.339536190032959 - perf/mfu/actor_infer:0.4715473019113106 - actor/pg_clipfrac:0.0 - actor/ppo_kl:0.0 - actor/pg_clipfrac_lower:0.0 - actor/pg_loss:0.003101280281043728 - actor/entropy_loss:0.33953614020720124 - actor/loss:0.0027617448940873146 - actor/grad_norm:0.07433128356933594 - actor/lr:4.9902880556128816e-06 - perf/mfu/actor:0.38698489219759286 - training/global_step:20 - training/epoch:0 - critic/score/mean:0.22900390625 - critic/score/max:1.0 - critic/score/min:0.0 - critic/rewards/mean:0.22900390625 - critic/rewards/max:1.0 - critic/rewards/min:0.0 - critic/advantages/mean:-0.0031012813560664654 - critic/advantages/max:2.4748666286468506 - critic/advantages/min:-2.4748666286468506 - critic/returns/mean:-0.0031012813560664654 - critic/returns/max:2.4748666286468506 - critic/returns/min:-2.4748666286468506 - response_length/mean:804.5576171875 - response_length/max:2048.0 - response_length/min:23.0 - response_length/clip_ratio:0.02880859375 - response_length_non_aborted/mean:804.5576171875 - response_length_non_aborted/max:2048.0 - response_length_non_aborted/min:23.0 - response_length_non_aborted/clip_ratio:0.02880859375 - response/aborted_ratio:0.0 - prompt_length/mean:130.4140625 - prompt_length/max:437.0 - prompt_length/min:56.0 - prompt_length/clip_ratio:0.0 - num_turns/min:2 - num_turns/max:2 - num_turns/mean:2.0 - timing_s/start_profile:6.089999806135893e-05 - timing_s/agent_loop/num_preempted/min:-1 - timing_s/agent_loop/num_preempted/max:-1 - timing_s/agent_loop/num_preempted/mean:-1.0 - timing_s/agent_loop/generate_sequences/min:1.8764897719956934 - timing_s/agent_loop/generate_sequences/max:66.52623190701706 - timing_s/agent_loop/generate_sequences/mean:39.25158092785013 - timing_s/agent_loop/tool_calls/min:0.0 - timing_s/agent_loop/tool_calls/max:0.0 - timing_s/agent_loop/tool_calls/mean:0.0 - timing_s/agent_loop/compute_score/min:0.0044260800059419125 - timing_s/agent_loop/compute_score/max:0.03392731200437993 - timing_s/agent_loop/compute_score/mean:0.011360051066631627 - timing_s/agent_loop/slowest/generate_sequences:66.52623190701706 - timing_s/agent_loop/slowest/tool_calls:0.0 - timing_s/agent_loop/slowest/compute_score:0.016454744996735826 - timing_s/agent_loop/slowest/num_preempted:-1 - timing_s/agent_loop/slowest/prompt_length:130 - timing_s/agent_loop/slowest/response_length:2048 - timing_s/gen:68.90287741299835 - timing_s/reward:2.7317990316078067e-05 - timing_s/old_log_prob:16.230406098009553 - timing_s/adv:0.04440770600922406 - timing_s/update_actor:53.39667281898437 - timing_s/save_checkpoint:10.539892579021398 - timing_s/update_weights:3.136724498006515 - timing_s/step:152.5980127750081 - timing_s/stop_profile:6.299899541772902e-05 - timing_per_token_ms/adv:2.3191558280207798e-05 - timing_per_token_ms/gen:0.04181674797813139 - timing_per_token_ms/update_actor:0.02788597207415852 - perf/total_num_tokens:1914822 - perf/time_per_step:152.5980127750081 - perf/throughput:3137.036264723891[36m(TaskRunner pid=49193)[0m Training Progress:   6%|▌         | 20/348 [50:44<13:30:23, 148.24s/it]
[36m(WorkerDict pid=52398)[0m INFO:2026-06-07 05:55:17,727:[Rank 2] Saved optim to /workspace/AI4AI/experiments/claude-code-verl/workspace/checkpoints/grpo_v2/global_step_20/actor/optim_world_size_4_rank_2.pt[32m [repeated 3x across cluster][0m
[36m(WorkerDict pid=52398)[0m INFO:2026-06-07 05:55:17,731:[Rank 2] Saved extra_state to /workspace/AI4AI/experiments/claude-code-verl/workspace/checkpoints/grpo_v2/global_step_20/actor/extra_state_world_size_4_rank_2.pt[32m [repeated 3x across cluster][0m
[36m(WorkerDict pid=52396)[0m INFO:2026-06-07 05:57:46,700:update_weights done, time cost: 2.04s
[36m(TaskRunner pid=49193)[0m Training Progress:   6%|▌         | 21/348 [53:10<13:25:36, 147.82s/it]
[36m(WorkerDict pid=52396)[0m INFO:2026-06-07 06:00:21,625:update_weights done, time cost: 1.72s
[36m(TaskRunner pid=49193)[0m Training Progress:   6%|▋         | 22/348 [55:45<13:34:45, 149.95s/it]
[36m(WorkerDict pid=52396)[0m INFO:2026-06-07 06:02:57,767:update_weights done, time cost: 2.01s

[36m(TaskRunner pid=49193)[0m step:21 - global_seqlen/min:458482 - global_seqlen/max:502674 - global_seqlen/minmax_diff:44192 - global_seqlen/balanced_min:484671 - global_seqlen/balanced_max:484685 - global_seqlen/mean:484679.5 - actor/entropy:0.5217992067337036 - perf/mfu/actor_infer:0.4599998176514101 - actor/pg_clipfrac:0.0 - actor/ppo_kl:0.0 - actor/pg_clipfrac_lower:0.0 - actor/pg_loss:0.009503902433607436 - actor/entropy_loss:0.5217992654070258 - actor/loss:0.008982101455330849 - actor/grad_norm:0.06929359585046768 - actor/lr:4.988250324065726e-06 - perf/mfu/actor:0.3839515639393862 - training/global_step:21 - training/epoch:0 - critic/score/mean:0.197265625 - critic/score/max:1.0 - critic/score/min:0.0 - critic/rewards/mean:0.197265625 - critic/rewards/max:1.0 - critic/rewards/min:0.0 - critic/advantages/mean:-0.009503901936113834 - critic/advantages/max:2.4748666286468506 - critic/advantages/min:-2.4748666286468506 - critic/returns/mean:-0.009503901936113834 - critic/returns/max:2.4748666286468506 - critic/returns/min:-2.4748666286468506 - response_length/mean:815.1044921875 - response_length/max:2048.0 - response_length/min:174.0 - response_length/clip_ratio:0.03515625 - response_length_non_aborted/mean:815.1044921875 - response_length_non_aborted/max:2048.0 - response_length_non_aborted/min:174.0 - response_length_non_aborted/clip_ratio:0.03515625 - response/aborted_ratio:0.0 - prompt_length/mean:131.53515625 - prompt_length/max:463.0 - prompt_length/min:57.0 - prompt_length/clip_ratio:0.0 - num_turns/min:2 - num_turns/max:2 - num_turns/mean:2.0 - timing_s/start_profile:6.09580019954592e-05 - timing_s/agent_loop/num_preempted/min:-1 - timing_s/agent_loop/num_preempted/max:-1 - timing_s/agent_loop/num_preempted/mean:-1.0 - timing_s/agent_loop/generate_sequences/min:9.392931785987457 - timing_s/agent_loop/generate_sequences/max:68.74167761998251 - timing_s/agent_loop/generate_sequences/mean:40.010436162338024 - timing_s/agent_loop/tool_calls/min:0.0 - timing_s/agent_loop/tool_calls/max:0.0 - timing_s/agent_loop/tool_calls/mean:0.0 - timing_s/agent_loop/compute_score/min:0.0038016159960534424 - timing_s/agent_loop/compute_score/max:0.09122489599394612 - timing_s/agent_loop/compute_score/mean:0.010928360412279403 - timing_s/agent_loop/slowest/generate_sequences:68.74167761998251 - timing_s/agent_loop/slowest/tool_calls:0.0 - timing_s/agent_loop/slowest/compute_score:0.013324416999239475 - timing_s/agent_loop/slowest/num_preempted:-1 - timing_s/agent_loop/slowest/prompt_length:136 - timing_s/agent_loop/slowest/response_length:2048 - timing_s/gen:71.02710253899568 - timing_s/reward:3.9008999010547996e-05 - timing_s/old_log_prob:17.364600263012107 - timing_s/adv:0.04373855600715615 - timing_s/update_actor:54.44919911000761 - timing_s/update_weights:3.2627247119962703 - timing_s/step:146.73103703800007 - timing_s/stop_profile:0.00022019300376996398 - timing_per_token_ms/adv:2.2560555999973256e-05 - timing_per_token_ms/gen:0.04254816743623246 - timing_per_token_ms/update_actor:0.02808515684591963 - perf/total_num_tokens:1938718 - perf/time_per_step:146.73103703800007 - perf/throughput:3303.18322410874
[36m(TaskRunner pid=49193)[0m step:22 - global_seqlen/min:496359 - global_seqlen/max:517612 - global_seqlen/minmax_diff:21253 - global_seqlen/balanced_min:507978 - global_seqlen/balanced_max:507988 - global_seqlen/mean:507983.75 - actor/entropy:0.7891954183578491 - perf/mfu/actor_infer:0.47196576194884726 - actor/pg_clipfrac:0.0 - actor/ppo_kl:0.0 - actor/pg_clipfrac_lower:0.0 - actor/pg_loss:0.015348942186392378 - actor/entropy_loss:0.7891954081133008 - actor/loss:0.014559745788574219 - actor/grad_norm:0.07015687972307205 - actor/lr:4.9860192301869434e-06 - perf/mfu/actor:0.3856647998777269 - training/global_step:22 - training/epoch:0 - critic/score/mean:0.1630859375 - critic/score/max:1.0 - critic/score/min:0.0 - critic/rewards/mean:0.1630859375 - critic/rewards/max:1.0 - critic/rewards/min:0.0 - critic/advantages/mean:-0.015348941087722778 - critic/advantages/max:2.4748666286468506 - critic/advantages/min:-2.4748666286468506 - critic/returns/mean:-0.015348941087722778 - critic/returns/max:2.4748666286468506 - critic/returns/min:-2.4748666286468506 - response_length/mean:859.43701171875 - response_length/max:2048.0 - response_length/min:150.0 - response_length/clip_ratio:0.05029296875 - response_length_non_aborted/mean:859.43701171875 - response_length_non_aborted/max:2048.0 - response_length_non_aborted/min:150.0 - response_length_non_aborted/clip_ratio:0.05029296875 - response/aborted_ratio:0.0 - prompt_length/mean:132.71875 - prompt_length/max:507.0 - prompt_length/min:54.0 - prompt_length/clip_ratio:0.0 - num_turns/min:2 - num_turns/max:2 - num_turns/mean:2.0 - timing_s/start_profile:9.449798380956054e-05 - timing_s/agent_loop/num_preempted/min:-1 - timing_s/agent_loop/num_preempted/max:-1 - timing_s/agent_loop/num_preempted/mean:-1.0 - timing_s/agent_loop/generate_sequences/min:8.50170739699388 - timing_s/agent_loop/generate_sequences/max:74.55233826799667 - timing_s/agent_loop/generate_sequences/mean:44.0349028733135 - timing_s/agent_loop/tool_calls/min:0.0 - timing_s/agent_loop/tool_calls/max:0.0 - timing_s/agent_loop/tool_calls/mean:0.0 - timing_s/agent_loop/compute_score/min:0.004303302994230762 - timing_s/agent_loop/compute_score/max:0.3325084109965246 - timing_s/agent_loop/compute_score/mean:0.011827346667814709 - timing_s/agent_loop/slowest/generate_sequences:74.55233826799667 - timing_s/agent_loop/slowest/tool_calls:0.0 - timing_s/agent_loop/slowest/compute_score:0.013929099979577586 - timing_s/agent_loop/slowest/num_preempted:-1 - timing_s/agent_loop/slowest/prompt_length:144 - timing_s/agent_loop/slowest/response_length:2048 - timing_s/gen:77.0261012139963 - timing_s/reward:3.3913005609065294e-05 - timing_s/old_log_prob:17.66329841600964 - timing_s/adv:0.043746966985054314 - timing_s/update_actor:56.58133174999966 - timing_s/update_weights:2.933133987011388 - timing_s/step:154.7881263209856 - timing_s/stop_profile:0.00019866300863213837 - timing_per_token_ms/adv:2.1529707881922557e-05 - timing_per_token_ms/gen:0.04376167243272576 - timing_per_token_ms/update_actor:0.027846034321963874 - perf/total_num_tokens:2031935 - perf/time_per_step:154.7881263209856 - perf/throughput:3281.8004977112346
[36m(TaskRunner pid=49193)[0m step:23 - global_seqlen/min:493616 - global_seqlen/max:524709 - global_seqlen/minmax_diff:31093 - global_seqlen/balanced_min:509243 - global_seqlen/balanced_max:509247 - global_seqlen/mean:509244.25 - actor/entropy:1.100700855255127 - perf/mfu/actor_infer:0.4737563725664336 - actor/pg_clipfrac:0.0 - actor/ppo_kl:0.0 - actor/pg_clipfrac_lower:0.0 - actor/pg_loss:0.02112884915811719 - actor/entropy_loss:1.1007007556036115 - actor/loss:0.02002814970910549 - actor/grad_norm:0.0943862646818161 - actor/lr:4.9835949667206215e-06 - perf/mfu/actor:0.38512799766765404 - training/global_step:23 - training/epoch:0 - critic/score/mean:0.1640625 - critic/score/max:1.0 - critic/score/min:0.0 - critic/rewards/mean:0.1640625 - critic/rewards/max:1.0 - critic/rewards/min:0.0 - critic/advantages/mean:-0.021128850057721138 - critic/advantages/max:2.4748666286468506 - critic/advantages/min:-2.4748666286468506 - critic/returns/mean:-0.021128850057721138 - critic/returns/max:2.4748666286468506 - critic/returns/min:-2.4748666286468506 - response_length/mean:860.95361328125 - response_length/max:2048.0 - response_length/min:99.0 - response_length/clip_ratio:0.060546875 - response_length_non_aborted/mean:860.95361328125 - response_length_non_aborted/max:2048.0 - response_length_non_aborted/min:99.0 - response_length_non_aborted/clip_ratio:0.060546875 - response/aborted_ratio:0.0 - prompt_length/mean:133.6640625 - prompt_length/max:403.0 - prompt_length/min:61.0 - prompt_length/clip_ratio:0.0 - num_turns/min:2 - num_turns/max:2 - num_turns/mean:2.0 - timing_s/start_profile:8.253598934970796e-05 - timing_s/agent_loop/num_preempted/min:-1 - timing_s/agent_loop/num_preempted/max:-1 - timing_s/agent_loop/num_preempted/mean:-1.0 - timing_s/agent_loop/generate_sequences/min:5.846666714001913 - timing_s/agent_loop/generate_sequences/max:75.07674583297921 - timing_s/agent_loop/generate_sequences/mean:42.581713872941904 - timing_s/agent_loop/tool_calls/min:0.0 - timing_s/agent_loop/tool_calls/max:0.0 - timing_s/agent_loop/tool_calls/mean:0.0 - timing_s/agent_loop/compute_score/min:0.004753799003083259 - timing_s/agent_loop/compute_score/max:0.049575244018342346 - timing_s/agent_loop/compute_score/mean:0.011700509503683065 - timing_s/agent_loop/slowest/generate_sequences:75.07674583297921 - timing_s/agent_loop/slowest/tool_calls:0.0 - timing_s/agent_loop/slowest/compute_score:0.014340714988065884 - timing_s/agent_loop/slowest/num_preempted:-1 - timing_s/agent_loop/slowest/prompt_length:134 - timing_s/agent_loop/slowest/response_length:2048 - timing_s/gen:77.78246393898735 - timing_s/reward:2.735599991865456e-05 - timing_s/old_log_prob:17.80018605198711 - timing_s/adv:0.04307623999193311 - timing_s/update_actor:56.59756893699523 - timing_s/update_weights:3.114530972990906 - timing_s/step:155.8940635670151 - timing_s/stop_profile:0.0001879860064946115 - timing_per_token_ms/adv:2.11471410781433e-05 - timing_per_token_ms/gen:0.04411354820320817 - timing_per_token_ms/update_actor:0.027785080016610512 - perf/total_num_tokens:2036977 - perf/time_per_step:155.8940635670151 - perf/throughput:3266.60450274996[36m(TaskRunner pid=49193)[0m Training Progress:   7%|▋         | 23/348 [58:21<13:42:08, 151.78s/it]
[36m(WorkerDict pid=52396)[0m INFO:2026-06-07 06:05:41,322:update_weights done, time cost: 2.17s
[36m(TaskRunner pid=49193)[0m Training Progress:   7%|▋         | 24/348 [1:01:05<13:58:48, 155.34s/it]
*** SIGTERM received at time=1780837693 on cpu 50 ***
PC: @     0x7f57582af117  (unknown)  (unknown)
    @     0x7f5758260520  (unknown)  (unknown)
    @ ... and at least 1 more frames
[2026-06-07 06:08:13,920 E 42027 42027] logging.cc:474: *** SIGTERM received at time=1780837693 on cpu 50 ***
[2026-06-07 06:08:13,920 E 42027 42027] logging.cc:474: PC: @     0x7f57582af117  (unknown)  (unknown)
[2026-06-07 06:08:13,921 E 42027 42027] logging.cc:474:     @     0x7f5758260520  (unknown)  (unknown)
[2026-06-07 06:08:13,921 E 42027 42027] logging.cc:474:     @ ... and at least 1 more frames
