WARNING:2026-06-07 08:07:34,618:Detected megatron.core 0.14.0rc7, recommend upgrading to >= 0.14.0 for better checkpoint compatibility
2026-06-07 08:07:41,092	INFO worker.py:1942 -- Started a local Ray instance. View the dashboard at [1m[32mhttp://127.0.0.1:8265 [39m[22m
[36m(pid=36405)[0m W0607 08:07:54.725000 36405 torch/utils/cpp_extension.py:118] No CUDA runtime is found, using CUDA_HOME='/usr/local/cuda'
[36m(pid=36405)[0m WARNING:2026-06-07 08:07:54,938:Detected megatron.core 0.14.0rc7, recommend upgrading to >= 0.14.0 for better checkpoint compatibility
ray init kwargs: {'num_cpus': None, 'runtime_env': {'env_vars': {'NCCL_DEBUG': 'WARN', 'VLLM_LOGGING_LEVEL': 'WARN', 'VLLM_ALLOW_RUNTIME_LORA_UPDATING': 'true', 'CUDA_DEVICE_MAX_CONNECTIONS': '1', 'VLLM_DISABLE_COMPILE_CACHE': '1', 'HCCL_HOST_SOCKET_PORT_RANGE': 'auto', 'HCCL_NPU_SOCKET_PORT_RANGE': 'auto', 'HSA_NO_SCRATCH_RECLAIM': '1'}, 'working_dir': None}}
[36m(TaskRunner pid=36405)[0m TaskRunner hostname: g60, PID: 36405
[36m(TaskRunner pid=36405)[0m {'actor_rollout_ref': {'actor': {'_target_': 'verl.workers.config.FSDPActorConfig',
[36m(TaskRunner pid=36405)[0m                                  'calculate_entropy': False,
[36m(TaskRunner pid=36405)[0m                                  'calculate_sum_pi_squared': False,
[36m(TaskRunner pid=36405)[0m                                  'checkpoint': {'_target_': 'verl.trainer.config.CheckpointConfig',
[36m(TaskRunner pid=36405)[0m                                                 'async_save': False,
[36m(TaskRunner pid=36405)[0m                                                 'load_contents': ['model',
[36m(TaskRunner pid=36405)[0m                                                                   'optimizer',
[36m(TaskRunner pid=36405)[0m                                                                   'extra'],
[36m(TaskRunner pid=36405)[0m                                                 'mbridge_config': {},
[36m(TaskRunner pid=36405)[0m                                                 'save_contents': ['model',
[36m(TaskRunner pid=36405)[0m                                                                   'optimizer',
[36m(TaskRunner pid=36405)[0m                                                                   'extra']},
[36m(TaskRunner pid=36405)[0m                                  'clip_ratio': 0.2,
[36m(TaskRunner pid=36405)[0m                                  'clip_ratio_c': 3.0,
[36m(TaskRunner pid=36405)[0m                                  'clip_ratio_high': 0.2,
[36m(TaskRunner pid=36405)[0m                                  'clip_ratio_low': 0.2,
[36m(TaskRunner pid=36405)[0m                                  'data_loader_seed': 42,
[36m(TaskRunner pid=36405)[0m                                  'entropy_checkpointing': False,
[36m(TaskRunner pid=36405)[0m                                  'entropy_coeff': 0.003,
[36m(TaskRunner pid=36405)[0m                                  'entropy_from_logits_with_chunking': False,
[36m(TaskRunner pid=36405)[0m                                  'freeze_vision_tower': False,
[36m(TaskRunner pid=36405)[0m                                  'fsdp_config': {'_target_': 'verl.workers.config.FSDPEngineConfig',
[36m(TaskRunner pid=36405)[0m                                                  'dtype': 'bfloat16',
[36m(TaskRunner pid=36405)[0m                                                  'entropy_checkpointing': False,
[36m(TaskRunner pid=36405)[0m                                                  'entropy_from_logits_with_chunking': False,
[36m(TaskRunner pid=36405)[0m                                                  'forward_only': False,
[36m(TaskRunner pid=36405)[0m                                                  'forward_prefetch': False,
[36m(TaskRunner pid=36405)[0m                                                  'fsdp_size': -1,
[36m(TaskRunner pid=36405)[0m                                                  'full_determinism': False,
[36m(TaskRunner pid=36405)[0m                                                  'model_dtype': 'fp32',
[36m(TaskRunner pid=36405)[0m                                                  'offload_policy': False,
[36m(TaskRunner pid=36405)[0m                                                  'optimizer_offload': False,
[36m(TaskRunner pid=36405)[0m                                                  'param_offload': False,
[36m(TaskRunner pid=36405)[0m                                                  'qat': {'_target_': 'verl.workers.config.QATEngineConfig',
[36m(TaskRunner pid=36405)[0m                                                          'activation_observer': 'static_minmax',
[36m(TaskRunner pid=36405)[0m                                                          'enable': False,
[36m(TaskRunner pid=36405)[0m                                                          'group_size': 16,
[36m(TaskRunner pid=36405)[0m                                                          'ignore_patterns': ['lm_head',
[36m(TaskRunner pid=36405)[0m                                                                              'embed_tokens',
[36m(TaskRunner pid=36405)[0m                                                                              're:.*mlp.gate$'],
[36m(TaskRunner pid=36405)[0m                                                          'mode': 'w4a16',
[36m(TaskRunner pid=36405)[0m                                                          'quantization_config_path': None},
[36m(TaskRunner pid=36405)[0m                                                  'reshard_after_forward': True,
[36m(TaskRunner pid=36405)[0m                                                  'seed': 42,
[36m(TaskRunner pid=36405)[0m                                                  'strategy': 'fsdp',
[36m(TaskRunner pid=36405)[0m                                                  'ulysses_sequence_parallel_size': 1,
[36m(TaskRunner pid=36405)[0m                                                  'use_orig_params': False,
[36m(TaskRunner pid=36405)[0m                                                  'use_torch_compile': True,
[36m(TaskRunner pid=36405)[0m                                                  'wrap_policy': {'min_num_params': 0}},
[36m(TaskRunner pid=36405)[0m                                  'grad_clip': 1.0,
[36m(TaskRunner pid=36405)[0m                                  'kl_loss_coef': 0.001,
[36m(TaskRunner pid=36405)[0m                                  'kl_loss_type': 'low_var_kl',
[36m(TaskRunner pid=36405)[0m                                  'loss_agg_mode': 'token-mean',
[36m(TaskRunner pid=36405)[0m                                  'loss_scale_factor': None,
[36m(TaskRunner pid=36405)[0m                                  'optim': {'_target_': 'verl.workers.config.FSDPOptimizerConfig',
[36m(TaskRunner pid=36405)[0m                                            'betas': [0.9, 0.999],
[36m(TaskRunner pid=36405)[0m                                            'clip_grad': 1.0,
[36m(TaskRunner pid=36405)[0m                                            'lr': 5e-06,
[36m(TaskRunner pid=36405)[0m                                            'lr_scheduler_type': 'cosine',
[36m(TaskRunner pid=36405)[0m                                            'lr_warmup_steps': -1,
[36m(TaskRunner pid=36405)[0m                                            'lr_warmup_steps_ratio': 0.01,
[36m(TaskRunner pid=36405)[0m                                            'min_lr_ratio': 0.1,
[36m(TaskRunner pid=36405)[0m                                            'num_cycles': 0.5,
[36m(TaskRunner pid=36405)[0m                                            'optimizer': 'AdamW',
[36m(TaskRunner pid=36405)[0m                                            'optimizer_impl': 'torch.optim',
[36m(TaskRunner pid=36405)[0m                                            'override_optimizer_config': None,
[36m(TaskRunner pid=36405)[0m                                            'total_training_steps': -1,
[36m(TaskRunner pid=36405)[0m                                            'warmup_style': None,
[36m(TaskRunner pid=36405)[0m                                            'weight_decay': 0.01,
[36m(TaskRunner pid=36405)[0m                                            'zero_indexed_step': True},
[36m(TaskRunner pid=36405)[0m                                  'policy_loss': {'_target_': 'verl.workers.config.PolicyLossConfig',
[36m(TaskRunner pid=36405)[0m                                                  'clip_cov_lb': 1.0,
[36m(TaskRunner pid=36405)[0m                                                  'clip_cov_ratio': 0.0002,
[36m(TaskRunner pid=36405)[0m                                                  'clip_cov_ub': 5.0,
[36m(TaskRunner pid=36405)[0m                                                  'kl_cov_ratio': 0.0002,
[36m(TaskRunner pid=36405)[0m                                                  'loss_mode': 'vanilla',
[36m(TaskRunner pid=36405)[0m                                                  'ppo_kl_coef': 0.1},
[36m(TaskRunner pid=36405)[0m                                  'ppo_epochs': 1,
[36m(TaskRunner pid=36405)[0m                                  'ppo_max_token_len_per_gpu': 24576,
[36m(TaskRunner pid=36405)[0m                                  'ppo_micro_batch_size': None,
[36m(TaskRunner pid=36405)[0m                                  'ppo_micro_batch_size_per_gpu': 4,
[36m(TaskRunner pid=36405)[0m                                  'ppo_mini_batch_size': 256,
[36m(TaskRunner pid=36405)[0m                                  'profiler': {'_target_': 'verl.utils.profiler.ProfilerConfig',
[36m(TaskRunner pid=36405)[0m                                               'all_ranks': False,
[36m(TaskRunner pid=36405)[0m                                               'enable': False,
[36m(TaskRunner pid=36405)[0m                                               'ranks': [],
[36m(TaskRunner pid=36405)[0m                                               'save_path': 'outputs/profile',
[36m(TaskRunner pid=36405)[0m                                               'tool': None,
[36m(TaskRunner pid=36405)[0m                                               'tool_config': {'npu': {'_target_': 'verl.utils.profiler.config.NPUToolConfig',
[36m(TaskRunner pid=36405)[0m                                                                       'analysis': True,
[36m(TaskRunner pid=36405)[0m                                                                       'contents': [],
[36m(TaskRunner pid=36405)[0m                                                                       'discrete': False,
[36m(TaskRunner pid=36405)[0m                                                                       'level': 'level0'},
[36m(TaskRunner pid=36405)[0m                                                               'nsys': {'_target_': 'verl.utils.profiler.config.NsightToolConfig',
[36m(TaskRunner pid=36405)[0m                                                                        'discrete': False},
[36m(TaskRunner pid=36405)[0m                                                               'precision_debugger': {'_target_': 'verl.utils.profiler.config.PrecisionDebuggerToolConfig',
[36m(TaskRunner pid=36405)[0m                                                                                      'config_path': None,
[36m(TaskRunner pid=36405)[0m                                                                                      'stages': None,
[36m(TaskRunner pid=36405)[0m                                                                                      'steps': None,
[36m(TaskRunner pid=36405)[0m                                                                                      'strict': False},
[36m(TaskRunner pid=36405)[0m                                                               'torch': {'_target_': 'verl.utils.profiler.config.TorchProfilerToolConfig',
[36m(TaskRunner pid=36405)[0m                                                                         'contents': [],
[36m(TaskRunner pid=36405)[0m                                                                         'discrete': False},
[36m(TaskRunner pid=36405)[0m                                                               'torch_memory': {'_target_': 'verl.utils.profiler.config.TorchMemoryToolConfig',
[36m(TaskRunner pid=36405)[0m                                                                                'stack_depth': 32,
[36m(TaskRunner pid=36405)[0m                                                                                'trace_alloc_max_entries': 100000}}},
[36m(TaskRunner pid=36405)[0m                                  'qat': {'activation_observer': 'static_minmax',
[36m(TaskRunner pid=36405)[0m                                          'enable': False,
[36m(TaskRunner pid=36405)[0m                                          'group_size': 16,
[36m(TaskRunner pid=36405)[0m                                          'ignore_patterns': ['lm_head',
[36m(TaskRunner pid=36405)[0m                                                              'embed_tokens',
[36m(TaskRunner pid=36405)[0m                                                              're:.*mlp.gate$'],
[36m(TaskRunner pid=36405)[0m                                          'mode': 'w4a16',
[36m(TaskRunner pid=36405)[0m                                          'quantization_config_path': None},
[36m(TaskRunner pid=36405)[0m                                  'rollout_n': 8,
[36m(TaskRunner pid=36405)[0m                                  'router_replay': {'_target_': 'verl.workers.config.RouterReplayConfig',
[36m(TaskRunner pid=36405)[0m                                                    'mode': 'disabled',
[36m(TaskRunner pid=36405)[0m                                                    'record_file': None,
[36m(TaskRunner pid=36405)[0m                                                    'replay_file': None},
[36m(TaskRunner pid=36405)[0m                                  'shuffle': False,
[36m(TaskRunner pid=36405)[0m                                  'strategy': 'fsdp',
[36m(TaskRunner pid=36405)[0m                                  'tau_neg': 1.05,
[36m(TaskRunner pid=36405)[0m                                  'tau_pos': 1.0,
[36m(TaskRunner pid=36405)[0m                                  'ulysses_sequence_parallel_size': 1,
[36m(TaskRunner pid=36405)[0m                                  'use_dynamic_bsz': True,
[36m(TaskRunner pid=36405)[0m                                  'use_fused_kernels': False,
[36m(TaskRunner pid=36405)[0m                                  'use_kl_loss': False,
[36m(TaskRunner pid=36405)[0m                                  'use_prefix_grouper': False,
[36m(TaskRunner pid=36405)[0m                                  'use_remove_padding': True,
[36m(TaskRunner pid=36405)[0m                                  'use_torch_compile': False},
[36m(TaskRunner pid=36405)[0m                        'hybrid_engine': True,
[36m(TaskRunner pid=36405)[0m                        'model': {'_target_': 'verl.workers.config.HFModelConfig',
[36m(TaskRunner pid=36405)[0m                                  'custom_chat_template': None,
[36m(TaskRunner pid=36405)[0m                                  'enable_activation_offload': False,
[36m(TaskRunner pid=36405)[0m                                  'enable_gradient_checkpointing': True,
[36m(TaskRunner pid=36405)[0m                                  'exclude_modules': None,
[36m(TaskRunner pid=36405)[0m                                  'external_lib': None,
[36m(TaskRunner pid=36405)[0m                                  'fused_kernel_options': {'impl_backend': 'torch'},
[36m(TaskRunner pid=36405)[0m                                  'hf_config_path': None,
[36m(TaskRunner pid=36405)[0m                                  'lora': {'a2a_experimental': False,
[36m(TaskRunner pid=36405)[0m                                           'adapter_path': None,
[36m(TaskRunner pid=36405)[0m                                           'alpha': 32,
[36m(TaskRunner pid=36405)[0m                                           'dropout': 0.0,
[36m(TaskRunner pid=36405)[0m                                           'dropout_position': 'pre',
[36m(TaskRunner pid=36405)[0m                                           'dtype': None,
[36m(TaskRunner pid=36405)[0m                                           'exclude_modules': [],
[36m(TaskRunner pid=36405)[0m                                           'freeze_language_model': True,
[36m(TaskRunner pid=36405)[0m                                           'freeze_vision_model': True,
[36m(TaskRunner pid=36405)[0m                                           'freeze_vision_projection': True,
[36m(TaskRunner pid=36405)[0m                                           'lora_A_init_method': 'xavier',
[36m(TaskRunner pid=36405)[0m                                           'lora_B_init_method': 'zero',
[36m(TaskRunner pid=36405)[0m                                           'merge': False,
[36m(TaskRunner pid=36405)[0m                                           'rank': 0,
[36m(TaskRunner pid=36405)[0m                                           'target_modules': ['linear_qkv',
[36m(TaskRunner pid=36405)[0m                                                              'linear_proj',
[36m(TaskRunner pid=36405)[0m                                                              'linear_fc1',
[36m(TaskRunner pid=36405)[0m                                                              'linear_fc2'],
[36m(TaskRunner pid=36405)[0m                                           'type': 'lora'},
[36m(TaskRunner pid=36405)[0m                                  'lora_adapter_path': None,
[36m(TaskRunner pid=36405)[0m                                  'lora_alpha': 16,
[36m(TaskRunner pid=36405)[0m                                  'lora_rank': 0,
[36m(TaskRunner pid=36405)[0m                                  'mtp': {'_target_': 'verl.workers.config.MtpConfig',
[36m(TaskRunner pid=36405)[0m                                          'detach_encoder': False,
[36m(TaskRunner pid=36405)[0m                                          'enable': False,
[36m(TaskRunner pid=36405)[0m                                          'enable_rollout': False,
[36m(TaskRunner pid=36405)[0m                                          'enable_train': False,
[36m(TaskRunner pid=36405)[0m                                          'method': 'mtp',
[36m(TaskRunner pid=36405)[0m                                          'mtp_loss_scaling_factor': 0.1,
[36m(TaskRunner pid=36405)[0m                                          'num_speculative_tokens': 1,
[36m(TaskRunner pid=36405)[0m                                          'speculative_algorithm': 'EAGLE',
[36m(TaskRunner pid=36405)[0m                                          'speculative_eagle_topk': 1,
[36m(TaskRunner pid=36405)[0m                                          'speculative_num_draft_tokens': 4,
[36m(TaskRunner pid=36405)[0m                                          'speculative_num_steps': 3},
[36m(TaskRunner pid=36405)[0m                                  'override_config': {},
[36m(TaskRunner pid=36405)[0m                                  'path': '/root/models/Qwen/Qwen3-1.7B-Base',
[36m(TaskRunner pid=36405)[0m                                  'target_modules': 'all-linear',
[36m(TaskRunner pid=36405)[0m                                  'tiled_mlp': {'enabled': False,
[36m(TaskRunner pid=36405)[0m                                                'num_shards': 4},
[36m(TaskRunner pid=36405)[0m                                  'tokenizer_path': None,
[36m(TaskRunner pid=36405)[0m                                  'trust_remote_code': True,
[36m(TaskRunner pid=36405)[0m                                  'use_fused_kernels': False,
[36m(TaskRunner pid=36405)[0m                                  'use_liger': False,
[36m(TaskRunner pid=36405)[0m                                  'use_remove_padding': True,
[36m(TaskRunner pid=36405)[0m                                  'use_shm': False},
[36m(TaskRunner pid=36405)[0m                        'nccl_timeout': 600,
[36m(TaskRunner pid=36405)[0m                        'ref': {'_target_': 'verl.workers.config.FSDPActorConfig',
[36m(TaskRunner pid=36405)[0m                                'entropy_checkpointing': False,
[36m(TaskRunner pid=36405)[0m                                'entropy_from_logits_with_chunking': False,
[36m(TaskRunner pid=36405)[0m                                'fsdp_config': {'_target_': 'verl.workers.config.FSDPEngineConfig',
[36m(TaskRunner pid=36405)[0m                                                'dtype': 'bfloat16',
[36m(TaskRunner pid=36405)[0m                                                'entropy_checkpointing': False,
[36m(TaskRunner pid=36405)[0m                                                'entropy_from_logits_with_chunking': False,
[36m(TaskRunner pid=36405)[0m                                                'forward_only': True,
[36m(TaskRunner pid=36405)[0m                                                'forward_prefetch': False,
[36m(TaskRunner pid=36405)[0m                                                'fsdp_size': -1,
[36m(TaskRunner pid=36405)[0m                                                'full_determinism': False,
[36m(TaskRunner pid=36405)[0m                                                'model_dtype': 'fp32',
[36m(TaskRunner pid=36405)[0m                                                'offload_policy': False,
[36m(TaskRunner pid=36405)[0m                                                'optimizer_offload': False,
[36m(TaskRunner pid=36405)[0m                                                'param_offload': False,
[36m(TaskRunner pid=36405)[0m                                                'qat': {'_target_': 'verl.workers.config.QATEngineConfig',
[36m(TaskRunner pid=36405)[0m                                                        'activation_observer': 'static_minmax',
[36m(TaskRunner pid=36405)[0m                                                        'enable': False,
[36m(TaskRunner pid=36405)[0m                                                        'group_size': 16,
[36m(TaskRunner pid=36405)[0m                                                        'ignore_patterns': ['lm_head',
[36m(TaskRunner pid=36405)[0m                                                                            'embed_tokens',
[36m(TaskRunner pid=36405)[0m                                                                            're:.*mlp.gate$'],
[36m(TaskRunner pid=36405)[0m                                                        'mode': 'w4a16',
[36m(TaskRunner pid=36405)[0m                                                        'quantization_config_path': None},
[36m(TaskRunner pid=36405)[0m                                                'reshard_after_forward': True,
[36m(TaskRunner pid=36405)[0m                                                'seed': 42,
[36m(TaskRunner pid=36405)[0m                                                'strategy': 'fsdp',
[36m(TaskRunner pid=36405)[0m                                                'ulysses_sequence_parallel_size': 1,
[36m(TaskRunner pid=36405)[0m                                                'use_orig_params': False,
[36m(TaskRunner pid=36405)[0m                                                'use_torch_compile': True,
[36m(TaskRunner pid=36405)[0m                                                'wrap_policy': {'min_num_params': 0}},
[36m(TaskRunner pid=36405)[0m                                'log_prob_max_token_len_per_gpu': 24576,
[36m(TaskRunner pid=36405)[0m                                'log_prob_micro_batch_size': None,
[36m(TaskRunner pid=36405)[0m                                'log_prob_micro_batch_size_per_gpu': None,
[36m(TaskRunner pid=36405)[0m                                'log_prob_use_dynamic_bsz': True,
[36m(TaskRunner pid=36405)[0m                                'profiler': {'_target_': 'verl.utils.profiler.ProfilerConfig',
[36m(TaskRunner pid=36405)[0m                                             'all_ranks': False,
[36m(TaskRunner pid=36405)[0m                                             'enable': False,
[36m(TaskRunner pid=36405)[0m                                             'ranks': [],
[36m(TaskRunner pid=36405)[0m                                             'save_path': 'outputs/profile',
[36m(TaskRunner pid=36405)[0m                                             'tool': None,
[36m(TaskRunner pid=36405)[0m                                             'tool_config': {'npu': {'_target_': 'verl.utils.profiler.config.NPUToolConfig',
[36m(TaskRunner pid=36405)[0m                                                                     'analysis': True,
[36m(TaskRunner pid=36405)[0m                                                                     'contents': [],
[36m(TaskRunner pid=36405)[0m                                                                     'discrete': False,
[36m(TaskRunner pid=36405)[0m                                                                     'level': 'level0'},
[36m(TaskRunner pid=36405)[0m                                                             'nsys': {'_target_': 'verl.utils.profiler.config.NsightToolConfig',
[36m(TaskRunner pid=36405)[0m                                                                      'discrete': False},
[36m(TaskRunner pid=36405)[0m                                                             'precision_debugger': {'_target_': 'verl.utils.profiler.config.PrecisionDebuggerToolConfig',
[36m(TaskRunner pid=36405)[0m                                                                                    'config_path': None,
[36m(TaskRunner pid=36405)[0m                                                                                    'stages': None,
[36m(TaskRunner pid=36405)[0m                                                                                    'steps': None,
[36m(TaskRunner pid=36405)[0m                                                                                    'strict': False},
[36m(TaskRunner pid=36405)[0m                                                             'torch': {'_target_': 'verl.utils.profiler.config.TorchProfilerToolConfig',
[36m(TaskRunner pid=36405)[0m                                                                       'contents': [],
[36m(TaskRunner pid=36405)[0m                                                                       'discrete': False},
[36m(TaskRunner pid=36405)[0m                                                             'torch_memory': {'_target_': 'verl.utils.profiler.config.TorchMemoryToolConfig',
[36m(TaskRunner pid=36405)[0m                                                                              'stack_depth': 32,
[36m(TaskRunner pid=36405)[0m                                                                              'trace_alloc_max_entries': 100000}}},
[36m(TaskRunner pid=36405)[0m                                'rollout_n': 8,
[36m(TaskRunner pid=36405)[0m                                'router_replay': {'_target_': 'verl.workers.config.RouterReplayConfig',
[36m(TaskRunner pid=36405)[0m                                                  'mode': 'disabled',
[36m(TaskRunner pid=36405)[0m                                                  'record_file': None,
[36m(TaskRunner pid=36405)[0m                                                  'replay_file': None},
[36m(TaskRunner pid=36405)[0m                                'strategy': 'fsdp',
[36m(TaskRunner pid=36405)[0m                                'ulysses_sequence_parallel_size': 1,
[36m(TaskRunner pid=36405)[0m                                'use_torch_compile': False},
[36m(TaskRunner pid=36405)[0m                        'rollout': {'_target_': 'verl.workers.config.RolloutConfig',
[36m(TaskRunner pid=36405)[0m                                    'agent': {'_target_': 'verl.workers.config.AgentLoopConfig',
[36m(TaskRunner pid=36405)[0m                                              'agent_loop_config_path': None,
[36m(TaskRunner pid=36405)[0m                                              'custom_async_server': {'_target_': 'verl.workers.config.CustomAsyncServerConfig',
[36m(TaskRunner pid=36405)[0m                                                                      'name': None,
[36m(TaskRunner pid=36405)[0m                                                                      'path': None},
[36m(TaskRunner pid=36405)[0m                                              'default_agent_loop': 'single_turn_agent',
[36m(TaskRunner pid=36405)[0m                                              'num_workers': 8},
[36m(TaskRunner pid=36405)[0m                                    'calculate_log_probs': False,
[36m(TaskRunner pid=36405)[0m                                    'checkpoint_engine': {'_target_': 'verl.workers.config.CheckpointEngineConfig',
[36m(TaskRunner pid=36405)[0m                                                          'backend': 'naive',
[36m(TaskRunner pid=36405)[0m                                                          'custom_backend_module': None,
[36m(TaskRunner pid=36405)[0m                                                          'engine_kwargs': {},
[36m(TaskRunner pid=36405)[0m                                                          'update_weights_bucket_megabytes': 2048},
[36m(TaskRunner pid=36405)[0m                                    'cudagraph_capture_sizes': None,
[36m(TaskRunner pid=36405)[0m                                    'data_parallel_size': 1,
[36m(TaskRunner pid=36405)[0m                                    'disable_log_stats': True,
[36m(TaskRunner pid=36405)[0m                                    'disaggregation': {'bootstrap_port': None,
[36m(TaskRunner pid=36405)[0m                                                       'decode_replicas': 1,
[36m(TaskRunner pid=36405)[0m                                                       'decode_tensor_model_parallel_size': None,
[36m(TaskRunner pid=36405)[0m                                                       'enabled': False,
[36m(TaskRunner pid=36405)[0m                                                       'ib_device': None,
[36m(TaskRunner pid=36405)[0m                                                       'prefill_replicas': 1,
[36m(TaskRunner pid=36405)[0m                                                       'transfer_backend': 'nixl'},
[36m(TaskRunner pid=36405)[0m                                    'do_sample': True,
[36m(TaskRunner pid=36405)[0m                                    'dtype': 'bfloat16',
[36m(TaskRunner pid=36405)[0m                                    'enable_chunked_prefill': True,
[36m(TaskRunner pid=36405)[0m                                    'enable_prefix_caching': True,
[36m(TaskRunner pid=36405)[0m                                    'enable_rollout_routing_replay': False,
[36m(TaskRunner pid=36405)[0m                                    'enforce_eager': True,
[36m(TaskRunner pid=36405)[0m                                    'engine_kwargs': {'sglang': {},
[36m(TaskRunner pid=36405)[0m                                                      'trtllm': {},
[36m(TaskRunner pid=36405)[0m                                                      'vllm': {}},
[36m(TaskRunner pid=36405)[0m                                    'expert_parallel_size': 1,
[36m(TaskRunner pid=36405)[0m                                    'free_cache_engine': True,
[36m(TaskRunner pid=36405)[0m                                    'gpu_memory_utilization': 0.4,
[36m(TaskRunner pid=36405)[0m                                    'ignore_eos': False,
[36m(TaskRunner pid=36405)[0m                                    'layered_summon': False,
[36m(TaskRunner pid=36405)[0m                                    'load_format': 'dummy',
[36m(TaskRunner pid=36405)[0m                                    'log_prob_max_token_len_per_gpu': 24576,
[36m(TaskRunner pid=36405)[0m                                    'log_prob_micro_batch_size': None,
[36m(TaskRunner pid=36405)[0m                                    'log_prob_micro_batch_size_per_gpu': None,
[36m(TaskRunner pid=36405)[0m                                    'log_prob_use_dynamic_bsz': True,
[36m(TaskRunner pid=36405)[0m                                    'logprobs_mode': 'processed_logprobs',
[36m(TaskRunner pid=36405)[0m                                    'max_model_len': 3072,
[36m(TaskRunner pid=36405)[0m                                    'max_num_batched_tokens': 8192,
[36m(TaskRunner pid=36405)[0m                                    'max_num_seqs': 1024,
[36m(TaskRunner pid=36405)[0m                                    'mode': 'async',
[36m(TaskRunner pid=36405)[0m                                    'mtp': {'_target_': 'verl.workers.config.MtpConfig',
[36m(TaskRunner pid=36405)[0m                                            'detach_encoder': False,
[36m(TaskRunner pid=36405)[0m                                            'enable': False,
[36m(TaskRunner pid=36405)[0m                                            'enable_rollout': False,
[36m(TaskRunner pid=36405)[0m                                            'enable_train': False,
[36m(TaskRunner pid=36405)[0m                                            'method': 'mtp',
[36m(TaskRunner pid=36405)[0m                                            'mtp_loss_scaling_factor': 0.1,
[36m(TaskRunner pid=36405)[0m                                            'num_speculative_tokens': 1,
[36m(TaskRunner pid=36405)[0m                                            'speculative_algorithm': 'EAGLE',
[36m(TaskRunner pid=36405)[0m                                            'speculative_eagle_topk': 1,
[36m(TaskRunner pid=36405)[0m                                            'speculative_num_draft_tokens': 4,
[36m(TaskRunner pid=36405)[0m                                            'speculative_num_steps': 3},
[36m(TaskRunner pid=36405)[0m                                    'multi_stage_wake_up': False,
[36m(TaskRunner pid=36405)[0m                                    'multi_turn': {'_target_': 'verl.workers.config.MultiTurnConfig',
[36m(TaskRunner pid=36405)[0m                                                   'enable': False,
[36m(TaskRunner pid=36405)[0m                                                   'format': 'hermes',
[36m(TaskRunner pid=36405)[0m                                                   'function_tool_path': None,
[36m(TaskRunner pid=36405)[0m                                                   'max_assistant_turns': None,
[36m(TaskRunner pid=36405)[0m                                                   'max_parallel_calls': 1,
[36m(TaskRunner pid=36405)[0m                                                   'max_tool_response_length': 256,
[36m(TaskRunner pid=36405)[0m                                                   'max_user_turns': None,
[36m(TaskRunner pid=36405)[0m                                                   'num_repeat_rollouts': None,
[36m(TaskRunner pid=36405)[0m                                                   'tokenization_sanity_check_mode': 'strict',
[36m(TaskRunner pid=36405)[0m                                                   'tool_config_path': None,
[36m(TaskRunner pid=36405)[0m                                                   'tool_response_truncate_side': 'middle',
[36m(TaskRunner pid=36405)[0m                                                   'use_inference_chat_template': False},
[36m(TaskRunner pid=36405)[0m                                    'n': 8,
[36m(TaskRunner pid=36405)[0m                                    'n_gpus_per_node': 4,
[36m(TaskRunner pid=36405)[0m                                    'name': 'vllm',
[36m(TaskRunner pid=36405)[0m                                    'nnodes': 0,
[36m(TaskRunner pid=36405)[0m                                    'over_sample_rate': 0,
[36m(TaskRunner pid=36405)[0m                                    'pipeline_model_parallel_size': 1,
[36m(TaskRunner pid=36405)[0m                                    'profiler': {'_target_': 'verl.utils.profiler.ProfilerConfig',
[36m(TaskRunner pid=36405)[0m                                                 'all_ranks': False,
[36m(TaskRunner pid=36405)[0m                                                 'enable': False,
[36m(TaskRunner pid=36405)[0m                                                 'ranks': [],
[36m(TaskRunner pid=36405)[0m                                                 'save_path': 'outputs/profile',
[36m(TaskRunner pid=36405)[0m                                                 'tool': None,
[36m(TaskRunner pid=36405)[0m                                                 'tool_config': {'npu': {'_target_': 'verl.utils.profiler.config.NPUToolConfig',
[36m(TaskRunner pid=36405)[0m                                                                         'analysis': True,
[36m(TaskRunner pid=36405)[0m                                                                         'contents': [],
[36m(TaskRunner pid=36405)[0m                                                                         'discrete': False,
[36m(TaskRunner pid=36405)[0m                                                                         'level': 'level0'},
[36m(TaskRunner pid=36405)[0m                                                                 'precision_debugger': {'_target_': 'verl.utils.profiler.config.PrecisionDebuggerToolConfig',
[36m(TaskRunner pid=36405)[0m                                                                                        'config_path': None,
[36m(TaskRunner pid=36405)[0m                                                                                        'stages': None,
[36m(TaskRunner pid=36405)[0m                                                                                        'steps': None,
[36m(TaskRunner pid=36405)[0m                                                                                        'strict': False},
[36m(TaskRunner pid=36405)[0m                                                                 'torch': {'_target_': 'verl.utils.profiler.config.TorchProfilerToolConfig',
[36m(TaskRunner pid=36405)[0m                                                                           'contents': [],
[36m(TaskRunner pid=36405)[0m                                                                           'discrete': False}}},
[36m(TaskRunner pid=36405)[0m                                    'prometheus': {'_target_': 'verl.workers.config.PrometheusConfig',
[36m(TaskRunner pid=36405)[0m                                                   'enable': False,
[36m(TaskRunner pid=36405)[0m                                                   'file': '/tmp/ray/session_latest/metrics/prometheus/prometheus.yml',
[36m(TaskRunner pid=36405)[0m                                                   'port': 9090,
[36m(TaskRunner pid=36405)[0m                                                   'served_model_name': '/root/models/Qwen/Qwen3-1.7B-Base'},
[36m(TaskRunner pid=36405)[0m                                    'prompt_length': 512,
[36m(TaskRunner pid=36405)[0m                                    'qat': {'_target_': 'verl.workers.config.QATEngineConfig',
[36m(TaskRunner pid=36405)[0m                                            'activation_observer': 'static_minmax',
[36m(TaskRunner pid=36405)[0m                                            'enable': False,
[36m(TaskRunner pid=36405)[0m                                            'group_size': 16,
[36m(TaskRunner pid=36405)[0m                                            'ignore_patterns': ['lm_head',
[36m(TaskRunner pid=36405)[0m                                                                'embed_tokens',
[36m(TaskRunner pid=36405)[0m                                                                're:.*mlp.gate$'],
[36m(TaskRunner pid=36405)[0m                                            'mode': 'w4a16',
[36m(TaskRunner pid=36405)[0m                                            'quantization_config_path': None},
[36m(TaskRunner pid=36405)[0m                                    'quantization': None,
[36m(TaskRunner pid=36405)[0m                                    'quantization_config_file': None,
[36m(TaskRunner pid=36405)[0m                                    'response_length': 2048,
[36m(TaskRunner pid=36405)[0m                                    'scheduling_policy': 'fcfs',
[36m(TaskRunner pid=36405)[0m                                    'skip': {'_target_': 'verl.workers.config.SkipConfig',
[36m(TaskRunner pid=36405)[0m                                             'action': 'cache',
[36m(TaskRunner pid=36405)[0m                                             'dump_dir': '~/.verl/rollout_dump',
[36m(TaskRunner pid=36405)[0m                                             'enable': False,
[36m(TaskRunner pid=36405)[0m                                             'max_dump_step': 1},
[36m(TaskRunner pid=36405)[0m                                    'skip_tokenizer_init': True,
[36m(TaskRunner pid=36405)[0m                                    'temperature': 1.0,
[36m(TaskRunner pid=36405)[0m                                    'tensor_model_parallel_size': 1,
[36m(TaskRunner pid=36405)[0m                                    'top_k': -1,
[36m(TaskRunner pid=36405)[0m                                    'top_p': 0.95,
[36m(TaskRunner pid=36405)[0m                                    'trace': {'_target_': 'verl.workers.config.TraceConfig',
[36m(TaskRunner pid=36405)[0m                                              'backend': None,
[36m(TaskRunner pid=36405)[0m                                              'experiment_name': 'grpo_v6',
[36m(TaskRunner pid=36405)[0m                                              'max_samples_per_step_per_worker': None,
[36m(TaskRunner pid=36405)[0m                                              'project_name': 'grpo_math',
[36m(TaskRunner pid=36405)[0m                                              'token2text': False},
[36m(TaskRunner pid=36405)[0m                                    'val_kwargs': {'_target_': 'verl.workers.config.SamplingConfig',
[36m(TaskRunner pid=36405)[0m                                                   'do_sample': False,
[36m(TaskRunner pid=36405)[0m                                                   'n': 1,
[36m(TaskRunner pid=36405)[0m                                                   'temperature': 0,
[36m(TaskRunner pid=36405)[0m                                                   'top_k': -1,
[36m(TaskRunner pid=36405)[0m                                                   'top_p': 1.0}}},
[36m(TaskRunner pid=36405)[0m  'algorithm': {'_target_': 'verl.trainer.config.AlgoConfig',
[36m(TaskRunner pid=36405)[0m                'adv_estimator': 'grpo',
[36m(TaskRunner pid=36405)[0m                'gamma': 1.0,
[36m(TaskRunner pid=36405)[0m                'kl_ctrl': {'_target_': 'verl.trainer.config.KLControlConfig',
[36m(TaskRunner pid=36405)[0m                            'horizon': 10000,
[36m(TaskRunner pid=36405)[0m                            'kl_coef': 0.001,
[36m(TaskRunner pid=36405)[0m                            'target_kl': 0.1,
[36m(TaskRunner pid=36405)[0m                            'type': 'fixed'},
[36m(TaskRunner pid=36405)[0m                'kl_penalty': 'kl',
[36m(TaskRunner pid=36405)[0m                'lam': 1.0,
[36m(TaskRunner pid=36405)[0m                'norm_adv_by_std_in_grpo': True,
[36m(TaskRunner pid=36405)[0m                'pf_ppo': {'reweight_method': 'pow', 'weight_pow': 2.0},
[36m(TaskRunner pid=36405)[0m                'rollout_correction': {'bypass_mode': False,
[36m(TaskRunner pid=36405)[0m                                       'loss_type': 'ppo_clip',
[36m(TaskRunner pid=36405)[0m                                       'rollout_is': None,
[36m(TaskRunner pid=36405)[0m                                       'rollout_is_batch_normalize': False,
[36m(TaskRunner pid=36405)[0m                                       'rollout_is_threshold': 2.0,
[36m(TaskRunner pid=36405)[0m                                       'rollout_rs': None,
[36m(TaskRunner pid=36405)[0m                                       'rollout_rs_threshold': None},
[36m(TaskRunner pid=36405)[0m                'use_kl_in_reward': False,
[36m(TaskRunner pid=36405)[0m                'use_pf_ppo': False},
[36m(TaskRunner pid=36405)[0m  'critic': {'_target_': 'verl.workers.config.FSDPCriticConfig',
[36m(TaskRunner pid=36405)[0m             'checkpoint': {'_target_': 'verl.trainer.config.CheckpointConfig',
[36m(TaskRunner pid=36405)[0m                            'async_save': False,
[36m(TaskRunner pid=36405)[0m                            'load_contents': ['model', 'optimizer', 'extra'],
[36m(TaskRunner pid=36405)[0m                            'mbridge_config': {},
[36m(TaskRunner pid=36405)[0m                            'save_contents': ['model', 'optimizer', 'extra']},
[36m(TaskRunner pid=36405)[0m             'cliprange_value': 0.5,
[36m(TaskRunner pid=36405)[0m             'data_loader_seed': 42,
[36m(TaskRunner pid=36405)[0m             'enable': None,
[36m(TaskRunner pid=36405)[0m             'forward_max_token_len_per_gpu': 32768,
[36m(TaskRunner pid=36405)[0m             'forward_micro_batch_size': None,
[36m(TaskRunner pid=36405)[0m             'forward_micro_batch_size_per_gpu': None,
[36m(TaskRunner pid=36405)[0m             'fsdp': {'_target_': 'verl.workers.config.FSDPEngineConfig',
[36m(TaskRunner pid=36405)[0m                      'dtype': 'bfloat16',
[36m(TaskRunner pid=36405)[0m                      'entropy_checkpointing': False,
[36m(TaskRunner pid=36405)[0m                      'entropy_from_logits_with_chunking': False,
[36m(TaskRunner pid=36405)[0m                      'forward_only': False,
[36m(TaskRunner pid=36405)[0m                      'forward_prefetch': False,
[36m(TaskRunner pid=36405)[0m                      'fsdp_size': -1,
[36m(TaskRunner pid=36405)[0m                      'full_determinism': False,
[36m(TaskRunner pid=36405)[0m                      'model_dtype': 'fp32',
[36m(TaskRunner pid=36405)[0m                      'offload_policy': False,
[36m(TaskRunner pid=36405)[0m                      'optimizer_offload': False,
[36m(TaskRunner pid=36405)[0m                      'param_offload': False,
[36m(TaskRunner pid=36405)[0m                      'qat': {'_target_': 'verl.workers.config.QATEngineConfig',
[36m(TaskRunner pid=36405)[0m                              'activation_observer': 'static_minmax',
[36m(TaskRunner pid=36405)[0m                              'enable': False,
[36m(TaskRunner pid=36405)[0m                              'group_size': 16,
[36m(TaskRunner pid=36405)[0m                              'ignore_patterns': ['lm_head',
[36m(TaskRunner pid=36405)[0m                                                  'embed_tokens',
[36m(TaskRunner pid=36405)[0m                                                  're:.*mlp.gate$'],
[36m(TaskRunner pid=36405)[0m                              'mode': 'w4a16',
[36m(TaskRunner pid=36405)[0m                              'quantization_config_path': None},
[36m(TaskRunner pid=36405)[0m                      'reshard_after_forward': True,
[36m(TaskRunner pid=36405)[0m                      'seed': 42,
[36m(TaskRunner pid=36405)[0m                      'strategy': 'fsdp',
[36m(TaskRunner pid=36405)[0m                      'ulysses_sequence_parallel_size': 1,
[36m(TaskRunner pid=36405)[0m                      'use_orig_params': False,
[36m(TaskRunner pid=36405)[0m                      'use_torch_compile': True,
[36m(TaskRunner pid=36405)[0m                      'wrap_policy': {'min_num_params': 0}},
[36m(TaskRunner pid=36405)[0m             'grad_clip': 1.0,
[36m(TaskRunner pid=36405)[0m             'loss_agg_mode': 'token-mean',
[36m(TaskRunner pid=36405)[0m             'model': {'_target_': 'verl.workers.config.HFModelConfig',
[36m(TaskRunner pid=36405)[0m                       'custom_chat_template': None,
[36m(TaskRunner pid=36405)[0m                       'enable_activation_offload': False,
[36m(TaskRunner pid=36405)[0m                       'enable_gradient_checkpointing': True,
[36m(TaskRunner pid=36405)[0m                       'exclude_modules': None,
[36m(TaskRunner pid=36405)[0m                       'external_lib': None,
[36m(TaskRunner pid=36405)[0m                       'fused_kernel_options': {'impl_backend': 'torch'},
[36m(TaskRunner pid=36405)[0m                       'hf_config_path': None,
[36m(TaskRunner pid=36405)[0m                       'lora': {'a2a_experimental': False,
[36m(TaskRunner pid=36405)[0m                                'adapter_path': None,
[36m(TaskRunner pid=36405)[0m                                'alpha': 32,
[36m(TaskRunner pid=36405)[0m                                'dropout': 0.0,
[36m(TaskRunner pid=36405)[0m                                'dropout_position': 'pre',
[36m(TaskRunner pid=36405)[0m                                'dtype': None,
[36m(TaskRunner pid=36405)[0m                                'exclude_modules': [],
[36m(TaskRunner pid=36405)[0m                                'freeze_language_model': True,
[36m(TaskRunner pid=36405)[0m                                'freeze_vision_model': True,
[36m(TaskRunner pid=36405)[0m                                'freeze_vision_projection': True,
[36m(TaskRunner pid=36405)[0m                                'lora_A_init_method': 'xavier',
[36m(TaskRunner pid=36405)[0m                                'lora_B_init_method': 'zero',
[36m(TaskRunner pid=36405)[0m                                'merge': False,
[36m(TaskRunner pid=36405)[0m                                'rank': 0,
[36m(TaskRunner pid=36405)[0m                                'target_modules': ['linear_qkv',
[36m(TaskRunner pid=36405)[0m                                                   'linear_proj',
[36m(TaskRunner pid=36405)[0m                                                   'linear_fc1',
[36m(TaskRunner pid=36405)[0m                                                   'linear_fc2'],
[36m(TaskRunner pid=36405)[0m                                'type': 'lora'},
[36m(TaskRunner pid=36405)[0m                       'lora_adapter_path': None,
[36m(TaskRunner pid=36405)[0m                       'lora_alpha': 16,
[36m(TaskRunner pid=36405)[0m                       'lora_rank': 0,
[36m(TaskRunner pid=36405)[0m                       'mtp': {'_target_': 'verl.workers.config.MtpConfig',
[36m(TaskRunner pid=36405)[0m                               'detach_encoder': False,
[36m(TaskRunner pid=36405)[0m                               'enable': False,
[36m(TaskRunner pid=36405)[0m                               'enable_rollout': False,
[36m(TaskRunner pid=36405)[0m                               'enable_train': False,
[36m(TaskRunner pid=36405)[0m                               'method': 'mtp',
[36m(TaskRunner pid=36405)[0m                               'mtp_loss_scaling_factor': 0.1,
[36m(TaskRunner pid=36405)[0m                               'num_speculative_tokens': 1,
[36m(TaskRunner pid=36405)[0m                               'speculative_algorithm': 'EAGLE',
[36m(TaskRunner pid=36405)[0m                               'speculative_eagle_topk': 1,
[36m(TaskRunner pid=36405)[0m                               'speculative_num_draft_tokens': 4,
[36m(TaskRunner pid=36405)[0m                               'speculative_num_steps': 3},
[36m(TaskRunner pid=36405)[0m                       'override_config': {},
[36m(TaskRunner pid=36405)[0m                       'path': '~/models/deepseek-llm-7b-chat',
[36m(TaskRunner pid=36405)[0m                       'target_modules': 'all-linear',
[36m(TaskRunner pid=36405)[0m                       'tiled_mlp': {'enabled': False, 'num_shards': 4},
[36m(TaskRunner pid=36405)[0m                       'tokenizer_path': None,
[36m(TaskRunner pid=36405)[0m                       'trust_remote_code': False,
[36m(TaskRunner pid=36405)[0m                       'use_fused_kernels': False,
[36m(TaskRunner pid=36405)[0m                       'use_liger': False,
[36m(TaskRunner pid=36405)[0m                       'use_remove_padding': True,
[36m(TaskRunner pid=36405)[0m                       'use_shm': False},
[36m(TaskRunner pid=36405)[0m             'optim': {'_target_': 'verl.workers.config.FSDPOptimizerConfig',
[36m(TaskRunner pid=36405)[0m                       'betas': [0.9, 0.999],
[36m(TaskRunner pid=36405)[0m                       'clip_grad': 1.0,
[36m(TaskRunner pid=36405)[0m                       'lr': 1e-05,
[36m(TaskRunner pid=36405)[0m                       'lr_scheduler_type': 'constant',
[36m(TaskRunner pid=36405)[0m                       'lr_warmup_steps': -1,
[36m(TaskRunner pid=36405)[0m                       'lr_warmup_steps_ratio': 0.0,
[36m(TaskRunner pid=36405)[0m                       'min_lr_ratio': 0.0,
[36m(TaskRunner pid=36405)[0m                       'num_cycles': 0.5,
[36m(TaskRunner pid=36405)[0m                       'optimizer': 'AdamW',
[36m(TaskRunner pid=36405)[0m                       'optimizer_impl': 'torch.optim',
[36m(TaskRunner pid=36405)[0m                       'override_optimizer_config': None,
[36m(TaskRunner pid=36405)[0m                       'total_training_steps': -1,
[36m(TaskRunner pid=36405)[0m                       'warmup_style': None,
[36m(TaskRunner pid=36405)[0m                       'weight_decay': 0.01,
[36m(TaskRunner pid=36405)[0m                       'zero_indexed_step': True},
[36m(TaskRunner pid=36405)[0m             'ppo_epochs': 1,
[36m(TaskRunner pid=36405)[0m             'ppo_max_token_len_per_gpu': 32768,
[36m(TaskRunner pid=36405)[0m             'ppo_micro_batch_size': None,
[36m(TaskRunner pid=36405)[0m             'ppo_micro_batch_size_per_gpu': None,
[36m(TaskRunner pid=36405)[0m             'ppo_mini_batch_size': 256,
[36m(TaskRunner pid=36405)[0m             'profiler': {'_target_': 'verl.utils.profiler.ProfilerConfig',
[36m(TaskRunner pid=36405)[0m                          'all_ranks': False,
[36m(TaskRunner pid=36405)[0m                          'enable': False,
[36m(TaskRunner pid=36405)[0m                          'ranks': [],
[36m(TaskRunner pid=36405)[0m                          'save_path': 'outputs/profile',
[36m(TaskRunner pid=36405)[0m                          'tool': None,
[36m(TaskRunner pid=36405)[0m                          'tool_config': {'npu': {'_target_': 'verl.utils.profiler.config.NPUToolConfig',
[36m(TaskRunner pid=36405)[0m                                                  'analysis': True,
[36m(TaskRunner pid=36405)[0m                                                  'contents': [],
[36m(TaskRunner pid=36405)[0m                                                  'discrete': False,
[36m(TaskRunner pid=36405)[0m                                                  'level': 'level0'},
[36m(TaskRunner pid=36405)[0m                                          'nsys': {'_target_': 'verl.utils.profiler.config.NsightToolConfig',
[36m(TaskRunner pid=36405)[0m                                                   'discrete': False},
[36m(TaskRunner pid=36405)[0m                                          'precision_debugger': {'_target_': 'verl.utils.profiler.config.PrecisionDebuggerToolConfig',
[36m(TaskRunner pid=36405)[0m                                                                 'config_path': None,
[36m(TaskRunner pid=36405)[0m                                                                 'stages': None,
[36m(TaskRunner pid=36405)[0m                                                                 'steps': None,
[36m(TaskRunner pid=36405)[0m                                                                 'strict': False},
[36m(TaskRunner pid=36405)[0m                                          'torch': {'_target_': 'verl.utils.profiler.config.TorchProfilerToolConfig',
[36m(TaskRunner pid=36405)[0m                                                    'contents': [],
[36m(TaskRunner pid=36405)[0m                                                    'discrete': False},
[36m(TaskRunner pid=36405)[0m                                          'torch_memory': {'_target_': 'verl.utils.profiler.config.TorchMemoryToolConfig',
[36m(TaskRunner pid=36405)[0m                                                           'stack_depth': 32,
[36m(TaskRunner pid=36405)[0m                                                           'trace_alloc_max_entries': 100000}}},
[36m(TaskRunner pid=36405)[0m             'rollout_n': 8,
[36m(TaskRunner pid=36405)[0m             'shuffle': False,
[36m(TaskRunner pid=36405)[0m             'strategy': 'fsdp',
[36m(TaskRunner pid=36405)[0m             'ulysses_sequence_parallel_size': 1,
[36m(TaskRunner pid=36405)[0m             'use_dynamic_bsz': True},
[36m(TaskRunner pid=36405)[0m  'data': {'apply_chat_template_kwargs': {},
[36m(TaskRunner pid=36405)[0m           'custom_cls': {'name': None, 'path': None},
[36m(TaskRunner pid=36405)[0m           'dataloader_num_workers': 8,
[36m(TaskRunner pid=36405)[0m           'filter_overlong_prompts': True,
[36m(TaskRunner pid=36405)[0m           'filter_overlong_prompts_workers': 1,
[36m(TaskRunner pid=36405)[0m           'function_tool_path': None,
[36m(TaskRunner pid=36405)[0m           'image_key': 'images',
[36m(TaskRunner pid=36405)[0m           'image_patch_size': 14,
[36m(TaskRunner pid=36405)[0m           'max_prompt_length': 512,
[36m(TaskRunner pid=36405)[0m           'max_response_length': 2048,
[36m(TaskRunner pid=36405)[0m           'prompt_key': 'prompt',
[36m(TaskRunner pid=36405)[0m           'return_full_prompt': False,
[36m(TaskRunner pid=36405)[0m           'return_multi_modal_inputs': True,
[36m(TaskRunner pid=36405)[0m           'return_raw_chat': True,
[36m(TaskRunner pid=36405)[0m           'return_raw_input_ids': False,
[36m(TaskRunner pid=36405)[0m           'reward_fn_key': 'data_source',
[36m(TaskRunner pid=36405)[0m           'seed': None,
[36m(TaskRunner pid=36405)[0m           'shuffle': True,
[36m(TaskRunner pid=36405)[0m           'tokenizer': None,
[36m(TaskRunner pid=36405)[0m           'tool_config_path': None,
[36m(TaskRunner pid=36405)[0m           'train_batch_size': 256,
[36m(TaskRunner pid=36405)[0m           'train_files': '/workspace/AI4AI/experiments/claude-code-verl/workspace/data/train_v4.parquet',
[36m(TaskRunner pid=36405)[0m           'train_max_samples': -1,
[36m(TaskRunner pid=36405)[0m           'truncation': 'left',
[36m(TaskRunner pid=36405)[0m           'trust_remote_code': True,
[36m(TaskRunner pid=36405)[0m           'use_shm': False,
[36m(TaskRunner pid=36405)[0m           'val_batch_size': None,
[36m(TaskRunner pid=36405)[0m           'val_files': '/workspace/AI4AI/experiments/claude-code-verl/workspace/data/val_v4.parquet',
[36m(TaskRunner pid=36405)[0m           'val_max_samples': -1,
[36m(TaskRunner pid=36405)[0m           'validation_shuffle': False,
[36m(TaskRunner pid=36405)[0m           'video_key': 'videos'},
[36m(TaskRunner pid=36405)[0m  'distillation': {'_target_': 'verl.workers.config.DistillationConfig',
[36m(TaskRunner pid=36405)[0m                   'distillation_loss': {'_target_': 'verl.workers.config.DistillationLossConfig',
[36m(TaskRunner pid=36405)[0m                                         'clip_ratio': 0.2,
[36m(TaskRunner pid=36405)[0m                                         'clip_ratio_high': 0.2,
[36m(TaskRunner pid=36405)[0m                                         'clip_ratio_low': 0.2,
[36m(TaskRunner pid=36405)[0m                                         'distillation_loss_coef': 1.0,
[36m(TaskRunner pid=36405)[0m                                         'log_prob_min_clamp': None,
[36m(TaskRunner pid=36405)[0m                                         'loss_max_clamp': None,
[36m(TaskRunner pid=36405)[0m                                         'loss_mode': 'k3',
[36m(TaskRunner pid=36405)[0m                                         'policy_loss_mode': 'vanilla',
[36m(TaskRunner pid=36405)[0m                                         'topk': 32,
[36m(TaskRunner pid=36405)[0m                                         'use_policy_gradient': False,
[36m(TaskRunner pid=36405)[0m                                         'use_task_rewards': True},
[36m(TaskRunner pid=36405)[0m                   'enabled': False,
[36m(TaskRunner pid=36405)[0m                   'n_gpus_per_node': 8,
[36m(TaskRunner pid=36405)[0m                   'nnodes': 0,
[36m(TaskRunner pid=36405)[0m                   'teacher_key': 'data_source',
[36m(TaskRunner pid=36405)[0m                   'teacher_models': {'teacher_model': {'_target_': 'verl.workers.config.DistillationTeacherModelConfig',
[36m(TaskRunner pid=36405)[0m                                                        'inference': {'_target_': 'verl.workers.config.RolloutConfig',
[36m(TaskRunner pid=36405)[0m                                                                      'cudagraph_capture_sizes': None,
[36m(TaskRunner pid=36405)[0m                                                                      'data_parallel_size': 1,
[36m(TaskRunner pid=36405)[0m                                                                      'disable_log_stats': True,
[36m(TaskRunner pid=36405)[0m                                                                      'dtype': 'bfloat16',
[36m(TaskRunner pid=36405)[0m                                                                      'enable_chunked_prefill': True,
[36m(TaskRunner pid=36405)[0m                                                                      'enable_prefix_caching': True,
[36m(TaskRunner pid=36405)[0m                                                                      'enforce_eager': True,
[36m(TaskRunner pid=36405)[0m                                                                      'engine_kwargs': {},
[36m(TaskRunner pid=36405)[0m                                                                      'expert_parallel_size': 1,
[36m(TaskRunner pid=36405)[0m                                                                      'free_cache_engine': True,
[36m(TaskRunner pid=36405)[0m                                                                      'gpu_memory_utilization': 0.5,
[36m(TaskRunner pid=36405)[0m                                                                      'limit_images': None,
[36m(TaskRunner pid=36405)[0m                                                                      'load_format': 'auto',
[36m(TaskRunner pid=36405)[0m                                                                      'max_model_len': None,
[36m(TaskRunner pid=36405)[0m                                                                      'max_num_batched_tokens': 8192,
[36m(TaskRunner pid=36405)[0m                                                                      'max_num_seqs': 1024,
[36m(TaskRunner pid=36405)[0m                                                                      'name': 'vllm',
[36m(TaskRunner pid=36405)[0m                                                                      'prompt_length': 512,
[36m(TaskRunner pid=36405)[0m                                                                      'response_length': 2048,
[36m(TaskRunner pid=36405)[0m                                                                      'skip_tokenizer_init': True,
[36m(TaskRunner pid=36405)[0m                                                                      'temperature': 1.0,
[36m(TaskRunner pid=36405)[0m                                                                      'tensor_model_parallel_size': 2},
[36m(TaskRunner pid=36405)[0m                                                        'key': None,
[36m(TaskRunner pid=36405)[0m                                                        'model_path': None,
[36m(TaskRunner pid=36405)[0m                                                        'num_replicas': 0}}},
[36m(TaskRunner pid=36405)[0m  'global_profiler': {'_target_': 'verl.utils.profiler.ProfilerConfig',
[36m(TaskRunner pid=36405)[0m                      'global_tool_config': {'nsys': {'_target_': 'verl.utils.profiler.config.NsightToolConfig',
[36m(TaskRunner pid=36405)[0m                                                      'controller_nsight_options': {'cuda-graph-trace': 'graph',
[36m(TaskRunner pid=36405)[0m                                                                                    'cuda-memory-usage': 'true',
[36m(TaskRunner pid=36405)[0m                                                                                    'trace': 'cuda,nvtx,cublas,ucx'},
[36m(TaskRunner pid=36405)[0m                                                      'discrete': False,
[36m(TaskRunner pid=36405)[0m                                                      'worker_nsight_options': {'capture-range': 'cudaProfilerApi',
[36m(TaskRunner pid=36405)[0m                                                                                'capture-range-end': None,
[36m(TaskRunner pid=36405)[0m                                                                                'cuda-graph-trace': 'graph',
[36m(TaskRunner pid=36405)[0m                                                                                'cuda-memory-usage': 'true',
[36m(TaskRunner pid=36405)[0m                                                                                'kill': 'none',
[36m(TaskRunner pid=36405)[0m                                                                                'trace': 'cuda,nvtx,cublas,ucx'}},
[36m(TaskRunner pid=36405)[0m                                             'precision_debugger': {'_target_': 'verl.utils.profiler.config.PrecisionDebuggerToolConfig',
[36m(TaskRunner pid=36405)[0m                                                                    'config_path': None,
[36m(TaskRunner pid=36405)[0m                                                                    'stages': None,
[36m(TaskRunner pid=36405)[0m                                                                    'steps': None,
[36m(TaskRunner pid=36405)[0m                                                                    'strict': False},
[36m(TaskRunner pid=36405)[0m                                             'torch_memory': {'context': 'all',
[36m(TaskRunner pid=36405)[0m                                                              'kw_args': {},
[36m(TaskRunner pid=36405)[0m                                                              'stack_depth': 32,
[36m(TaskRunner pid=36405)[0m                                                              'stacks': 'all',
[36m(TaskRunner pid=36405)[0m                                                              'trace_alloc_max_entries': 100000}},
[36m(TaskRunner pid=36405)[0m                      'profile_continuous_steps': False,
[36m(TaskRunner pid=36405)[0m                      'save_path': 'outputs/profile',
[36m(TaskRunner pid=36405)[0m                      'steps': None,
[36m(TaskRunner pid=36405)[0m                      'tool': None},
[36m(TaskRunner pid=36405)[0m  'model_engine': 'dp',
[36m(TaskRunner pid=36405)[0m  'ray_kwargs': {'ray_init': {'num_cpus': None}, 'timeline_json_file': None},
[36m(TaskRunner pid=36405)[0m  'reward': {'_target_': 'verl.workers.config.RewardConfig',
[36m(TaskRunner pid=36405)[0m             'custom_reward_function': {'name': 'compute_score',
[36m(TaskRunner pid=36405)[0m                                        'path': '/workspace/AI4AI/experiments/claude-code-verl/workspace/reward_function_v6.py'},
[36m(TaskRunner pid=36405)[0m             'num_workers': 8,
[36m(TaskRunner pid=36405)[0m             'reward_manager': {'_target_': 'verl.workers.config.reward.RewardManagerConfig',
[36m(TaskRunner pid=36405)[0m                                'module': {'_target_': 'verl.trainer.config.config.ModuleConfig',
[36m(TaskRunner pid=36405)[0m                                           'name': 'custom_reward_manager',
[36m(TaskRunner pid=36405)[0m                                           'path': None},
[36m(TaskRunner pid=36405)[0m                                'name': 'naive',
[36m(TaskRunner pid=36405)[0m                                'source': 'register'},
[36m(TaskRunner pid=36405)[0m             'reward_model': {'_target_': 'verl.workers.config.RewardModelConfig',
[36m(TaskRunner pid=36405)[0m                              'enable': False,
[36m(TaskRunner pid=36405)[0m                              'enable_resource_pool': False,
[36m(TaskRunner pid=36405)[0m                              'model_path': None,
[36m(TaskRunner pid=36405)[0m                              'n_gpus_per_node': 8,
[36m(TaskRunner pid=36405)[0m                              'nnodes': 0,
[36m(TaskRunner pid=36405)[0m                              'rollout': {'_target_': 'verl.workers.config.RolloutConfig',
[36m(TaskRunner pid=36405)[0m                                          'cudagraph_capture_sizes': None,
[36m(TaskRunner pid=36405)[0m                                          'data_parallel_size': 1,
[36m(TaskRunner pid=36405)[0m                                          'disable_log_stats': True,
[36m(TaskRunner pid=36405)[0m                                          'disaggregation': {'bootstrap_port': None,
[36m(TaskRunner pid=36405)[0m                                                             'decode_replicas': 1,
[36m(TaskRunner pid=36405)[0m                                                             'decode_tensor_model_parallel_size': None,
[36m(TaskRunner pid=36405)[0m                                                             'enabled': False,
[36m(TaskRunner pid=36405)[0m                                                             'ib_device': None,
[36m(TaskRunner pid=36405)[0m                                                             'prefill_replicas': 1,
[36m(TaskRunner pid=36405)[0m                                                             'transfer_backend': 'nixl'},
[36m(TaskRunner pid=36405)[0m                                          'do_sample': True,
[36m(TaskRunner pid=36405)[0m                                          'dtype': 'bfloat16',
[36m(TaskRunner pid=36405)[0m                                          'enable_chunked_prefill': True,
[36m(TaskRunner pid=36405)[0m                                          'enable_prefix_caching': True,
[36m(TaskRunner pid=36405)[0m                                          'enforce_eager': True,
[36m(TaskRunner pid=36405)[0m                                          'engine_kwargs': {},
[36m(TaskRunner pid=36405)[0m                                          'expert_parallel_size': 1,
[36m(TaskRunner pid=36405)[0m                                          'free_cache_engine': True,
[36m(TaskRunner pid=36405)[0m                                          'gpu_memory_utilization': 0.5,
[36m(TaskRunner pid=36405)[0m                                          'ignore_eos': False,
[36m(TaskRunner pid=36405)[0m                                          'layered_summon': False,
[36m(TaskRunner pid=36405)[0m                                          'limit_images': None,
[36m(TaskRunner pid=36405)[0m                                          'load_format': 'auto',
[36m(TaskRunner pid=36405)[0m                                          'max_model_len': None,
[36m(TaskRunner pid=36405)[0m                                          'max_num_batched_tokens': 8192,
[36m(TaskRunner pid=36405)[0m                                          'max_num_seqs': 1024,
[36m(TaskRunner pid=36405)[0m                                          'mtp': None,
[36m(TaskRunner pid=36405)[0m                                          'multi_stage_wake_up': False,
[36m(TaskRunner pid=36405)[0m                                          'n': 1,
[36m(TaskRunner pid=36405)[0m                                          'name': '???',
[36m(TaskRunner pid=36405)[0m                                          'pipeline_model_parallel_size': 1,
[36m(TaskRunner pid=36405)[0m                                          'prompt_length': 2048,
[36m(TaskRunner pid=36405)[0m                                          'quantization': None,
[36m(TaskRunner pid=36405)[0m                                          'quantization_config_file': None,
[36m(TaskRunner pid=36405)[0m                                          'response_length': 2048,
[36m(TaskRunner pid=36405)[0m                                          'scheduling_policy': 'fcfs',
[36m(TaskRunner pid=36405)[0m                                          'skip_tokenizer_init': False,
[36m(TaskRunner pid=36405)[0m                                          'temperature': 1.0,
[36m(TaskRunner pid=36405)[0m                                          'tensor_model_parallel_size': 2,
[36m(TaskRunner pid=36405)[0m                                          'top_k': -1,
[36m(TaskRunner pid=36405)[0m                                          'top_p': 1}},
[36m(TaskRunner pid=36405)[0m             'sandbox_fusion': {'_target_': 'verl.workers.config.SandboxFusionConfig',
[36m(TaskRunner pid=36405)[0m                                'max_concurrent': 64,
[36m(TaskRunner pid=36405)[0m                                'memory_limit_mb': 1024,
[36m(TaskRunner pid=36405)[0m                                'url': None}},
[36m(TaskRunner pid=36405)[0m  'trainer': {'balance_batch': True,
[36m(TaskRunner pid=36405)[0m              'critic_warmup': 0,
[36m(TaskRunner pid=36405)[0m              'default_hdfs_dir': None,
[36m(TaskRunner pid=36405)[0m              'default_local_dir': '/workspace/AI4AI/experiments/claude-code-verl/workspace/checkpoints/grpo_v6',[36m(TaskRunner pid=36405)[0m /workspace/AI4AI/training/verl/trainer/main_ppo.py:254: UserWarning: Disabled critic as algorithm.adv_estimator != gae. If it is not intended, please set critic.enable=True
[36m(TaskRunner pid=36405)[0m   use_critic=need_critic(config),
[36m(TaskRunner pid=36405)[0m Filtering prompts longer than 512 tokens (num_proc=1):   0%|          | 0/30000 [00:00<?, ? examples/s]
[36m(TaskRunner pid=36405)[0m Filtering prompts longer than 512 tokens (num_proc=1):   3%|▎         | 1000/30000 [00:01<00:53, 546.16 examples/s]
[36m(TaskRunner pid=36405)[0m Filtering prompts longer than 512 tokens (num_proc=1):   7%|▋         | 2000/30000 [00:02<00:32, 872.13 examples/s]
[36m(TaskRunner pid=36405)[0m Filtering prompts longer than 512 tokens (num_proc=1):  10%|█         | 3000/30000 [00:03<00:24, 1099.78 examples/s]
[36m(TaskRunner pid=36405)[0m Filtering prompts longer than 512 tokens (num_proc=1):  13%|█▎        | 4000/30000 [00:03<00:20, 1248.35 examples/s]
[36m(TaskRunner pid=36405)[0m Filtering prompts longer than 512 tokens (num_proc=1):  17%|█▋        | 5000/30000 [00:04<00:18, 1350.92 examples/s]
[36m(TaskRunner pid=36405)[0m Filtering prompts longer than 512 tokens (num_proc=1):  20%|██        | 6000/30000 [00:05<00:16, 1421.74 examples/s]
[36m(TaskRunner pid=36405)[0m Filtering prompts longer than 512 tokens (num_proc=1):  23%|██▎       | 7000/30000 [00:05<00:15, 1476.20 examples/s]
[36m(TaskRunner pid=36405)[0m Filtering prompts longer than 512 tokens (num_proc=1):  27%|██▋       | 8000/30000 [00:06<00:14, 1510.85 examples/s]
[36m(TaskRunner pid=36405)[0m Filtering prompts longer than 512 tokens (num_proc=1):  30%|███       | 9000/30000 [00:06<00:13, 1524.83 examples/s]
[36m(TaskRunner pid=36405)[0m Filtering prompts longer than 512 tokens (num_proc=1):  33%|███▎      | 10000/30000 [00:07<00:12, 1542.31 examples/s]
[36m(TaskRunner pid=36405)[0m Filtering prompts longer than 512 tokens (num_proc=1):  37%|███▋      | 11000/30000 [00:08<00:12, 1529.48 examples/s]
[36m(TaskRunner pid=36405)[0m Filtering prompts longer than 512 tokens (num_proc=1):  40%|████      | 12000/30000 [00:08<00:11, 1550.92 examples/s]
[36m(TaskRunner pid=36405)[0m Filtering prompts longer than 512 tokens (num_proc=1):  43%|████▎     | 13000/30000 [00:09<00:10, 1551.60 examples/s]
[36m(TaskRunner pid=36405)[0m Filtering prompts longer than 512 tokens (num_proc=1):  47%|████▋     | 14000/30000 [00:10<00:10, 1551.86 examples/s]
[36m(TaskRunner pid=36405)[0m Filtering prompts longer than 512 tokens (num_proc=1):  50%|█████     | 15000/30000 [00:10<00:09, 1514.38 examples/s]
[36m(TaskRunner pid=36405)[0m Filtering prompts longer than 512 tokens (num_proc=1):  53%|█████▎    | 16000/30000 [00:11<00:09, 1514.95 examples/s]
[36m(TaskRunner pid=36405)[0m Filtering prompts longer than 512 tokens (num_proc=1):  57%|█████▋    | 17000/30000 [00:12<00:08, 1532.86 examples/s]
[36m(TaskRunner pid=36405)[0m Filtering prompts longer than 512 tokens (num_proc=1):  60%|██████    | 18000/30000 [00:12<00:07, 1692.45 examples/s]
[36m(TaskRunner pid=36405)[0m Filtering prompts longer than 512 tokens (num_proc=1):  63%|██████▎   | 19000/30000 [00:12<00:05, 1869.75 examples/s]
[36m(TaskRunner pid=36405)[0m Filtering prompts longer than 512 tokens (num_proc=1):  67%|██████▋   | 20000/30000 [00:13<00:04, 2015.36 examples/s]
[36m(TaskRunner pid=36405)[0m Filtering prompts longer than 512 tokens (num_proc=1):  70%|███████   | 21000/30000 [00:13<00:04, 2138.27 examples/s]
[36m(TaskRunner pid=36405)[0m Filtering prompts longer than 512 tokens (num_proc=1):  73%|███████▎  | 22000/30000 [00:14<00:03, 2238.49 examples/s]
[36m(TaskRunner pid=36405)[0m Filtering prompts longer than 512 tokens (num_proc=1):  77%|███████▋  | 23000/30000 [00:14<00:03, 2308.90 examples/s]
[36m(TaskRunner pid=36405)[0m Filtering prompts longer than 512 tokens (num_proc=1):  80%|████████  | 24000/30000 [00:14<00:02, 2358.51 examples/s]
[36m(TaskRunner pid=36405)[0m Filtering prompts longer than 512 tokens (num_proc=1):  83%|████████▎ | 25000/30000 [00:15<00:02, 2393.41 examples/s]
[36m(TaskRunner pid=36405)[0m Filtering prompts longer than 512 tokens (num_proc=1):  87%|████████▋ | 26000/30000 [00:15<00:01, 2418.64 examples/s]
[36m(TaskRunner pid=36405)[0m Filtering prompts longer than 512 tokens (num_proc=1):  90%|█████████ | 27000/30000 [00:16<00:01, 2448.64 examples/s]
[36m(TaskRunner pid=36405)[0m Filtering prompts longer than 512 tokens (num_proc=1):  93%|█████████▎| 28000/30000 [00:16<00:00, 2490.47 examples/s]
[36m(TaskRunner pid=36405)[0m Filtering prompts longer than 512 tokens (num_proc=1):  97%|█████████▋| 29000/30000 [00:16<00:00, 2508.14 examples/s]
[36m(TaskRunner pid=36405)[0m Filtering prompts longer than 512 tokens (num_proc=1): 100%|██████████| 30000/30000 [00:17<00:00, 2528.23 examples/s]
[36m(TaskRunner pid=36405)[0m Filtering prompts longer than 512 tokens (num_proc=1): 100%|██████████| 30000/30000 [00:17<00:00, 1715.29 examples/s]
[36m(TaskRunner pid=36405)[0m Filtering prompts longer than 512 tokens (num_proc=1):   0%|          | 0/500 [00:00<?, ? examples/s]
[36m(TaskRunner pid=36405)[0m Filtering prompts longer than 512 tokens (num_proc=1): 100%|██████████| 500/500 [00:01<00:00, 378.26 examples/s]
[36m(TaskRunner pid=36405)[0m Filtering prompts longer than 512 tokens (num_proc=1): 100%|██████████| 500/500 [00:01<00:00, 328.90 examples/s]
[36m(TaskRunner pid=36405)[0m /workspace/AI4AI/training/verl/trainer/ppo/ray_trainer.py:296: UserWarning: Disabled critic as algorithm.adv_estimator != gae. If it is not intended, please set critic.enable=True
[36m(TaskRunner pid=36405)[0m   self.use_critic = need_critic(self.config)
[36m(WorkerDict pid=39658)[0m WARNING:2026-06-07 08:08:34,328:Detected megatron.core 0.14.0rc7, recommend upgrading to >= 0.14.0 for better checkpoint compatibility
[36m(WorkerDict pid=39656)[0m `torch_dtype` is deprecated! Use `dtype` instead!
[36m(WorkerDict pid=39656)[0m Flash Attention 2 only supports torch.float16 and torch.bfloat16 dtypes, but the current dype in Qwen3ForCausalLM is torch.float32. You should run training or inference using Automatic Mixed-Precision via the `with torch.autocast(device_type='torch_device'):` decorator, or load the model with the `dtype` argument. Example: `model = AutoModel.from_pretrained("openai/whisper-tiny", attn_implementation="flash_attention_2", dtype=torch.float16)`
[36m(WorkerDict pid=39656)[0m Flash Attention 2 only supports torch.float16 and torch.bfloat16 dtypes, but the current dype in Qwen3Model is torch.float32. You should run training or inference using Automatic Mixed-Precision via the `with torch.autocast(device_type='torch_device'):` decorator, or load the model with the `dtype` argument. Example: `model = AutoModel.from_pretrained("openai/whisper-tiny", attn_implementation="flash_attention_2", dtype=torch.float16)`
[36m(WorkerDict pid=39657)[0m WARNING:2026-06-07 08:08:35,674:Detected megatron.core 0.14.0rc7, recommend upgrading to >= 0.14.0 for better checkpoint compatibility[32m [repeated 3x across cluster] (Ray deduplicates logs by default. Set RAY_DEDUP_LOGS=0 to disable log deduplication, or see https://docs.ray.io/en/master/ray-observability/user-guides/configure-logging.html#log-deduplication for more options.)[0m
[36m(WorkerDict pid=39655)[0m /usr/local/lib/python3.12/dist-packages/torch/distributed/fsdp/fully_sharded_data_parallel.py:678: FutureWarning: FSDP.state_dict_type() and FSDP.set_state_dict_type() are being deprecated. Please use APIs, get_state_dict() and set_state_dict(), which can support different parallelisms, FSDP1, FSDP2, DDP. API doc: https://pytorch.org/docs/stable/distributed.checkpoint.html#torch.distributed.checkpoint.state_dict.get_state_dict .Tutorial: https://pytorch.org/tutorials/recipes/distributed_checkpoint_recipe.html .
[36m(WorkerDict pid=39655)[0m   warnings.warn(
[36m(WorkerDict pid=39657)[0m `torch_dtype` is deprecated! Use `dtype` instead![32m [repeated 3x across cluster][0m
[36m(WorkerDict pid=39657)[0m Flash Attention 2 only supports torch.float16 and torch.bfloat16 dtypes, but the current dype in Qwen3Model is torch.float32. You should run training or inference using Automatic Mixed-Precision via the `with torch.autocast(device_type='torch_device'):` decorator, or load the model with the `dtype` argument. Example: `model = AutoModel.from_pretrained("openai/whisper-tiny", attn_implementation="flash_attention_2", dtype=torch.float16)`[32m [repeated 6x across cluster][0m
[36m(vLLMHttpServer pid=40796)[0m WARNING:2026-06-07 08:09:29,945:agent loop only support torch and npu profiler, got None
[36m(vLLMHttpServer pid=40796)[0m INFO:2026-06-07 08:09:29,946:vLLMHttpServer, replica_rank: 2, node_rank: 0, CUDA_VISIBLE_DEVICES: 2, master_address: 11.11.22.2, master_port: 45163, data_parallel_rpc_port: 35080, data_parallel_master_port: 34677
[36m(WorkerDict pid=39658)[0m /usr/local/lib/python3.12/dist-packages/torch/distributed/fsdp/fully_sharded_data_parallel.py:678: FutureWarning: FSDP.state_dict_type() and FSDP.set_state_dict_type() are being deprecated. Please use APIs, get_state_dict() and set_state_dict(), which can support different parallelisms, FSDP1, FSDP2, DDP. API doc: https://pytorch.org/docs/stable/distributed.checkpoint.html#torch.distributed.checkpoint.state_dict.get_state_dict .Tutorial: https://pytorch.org/tutorials/recipes/distributed_checkpoint_recipe.html .[32m [repeated 3x across cluster][0m
[36m(WorkerDict pid=39658)[0m   warnings.warn([32m [repeated 3x across cluster][0m
[36m(vLLMHttpServer pid=40796)[0m INFO:2026-06-07 08:09:29,961:override_generation_config: {'temperature': 1.0, 'top_k': -1, 'top_p': 0.95, 'repetition_penalty': 1.0, 'max_new_tokens': 2048}
[36m(vLLMHttpServer pid=40796)[0m INFO:2026-06-07 08:09:29,961:enable_sleep_mode: True
[36m(vLLMHttpServer pid=40796)[0m The argument `trust_remote_code` is to be used with Auto classes. It has no effect here and is ignored.
[36m(vLLMHttpServer pid=40796)[0m `torch_dtype` is deprecated! Use `dtype` instead!
[36m(vLLMHttpServer pid=40793)[0m W0607 08:09:48.488000 41523 torch/utils/cpp_extension.py:2425] TORCH_CUDA_ARCH_LIST is not set, all archs for visible cards are included for compilation. 
[36m(vLLMHttpServer pid=40793)[0m W0607 08:09:48.488000 41523 torch/utils/cpp_extension.py:2425] If this is not desired, please set os.environ['TORCH_CUDA_ARCH_LIST'] to specific architectures.
[36m(vLLMHttpServer pid=40795)[0m WARNING:2026-06-07 08:09:30,724:agent loop only support torch and npu profiler, got None[32m [repeated 3x across cluster][0m
[36m(vLLMHttpServer pid=40795)[0m INFO:2026-06-07 08:09:30,725:vLLMHttpServer, replica_rank: 1, node_rank: 0, CUDA_VISIBLE_DEVICES: 1, master_address: 11.11.22.2, master_port: 46795, data_parallel_rpc_port: 36637, data_parallel_master_port: 43994[32m [repeated 3x across cluster][0m
[36m(vLLMHttpServer pid=40795)[0m INFO:2026-06-07 08:09:30,741:override_generation_config: {'temperature': 1.0, 'top_k': -1, 'top_p': 0.95, 'repetition_penalty': 1.0, 'max_new_tokens': 2048}[32m [repeated 3x across cluster][0m
[36m(vLLMHttpServer pid=40795)[0m INFO:2026-06-07 08:09:30,742:enable_sleep_mode: True[32m [repeated 3x across cluster][0m
[36m(vLLMHttpServer pid=40795)[0m The argument `trust_remote_code` is to be used with Auto classes. It has no effect here and is ignored.[32m [repeated 3x across cluster][0m
[36m(vLLMHttpServer pid=40795)[0m `torch_dtype` is deprecated! Use `dtype` instead![32m [repeated 3x across cluster][0m

[36m(TaskRunner pid=36405)[0m              'del_local_ckpt_after_load': False,
[36m(TaskRunner pid=36405)[0m              'device': 'cuda',
[36m(TaskRunner pid=36405)[0m              'esi_redundant_time': 0,
[36m(TaskRunner pid=36405)[0m              'experiment_name': 'grpo_v6',
[36m(TaskRunner pid=36405)[0m              'log_val_generations': 0,
[36m(TaskRunner pid=36405)[0m              'logger': ['console'],
[36m(TaskRunner pid=36405)[0m              'max_actor_ckpt_to_keep': None,
[36m(TaskRunner pid=36405)[0m              'max_critic_ckpt_to_keep': None,
[36m(TaskRunner pid=36405)[0m              'n_gpus_per_node': 4,
[36m(TaskRunner pid=36405)[0m              'nnodes': 1,
[36m(TaskRunner pid=36405)[0m              'project_name': 'grpo_math',
[36m(TaskRunner pid=36405)[0m              'ray_wait_register_center_timeout': 300,
[36m(TaskRunner pid=36405)[0m              'resume_from_path': '/workspace/AI4AI/experiments/claude-code-verl/workspace/checkpoints/grpo_v2/global_step_10',
[36m(TaskRunner pid=36405)[0m              'resume_mode': 'resume_path',
[36m(TaskRunner pid=36405)[0m              'rollout_data_dir': None,
[36m(TaskRunner pid=36405)[0m              'save_freq': 10,
[36m(TaskRunner pid=36405)[0m              'test_freq': -1,
[36m(TaskRunner pid=36405)[0m              'total_epochs': 3,
[36m(TaskRunner pid=36405)[0m              'total_training_steps': None,
[36m(TaskRunner pid=36405)[0m              'val_before_train': False,
[36m(TaskRunner pid=36405)[0m              'val_only': False,
[36m(TaskRunner pid=36405)[0m              'validation_data_dir': None},
[36m(TaskRunner pid=36405)[0m  'transfer_queue': {'backend': {'SimpleStorage': {'num_data_storage_units': 8,
[36m(TaskRunner pid=36405)[0m                                                   'total_storage_size': 100000},
[36m(TaskRunner pid=36405)[0m                                 'storage_backend': 'SimpleStorage'},
[36m(TaskRunner pid=36405)[0m                     'enable': False}}
[36m(TaskRunner pid=36405)[0m [validate_config] All configuration checks passed successfully!
[36m(TaskRunner pid=36405)[0m Using dataset class: RLHFDataset
[36m(TaskRunner pid=36405)[0m dataset len: 30000
[36m(TaskRunner pid=36405)[0m filter dataset len: 29920
[36m(TaskRunner pid=36405)[0m Using dataset class: RLHFDataset
[36m(TaskRunner pid=36405)[0m dataset len: 500
[36m(TaskRunner pid=36405)[0m filter dataset len: 500
[36m(TaskRunner pid=36405)[0m Size of train dataloader: 116, Size of val dataloader: 1
[36m(TaskRunner pid=36405)[0m Total training steps: 348
[36m(TaskRunner pid=36405)[0m colocated worker base class <class 'verl.single_controller.base.worker.Worker'>
[36m(WorkerDict pid=39655)[0m [Gloo] Rank 0 is connected to 3 peer ranks. Expected number of connected peer ranks is : 3
[36m(WorkerDict pid=39655)[0m Warning: Failed to set NUMA affinity: libnuma.so: cannot open shared object file: No such file or directory
[36m(WorkerDict pid=39656)[0m Monkey patch state_dict in AutoModelForCausalLMWithValueHead. 
[36m(WorkerDict pid=39656)[0m Monkey patch _flash_attention_forward in transformers.integrations.flash_attention
[36m(WorkerDict pid=39656)[0m Skipping monkey patch for Qwen3ForCausalLM as use_fused_kernels is False or fused_kernels_backend is torch
[36m(WorkerDict pid=39658)[0m [Gloo] Rank 3 is connected to 3 peer ranks. Expected number of connected peer ranks is : 3[32m [repeated 3x across cluster][0m
[36m(WorkerDict pid=39658)[0m Warning: Failed to set NUMA affinity: libnuma.so: cannot open shared object file: No such file or directory[32m [repeated 3x across cluster][0m
[36m(WorkerDict pid=39655)[0m Qwen3ForCausalLM contains 1.72B parameters
[36m(WorkerDict pid=39655)[0m Before FSDP, memory allocated (GB): 0.00, memory reserved (GB): 0.00, device memory used/total (GB): 0.41/79.33
[36m(WorkerDict pid=39655)[0m After FSDP, memory allocated (GB): 1.60, memory reserved (GB): 4.36, device memory used/total (GB): 5.25/79.33
[36m(WorkerDict pid=39655)[0m Total steps: 348, num_warmup_steps: 3
[36m(WorkerDict pid=39657)[0m Monkey patch state_dict in AutoModelForCausalLMWithValueHead. [32m [repeated 3x across cluster][0m
[36m(WorkerDict pid=39657)[0m Monkey patch _flash_attention_forward in transformers.integrations.flash_attention[32m [repeated 3x across cluster][0m
[36m(WorkerDict pid=39657)[0m Skipping monkey patch for Qwen3ForCausalLM as use_fused_kernels is False or fused_kernels_backend is torch[32m [repeated 3x across cluster][0m
[36m(WorkerDict pid=39657)[0m [Gloo] Rank 2 is connected to 3 peer ranks. Expected number of connected peer ranks is : 3
[36m(WorkerDict pid=39655)[0m NCCL version 2.27.3+cuda12.9
[36m(TaskRunner pid=36405)[0m WARNING 06-07 08:09:17 [api_server.py:1213] LoRA dynamic loading & unloading is enabled in the API server. This should ONLY be used for local development!
[36m(WorkerDict pid=39655)[0m [Gloo] Rank 0 is connected to 0 peer ranks. Expected number of connected peer ranks is : 0[32m [repeated 11x across cluster][0m
[36m(pid=40793)[0m WARNING 06-07 08:09:28 [api_server.py:1213] LoRA dynamic loading & unloading is enabled in the API server. This should ONLY be used for local development!
[36m(pid=40794)[0m WARNING 06-07 08:09:29 [api_server.py:1213] LoRA dynamic loading & unloading is enabled in the API server. This should ONLY be used for local development!
[36m(vLLMHttpServer pid=40794)[0m ['serve',
[36m(vLLMHttpServer pid=40794)[0m  '/root/models/Qwen/Qwen3-1.7B-Base',
[36m(vLLMHttpServer pid=40794)[0m  '--dtype',
[36m(vLLMHttpServer pid=40794)[0m  'bfloat16',
[36m(vLLMHttpServer pid=40794)[0m  '--load_format',
[36m(vLLMHttpServer pid=40794)[0m  'dummy',
[36m(vLLMHttpServer pid=40794)[0m  '--distributed_executor_backend',
[36m(vLLMHttpServer pid=40794)[0m  'mp',
[36m(vLLMHttpServer pid=40794)[0m  '--worker_extension_cls',
[36m(vLLMHttpServer pid=40794)[0m  'verl.workers.rollout.vllm_rollout.utils.vLLMColocateWorkerExtension',
[36m(vLLMHttpServer pid=40794)[0m  '--trust_remote_code',
[36m(vLLMHttpServer pid=40794)[0m  '--max_model_len',
[36m(vLLMHttpServer pid=40794)[0m  '3072',
[36m(vLLMHttpServer pid=40794)[0m  '--max_num_seqs',
[36m(vLLMHttpServer pid=40794)[0m  '1024',
[36m(vLLMHttpServer pid=40794)[0m  '--enable_chunked_prefill',
[36m(vLLMHttpServer pid=40794)[0m  '--max_num_batched_tokens',
[36m(vLLMHttpServer pid=40794)[0m  '8192',
[36m(vLLMHttpServer pid=40794)[0m  '--enable_prefix_caching',
[36m(vLLMHttpServer pid=40794)[0m  '--enable_sleep_mode',
[36m(vLLMHttpServer pid=40794)[0m  '--logprobs_mode',
[36m(vLLMHttpServer pid=40794)[0m  'processed_logprobs',
[36m(vLLMHttpServer pid=40794)[0m  '--enforce_eager',
[36m(vLLMHttpServer pid=40794)[0m  '--gpu_memory_utilization',
[36m(vLLMHttpServer pid=40794)[0m  '0.4',
[36m(vLLMHttpServer pid=40794)[0m  '--disable_log_stats',
[36m(vLLMHttpServer pid=40794)[0m  '--tensor_parallel_size',
[36m(vLLMHttpServer pid=40794)[0m  '1',
[36m(vLLMHttpServer pid=40794)[0m  '--seed',
[36m(vLLMHttpServer pid=40794)[0m  '0',
[36m(vLLMHttpServer pid=40794)[0m  '--override_generation_config',
[36m(vLLMHttpServer pid=40794)[0m  '{"temperature": 1.0, "top_k": -1, "top_p": 0.95, "repetition_penalty": 1.0, '
[36m(vLLMHttpServer pid=40794)[0m  '"max_new_tokens": 2048}',
[36m(vLLMHttpServer pid=40794)[0m  '--hf_overrides',
[36m(vLLMHttpServer pid=40794)[0m  '{}',
[36m(vLLMHttpServer pid=40794)[0m  '--scheduling_policy',
[36m(vLLMHttpServer pid=40794)[0m  'fcfs',
[36m(vLLMHttpServer pid=40794)[0m  '--compilation_config',
[36m(vLLMHttpServer pid=40794)[0m  '{"cudagraph_mode": "FULL_AND_PIECEWISE"}']
[36m(vLLMHttpServer pid=40796)[0m WARNING 06-07 08:09:30 [__init__.py:3036] We must use the `spawn` multiprocessing start method. Overriding VLLM_WORKER_MULTIPROC_METHOD to 'spawn'. See https://docs.vllm.ai/en/latest/usage/troubleshooting.html#python-multiprocessing for more information. Reasons: In a Ray actor and can only be spawned; CUDA is initialized
[36m(vLLMHttpServer pid=40796)[0m [Gloo] Rank 0 is connected to 0 peer ranks. Expected number of connected peer ranks is : 0[36m(vLLMHttpServer pid=40794)[0m INFO:2026-06-07 08:09:56,796:Initializing a V1 LLM engine with config: model='/root/models/Qwen/Qwen3-1.7B-Base', speculative_config=None, tokenizer='/root/models/Qwen/Qwen3-1.7B-Base', skip_tokenizer_init=False, tokenizer_mode=auto, revision=None, tokenizer_revision=None, trust_remote_code=True, dtype=torch.bfloat16, max_seq_len=3072, download_dir=None, load_format=dummy, tensor_parallel_size=1, pipeline_parallel_size=1, data_parallel_size=1, disable_custom_all_reduce=False, quantization=None, enforce_eager=True, kv_cache_dtype=auto, device_config=cuda, structured_outputs_config=StructuredOutputsConfig(backend='auto', disable_fallback=False, disable_any_whitespace=False, disable_additional_properties=False, reasoning_parser=''), observability_config=ObservabilityConfig(show_hidden_metrics_for_version=None, otlp_traces_endpoint=None, collect_detailed_traces=None), seed=0, served_model_name=/root/models/Qwen/Qwen3-1.7B-Base, enable_prefix_caching=True, chunked_prefill_enabled=True, pooler_config=None, compilation_config={"level":0,"debug_dump_path":"","cache_dir":"","backend":"","custom_ops":[],"splitting_ops":null,"use_inductor":true,"compile_sizes":[],"inductor_compile_config":{"enable_auto_functionalized_v2":false},"inductor_passes":{},"cudagraph_mode":0,"use_cudagraph":true,"cudagraph_num_of_warmups":0,"cudagraph_capture_sizes":[],"cudagraph_copy_inputs":false,"full_cuda_graph":false,"use_inductor_graph_partition":false,"pass_config":{},"max_capture_size":0,"local_cache_dir":null}
[36m(vLLMHttpServer pid=40795)[0m W0607 08:09:49.627000 41546 torch/utils/cpp_extension.py:2425] TORCH_CUDA_ARCH_LIST is not set, all archs for visible cards are included for compilation. [32m [repeated 3x across cluster][0m
[36m(vLLMHttpServer pid=40795)[0m W0607 08:09:49.627000 41546 torch/utils/cpp_extension.py:2425] If this is not desired, please set os.environ['TORCH_CUDA_ARCH_LIST'] to specific architectures.[32m [repeated 3x across cluster][0m
[36m(WorkerDict pid=39655)[0m /usr/local/lib/python3.12/dist-packages/torch/distributed/fsdp/fully_sharded_data_parallel.py:678: FutureWarning: FSDP.state_dict_type() and FSDP.set_state_dict_type() are being deprecated. Please use APIs, get_state_dict() and set_state_dict(), which can support different parallelisms, FSDP1, FSDP2, DDP. API doc: https://pytorch.org/docs/stable/distributed.checkpoint.html#torch.distributed.checkpoint.state_dict.get_state_dict .Tutorial: https://pytorch.org/tutorials/recipes/distributed_checkpoint_recipe.html .
[36m(WorkerDict pid=39655)[0m   warnings.warn(
[36m(WorkerDict pid=39655)[0m INFO:2026-06-07 08:10:00,555:[Rank 0] Loaded model from /workspace/AI4AI/experiments/claude-code-verl/workspace/checkpoints/grpo_v2/global_step_10/actor/model_world_size_4_rank_0.pt
[36m(WorkerDict pid=39655)[0m INFO:2026-06-07 08:10:03,569:[Rank 0] Loaded optimizer from /workspace/AI4AI/experiments/claude-code-verl/workspace/checkpoints/grpo_v2/global_step_10/actor/optim_world_size_4_rank_0.pt
[36m(WorkerDict pid=39655)[0m INFO:2026-06-07 08:10:03,591:[Rank 0] Loaded rng from /workspace/AI4AI/experiments/claude-code-verl/workspace/checkpoints/grpo_v2/global_step_10/actor/extra_state_world_size_4_rank_0.pt
[36m(WorkerDict pid=39655)[0m INFO:2026-06-07 08:10:03,592:[Rank 0] Loaded lr_scheduler from /workspace/AI4AI/experiments/claude-code-verl/workspace/checkpoints/grpo_v2/global_step_10/actor/extra_state_world_size_4_rank_0.pt
[36m(WorkerDict pid=39658)[0m /usr/local/lib/python3.12/dist-packages/torch/distributed/fsdp/fully_sharded_data_parallel.py:678: FutureWarning: FSDP.state_dict_type() and FSDP.set_state_dict_type() are being deprecated. Please use APIs, get_state_dict() and set_state_dict(), which can support different parallelisms, FSDP1, FSDP2, DDP. API doc: https://pytorch.org/docs/stable/distributed.checkpoint.html#torch.distributed.checkpoint.state_dict.get_state_dict .Tutorial: https://pytorch.org/tutorials/recipes/distributed_checkpoint_recipe.html .[32m [repeated 3x across cluster][0m
[36m(WorkerDict pid=39658)[0m   warnings.warn([32m [repeated 3x across cluster][0m
[36m(WorkerDict pid=39655)[0m INFO:2026-06-07 08:10:05,478:update_weights done, time cost: 0.55s
[36m(TaskRunner pid=36405)[0m Training Progress:   3%|▎         | 10/348 [00:00<?, ?it/s]
[36m(WorkerDict pid=39658)[0m INFO:2026-06-07 08:10:00,554:[Rank 3] Loaded model from /workspace/AI4AI/experiments/claude-code-verl/workspace/checkpoints/grpo_v2/global_step_10/actor/model_world_size_4_rank_3.pt[32m [repeated 3x across cluster][0m
[36m(AgentLoopWorker pid=41884)[0m You're using a Qwen2TokenizerFast tokenizer. Please note that with a fast tokenizer, using the `__call__` method is faster than using a method to encode the text followed by a call to the `pad` method to get a padded encoding.
[36m(WorkerDict pid=39657)[0m INFO:2026-06-07 08:10:04,458:[Rank 2] Loaded optimizer from /workspace/AI4AI/experiments/claude-code-verl/workspace/checkpoints/grpo_v2/global_step_10/actor/optim_world_size_4_rank_2.pt[32m [repeated 3x across cluster][0m
[36m(WorkerDict pid=39657)[0m INFO:2026-06-07 08:10:04,486:[Rank 2] Loaded rng from /workspace/AI4AI/experiments/claude-code-verl/workspace/checkpoints/grpo_v2/global_step_10/actor/extra_state_world_size_4_rank_2.pt[32m [repeated 3x across cluster][0m
[36m(WorkerDict pid=39657)[0m INFO:2026-06-07 08:10:04,487:[Rank 2] Loaded lr_scheduler from /workspace/AI4AI/experiments/claude-code-verl/workspace/checkpoints/grpo_v2/global_step_10/actor/extra_state_world_size_4_rank_2.pt[32m [repeated 3x across cluster][0m
[36m(AgentLoopWorker pid=41878)[0m You're using a Qwen2TokenizerFast tokenizer. Please note that with a fast tokenizer, using the `__call__` method is faster than using a method to encode the text followed by a call to the `pad` method to get a padded encoding.[32m [repeated 3x across cluster][0m
[36m(AgentLoopWorker pid=41885)[0m You're using a Qwen2TokenizerFast tokenizer. Please note that with a fast tokenizer, using the `__call__` method is faster than using a method to encode the text followed by a call to the `pad` method to get a padded encoding.[32m [repeated 4x across cluster][0m
[36m(WorkerDict pid=39655)[0m INFO:2026-06-07 08:12:41,880:update_weights done, time cost: 1.77s
[36m(TaskRunner pid=36405)[0m Training Progress:   3%|▎         | 11/348 [02:36<14:39:31, 156.59s/it]
[36m(WorkerDict pid=39655)[0m INFO:2026-06-07 08:15:19,432:update_weights done, time cost: 2.12s

[36m(vLLMHttpServer pid=40796)[0m [Gloo] Rank 0 is connected to 0 peer ranks. Expected number of connected peer ranks is : 0
[36m(pid=40795)[0m WARNING 06-07 08:09:29 [api_server.py:1213] LoRA dynamic loading & unloading is enabled in the API server. This should ONLY be used for local development![32m [repeated 2x across cluster][0m
[36m(vLLMHttpServer pid=40795)[0m WARNING 06-07 08:09:31 [__init__.py:3036] We must use the `spawn` multiprocessing start method. Overriding VLLM_WORKER_MULTIPROC_METHOD to 'spawn'. See https://docs.vllm.ai/en/latest/usage/troubleshooting.html#python-multiprocessing for more information. Reasons: In a Ray actor and can only be spawned; CUDA is initialized[32m [repeated 3x across cluster][0m
[36m(vLLMHttpServer pid=40796)[0m [Gloo] Rank 0 is connected to 0 peer ranks. Expected number of connected peer ranks is : 0
[36m(vLLMHttpServer pid=40796)[0m [Gloo] Rank 0 is connected to 0 peer ranks. Expected number of connected peer ranks is : 0
[36m(vLLMHttpServer pid=40796)[0m [Gloo] Rank 0 is connected to 0 peer ranks. Expected number of connected peer ranks is : 0
[36m(vLLMHttpServer pid=40796)[0m [Gloo] Rank 0 is connected to 0 peer ranks. Expected number of connected peer ranks is : 0
[36m(vLLMHttpServer pid=40793)[0m [1;36m(Worker pid=41523)[0;0m WARNING 06-07 08:09:55 [cudagraph_dispatcher.py:106] cudagraph dispatching keys are not initialized. No cudagraph will be used.
[36m(vLLMHttpServer pid=40793)[0m WARNING 06-07 08:09:56 [model.py:1389] Default sampling parameters have been overridden by the model's Hugging Face generation config recommended from the model creator. If this is not intended, please relaunch vLLM instance with `--generation-config vllm`.
[36m(vLLMHttpServer pid=40795)[0m [Gloo] Rank 0 is connected to 0 peer ranks. Expected number of connected peer ranks is : 0[32m [repeated 18x across cluster][0m
[36m(TaskRunner pid=36405)[0m LLMServerManager: ['11.11.22.2:39060', '11.11.22.2:43485', '11.11.22.2:45478', '11.11.22.2:42526']
[36m(TaskRunner pid=36405)[0m Checkpoint tracker file does not exist: /workspace/AI4AI/experiments/claude-code-verl/workspace/checkpoints/grpo_v6/latest_checkpointed_iteration.txt
[36m(TaskRunner pid=36405)[0m Load from checkpoint folder: /workspace/AI4AI/experiments/claude-code-verl/workspace/checkpoints/grpo_v2/global_step_10
[36m(TaskRunner pid=36405)[0m Setting global step to 10
[36m(TaskRunner pid=36405)[0m Resuming from /workspace/AI4AI/experiments/claude-code-verl/workspace/checkpoints/grpo_v2/global_step_10
[36m(WorkerDict pid=39655)[0m WARNING 06-07 08:10:04 [api_server.py:1213] LoRA dynamic loading & unloading is enabled in the API server. This should ONLY be used for local development!
[36m(vLLMHttpServer pid=40795)[0m [1;36m(Worker pid=41546)[0;0m WARNING 06-07 08:09:56 [cudagraph_dispatcher.py:106] cudagraph dispatching keys are not initialized. No cudagraph will be used.[32m [repeated 3x across cluster][0m
[36m(vLLMHttpServer pid=40795)[0m WARNING 06-07 08:09:57 [model.py:1389] Default sampling parameters have been overridden by the model's Hugging Face generation config recommended from the model creator. If this is not intended, please relaunch vLLM instance with `--generation-config vllm`.[32m [repeated 3x across cluster][0m
[36m(AgentLoopWorker pid=41878)[0m WARNING 06-07 08:10:09 [api_server.py:1213] LoRA dynamic loading & unloading is enabled in the API server. This should ONLY be used for local development![32m [repeated 8x across cluster][0m
[36m(AgentLoopWorker pid=41881)[0m Using dataset class: RLHFDataset
[36m(TaskRunner pid=36405)[0m step:11 - global_seqlen/min:476506 - global_seqlen/max:539797 - global_seqlen/minmax_diff:63291 - global_seqlen/balanced_min:507109 - global_seqlen/balanced_max:507128 - global_seqlen/mean:507118.5 - actor/entropy:0.24356377124786377 - perf/mfu/actor_infer:0.43621156226603053 - actor/pg_clipfrac:0.0 - actor/ppo_kl:0.0 - actor/pg_clipfrac_lower:0.0 - actor/pg_loss:0.009765706463213064 - actor/entropy_loss:0.2435637624002993 - actor/loss:0.009035015478730202 - actor/grad_norm:0.13049784302711487 - actor/lr:4.994032368746136e-06 - perf/mfu/actor:0.38367532299490253 - training/global_step:11 - training/epoch:0 - critic/score/mean:0.007089843042194843 - critic/score/max:1.0 - critic/score/min:0.0 - critic/rewards/mean:0.007089843042194843 - critic/rewards/max:1.0 - critic/rewards/min:0.0 - critic/advantages/mean:-0.009765698574483395 - critic/advantages/max:2.4748666286468506 - critic/advantages/min:-1.2074979543685913 - critic/returns/mean:-0.009765698574483395 - critic/returns/max:2.4748666286468506 - critic/returns/min:-1.2074979543685913 - response_length/mean:858.2353515625 - response_length/max:2048.0 - response_length/min:4.0 - response_length/clip_ratio:0.08837890625 - response_length_non_aborted/mean:858.2353515625 - response_length_non_aborted/max:2048.0 - response_length_non_aborted/min:4.0 - response_length_non_aborted/clip_ratio:0.08837890625 - response/aborted_ratio:0.0 - prompt_length/mean:132.23046875 - prompt_length/max:486.0 - prompt_length/min:61.0 - prompt_length/clip_ratio:0.0 - num_turns/min:2 - num_turns/max:2 - num_turns/mean:2.0 - timing_s/start_profile:0.0006200110074132681 - timing_s/agent_loop/num_preempted/min:-1 - timing_s/agent_loop/num_preempted/max:-1 - timing_s/agent_loop/num_preempted/mean:-1.0 - timing_s/agent_loop/generate_sequences/min:0.4986480030056555 - timing_s/agent_loop/generate_sequences/max:70.40061604499351 - timing_s/agent_loop/generate_sequences/mean:39.27262765914597 - timing_s/agent_loop/tool_calls/min:0.0 - timing_s/agent_loop/tool_calls/max:0.0 - timing_s/agent_loop/tool_calls/mean:0.0 - timing_s/agent_loop/compute_score/min:0.006571026984602213 - timing_s/agent_loop/compute_score/max:0.08824076599557884 - timing_s/agent_loop/compute_score/mean:0.014776065109089132 - timing_s/agent_loop/slowest/generate_sequences:70.40061604499351 - timing_s/agent_loop/slowest/tool_calls:0.0 - timing_s/agent_loop/slowest/compute_score:0.015851125004701316 - timing_s/agent_loop/slowest/num_preempted:-1 - timing_s/agent_loop/slowest/prompt_length:236 - timing_s/agent_loop/slowest/response_length:2048 - timing_s/gen:76.6906340069836 - timing_s/reward:4.870601696893573e-05 - timing_s/old_log_prob:18.90155015498749 - timing_s/adv:0.04500636400189251 - timing_s/update_actor:56.92561872099759 - timing_s/update_weights:2.9835972159926314 - timing_s/step:156.15766358800465 - timing_s/stop_profile:0.00020516198128461838 - timing_per_token_ms/adv:2.218730139104199e-05 - timing_per_token_ms/gen:0.04363208596342172 - timing_per_token_ms/update_actor:0.028063272549215614 - perf/total_num_tokens:2028474 - perf/time_per_step:156.15766358800465 - perf/throughput:3247.477506694424
[36m(AgentLoopWorker pid=41885)[0m WARNING 06-07 08:10:10 [api_server.py:1213] LoRA dynamic loading & unloading is enabled in the API server. This should ONLY be used for local development![32m [repeated 4x across cluster][0m
[36m(AgentLoopWorker pid=41885)[0m Using dataset class: RLHFDataset[32m [repeated 7x across cluster][0m
[36m(TaskRunner pid=36405)[0m step:12 - global_seqlen/min:473873 - global_seqlen/max:550535 - global_seqlen/minmax_diff:76662 - global_seqlen/balanced_min:509724 - global_seqlen/balanced_max:509731 - global_seqlen/mean:509726.5 - actor/entropy:0.23352225124835968 - perf/mfu/actor_infer:0.47547567875569574 - actor/pg_clipfrac:0.0 - actor/ppo_kl:0.0 - actor/pg_clipfrac_lower:0.0 - actor/pg_loss:0.012614256549568381 - actor/entropy_loss:0.233522264752537 - actor/loss:0.011913688853383064 - actor/grad_norm:0.17670738697052002 - actor/lr:4.992448103961192e-06 - perf/mfu/actor:0.3863745543275943 - training/global_step:12 - training/epoch:0 - critic/score/mean:0.012988281436264515 - critic/score/max:1.0 - critic/score/min:0.0 - critic/rewards/mean:0.012988281436264515 - critic/rewards/max:1.0 - critic/rewards/min:0.0 - critic/advantages/mean:-0.01261424645781517 - critic/advantages/max:2.4748666286468506 - critic/advantages/min:-1.6200101375579834 - critic/returns/mean:-0.01261424645781517 - critic/returns/max:2.4748666286468506 - critic/returns/min:-1.6200101375579834 - response_length/mean:854.8876953125 - response_length/max:2048.0 - response_length/min:13.0 - response_length/clip_ratio:0.068359375 - response_length_non_aborted/mean:854.8876953125 - response_length_non_aborted/max:2048.0 - response_length_non_aborted/min:13.0 - response_length_non_aborted/clip_ratio:0.068359375 - response/aborted_ratio:0.0 - prompt_length/mean:140.671875 - prompt_length/max:465.0 - prompt_length/min:63.0 - prompt_length/clip_ratio:0.0 - num_turns/min:2 - num_turns/max:2 - num_turns/mean:2.0 - timing_s/start_profile:0.00020522199338302016 - timing_s/agent_loop/num_preempted/min:-1 - timing_s/agent_loop/num_preempted/max:-1 - timing_s/agent_loop/num_preempted/mean:-1.0 - timing_s/agent_loop/generate_sequences/min:1.2155626370222308 - timing_s/agent_loop/generate_sequences/max:75.39668771499419 - timing_s/agent_loop/generate_sequences/mean:39.914630711283976 - timing_s/agent_loop/tool_calls/min:0.0 - timing_s/agent_loop/tool_calls/max:0.0 - timing_s/agent_loop/tool_calls/mean:0.0 - timing_s/agent_loop/compute_score/min:0.005728960008127615 - timing_s/agent_loop/compute_score/max:0.07836392399622127 - timing_s/agent_loop/compute_score/mean:0.013659532420604137 - timing_s/agent_loop/slowest/generate_sequences:75.39668771499419 - timing_s/agent_loop/slowest/tool_calls:0.0 - timing_s/agent_loop/slowest/compute_score:0.01458548300433904 - timing_s/agent_loop/slowest/num_preempted:-1 - timing_s/agent_loop/slowest/prompt_length:330 - timing_s/agent_loop/slowest/response_length:2048 - timing_s/gen:78.04393741299282 - timing_s/reward:2.9082002583891153e-05 - timing_s/old_log_prob:17.682582425011788 - timing_s/adv:0.04720525999437086 - timing_s/update_actor:56.86958080198383 - timing_s/update_weights:3.424428676982643 - timing_s/step:157.32931993799866 - timing_s/stop_profile:0.00020714197307825089 - timing_per_token_ms/adv:2.3152249291713725e-05 - timing_per_token_ms/gen:0.044575903389284285 - timing_per_token_ms/update_actor:0.02789220336885753 - perf/total_num_tokens:2038906 - perf/time_per_step:157.32931993799866 - perf/throughput:3239.8697216823684[36m(TaskRunner pid=36405)[0m Training Progress:   3%|▎         | 12/348 [05:14<14:40:04, 157.16s/it]
[36m(WorkerDict pid=39655)[0m INFO:2026-06-07 08:18:04,451:update_weights done, time cost: 1.44s
[36m(TaskRunner pid=36405)[0m Training Progress:   4%|▎         | 13/348 [07:59<14:57:56, 160.83s/it]
[36m(WorkerDict pid=39655)[0m INFO:2026-06-07 08:21:02,283:update_weights done, time cost: 1.58s
[36m(TaskRunner pid=36405)[0m Training Progress:   4%|▍         | 14/348 [10:57<15:32:24, 167.50s/it]
[36m(WorkerDict pid=39655)[0m INFO:2026-06-07 08:23:56,716:update_weights done, time cost: 2.03s

[36m(TaskRunner pid=36405)[0m step:13 - global_seqlen/min:505890 - global_seqlen/max:559708 - global_seqlen/minmax_diff:53818 - global_seqlen/balanced_min:534428 - global_seqlen/balanced_max:534439 - global_seqlen/mean:534434.25 - actor/entropy:0.23972496390342712 - perf/mfu/actor_infer:0.4743748748682215 - actor/pg_clipfrac:0.0 - actor/ppo_kl:0.0 - actor/pg_clipfrac_lower:0.0 - actor/pg_loss:0.02462328674391756 - actor/entropy_loss:0.2397249441128224 - actor/loss:0.023904111236333847 - actor/grad_norm:0.18132667243480682 - actor/lr:4.990677895695946e-06 - perf/mfu/actor:0.38772301169250883 - training/global_step:13 - training/epoch:0 - critic/score/mean:0.031425777822732925 - critic/score/max:1.0 - critic/score/min:0.0 - critic/rewards/mean:0.031425777822732925 - critic/rewards/max:1.0 - critic/rewards/min:0.0 - critic/advantages/mean:-0.024623272940516472 - critic/advantages/max:2.4748666286468506 - critic/advantages/min:-2.4745237827301025 - critic/returns/mean:-0.024623272940516472 - critic/returns/max:2.4748666286468506 - critic/returns/min:-2.4745237827301025 - response_length/mean:903.43408203125 - response_length/max:2048.0 - response_length/min:6.0 - response_length/clip_ratio:0.08642578125 - response_length_non_aborted/mean:903.43408203125 - response_length_non_aborted/max:2048.0 - response_length_non_aborted/min:6.0 - response_length_non_aborted/clip_ratio:0.08642578125 - response/aborted_ratio:0.0 - prompt_length/mean:140.3828125 - prompt_length/max:315.0 - prompt_length/min:62.0 - prompt_length/clip_ratio:0.0 - num_turns/min:2 - num_turns/max:2 - num_turns/mean:2.0 - timing_s/start_profile:6.409198977053165e-05 - timing_s/agent_loop/num_preempted/min:-1 - timing_s/agent_loop/num_preempted/max:-1 - timing_s/agent_loop/num_preempted/mean:-1.0 - timing_s/agent_loop/generate_sequences/min:0.43786799898953177 - timing_s/agent_loop/generate_sequences/max:80.76566421499592 - timing_s/agent_loop/generate_sequences/mean:42.8643764822268 - timing_s/agent_loop/tool_calls/min:0.0 - timing_s/agent_loop/tool_calls/max:0.0 - timing_s/agent_loop/tool_calls/mean:0.0 - timing_s/agent_loop/compute_score/min:0.0064680159848649055 - timing_s/agent_loop/compute_score/max:0.15932104500825517 - timing_s/agent_loop/compute_score/mean:0.01434103428695721 - timing_s/agent_loop/slowest/generate_sequences:80.76566421499592 - timing_s/agent_loop/slowest/tool_calls:0.0 - timing_s/agent_loop/slowest/compute_score:0.015396555012557656 - timing_s/agent_loop/slowest/num_preempted:-1 - timing_s/agent_loop/slowest/prompt_length:158 - timing_s/agent_loop/slowest/response_length:2048 - timing_s/gen:83.88320065499283 - timing_s/reward:4.696601536124945e-05 - timing_s/old_log_prob:18.506204777979292 - timing_s/adv:0.0441258899809327 - timing_s/update_actor:59.158725121989846 - timing_s/update_weights:2.836359087988967 - timing_s/step:165.01191657199524 - timing_s/stop_profile:0.0001904359960462898 - timing_per_token_ms/adv:2.0641402558374907e-05 - timing_per_token_ms/gen:0.04533656066830115 - timing_per_token_ms/update_actor:0.02767352818517425 - perf/total_num_tokens:2137737 - perf/time_per_step:165.01191657199524 - perf/throughput:3238.7615458476575
[36m(TaskRunner pid=36405)[0m step:14 - global_seqlen/min:539128 - global_seqlen/max:573455 - global_seqlen/minmax_diff:34327 - global_seqlen/balanced_min:561194 - global_seqlen/balanced_max:561203 - global_seqlen/mean:561197.75 - actor/entropy:0.21339313685894012 - perf/mfu/actor_infer:0.47974871761851473 - actor/pg_clipfrac:0.0 - actor/ppo_kl:0.0 - actor/pg_clipfrac_lower:0.0 - actor/pg_loss:0.07220327858698283 - actor/entropy_loss:0.2133931271964684 - actor/loss:0.07156309485435486 - actor/grad_norm:0.1491299718618393 - actor/lr:4.988721890735817e-06 - perf/mfu/actor:0.3859502593770398 - training/global_step:14 - training/epoch:0 - critic/score/mean:0.05813475698232651 - critic/score/max:1.0 - critic/score/min:0.0 - critic/rewards/mean:0.05813475698232651 - critic/rewards/max:1.0 - critic/rewards/min:0.0 - critic/advantages/mean:-0.07220328599214554 - critic/advantages/max:2.4748666286468506 - critic/advantages/min:-2.4745237827301025 - critic/returns/mean:-0.07220328599214554 - critic/returns/max:2.4748666286468506 - critic/returns/min:-2.4745237827301025 - response_length/mean:961.01904296875 - response_length/max:2048.0 - response_length/min:5.0 - response_length/clip_ratio:0.11669921875 - response_length_non_aborted/mean:961.01904296875 - response_length_non_aborted/max:2048.0 - response_length_non_aborted/min:5.0 - response_length_non_aborted/clip_ratio:0.11669921875 - response/aborted_ratio:0.0 - prompt_length/mean:135.0703125 - prompt_length/max:480.0 - prompt_length/min:65.0 - prompt_length/clip_ratio:0.0 - num_turns/min:2 - num_turns/max:2 - num_turns/mean:2.0 - timing_s/start_profile:8.522000280208886e-05 - timing_s/agent_loop/num_preempted/min:-1 - timing_s/agent_loop/num_preempted/max:-1 - timing_s/agent_loop/num_preempted/mean:-1.0 - timing_s/agent_loop/generate_sequences/min:0.2864164200145751 - timing_s/agent_loop/generate_sequences/max:89.57747593999375 - timing_s/agent_loop/generate_sequences/mean:45.86314937594821 - timing_s/agent_loop/tool_calls/min:0.0 - timing_s/agent_loop/tool_calls/max:0.0 - timing_s/agent_loop/tool_calls/mean:0.0 - timing_s/agent_loop/compute_score/min:0.005231721996096894 - timing_s/agent_loop/compute_score/max:0.11239485300029628 - timing_s/agent_loop/compute_score/mean:0.014230284266758986 - timing_s/agent_loop/slowest/generate_sequences:89.57747593999375 - timing_s/agent_loop/slowest/tool_calls:0.0 - timing_s/agent_loop/slowest/compute_score:0.011743409995688125 - timing_s/agent_loop/slowest/num_preempted:-1 - timing_s/agent_loop/slowest/prompt_length:117 - timing_s/agent_loop/slowest/response_length:2048 - timing_s/gen:92.1722105559893 - timing_s/reward:6.163900252431631e-05 - timing_s/old_log_prob:19.03426812699763 - timing_s/adv:0.06426557200029492 - timing_s/update_actor:62.80193655399489 - timing_s/update_weights:2.946466850989964 - timing_s/step:177.60457984599634 - timing_s/stop_profile:8.17560066934675e-05 - timing_per_token_ms/adv:2.862875519382202e-05 - timing_per_token_ms/gen:0.04683149882910815 - timing_per_token_ms/update_actor:0.02797674106586978 - perf/total_num_tokens:2244791 - perf/time_per_step:177.60457984599634 - perf/throughput:3159.8157574912943
[36m(TaskRunner pid=36405)[0m step:15 - global_seqlen/min:514037 - global_seqlen/max:570774 - global_seqlen/minmax_diff:56737 - global_seqlen/balanced_min:550806 - global_seqlen/balanced_max:550812 - global_seqlen/mean:550808.5 - actor/entropy:0.20708978176116943 - perf/mfu/actor_infer:0.48155447783165833 - actor/pg_clipfrac:0.0 - actor/ppo_kl:0.0 - actor/pg_clipfrac_lower:0.0 - actor/pg_loss:0.1322476201239624 - actor/entropy_loss:0.20708978595212102 - actor/loss:0.13162635266780853 - actor/grad_norm:0.125870481133461 - actor/lr:4.986580251272459e-06 - perf/mfu/actor:0.3801037447990943 - training/global_step:15 - training/epoch:0 - critic/score/mean:0.09021484106779099 - critic/score/max:1.0 - critic/score/min:0.0 - critic/rewards/mean:0.09021484106779099 - critic/rewards/max:1.0 - critic/rewards/min:0.0 - critic/advantages/mean:-0.13224762678146362 - critic/advantages/max:2.4748663902282715 - critic/advantages/min:-2.4745237827301025 - critic/returns/mean:-0.13224762678146362 - critic/returns/max:2.4748663902282715 - critic/returns/min:-2.4745237827301025 - response_length/mean:943.5283203125 - response_length/max:2048.0 - response_length/min:3.0 - response_length/clip_ratio:0.1220703125 - response_length_non_aborted/mean:943.5283203125 - response_length_non_aborted/max:2048.0 - response_length_non_aborted/min:3.0 - response_length_non_aborted/clip_ratio:0.1220703125 - response/aborted_ratio:0.0 - prompt_length/mean:132.26953125 - prompt_length/max:409.0 - prompt_length/min:59.0 - prompt_length/clip_ratio:0.0 - num_turns/min:2 - num_turns/max:2 - num_turns/mean:2.0 - timing_s/start_profile:7.277601980604231e-05 - timing_s/agent_loop/num_preempted/min:-1 - timing_s/agent_loop/num_preempted/max:-1 - timing_s/agent_loop/num_preempted/mean:-1.0 - timing_s/agent_loop/generate_sequences/min:0.21502918700571172 - timing_s/agent_loop/generate_sequences/max:86.46731734200148 - timing_s/agent_loop/generate_sequences/mean:43.7300893906304 - timing_s/agent_loop/tool_calls/min:0.0 - timing_s/agent_loop/tool_calls/max:0.0 - timing_s/agent_loop/tool_calls/mean:0.0 - timing_s/agent_loop/compute_score/min:0.005555917014135048 - timing_s/agent_loop/compute_score/max:0.12005493900505826 - timing_s/agent_loop/compute_score/mean:0.014909565645396583 - timing_s/agent_loop/slowest/generate_sequences:86.46731734200148 - timing_s/agent_loop/slowest/tool_calls:0.0 - timing_s/agent_loop/slowest/compute_score:0.013713689986616373 - timing_s/agent_loop/slowest/num_preempted:-1 - timing_s/agent_loop/slowest/prompt_length:195 - timing_s/agent_loop/slowest/response_length:2048 - timing_s/gen:89.12139183300314 - timing_s/reward:5.829299334436655e-05 - timing_s/old_log_prob:19.013876117009204 - timing_s/adv:0.049264684988884255 - timing_s/update_actor:62.266133038006956 - timing_s/update_weights:3.176638480013935 - timing_s/step:174.19250839398592 - timing_s/stop_profile:0.00020149198826402426 - timing_per_token_ms/adv:2.2360169182612584e-05 - timing_per_token_ms/gen:0.04612082506600947 - timing_per_token_ms/update_actor:0.028261243716285675 - perf/total_num_tokens:2203234 - perf/time_per_step:174.19250839398592 - perf/throughput:3162.0676748863957[36m(TaskRunner pid=36405)[0m Training Progress:   4%|▍         | 15/348 [13:51<15:43:15, 169.96s/it]
[36m(WorkerDict pid=39655)[0m INFO:2026-06-07 08:26:48,627:update_weights done, time cost: 1.79s
[36m(TaskRunner pid=36405)[0m Training Progress:   5%|▍         | 16/348 [16:43<15:43:51, 170.58s/it]
[36m(WorkerDict pid=39655)[0m INFO:2026-06-07 08:29:18,423:update_weights done, time cost: 1.95s
[36m(TaskRunner pid=36405)[0m Training Progress:   5%|▍         | 17/348 [19:12<15:03:28, 163.77s/it]
[36m(WorkerDict pid=39655)[0m INFO:2026-06-07 08:31:35,285:update_weights done, time cost: 1.81s

[36m(TaskRunner pid=36405)[0m step:16 - global_seqlen/min:522061 - global_seqlen/max:574742 - global_seqlen/minmax_diff:52681 - global_seqlen/balanced_min:553908 - global_seqlen/balanced_max:553909 - global_seqlen/mean:553908.5 - actor/entropy:0.18611985445022583 - perf/mfu/actor_infer:0.4757631810588379 - actor/pg_clipfrac:0.0 - actor/ppo_kl:0.0 - actor/pg_clipfrac_lower:0.0 - actor/pg_loss:0.12280400770464439 - actor/entropy_loss:0.1861198254628107 - actor/loss:0.122245654463768 - actor/grad_norm:0.1138739213347435 - actor/lr:4.984253154890315e-06 - perf/mfu/actor:0.3808528407822063 - training/global_step:16 - training/epoch:0 - critic/score/mean:0.10804686695337296 - critic/score/max:1.0 - critic/score/min:0.0 - critic/rewards/mean:0.10804686695337296 - critic/rewards/max:1.0 - critic/rewards/min:0.0 - critic/advantages/mean:-0.12280402332544327 - critic/advantages/max:2.4748663902282715 - critic/advantages/min:-2.4748663902282715 - critic/returns/mean:-0.12280402332544327 - critic/returns/max:2.4748663902282715 - critic/returns/min:-2.4748663902282715 - response_length/mean:947.9775390625 - response_length/max:2048.0 - response_length/min:3.0 - response_length/clip_ratio:0.123046875 - response_length_non_aborted/mean:947.9775390625 - response_length_non_aborted/max:2048.0 - response_length_non_aborted/min:3.0 - response_length_non_aborted/clip_ratio:0.123046875 - response/aborted_ratio:0.0 - prompt_length/mean:133.875 - prompt_length/max:466.0 - prompt_length/min:61.0 - prompt_length/clip_ratio:0.0 - num_turns/min:2 - num_turns/max:2 - num_turns/mean:2.0 - timing_s/start_profile:8.445698767900467e-05 - timing_s/agent_loop/num_preempted/min:-1 - timing_s/agent_loop/num_preempted/max:-1 - timing_s/agent_loop/num_preempted/mean:-1.0 - timing_s/agent_loop/generate_sequences/min:0.18749282500357367 - timing_s/agent_loop/generate_sequences/max:83.70321817600052 - timing_s/agent_loop/generate_sequences/mean:44.548914727962995 - timing_s/agent_loop/tool_calls/min:0.0 - timing_s/agent_loop/tool_calls/max:0.0 - timing_s/agent_loop/tool_calls/mean:0.0 - timing_s/agent_loop/compute_score/min:0.0057998489937745035 - timing_s/agent_loop/compute_score/max:0.12415396800497547 - timing_s/agent_loop/compute_score/mean:0.01512957573562801 - timing_s/agent_loop/slowest/generate_sequences:83.70321817600052 - timing_s/agent_loop/slowest/tool_calls:0.0 - timing_s/agent_loop/slowest/compute_score:0.014546627004165202 - timing_s/agent_loop/slowest/num_preempted:-1 - timing_s/agent_loop/slowest/prompt_length:170 - timing_s/agent_loop/slowest/response_length:2048 - timing_s/gen:86.48717799701262 - timing_s/reward:3.878501593135297e-05 - timing_s/old_log_prob:19.11425832301029 - timing_s/adv:0.046533089014701545 - timing_s/update_actor:62.561654023011215 - timing_s/update_weights:2.79421837098198 - timing_s/step:171.65100428499863 - timing_s/stop_profile:0.00019052199786528945 - timing_per_token_ms/adv:2.1002155145976974e-05 - timing_per_token_ms/gen:0.04454754004310813 - timing_per_token_ms/update_actor:0.028236456934227952 - perf/total_num_tokens:2215634 - perf/time_per_step:171.65100428499863 - perf/throughput:3226.9458737353198
[36m(TaskRunner pid=36405)[0m step:17 - global_seqlen/min:470675 - global_seqlen/max:549873 - global_seqlen/minmax_diff:79198 - global_seqlen/balanced_min:496937 - global_seqlen/balanced_max:496940 - global_seqlen/mean:496938.25 - actor/entropy:0.212149515748024 - perf/mfu/actor_infer:0.47524671055523965 - actor/pg_clipfrac:0.0 - actor/ppo_kl:0.0 - actor/pg_clipfrac_lower:0.0 - actor/pg_loss:0.1277071594841459 - actor/entropy_loss:0.21214952366426587 - actor/loss:0.12707071006298065 - actor/grad_norm:0.11365172266960144 - actor/lr:4.981740794551889e-06 - perf/mfu/actor:0.3830058039593946 - training/global_step:17 - training/epoch:0 - critic/score/mean:0.1262499988079071 - critic/score/max:1.0 - critic/score/min:0.0 - critic/rewards/mean:0.1262499988079071 - critic/rewards/max:1.0 - critic/rewards/min:0.0 - critic/advantages/mean:-0.12770716845989227 - critic/advantages/max:2.4748663902282715 - critic/advantages/min:-2.4748663902282715 - critic/returns/mean:-0.12770716845989227 - critic/returns/max:2.4748663902282715 - critic/returns/min:-2.4748663902282715 - response_length/mean:838.12939453125 - response_length/max:2048.0 - response_length/min:3.0 - response_length/clip_ratio:0.07763671875 - response_length_non_aborted/mean:838.12939453125 - response_length_non_aborted/max:2048.0 - response_length_non_aborted/min:3.0 - response_length_non_aborted/clip_ratio:0.07763671875 - response/aborted_ratio:0.0 - prompt_length/mean:132.453125 - prompt_length/max:367.0 - prompt_length/min:58.0 - prompt_length/clip_ratio:0.0 - num_turns/min:2 - num_turns/max:2 - num_turns/mean:2.0 - timing_s/start_profile:6.453099194914103e-05 - timing_s/agent_loop/num_preempted/min:-1 - timing_s/agent_loop/num_preempted/max:-1 - timing_s/agent_loop/num_preempted/mean:-1.0 - timing_s/agent_loop/generate_sequences/min:0.31441904199891724 - timing_s/agent_loop/generate_sequences/max:70.1410352109815 - timing_s/agent_loop/generate_sequences/mean:34.60734911823998 - timing_s/agent_loop/tool_calls/min:0.0 - timing_s/agent_loop/tool_calls/max:0.0 - timing_s/agent_loop/tool_calls/mean:0.0 - timing_s/agent_loop/compute_score/min:0.004980258992873132 - timing_s/agent_loop/compute_score/max:0.07294978300342336 - timing_s/agent_loop/compute_score/mean:0.013320936315210474 - timing_s/agent_loop/slowest/generate_sequences:70.1410352109815 - timing_s/agent_loop/slowest/tool_calls:0.0 - timing_s/agent_loop/slowest/compute_score:0.014580035989638418 - timing_s/agent_loop/slowest/num_preempted:-1 - timing_s/agent_loop/slowest/prompt_length:75 - timing_s/agent_loop/slowest/response_length:2048 - timing_s/gen:72.47950456201215 - timing_s/reward:3.9650010876357555e-05 - timing_s/old_log_prob:17.480604477983434 - timing_s/adv:0.04334478298551403 - timing_s/update_actor:56.097833353996975 - timing_s/update_weights:2.9528461300069466 - timing_s/step:149.65019556498737 - timing_s/stop_profile:0.0001890969870146364 - timing_per_token_ms/adv:2.1805920044147353e-05 - timing_per_token_ms/gen:0.04222544074678728 - timing_per_token_ms/update_actor:0.02822173245569091 - perf/total_num_tokens:1987753 - perf/time_per_step:149.65019556498737 - perf/throughput:3320.665556926711
[36m(TaskRunner pid=36405)[0m step:18 - global_seqlen/min:436701 - global_seqlen/max:498976 - global_seqlen/minmax_diff:62275 - global_seqlen/balanced_min:460115 - global_seqlen/balanced_max:460118 - global_seqlen/mean:460116.25 - actor/entropy:0.21815262734889984 - perf/mfu/actor_infer:0.4695433945547211 - actor/pg_clipfrac:0.0 - actor/ppo_kl:0.0 - actor/pg_clipfrac_lower:0.0 - actor/pg_loss:0.06933410589408595 - actor/entropy_loss:0.218152608955279 - actor/loss:0.06867964565753937 - actor/grad_norm:0.09871457517147064 - actor/lr:4.979043378581745e-06 - perf/mfu/actor:0.37432702469118556 - training/global_step:18 - training/epoch:0 - critic/score/mean:0.17475585639476776 - critic/score/max:1.0 - critic/score/min:0.0 - critic/rewards/mean:0.17475585639476776 - critic/rewards/max:1.0 - critic/rewards/min:0.0 - critic/advantages/mean:-0.06933410465717316 - critic/advantages/max:2.4748663902282715 - critic/advantages/min:-2.4748666286468506 - critic/returns/mean:-0.06933410465717316 - critic/returns/max:2.4748663902282715 - critic/returns/min:-2.4748666286468506 - response_length/mean:759.29736328125 - response_length/max:2048.0 - response_length/min:3.0 - response_length/clip_ratio:0.04833984375 - response_length_non_aborted/mean:759.29736328125 - response_length_non_aborted/max:2048.0 - response_length_non_aborted/min:3.0 - response_length_non_aborted/clip_ratio:0.04833984375 - response/aborted_ratio:0.0 - prompt_length/mean:139.3671875 - prompt_length/max:480.0 - prompt_length/min:60.0 - prompt_length/clip_ratio:0.0 - num_turns/min:2 - num_turns/max:2 - num_turns/mean:2.0 - timing_s/start_profile:6.363200373016298e-05 - timing_s/agent_loop/num_preempted/min:-1 - timing_s/agent_loop/num_preempted/max:-1 - timing_s/agent_loop/num_preempted/mean:-1.0 - timing_s/agent_loop/generate_sequences/min:0.2405637560004834 - timing_s/agent_loop/generate_sequences/max:61.715658761997474 - timing_s/agent_loop/generate_sequences/mean:31.349836729742123 - timing_s/agent_loop/tool_calls/min:0.0 - timing_s/agent_loop/tool_calls/max:0.0 - timing_s/agent_loop/tool_calls/mean:0.0 - timing_s/agent_loop/compute_score/min:0.004969305999111384 - timing_s/agent_loop/compute_score/max:0.0909347890119534 - timing_s/agent_loop/compute_score/mean:0.013593449272050862 - timing_s/agent_loop/slowest/generate_sequences:61.715658761997474 - timing_s/agent_loop/slowest/tool_calls:0.0 - timing_s/agent_loop/slowest/compute_score:0.027111976000014693 - timing_s/agent_loop/slowest/num_preempted:-1 - timing_s/agent_loop/slowest/prompt_length:104 - timing_s/agent_loop/slowest/response_length:2048 - timing_s/gen:63.73431827800232 - timing_s/reward:3.34270007442683e-05 - timing_s/old_log_prob:16.363516300014453 - timing_s/adv:0.04602740000700578 - timing_s/update_actor:53.18873321299907 - timing_s/update_weights:2.8532398310198914 - timing_s/step:136.73811548401136 - timing_s/stop_profile:0.0001900169881992042 - timing_per_token_ms/adv:2.5008571207279564e-05 - timing_per_token_ms/gen:0.040985619207469334 - timing_per_token_ms/update_actor:0.028899616788691483 - perf/total_num_tokens:1840465 - perf/time_per_step:136.73811548401136 - perf/throughput:3364.9450877052705[36m(TaskRunner pid=36405)[0m Training Progress:   5%|▌         | 18/348 [21:29<14:13:37, 155.21s/it]
[36m(WorkerDict pid=39655)[0m INFO:2026-06-07 08:33:49,266:update_weights done, time cost: 1.74s
[36m(TaskRunner pid=36405)[0m Training Progress:   5%|▌         | 19/348 [23:44<13:35:12, 148.67s/it]
[36m(WorkerDict pid=39656)[0m INFO:2026-06-07 08:36:05,481:[Rank 1] Saved model to /workspace/AI4AI/experiments/claude-code-verl/workspace/checkpoints/grpo_v6/global_step_20/actor/model_world_size_4_rank_1.pt
[36m(WorkerDict pid=39656)[0m INFO:2026-06-07 08:36:10,492:[Rank 1] Saved optim to /workspace/AI4AI/experiments/claude-code-verl/workspace/checkpoints/grpo_v6/global_step_20/actor/optim_world_size_4_rank_1.pt
[36m(WorkerDict pid=39656)[0m INFO:2026-06-07 08:36:10,494:[Rank 1] Saved extra_state to /workspace/AI4AI/experiments/claude-code-verl/workspace/checkpoints/grpo_v6/global_step_20/actor/extra_state_world_size_4_rank_1.pt
[36m(WorkerDict pid=39658)[0m INFO:2026-06-07 08:36:06,102:[Rank 3] Saved model to /workspace/AI4AI/experiments/claude-code-verl/workspace/checkpoints/grpo_v6/global_step_20/actor/model_world_size_4_rank_3.pt[32m [repeated 3x across cluster][0m
[36m(WorkerDict pid=39655)[0m INFO:2026-06-07 08:36:11,380:[Rank 0] Saved model config and tokenizer class to /workspace/AI4AI/experiments/claude-code-verl/workspace/checkpoints/grpo_v6/global_step_20/actor/huggingface
[36m(WorkerDict pid=39655)[0m INFO:2026-06-07 08:36:12,924:update_weights done, time cost: 1.36s
[36m(TaskRunner pid=36405)[0m Training Progress:   6%|▌         | 20/348 [26:07<13:24:20, 147.14s/it]
[36m(WorkerDict pid=39655)[0m INFO:2026-06-07 08:38:21,575:update_weights done, time cost: 1.58s
[36m(WorkerDict pid=39655)[0m INFO:2026-06-07 08:36:11,181:[Rank 0] Saved optim to /workspace/AI4AI/experiments/claude-code-verl/workspace/checkpoints/grpo_v6/global_step_20/actor/optim_world_size_4_rank_0.pt[32m [repeated 3x across cluster][0m
[36m(WorkerDict pid=39655)[0m INFO:2026-06-07 08:36:11,183:[Rank 0] Saved extra_state to /workspace/AI4AI/experiments/claude-code-verl/workspace/checkpoints/grpo_v6/global_step_20/actor/extra_state_world_size_4_rank_0.pt[32m [repeated 3x across cluster][0m

[36m(TaskRunner pid=36405)[0m step:19 - global_seqlen/min:439690 - global_seqlen/max:449133 - global_seqlen/minmax_diff:9443 - global_seqlen/balanced_min:443860 - global_seqlen/balanced_max:443864 - global_seqlen/mean:443861.5 - actor/entropy:0.21183019876480103 - perf/mfu/actor_infer:0.4682226446592845 - actor/pg_clipfrac:0.0 - actor/ppo_kl:0.0 - actor/pg_clipfrac_lower:0.0 - actor/pg_loss:0.06208270816568984 - actor/entropy_loss:0.21183019876480103 - actor/loss:0.06144721806049347 - actor/grad_norm:0.10300630331039429 - actor/lr:4.976161130649235e-06 - perf/mfu/actor:0.38094739719536075 - training/global_step:19 - training/epoch:0 - critic/score/mean:0.20673829317092896 - critic/score/max:1.0 - critic/score/min:0.0 - critic/rewards/mean:0.20673829317092896 - critic/rewards/max:1.0 - critic/rewards/min:0.0 - critic/advantages/mean:-0.06208271533250809 - critic/advantages/max:2.4748663902282715 - critic/advantages/min:-2.4748666286468506 - critic/returns/mean:-0.06208271533250809 - critic/returns/max:2.4748663902282715 - critic/returns/min:-2.4748666286468506 - response_length/mean:732.4404296875 - response_length/max:2048.0 - response_length/min:3.0 - response_length/clip_ratio:0.03466796875 - response_length_non_aborted/mean:732.4404296875 - response_length_non_aborted/max:2048.0 - response_length_non_aborted/min:3.0 - response_length_non_aborted/clip_ratio:0.03466796875 - response/aborted_ratio:0.0 - prompt_length/mean:134.4765625 - prompt_length/max:454.0 - prompt_length/min:62.0 - prompt_length/clip_ratio:0.0 - num_turns/min:2 - num_turns/max:2 - num_turns/mean:2.0 - timing_s/start_profile:8.710299152880907e-05 - timing_s/agent_loop/num_preempted/min:-1 - timing_s/agent_loop/num_preempted/max:-1 - timing_s/agent_loop/num_preempted/mean:-1.0 - timing_s/agent_loop/generate_sequences/min:0.268902622978203 - timing_s/agent_loop/generate_sequences/max:62.2348261870211 - timing_s/agent_loop/generate_sequences/mean:30.987987136282214 - timing_s/agent_loop/tool_calls/min:0.0 - timing_s/agent_loop/tool_calls/max:0.0 - timing_s/agent_loop/tool_calls/mean:0.0 - timing_s/agent_loop/compute_score/min:0.005158473999472335 - timing_s/agent_loop/compute_score/max:0.07118367098155431 - timing_s/agent_loop/compute_score/mean:0.013038197942890406 - timing_s/agent_loop/slowest/generate_sequences:62.2348261870211 - timing_s/agent_loop/slowest/tool_calls:0.0 - timing_s/agent_loop/slowest/compute_score:0.009239127015462145 - timing_s/agent_loop/slowest/num_preempted:-1 - timing_s/agent_loop/slowest/prompt_length:123 - timing_s/agent_loop/slowest/response_length:2048 - timing_s/gen:64.2213505480031 - timing_s/reward:3.345299046486616e-05 - timing_s/old_log_prob:16.045169033983257 - timing_s/adv:0.0474700839840807 - timing_s/update_actor:50.215608975995565 - timing_s/update_weights:3.0509813649987336 - timing_s/step:134.17330520000542 - timing_s/stop_profile:0.00019867700757458806 - timing_per_token_ms/adv:2.6736991147058655e-05 - timing_per_token_ms/gen:0.04281314909889156 - timing_per_token_ms/update_actor:0.028283377233661606 - perf/total_num_tokens:1775446 - perf/time_per_step:134.17330520000542 - perf/throughput:3308.1207870549056
[36m(TaskRunner pid=36405)[0m local_global_step_folder: /workspace/AI4AI/experiments/claude-code-verl/workspace/checkpoints/grpo_v6/global_step_20
[36m(TaskRunner pid=36405)[0m step:20 - global_seqlen/min:422364 - global_seqlen/max:471594 - global_seqlen/minmax_diff:49230 - global_seqlen/balanced_min:447054 - global_seqlen/balanced_max:447060 - global_seqlen/mean:447056.5 - actor/entropy:0.2104777991771698 - perf/mfu/actor_infer:0.469315329492606 - actor/pg_clipfrac:0.0 - actor/ppo_kl:0.0 - actor/pg_clipfrac_lower:0.0 - actor/pg_loss:0.04163028932885027 - actor/entropy_loss:0.21047779661603272 - actor/loss:0.04099885746836662 - actor/grad_norm:0.09303171187639236 - actor/lr:4.97309428974995e-06 - perf/mfu/actor:0.37755351452688657 - training/global_step:20 - training/epoch:0 - critic/score/mean:0.2214355319738388 - critic/score/max:1.0 - critic/score/min:0.0 - critic/rewards/mean:0.2214355319738388 - critic/rewards/max:1.0 - critic/rewards/min:0.0 - critic/advantages/mean:-0.04163028672337532 - critic/advantages/max:2.4748663902282715 - critic/advantages/min:-2.4748663902282715 - critic/returns/mean:-0.04163028672337532 - critic/returns/max:2.4748663902282715 - critic/returns/min:-2.4748663902282715 - response_length/mean:739.7431640625 - response_length/max:2048.0 - response_length/min:3.0 - response_length/clip_ratio:0.021484375 - response_length_non_aborted/mean:739.7431640625 - response_length_non_aborted/max:2048.0 - response_length_non_aborted/min:3.0 - response_length_non_aborted/clip_ratio:0.021484375 - response/aborted_ratio:0.0 - prompt_length/mean:133.4140625 - prompt_length/max:440.0 - prompt_length/min:59.0 - prompt_length/clip_ratio:0.0 - num_turns/min:2 - num_turns/max:2 - num_turns/mean:2.0 - timing_s/start_profile:5.738702020607889e-05 - timing_s/agent_loop/num_preempted/min:-1 - timing_s/agent_loop/num_preempted/max:-1 - timing_s/agent_loop/num_preempted/mean:-1.0 - timing_s/agent_loop/generate_sequences/min:0.3269877229759004 - timing_s/agent_loop/generate_sequences/max:61.615549470006954 - timing_s/agent_loop/generate_sequences/mean:32.69972369502777 - timing_s/agent_loop/tool_calls/min:0.0 - timing_s/agent_loop/tool_calls/max:0.0 - timing_s/agent_loop/tool_calls/mean:0.0 - timing_s/agent_loop/compute_score/min:0.004608285991707817 - timing_s/agent_loop/compute_score/max:0.07742510599200614 - timing_s/agent_loop/compute_score/mean:0.012360645181715313 - timing_s/agent_loop/slowest/generate_sequences:61.615549470006954 - timing_s/agent_loop/slowest/tool_calls:0.0 - timing_s/agent_loop/slowest/compute_score:0.016495292977197096 - timing_s/agent_loop/slowest/num_preempted:-1 - timing_s/agent_loop/slowest/prompt_length:92 - timing_s/agent_loop/slowest/response_length:2048 - timing_s/gen:63.78470054399804 - timing_s/reward:2.8259004466235638e-05 - timing_s/old_log_prob:15.89200396402157 - timing_s/adv:0.04778905099374242 - timing_s/update_actor:51.44721333499183 - timing_s/save_checkpoint:9.116059439984383 - timing_s/update_weights:2.6691664939862676 - timing_s/step:143.58676419398398 - timing_s/stop_profile:0.0001980760134756565 - timing_per_token_ms/adv:2.6724279254267873e-05 - timing_per_token_ms/gen:0.042102279311995984 - timing_per_token_ms/update_actor:0.028769972774689456 - perf/total_num_tokens:1788226 - perf/time_per_step:143.58676419398398 - perf/throughput:3113.4937994426286
[36m(TaskRunner pid=36405)[0m step:21 - global_seqlen/min:397672 - global_seqlen/max:446721 - global_seqlen/minmax_diff:49049 - global_seqlen/balanced_min:431064 - global_seqlen/balanced_max:431071 - global_seqlen/mean:431068.75 - actor/entropy:0.23595009744167328 - perf/mfu/actor_infer:0.4790090740218682 - actor/pg_clipfrac:0.0 - actor/ppo_kl:0.0 - actor/pg_clipfrac_lower:0.0 - actor/pg_loss:0.031473379370254406 - actor/entropy_loss:0.23595008347183466 - actor/loss:0.030765529721975327 - actor/grad_norm:0.08413928747177124 - actor/lr:4.969843110185905e-06 - perf/mfu/actor:0.37865761724036817 - training/global_step:21 - training/epoch:0 - critic/score/mean:0.19194336235523224 - critic/score/max:1.0 - critic/score/min:0.0 - critic/rewards/mean:0.19194336235523224 - critic/rewards/max:1.0 - critic/rewards/min:0.0 - critic/advantages/mean:-0.03147338330745697 - critic/advantages/max:2.4748663902282715 - critic/advantages/min:-2.4748663902282715 - critic/returns/mean:-0.03147338330745697 - critic/returns/max:2.4748663902282715 - critic/returns/min:-2.4748663902282715 - response_length/mean:707.39599609375 - response_length/max:2048.0 - response_length/min:5.0 - response_length/clip_ratio:0.01416015625 - response_length_non_aborted/mean:707.39599609375 - response_length_non_aborted/max:2048.0 - response_length_non_aborted/min:5.0 - response_length_non_aborted/clip_ratio:0.01416015625 - response/aborted_ratio:0.0 - prompt_length/mean:134.53515625 - prompt_length/max:466.0 - prompt_length/min:60.0 - prompt_length/clip_ratio:0.0 - num_turns/min:2 - num_turns/max:2 - num_turns/mean:2.0 - timing_s/start_profile:8.346798131242394e-05 - timing_s/agent_loop/num_preempted/min:-1 - timing_s/agent_loop/num_preempted/max:-1 - timing_s/agent_loop/num_preempted/mean:-1.0 - timing_s/agent_loop/generate_sequences/min:0.42624593002256006 - timing_s/agent_loop/generate_sequences/max:59.72644635400502 - timing_s/agent_loop/generate_sequences/mean:32.43175595635954 - timing_s/agent_loop/tool_calls/min:0.0 - timing_s/agent_loop/tool_calls/max:0.0 - timing_s/agent_loop/tool_calls/mean:0.0 - timing_s/agent_loop/compute_score/min:0.005092259991215542 - timing_s/agent_loop/compute_score/max:0.44898955698590726 - timing_s/agent_loop/compute_score/mean:0.013425610539059107 - timing_s/agent_loop/slowest/generate_sequences:59.72644635400502 - timing_s/agent_loop/slowest/tool_calls:0.0 - timing_s/agent_loop/slowest/compute_score:0.006673335999948904 - timing_s/agent_loop/slowest/num_preempted:-1 - timing_s/agent_loop/slowest/prompt_length:130 - timing_s/agent_loop/slowest/response_length:2048 - timing_s/gen:61.66552977601532 - timing_s/reward:4.155101487413049e-05 - timing_s/old_log_prob:14.782986759993946 - timing_s/adv:0.0639837929920759 - timing_s/update_actor:48.47898966798675 - timing_s/update_weights:2.6879533450119197 - timing_s/step:128.26974956100457 - timing_s/stop_profile:0.00022421200992539525 - timing_per_token_ms/adv:3.7107649877238783e-05 - timing_per_token_ms/gen:0.04256473337029538 - timing_per_token_ms/update_actor:0.02811557881891621 - perf/total_num_tokens:1724275 - perf/time_per_step:128.26974956100457 - perf/throughput:3360.6423297410856[36m(TaskRunner pid=36405)[0m Training Progress:   6%|▌         | 21/348 [28:16<12:50:38, 141.40s/it]
[36m(WorkerDict pid=39655)[0m INFO:2026-06-07 08:40:28,248:update_weights done, time cost: 1.76s
[36m(TaskRunner pid=36405)[0m Training Progress:   6%|▋         | 22/348 [30:22<12:23:59, 136.93s/it]
[36m(WorkerDict pid=39655)[0m INFO:2026-06-07 08:42:30,010:update_weights done, time cost: 1.79s
[36m(TaskRunner pid=36405)[0m Training Progress:   7%|▋         | 23/348 [32:24<11:56:40, 132.31s/it]
[36m(WorkerDict pid=39655)[0m INFO:2026-06-07 08:44:29,356:update_weights done, time cost: 1.79s

[36m(TaskRunner pid=36405)[0m step:22 - global_seqlen/min:407826 - global_seqlen/max:432000 - global_seqlen/minmax_diff:24174 - global_seqlen/balanced_min:422433 - global_seqlen/balanced_max:422439 - global_seqlen/mean:422436.0 - actor/entropy:0.2597338855266571 - perf/mfu/actor_infer:0.47273853307641556 - actor/pg_clipfrac:0.0 - actor/ppo_kl:0.0 - actor/pg_clipfrac_lower:0.0 - actor/pg_loss:0.01079715255764313 - actor/entropy_loss:0.25973390229046345 - actor/loss:0.01001795008778572 - actor/grad_norm:0.07110652327537537 - actor/lr:4.966407861544451e-06 - perf/mfu/actor:0.3765144848791889 - training/global_step:22 - training/epoch:0 - critic/score/mean:0.17537108063697815 - critic/score/max:1.0 - critic/score/min:0.0 - critic/rewards/mean:0.17537108063697815 - critic/rewards/max:1.0 - critic/rewards/min:0.0 - critic/advantages/mean:-0.010797151364386082 - critic/advantages/max:2.4748663902282715 - critic/advantages/min:-2.4748663902282715 - critic/returns/mean:-0.010797151364386082 - critic/returns/max:2.4748663902282715 - critic/returns/min:-2.4748663902282715 - response_length/mean:689.3515625 - response_length/max:2048.0 - response_length/min:90.0 - response_length/clip_ratio:0.005859375 - response_length_non_aborted/mean:689.3515625 - response_length_non_aborted/max:2048.0 - response_length_non_aborted/min:90.0 - response_length_non_aborted/clip_ratio:0.005859375 - response/aborted_ratio:0.0 - prompt_length/mean:135.71875 - prompt_length/max:510.0 - prompt_length/min:57.0 - prompt_length/clip_ratio:0.0 - num_turns/min:2 - num_turns/max:2 - num_turns/mean:2.0 - timing_s/start_profile:8.00889974925667e-05 - timing_s/agent_loop/num_preempted/min:-1 - timing_s/agent_loop/num_preempted/max:-1 - timing_s/agent_loop/num_preempted/mean:-1.0 - timing_s/agent_loop/generate_sequences/min:5.4588793580187485 - timing_s/agent_loop/generate_sequences/max:57.50173094301135 - timing_s/agent_loop/generate_sequences/mean:32.83475975368535 - timing_s/agent_loop/tool_calls/min:0.0 - timing_s/agent_loop/tool_calls/max:0.0 - timing_s/agent_loop/tool_calls/mean:0.0 - timing_s/agent_loop/compute_score/min:0.005707987991627306 - timing_s/agent_loop/compute_score/max:0.48230744898319244 - timing_s/agent_loop/compute_score/mean:0.012986344973199948 - timing_s/agent_loop/slowest/generate_sequences:57.50173094301135 - timing_s/agent_loop/slowest/tool_calls:0.0 - timing_s/agent_loop/slowest/compute_score:0.01469478799845092 - timing_s/agent_loop/slowest/num_preempted:-1 - timing_s/agent_loop/slowest/prompt_length:196 - timing_s/agent_loop/slowest/response_length:2048 - timing_s/gen:59.5918713209976 - timing_s/reward:4.384701605886221e-05 - timing_s/old_log_prob:15.178148927981965 - timing_s/adv:0.049780400993768126 - timing_s/update_actor:48.29756232799264 - timing_s/update_weights:2.914963424002053 - timing_s/step:126.59059193602297 - timing_s/stop_profile:0.00020639502326957881 - timing_per_token_ms/adv:2.946032120473168e-05 - timing_per_token_ms/gen:0.04221009279057935 - timing_per_token_ms/update_actor:0.028582768944877233 - perf/total_num_tokens:1689744 - perf/time_per_step:126.59059193602297 - perf/throughput:3337.0252365475385
[36m(TaskRunner pid=36405)[0m step:23 - global_seqlen/min:396543 - global_seqlen/max:417493 - global_seqlen/minmax_diff:20950 - global_seqlen/balanced_min:403679 - global_seqlen/balanced_max:403693 - global_seqlen/mean:403688.75 - actor/entropy:0.29286518692970276 - perf/mfu/actor_infer:0.4725322991242325 - actor/pg_clipfrac:0.0 - actor/ppo_kl:0.0 - actor/pg_clipfrac_lower:0.0 - actor/pg_loss:0.011230581596464617 - actor/entropy_loss:0.29286517295986414 - actor/loss:0.010351983830332756 - actor/grad_norm:0.08216243982315063 - actor/lr:4.96278882867592e-06 - perf/mfu/actor:0.3831566174115874 - training/global_step:23 - training/epoch:0 - critic/score/mean:0.16871094703674316 - critic/score/max:1.0 - critic/score/min:0.0 - critic/rewards/mean:0.16871094703674316 - critic/rewards/max:1.0 - critic/rewards/min:0.0 - critic/advantages/mean:-0.01123057771474123 - critic/advantages/max:2.4748663902282715 - critic/advantages/min:-2.4748663902282715 - critic/returns/mean:-0.01123057771474123 - critic/returns/max:2.4748663902282715 - critic/returns/min:-2.4748663902282715 - response_length/mean:651.79052734375 - response_length/max:2048.0 - response_length/min:2.0 - response_length/clip_ratio:0.0029296875 - response_length_non_aborted/mean:651.79052734375 - response_length_non_aborted/max:2048.0 - response_length_non_aborted/min:2.0 - response_length_non_aborted/clip_ratio:0.0029296875 - response/aborted_ratio:0.0 - prompt_length/mean:136.6640625 - prompt_length/max:406.0 - prompt_length/min:64.0 - prompt_length/clip_ratio:0.0 - num_turns/min:2 - num_turns/max:2 - num_turns/mean:2.0 - timing_s/start_profile:7.991501479409635e-05 - timing_s/agent_loop/num_preempted/min:-1 - timing_s/agent_loop/num_preempted/max:-1 - timing_s/agent_loop/num_preempted/mean:-1.0 - timing_s/agent_loop/generate_sequences/min:0.6134737570246216 - timing_s/agent_loop/generate_sequences/max:56.58752364499378 - timing_s/agent_loop/generate_sequences/mean:31.155009313242147 - timing_s/agent_loop/tool_calls/min:0.0 - timing_s/agent_loop/tool_calls/max:0.0 - timing_s/agent_loop/tool_calls/mean:0.0 - timing_s/agent_loop/compute_score/min:0.005110005993628874 - timing_s/agent_loop/compute_score/max:0.047210093995090574 - timing_s/agent_loop/compute_score/mean:0.012573993640643266 - timing_s/agent_loop/slowest/generate_sequences:56.58752364499378 - timing_s/agent_loop/slowest/tool_calls:0.0 - timing_s/agent_loop/slowest/compute_score:0.01006623700959608 - timing_s/agent_loop/slowest/num_preempted:-1 - timing_s/agent_loop/slowest/prompt_length:105 - timing_s/agent_loop/slowest/response_length:2048 - timing_s/gen:58.68911784500233 - timing_s/reward:2.5475979782640934e-05 - timing_s/old_log_prob:14.019958452990977 - timing_s/adv:0.047474098013481125 - timing_s/update_actor:45.57074336198275 - timing_s/update_weights:2.848544556996785 - timing_s/step:121.5624849399901 - timing_s/stop_profile:0.00019412802066653967 - timing_per_token_ms/adv:2.9400186414335997e-05 - timing_per_token_ms/gen:0.04396626618607122 - timing_per_token_ms/update_actor:0.02822145982640261 - perf/total_num_tokens:1614755 - perf/time_per_step:121.5624849399901 - perf/throughput:3320.833316292299
[36m(TaskRunner pid=36405)[0m step:24 - global_seqlen/min:384919 - global_seqlen/max:396058 - global_seqlen/minmax_diff:11139 - global_seqlen/balanced_min:390006 - global_seqlen/balanced_max:390016 - global_seqlen/mean:390010.75 - actor/entropy:0.3405013084411621 - perf/mfu/actor_infer:0.4668897979813486 - actor/pg_clipfrac:0.0 - actor/ppo_kl:0.0 - actor/pg_clipfrac_lower:0.0 - actor/pg_loss:0.003163332847179845 - actor/entropy_loss:0.34050129633396864 - actor/loss:0.0021418272517621517 - actor/grad_norm:0.0862371176481247 - actor/lr:4.958986311670008e-06 - perf/mfu/actor:0.3829956179562769 - training/global_step:24 - training/epoch:0 - critic/score/mean:0.18505859375 - critic/score/max:1.0 - critic/score/min:0.0 - critic/rewards/mean:0.18505859375 - critic/rewards/max:1.0 - critic/rewards/min:0.0 - critic/advantages/mean:-0.003163332352414727 - critic/advantages/max:2.4748663902282715 - critic/advantages/min:-2.4748663902282715 - critic/returns/mean:-0.003163332352414727 - critic/returns/max:2.4748663902282715 - critic/returns/min:-2.4748663902282715 - response_length/mean:626.24365234375 - response_length/max:2048.0 - response_length/min:72.0 - response_length/clip_ratio:0.00048828125 - response_length_non_aborted/mean:626.24365234375 - response_length_non_aborted/max:2048.0 - response_length_non_aborted/min:72.0 - response_length_non_aborted/clip_ratio:0.00048828125 - response/aborted_ratio:0.0 - prompt_length/mean:135.49609375 - prompt_length/max:388.0 - prompt_length/min:63.0 - prompt_length/clip_ratio:0.0 - num_turns/min:2 - num_turns/max:2 - num_turns/mean:2.0 - timing_s/start_profile:8.13129881862551e-05 - timing_s/agent_loop/num_preempted/min:-1 - timing_s/agent_loop/num_preempted/max:-1 - timing_s/agent_loop/num_preempted/mean:-1.0 - timing_s/agent_loop/generate_sequences/min:3.619079440977657 - timing_s/agent_loop/generate_sequences/max:55.042346456000814 - timing_s/agent_loop/generate_sequences/mean:29.775451459111665 - timing_s/agent_loop/tool_calls/min:0.0 - timing_s/agent_loop/tool_calls/max:0.0 - timing_s/agent_loop/tool_calls/mean:0.0 - timing_s/agent_loop/compute_score/min:0.005524167005205527 - timing_s/agent_loop/compute_score/max:0.04690428200410679 - timing_s/agent_loop/compute_score/mean:0.012772178477348461 - timing_s/agent_loop/slowest/generate_sequences:55.042346456000814 - timing_s/agent_loop/slowest/tool_calls:0.0 - timing_s/agent_loop/slowest/compute_score:0.013445394026348367 - timing_s/agent_loop/slowest/num_preempted:-1 - timing_s/agent_loop/slowest/prompt_length:100 - timing_s/agent_loop/slowest/response_length:2048 - timing_s/gen:57.33752818198991 - timing_s/reward:4.8397021600976586e-05 - timing_s/old_log_prob:14.36174197299988 - timing_s/adv:0.08039470898802392 - timing_s/update_actor:43.97751811897615 - timing_s/update_weights:2.8868761869962327 - timing_s/step:119.23163833399303 - timing_s/stop_profile:0.0002436380018480122 - timing_per_token_ms/adv:5.153364938532074e-05 - timing_per_token_ms/gen:0.04470598596541874 - timing_per_token_ms/update_actor:0.028189939712543917 - perf/total_num_tokens:1560043 - perf/time_per_step:119.23163833399303 - perf/throughput:3271.0340598314806[36m(TaskRunner pid=36405)[0m Training Progress:   7%|▋         | 24/348 [34:23<11:33:17, 128.39s/it]
[36m(WorkerDict pid=39655)[0m INFO:2026-06-07 08:46:27,641:update_weights done, time cost: 1.91s
[36m(TaskRunner pid=36405)[0m Training Progress:   7%|▋         | 25/348 [36:22<11:14:44, 125.34s/it]
[36m(WorkerDict pid=39655)[0m INFO:2026-06-07 08:48:06,121:update_weights done, time cost: 2.11s
[36m(TaskRunner pid=36405)[0m Training Progress:   7%|▋         | 26/348 [38:00<10:29:31, 117.30s/it]
[36m(WorkerDict pid=39655)[0m INFO:2026-06-07 08:49:46,227:update_weights done, time cost: 1.99s

[36m(TaskRunner pid=36405)[0m step:25 - global_seqlen/min:359328 - global_seqlen/max:376676 - global_seqlen/minmax_diff:17348 - global_seqlen/balanced_min:365677 - global_seqlen/balanced_max:365697 - global_seqlen/mean:365690.25 - actor/entropy:0.4617505371570587 - perf/mfu/actor_infer:0.46350334752496547 - actor/pg_clipfrac:0.0 - actor/ppo_kl:0.0 - actor/pg_clipfrac_lower:0.0 - actor/pg_loss:0.00324829095552559 - actor/entropy_loss:0.4617504975758493 - actor/loss:0.001863038633018732 - actor/grad_norm:0.10228820890188217 - actor/lr:4.955000625830886e-06 - perf/mfu/actor:0.37113165474769916 - training/global_step:25 - training/epoch:0 - critic/score/mean:0.22418943047523499 - critic/score/max:1.0 - critic/score/min:0.0 - critic/rewards/mean:0.22418943047523499 - critic/rewards/max:1.0 - critic/rewards/min:0.0 - critic/advantages/mean:-0.003248288994655013 - critic/advantages/max:2.4748663902282715 - critic/advantages/min:-2.4748663902282715 - critic/returns/mean:-0.003248288994655013 - critic/returns/max:2.4748663902282715 - critic/returns/min:-2.4748663902282715 - response_length/mean:589.85205078125 - response_length/max:2048.0 - response_length/min:73.0 - response_length/clip_ratio:0.0009765625 - response_length_non_aborted/mean:589.85205078125 - response_length_non_aborted/max:2048.0 - response_length_non_aborted/min:73.0 - response_length_non_aborted/clip_ratio:0.0009765625 - response/aborted_ratio:0.0 - prompt_length/mean:124.38671875 - prompt_length/max:330.0 - prompt_length/min:62.0 - prompt_length/clip_ratio:0.0 - num_turns/min:2 - num_turns/max:2 - num_turns/mean:2.0 - timing_s/start_profile:8.189099025912583e-05 - timing_s/agent_loop/num_preempted/min:-1 - timing_s/agent_loop/num_preempted/max:-1 - timing_s/agent_loop/num_preempted/mean:-1.0 - timing_s/agent_loop/generate_sequences/min:4.2748678360076156 - timing_s/agent_loop/generate_sequences/max:56.18794212999637 - timing_s/agent_loop/generate_sequences/mean:29.606455302367834 - timing_s/agent_loop/tool_calls/min:0.0 - timing_s/agent_loop/tool_calls/max:0.0 - timing_s/agent_loop/tool_calls/mean:0.0 - timing_s/agent_loop/compute_score/min:0.004246049007633701 - timing_s/agent_loop/compute_score/max:0.17325118198641576 - timing_s/agent_loop/compute_score/mean:0.013136154937427591 - timing_s/agent_loop/slowest/generate_sequences:56.18794212999637 - timing_s/agent_loop/slowest/tool_calls:0.0 - timing_s/agent_loop/slowest/compute_score:0.013874960015527904 - timing_s/agent_loop/slowest/num_preempted:-1 - timing_s/agent_loop/slowest/prompt_length:99 - timing_s/agent_loop/slowest/response_length:2048 - timing_s/gen:58.374654701998224 - timing_s/reward:4.0530983824282885e-05 - timing_s/old_log_prob:13.669481254997663 - timing_s/adv:0.04392579599516466 - timing_s/update_actor:42.59258692502044 - timing_s/update_weights:2.93861962101073 - timing_s/step:118.17586700798711 - timing_s/stop_profile:6.090998067520559e-05 - timing_per_token_ms/adv:3.0029373216242887e-05 - timing_per_token_ms/gen:0.04832270961584003 - timing_per_token_ms/update_actor:0.029117939926632197 - perf/total_num_tokens:1462761 - perf/time_per_step:118.17586700798711 - perf/throughput:3094.4579401755877
[36m(TaskRunner pid=36405)[0m step:26 - global_seqlen/min:327914 - global_seqlen/max:342911 - global_seqlen/minmax_diff:14997 - global_seqlen/balanced_min:335822 - global_seqlen/balanced_max:335828 - global_seqlen/mean:335825.0 - actor/entropy:0.819932758808136 - perf/mfu/actor_infer:0.4654772575888215 - actor/pg_clipfrac:0.0 - actor/ppo_kl:0.0 - actor/pg_clipfrac_lower:0.0 - actor/pg_loss:-0.011432950394009822 - actor/entropy_loss:0.8199327113106847 - actor/loss:-0.013892749324440956 - actor/grad_norm:0.11952341347932816 - actor/lr:4.950832101651064e-06 - perf/mfu/actor:0.38122317886970575 - training/global_step:26 - training/epoch:0 - critic/score/mean:0.15563474595546722 - critic/score/max:1.0 - critic/score/min:0.0 - critic/rewards/mean:0.15563474595546722 - critic/rewards/max:1.0 - critic/rewards/min:0.0 - critic/advantages/mean:0.011432964354753494 - critic/advantages/max:2.4748663902282715 - critic/advantages/min:-2.4748663902282715 - critic/returns/mean:0.011432964354753494 - critic/returns/max:2.4748663902282715 - critic/returns/min:-2.4748663902282715 - response_length/mean:526.431640625 - response_length/max:1489.0 - response_length/min:6.0 - response_length/clip_ratio:0.0 - response_length_non_aborted/mean:526.431640625 - response_length_non_aborted/max:1489.0 - response_length_non_aborted/min:6.0 - response_length_non_aborted/clip_ratio:0.0 - response/aborted_ratio:0.0 - prompt_length/mean:129.4765625 - prompt_length/max:327.0 - prompt_length/min:59.0 - prompt_length/clip_ratio:0.0 - num_turns/min:2 - num_turns/max:2 - num_turns/mean:2.0 - timing_s/start_profile:5.9214013163000345e-05 - timing_s/agent_loop/num_preempted/min:-1 - timing_s/agent_loop/num_preempted/max:-1 - timing_s/agent_loop/num_preempted/mean:-1.0 - timing_s/agent_loop/generate_sequences/min:0.5079831399780232 - timing_s/agent_loop/generate_sequences/max:41.65462612599367 - timing_s/agent_loop/generate_sequences/mean:25.27436298358647 - timing_s/agent_loop/tool_calls/min:0.0 - timing_s/agent_loop/tool_calls/max:0.0 - timing_s/agent_loop/tool_calls/mean:0.0 - timing_s/agent_loop/compute_score/min:0.00414034997811541 - timing_s/agent_loop/compute_score/max:0.0424899070058018 - timing_s/agent_loop/compute_score/mean:0.012619604342546609 - timing_s/agent_loop/slowest/generate_sequences:41.65462612599367 - timing_s/agent_loop/slowest/tool_calls:0.0 - timing_s/agent_loop/slowest/compute_score:0.013262422988191247 - timing_s/agent_loop/slowest/num_preempted:-1 - timing_s/agent_loop/slowest/prompt_length:153 - timing_s/agent_loop/slowest/response_length:1384 - timing_s/gen:43.853428214992164 - timing_s/reward:2.9804999940097332e-05 - timing_s/old_log_prob:12.526640097989002 - timing_s/adv:0.04751992999808863 - timing_s/update_actor:38.381659314996796 - timing_s/update_weights:3.287968677992467 - timing_s/step:98.48983522100025 - timing_s/stop_profile:0.00024384100106544793 - timing_per_token_ms/adv:3.537551552005407e-05 - timing_per_token_ms/gen:0.04067537946651446 - timing_per_token_ms/update_actor:0.028572663824161987 - perf/total_num_tokens:1343300 - perf/time_per_step:98.48983522100025 - perf/throughput:3409.742733820663
[36m(TaskRunner pid=36405)[0m step:27 - global_seqlen/min:310450 - global_seqlen/max:323482 - global_seqlen/minmax_diff:13032 - global_seqlen/balanced_min:318391 - global_seqlen/balanced_max:318413 - global_seqlen/mean:318401.0 - actor/entropy:1.1436094045639038 - perf/mfu/actor_infer:0.4597885645665735 - actor/pg_clipfrac:0.0 - actor/ppo_kl:0.0 - actor/pg_clipfrac_lower:0.0 - actor/pg_loss:-0.006598623944228166 - actor/entropy_loss:1.1436092741787434 - actor/loss:-0.010029451921582222 - actor/grad_norm:0.146254301071167 - actor/lr:4.946481084783976e-06 - perf/mfu/actor:0.3731192366438009 - training/global_step:27 - training/epoch:0 - critic/score/mean:0.11949217319488525 - critic/score/max:1.0 - critic/score/min:0.0 - critic/rewards/mean:0.11949217319488525 - critic/rewards/max:1.0 - critic/rewards/min:0.0 - critic/advantages/mean:0.006598632782697678 - critic/advantages/max:2.4748663902282715 - critic/advantages/min:-2.4748663902282715 - critic/returns/mean:0.006598632782697678 - critic/returns/max:2.4748663902282715 - critic/returns/min:-2.4748663902282715 - response_length/mean:490.791015625 - response_length/max:2048.0 - response_length/min:5.0 - response_length/clip_ratio:0.0009765625 - response_length_non_aborted/mean:490.791015625 - response_length_non_aborted/max:2048.0 - response_length_non_aborted/min:5.0 - response_length_non_aborted/clip_ratio:0.0009765625 - response/aborted_ratio:0.0 - prompt_length/mean:131.0859375 - prompt_length/max:452.0 - prompt_length/min:59.0 - prompt_length/clip_ratio:0.0 - num_turns/min:2 - num_turns/max:2 - num_turns/mean:2.0 - timing_s/start_profile:8.645901107229292e-05 - timing_s/agent_loop/num_preempted/min:-1 - timing_s/agent_loop/num_preempted/max:-1 - timing_s/agent_loop/num_preempted/mean:-1.0 - timing_s/agent_loop/generate_sequences/min:0.5159392269852106 - timing_s/agent_loop/generate_sequences/max:44.52494274399942 - timing_s/agent_loop/generate_sequences/mean:23.490038177958795 - timing_s/agent_loop/tool_calls/min:0.0 - timing_s/agent_loop/tool_calls/max:0.0 - timing_s/agent_loop/tool_calls/mean:0.0 - timing_s/agent_loop/compute_score/min:0.005328045983333141 - timing_s/agent_loop/compute_score/max:0.07221105601638556 - timing_s/agent_loop/compute_score/mean:0.01323567188769914 - timing_s/agent_loop/slowest/generate_sequences:44.52494274399942 - timing_s/agent_loop/slowest/tool_calls:0.0 - timing_s/agent_loop/slowest/compute_score:0.01614213699940592 - timing_s/agent_loop/slowest/num_preempted:-1 - timing_s/agent_loop/slowest/prompt_length:109 - timing_s/agent_loop/slowest/response_length:1934 - timing_s/gen:46.849353293015156 - timing_s/reward:3.3760996302589774e-05 - timing_s/old_log_prob:12.257753648009384 - timing_s/adv:0.04592061598668806 - timing_s/update_actor:37.108730339008616 - timing_s/update_weights:3.192988091002917 - timing_s/step:99.97169670299627 - timing_s/stop_profile:0.00022570800501853228 - timing_per_token_ms/adv:3.605564679970231e-05 - timing_per_token_ms/gen:0.046609779028807086 - timing_per_token_ms/update_actor:0.029136788467222636 - perf/total_num_tokens:1273604 - perf/time_per_step:99.97169670299627 - perf/throughput:3184.9114349427377[36m(TaskRunner pid=36405)[0m Training Progress:   8%|▊         | 27/348 [39:40<10:00:02, 112.16s/it]
[36m(WorkerDict pid=39655)[0m INFO:2026-06-07 08:51:26,097:update_weights done, time cost: 1.91s
[36m(TaskRunner pid=36405)[0m Training Progress:   8%|▊         | 28/348 [41:20<9:38:10, 108.41s/it] 
[36m(WorkerDict pid=39655)[0m INFO:2026-06-07 08:53:02,586:update_weights done, time cost: 1.62s
[36m(TaskRunner pid=36405)[0m Training Progress:   8%|▊         | 29/348 [42:57<9:17:45, 104.91s/it]
*** SIGTERM received at time=1780847615 on cpu 47 ***
PC: @     0x7f2ec6fa3117  (unknown)  (unknown)
    @     0x7f2ec6f54520  (unknown)  (unknown)
    @ ... and at least 1 more frames
[2026-06-07 08:53:35,242 E 29215 29215] logging.cc:474: *** SIGTERM received at time=1780847615 on cpu 47 ***
[2026-06-07 08:53:35,243 E 29215 29215] logging.cc:474: PC: @     0x7f2ec6fa3117  (unknown)  (unknown)
[2026-06-07 08:53:35,243 E 29215 29215] logging.cc:474:     @     0x7f2ec6f54520  (unknown)  (unknown)
[2026-06-07 08:53:35,243 E 29215 29215] logging.cc:474:     @ ... and at least 1 more frames
