WARNING:2026-06-07 07:21:55,933:Detected megatron.core 0.14.0rc7, recommend upgrading to >= 0.14.0 for better checkpoint compatibility
2026-06-07 07:22:02,372	INFO worker.py:1942 -- Started a local Ray instance. View the dashboard at [1m[32mhttp://127.0.0.1:8265 [39m[22m
[36m(pid=15473)[0m W0607 07:22:14.634000 15473 torch/utils/cpp_extension.py:118] No CUDA runtime is found, using CUDA_HOME='/usr/local/cuda'
[36m(pid=15473)[0m WARNING:2026-06-07 07:22:14,852:Detected megatron.core 0.14.0rc7, recommend upgrading to >= 0.14.0 for better checkpoint compatibility
ray init kwargs: {'num_cpus': None, 'runtime_env': {'env_vars': {'NCCL_DEBUG': 'WARN', 'VLLM_LOGGING_LEVEL': 'WARN', 'VLLM_ALLOW_RUNTIME_LORA_UPDATING': 'true', 'CUDA_DEVICE_MAX_CONNECTIONS': '1', 'VLLM_DISABLE_COMPILE_CACHE': '1', 'HCCL_HOST_SOCKET_PORT_RANGE': 'auto', 'HCCL_NPU_SOCKET_PORT_RANGE': 'auto', 'HSA_NO_SCRATCH_RECLAIM': '1'}, 'working_dir': None}}
[36m(TaskRunner pid=15473)[0m TaskRunner hostname: g60, PID: 15473
[36m(TaskRunner pid=15473)[0m {'actor_rollout_ref': {'actor': {'_target_': 'verl.workers.config.FSDPActorConfig',
[36m(TaskRunner pid=15473)[0m                                  'calculate_entropy': False,
[36m(TaskRunner pid=15473)[0m                                  'calculate_sum_pi_squared': False,
[36m(TaskRunner pid=15473)[0m                                  'checkpoint': {'_target_': 'verl.trainer.config.CheckpointConfig',
[36m(TaskRunner pid=15473)[0m                                                 'async_save': False,
[36m(TaskRunner pid=15473)[0m                                                 'load_contents': ['model',
[36m(TaskRunner pid=15473)[0m                                                                   'optimizer',
[36m(TaskRunner pid=15473)[0m                                                                   'extra'],
[36m(TaskRunner pid=15473)[0m                                                 'mbridge_config': {},
[36m(TaskRunner pid=15473)[0m                                                 'save_contents': ['model',
[36m(TaskRunner pid=15473)[0m                                                                   'optimizer',
[36m(TaskRunner pid=15473)[0m                                                                   'extra']},
[36m(TaskRunner pid=15473)[0m                                  'clip_ratio': 0.2,
[36m(TaskRunner pid=15473)[0m                                  'clip_ratio_c': 3.0,
[36m(TaskRunner pid=15473)[0m                                  'clip_ratio_high': 0.2,
[36m(TaskRunner pid=15473)[0m                                  'clip_ratio_low': 0.2,
[36m(TaskRunner pid=15473)[0m                                  'data_loader_seed': 42,
[36m(TaskRunner pid=15473)[0m                                  'entropy_checkpointing': False,
[36m(TaskRunner pid=15473)[0m                                  'entropy_coeff': 0.001,
[36m(TaskRunner pid=15473)[0m                                  'entropy_from_logits_with_chunking': False,
[36m(TaskRunner pid=15473)[0m                                  'freeze_vision_tower': False,
[36m(TaskRunner pid=15473)[0m                                  'fsdp_config': {'_target_': 'verl.workers.config.FSDPEngineConfig',
[36m(TaskRunner pid=15473)[0m                                                  'dtype': 'bfloat16',
[36m(TaskRunner pid=15473)[0m                                                  'entropy_checkpointing': False,
[36m(TaskRunner pid=15473)[0m                                                  'entropy_from_logits_with_chunking': False,
[36m(TaskRunner pid=15473)[0m                                                  'forward_only': False,
[36m(TaskRunner pid=15473)[0m                                                  'forward_prefetch': False,
[36m(TaskRunner pid=15473)[0m                                                  'fsdp_size': -1,
[36m(TaskRunner pid=15473)[0m                                                  'full_determinism': False,
[36m(TaskRunner pid=15473)[0m                                                  'model_dtype': 'fp32',
[36m(TaskRunner pid=15473)[0m                                                  'offload_policy': False,
[36m(TaskRunner pid=15473)[0m                                                  'optimizer_offload': False,
[36m(TaskRunner pid=15473)[0m                                                  'param_offload': False,
[36m(TaskRunner pid=15473)[0m                                                  'qat': {'_target_': 'verl.workers.config.QATEngineConfig',
[36m(TaskRunner pid=15473)[0m                                                          'activation_observer': 'static_minmax',
[36m(TaskRunner pid=15473)[0m                                                          'enable': False,
[36m(TaskRunner pid=15473)[0m                                                          'group_size': 16,
[36m(TaskRunner pid=15473)[0m                                                          'ignore_patterns': ['lm_head',
[36m(TaskRunner pid=15473)[0m                                                                              'embed_tokens',
[36m(TaskRunner pid=15473)[0m                                                                              're:.*mlp.gate$'],
[36m(TaskRunner pid=15473)[0m                                                          'mode': 'w4a16',
[36m(TaskRunner pid=15473)[0m                                                          'quantization_config_path': None},
[36m(TaskRunner pid=15473)[0m                                                  'reshard_after_forward': True,
[36m(TaskRunner pid=15473)[0m                                                  'seed': 42,
[36m(TaskRunner pid=15473)[0m                                                  'strategy': 'fsdp',
[36m(TaskRunner pid=15473)[0m                                                  'ulysses_sequence_parallel_size': 1,
[36m(TaskRunner pid=15473)[0m                                                  'use_orig_params': False,
[36m(TaskRunner pid=15473)[0m                                                  'use_torch_compile': True,
[36m(TaskRunner pid=15473)[0m                                                  'wrap_policy': {'min_num_params': 0}},
[36m(TaskRunner pid=15473)[0m                                  'grad_clip': 1.0,
[36m(TaskRunner pid=15473)[0m                                  'kl_loss_coef': 0.001,
[36m(TaskRunner pid=15473)[0m                                  'kl_loss_type': 'low_var_kl',
[36m(TaskRunner pid=15473)[0m                                  'loss_agg_mode': 'token-mean',
[36m(TaskRunner pid=15473)[0m                                  'loss_scale_factor': None,
[36m(TaskRunner pid=15473)[0m                                  'optim': {'_target_': 'verl.workers.config.FSDPOptimizerConfig',
[36m(TaskRunner pid=15473)[0m                                            'betas': [0.9, 0.999],
[36m(TaskRunner pid=15473)[0m                                            'clip_grad': 1.0,
[36m(TaskRunner pid=15473)[0m                                            'lr': 5e-06,
[36m(TaskRunner pid=15473)[0m                                            'lr_scheduler_type': 'cosine',
[36m(TaskRunner pid=15473)[0m                                            'lr_warmup_steps': -1,
[36m(TaskRunner pid=15473)[0m                                            'lr_warmup_steps_ratio': 0.01,
[36m(TaskRunner pid=15473)[0m                                            'min_lr_ratio': 0.1,
[36m(TaskRunner pid=15473)[0m                                            'num_cycles': 0.5,
[36m(TaskRunner pid=15473)[0m                                            'optimizer': 'AdamW',
[36m(TaskRunner pid=15473)[0m                                            'optimizer_impl': 'torch.optim',
[36m(TaskRunner pid=15473)[0m                                            'override_optimizer_config': None,
[36m(TaskRunner pid=15473)[0m                                            'total_training_steps': -1,
[36m(TaskRunner pid=15473)[0m                                            'warmup_style': None,
[36m(TaskRunner pid=15473)[0m                                            'weight_decay': 0.01,
[36m(TaskRunner pid=15473)[0m                                            'zero_indexed_step': True},
[36m(TaskRunner pid=15473)[0m                                  'policy_loss': {'_target_': 'verl.workers.config.PolicyLossConfig',
[36m(TaskRunner pid=15473)[0m                                                  'clip_cov_lb': 1.0,
[36m(TaskRunner pid=15473)[0m                                                  'clip_cov_ratio': 0.0002,
[36m(TaskRunner pid=15473)[0m                                                  'clip_cov_ub': 5.0,
[36m(TaskRunner pid=15473)[0m                                                  'kl_cov_ratio': 0.0002,
[36m(TaskRunner pid=15473)[0m                                                  'loss_mode': 'vanilla',
[36m(TaskRunner pid=15473)[0m                                                  'ppo_kl_coef': 0.1},
[36m(TaskRunner pid=15473)[0m                                  'ppo_epochs': 1,
[36m(TaskRunner pid=15473)[0m                                  'ppo_max_token_len_per_gpu': 24576,
[36m(TaskRunner pid=15473)[0m                                  'ppo_micro_batch_size': None,
[36m(TaskRunner pid=15473)[0m                                  'ppo_micro_batch_size_per_gpu': 4,
[36m(TaskRunner pid=15473)[0m                                  'ppo_mini_batch_size': 256,
[36m(TaskRunner pid=15473)[0m                                  'profiler': {'_target_': 'verl.utils.profiler.ProfilerConfig',
[36m(TaskRunner pid=15473)[0m                                               'all_ranks': False,
[36m(TaskRunner pid=15473)[0m                                               'enable': False,
[36m(TaskRunner pid=15473)[0m                                               'ranks': [],
[36m(TaskRunner pid=15473)[0m                                               'save_path': 'outputs/profile',
[36m(TaskRunner pid=15473)[0m                                               'tool': None,
[36m(TaskRunner pid=15473)[0m                                               'tool_config': {'npu': {'_target_': 'verl.utils.profiler.config.NPUToolConfig',
[36m(TaskRunner pid=15473)[0m                                                                       'analysis': True,
[36m(TaskRunner pid=15473)[0m                                                                       'contents': [],
[36m(TaskRunner pid=15473)[0m                                                                       'discrete': False,
[36m(TaskRunner pid=15473)[0m                                                                       'level': 'level0'},
[36m(TaskRunner pid=15473)[0m                                                               'nsys': {'_target_': 'verl.utils.profiler.config.NsightToolConfig',
[36m(TaskRunner pid=15473)[0m                                                                        'discrete': False},
[36m(TaskRunner pid=15473)[0m                                                               'precision_debugger': {'_target_': 'verl.utils.profiler.config.PrecisionDebuggerToolConfig',
[36m(TaskRunner pid=15473)[0m                                                                                      'config_path': None,
[36m(TaskRunner pid=15473)[0m                                                                                      'stages': None,
[36m(TaskRunner pid=15473)[0m                                                                                      'steps': None,
[36m(TaskRunner pid=15473)[0m                                                                                      'strict': False},
[36m(TaskRunner pid=15473)[0m                                                               'torch': {'_target_': 'verl.utils.profiler.config.TorchProfilerToolConfig',
[36m(TaskRunner pid=15473)[0m                                                                         'contents': [],
[36m(TaskRunner pid=15473)[0m                                                                         'discrete': False},
[36m(TaskRunner pid=15473)[0m                                                               'torch_memory': {'_target_': 'verl.utils.profiler.config.TorchMemoryToolConfig',
[36m(TaskRunner pid=15473)[0m                                                                                'stack_depth': 32,
[36m(TaskRunner pid=15473)[0m                                                                                'trace_alloc_max_entries': 100000}}},
[36m(TaskRunner pid=15473)[0m                                  'qat': {'activation_observer': 'static_minmax',
[36m(TaskRunner pid=15473)[0m                                          'enable': False,
[36m(TaskRunner pid=15473)[0m                                          'group_size': 16,
[36m(TaskRunner pid=15473)[0m                                          'ignore_patterns': ['lm_head',
[36m(TaskRunner pid=15473)[0m                                                              'embed_tokens',
[36m(TaskRunner pid=15473)[0m                                                              're:.*mlp.gate$'],
[36m(TaskRunner pid=15473)[0m                                          'mode': 'w4a16',
[36m(TaskRunner pid=15473)[0m                                          'quantization_config_path': None},
[36m(TaskRunner pid=15473)[0m                                  'rollout_n': 8,
[36m(TaskRunner pid=15473)[0m                                  'router_replay': {'_target_': 'verl.workers.config.RouterReplayConfig',
[36m(TaskRunner pid=15473)[0m                                                    'mode': 'disabled',
[36m(TaskRunner pid=15473)[0m                                                    'record_file': None,
[36m(TaskRunner pid=15473)[0m                                                    'replay_file': None},
[36m(TaskRunner pid=15473)[0m                                  'shuffle': False,
[36m(TaskRunner pid=15473)[0m                                  'strategy': 'fsdp',
[36m(TaskRunner pid=15473)[0m                                  'tau_neg': 1.05,
[36m(TaskRunner pid=15473)[0m                                  'tau_pos': 1.0,
[36m(TaskRunner pid=15473)[0m                                  'ulysses_sequence_parallel_size': 1,
[36m(TaskRunner pid=15473)[0m                                  'use_dynamic_bsz': True,
[36m(TaskRunner pid=15473)[0m                                  'use_fused_kernels': False,
[36m(TaskRunner pid=15473)[0m                                  'use_kl_loss': False,
[36m(TaskRunner pid=15473)[0m                                  'use_prefix_grouper': False,
[36m(TaskRunner pid=15473)[0m                                  'use_remove_padding': True,
[36m(TaskRunner pid=15473)[0m                                  'use_torch_compile': False},
[36m(TaskRunner pid=15473)[0m                        'hybrid_engine': True,
[36m(TaskRunner pid=15473)[0m                        'model': {'_target_': 'verl.workers.config.HFModelConfig',
[36m(TaskRunner pid=15473)[0m                                  'custom_chat_template': None,
[36m(TaskRunner pid=15473)[0m                                  'enable_activation_offload': False,
[36m(TaskRunner pid=15473)[0m                                  'enable_gradient_checkpointing': True,
[36m(TaskRunner pid=15473)[0m                                  'exclude_modules': None,
[36m(TaskRunner pid=15473)[0m                                  'external_lib': None,
[36m(TaskRunner pid=15473)[0m                                  'fused_kernel_options': {'impl_backend': 'torch'},
[36m(TaskRunner pid=15473)[0m                                  'hf_config_path': None,
[36m(TaskRunner pid=15473)[0m                                  'lora': {'a2a_experimental': False,
[36m(TaskRunner pid=15473)[0m                                           'adapter_path': None,
[36m(TaskRunner pid=15473)[0m                                           'alpha': 32,
[36m(TaskRunner pid=15473)[0m                                           'dropout': 0.0,
[36m(TaskRunner pid=15473)[0m                                           'dropout_position': 'pre',
[36m(TaskRunner pid=15473)[0m                                           'dtype': None,
[36m(TaskRunner pid=15473)[0m                                           'exclude_modules': [],
[36m(TaskRunner pid=15473)[0m                                           'freeze_language_model': True,
[36m(TaskRunner pid=15473)[0m                                           'freeze_vision_model': True,
[36m(TaskRunner pid=15473)[0m                                           'freeze_vision_projection': True,
[36m(TaskRunner pid=15473)[0m                                           'lora_A_init_method': 'xavier',
[36m(TaskRunner pid=15473)[0m                                           'lora_B_init_method': 'zero',
[36m(TaskRunner pid=15473)[0m                                           'merge': False,
[36m(TaskRunner pid=15473)[0m                                           'rank': 0,
[36m(TaskRunner pid=15473)[0m                                           'target_modules': ['linear_qkv',
[36m(TaskRunner pid=15473)[0m                                                              'linear_proj',
[36m(TaskRunner pid=15473)[0m                                                              'linear_fc1',
[36m(TaskRunner pid=15473)[0m                                                              'linear_fc2'],
[36m(TaskRunner pid=15473)[0m                                           'type': 'lora'},
[36m(TaskRunner pid=15473)[0m                                  'lora_adapter_path': None,
[36m(TaskRunner pid=15473)[0m                                  'lora_alpha': 16,
[36m(TaskRunner pid=15473)[0m                                  'lora_rank': 0,
[36m(TaskRunner pid=15473)[0m                                  'mtp': {'_target_': 'verl.workers.config.MtpConfig',
[36m(TaskRunner pid=15473)[0m                                          'detach_encoder': False,
[36m(TaskRunner pid=15473)[0m                                          'enable': False,
[36m(TaskRunner pid=15473)[0m                                          'enable_rollout': False,
[36m(TaskRunner pid=15473)[0m                                          'enable_train': False,
[36m(TaskRunner pid=15473)[0m                                          'method': 'mtp',
[36m(TaskRunner pid=15473)[0m                                          'mtp_loss_scaling_factor': 0.1,
[36m(TaskRunner pid=15473)[0m                                          'num_speculative_tokens': 1,
[36m(TaskRunner pid=15473)[0m                                          'speculative_algorithm': 'EAGLE',
[36m(TaskRunner pid=15473)[0m                                          'speculative_eagle_topk': 1,
[36m(TaskRunner pid=15473)[0m                                          'speculative_num_draft_tokens': 4,
[36m(TaskRunner pid=15473)[0m                                          'speculative_num_steps': 3},
[36m(TaskRunner pid=15473)[0m                                  'override_config': {},
[36m(TaskRunner pid=15473)[0m                                  'path': '/root/models/Qwen/Qwen3-1.7B-Base',
[36m(TaskRunner pid=15473)[0m                                  'target_modules': 'all-linear',
[36m(TaskRunner pid=15473)[0m                                  'tiled_mlp': {'enabled': False,
[36m(TaskRunner pid=15473)[0m                                                'num_shards': 4},
[36m(TaskRunner pid=15473)[0m                                  'tokenizer_path': None,
[36m(TaskRunner pid=15473)[0m                                  'trust_remote_code': True,
[36m(TaskRunner pid=15473)[0m                                  'use_fused_kernels': False,
[36m(TaskRunner pid=15473)[0m                                  'use_liger': False,
[36m(TaskRunner pid=15473)[0m                                  'use_remove_padding': True,
[36m(TaskRunner pid=15473)[0m                                  'use_shm': False},
[36m(TaskRunner pid=15473)[0m                        'nccl_timeout': 600,
[36m(TaskRunner pid=15473)[0m                        'ref': {'_target_': 'verl.workers.config.FSDPActorConfig',
[36m(TaskRunner pid=15473)[0m                                'entropy_checkpointing': False,
[36m(TaskRunner pid=15473)[0m                                'entropy_from_logits_with_chunking': False,
[36m(TaskRunner pid=15473)[0m                                'fsdp_config': {'_target_': 'verl.workers.config.FSDPEngineConfig',
[36m(TaskRunner pid=15473)[0m                                                'dtype': 'bfloat16',
[36m(TaskRunner pid=15473)[0m                                                'entropy_checkpointing': False,
[36m(TaskRunner pid=15473)[0m                                                'entropy_from_logits_with_chunking': False,
[36m(TaskRunner pid=15473)[0m                                                'forward_only': True,
[36m(TaskRunner pid=15473)[0m                                                'forward_prefetch': False,
[36m(TaskRunner pid=15473)[0m                                                'fsdp_size': -1,
[36m(TaskRunner pid=15473)[0m                                                'full_determinism': False,
[36m(TaskRunner pid=15473)[0m                                                'model_dtype': 'fp32',
[36m(TaskRunner pid=15473)[0m                                                'offload_policy': False,
[36m(TaskRunner pid=15473)[0m                                                'optimizer_offload': False,
[36m(TaskRunner pid=15473)[0m                                                'param_offload': False,
[36m(TaskRunner pid=15473)[0m                                                'qat': {'_target_': 'verl.workers.config.QATEngineConfig',
[36m(TaskRunner pid=15473)[0m                                                        'activation_observer': 'static_minmax',
[36m(TaskRunner pid=15473)[0m                                                        'enable': False,
[36m(TaskRunner pid=15473)[0m                                                        'group_size': 16,
[36m(TaskRunner pid=15473)[0m                                                        'ignore_patterns': ['lm_head',
[36m(TaskRunner pid=15473)[0m                                                                            'embed_tokens',
[36m(TaskRunner pid=15473)[0m                                                                            're:.*mlp.gate$'],
[36m(TaskRunner pid=15473)[0m                                                        'mode': 'w4a16',
[36m(TaskRunner pid=15473)[0m                                                        'quantization_config_path': None},
[36m(TaskRunner pid=15473)[0m                                                'reshard_after_forward': True,
[36m(TaskRunner pid=15473)[0m                                                'seed': 42,
[36m(TaskRunner pid=15473)[0m                                                'strategy': 'fsdp',
[36m(TaskRunner pid=15473)[0m                                                'ulysses_sequence_parallel_size': 1,
[36m(TaskRunner pid=15473)[0m                                                'use_orig_params': False,
[36m(TaskRunner pid=15473)[0m                                                'use_torch_compile': True,
[36m(TaskRunner pid=15473)[0m                                                'wrap_policy': {'min_num_params': 0}},
[36m(TaskRunner pid=15473)[0m                                'log_prob_max_token_len_per_gpu': 24576,
[36m(TaskRunner pid=15473)[0m                                'log_prob_micro_batch_size': None,
[36m(TaskRunner pid=15473)[0m                                'log_prob_micro_batch_size_per_gpu': None,
[36m(TaskRunner pid=15473)[0m                                'log_prob_use_dynamic_bsz': True,
[36m(TaskRunner pid=15473)[0m                                'profiler': {'_target_': 'verl.utils.profiler.ProfilerConfig',
[36m(TaskRunner pid=15473)[0m                                             'all_ranks': False,
[36m(TaskRunner pid=15473)[0m                                             'enable': False,
[36m(TaskRunner pid=15473)[0m                                             'ranks': [],
[36m(TaskRunner pid=15473)[0m                                             'save_path': 'outputs/profile',
[36m(TaskRunner pid=15473)[0m                                             'tool': None,
[36m(TaskRunner pid=15473)[0m                                             'tool_config': {'npu': {'_target_': 'verl.utils.profiler.config.NPUToolConfig',
[36m(TaskRunner pid=15473)[0m                                                                     'analysis': True,
[36m(TaskRunner pid=15473)[0m                                                                     'contents': [],
[36m(TaskRunner pid=15473)[0m                                                                     'discrete': False,
[36m(TaskRunner pid=15473)[0m                                                                     'level': 'level0'},
[36m(TaskRunner pid=15473)[0m                                                             'nsys': {'_target_': 'verl.utils.profiler.config.NsightToolConfig',
[36m(TaskRunner pid=15473)[0m                                                                      'discrete': False},
[36m(TaskRunner pid=15473)[0m                                                             'precision_debugger': {'_target_': 'verl.utils.profiler.config.PrecisionDebuggerToolConfig',
[36m(TaskRunner pid=15473)[0m                                                                                    'config_path': None,
[36m(TaskRunner pid=15473)[0m                                                                                    'stages': None,
[36m(TaskRunner pid=15473)[0m                                                                                    'steps': None,
[36m(TaskRunner pid=15473)[0m                                                                                    'strict': False},
[36m(TaskRunner pid=15473)[0m                                                             'torch': {'_target_': 'verl.utils.profiler.config.TorchProfilerToolConfig',
[36m(TaskRunner pid=15473)[0m                                                                       'contents': [],
[36m(TaskRunner pid=15473)[0m                                                                       'discrete': False},
[36m(TaskRunner pid=15473)[0m                                                             'torch_memory': {'_target_': 'verl.utils.profiler.config.TorchMemoryToolConfig',
[36m(TaskRunner pid=15473)[0m                                                                              'stack_depth': 32,
[36m(TaskRunner pid=15473)[0m                                                                              'trace_alloc_max_entries': 100000}}},
[36m(TaskRunner pid=15473)[0m                                'rollout_n': 8,
[36m(TaskRunner pid=15473)[0m                                'router_replay': {'_target_': 'verl.workers.config.RouterReplayConfig',
[36m(TaskRunner pid=15473)[0m                                                  'mode': 'disabled',
[36m(TaskRunner pid=15473)[0m                                                  'record_file': None,
[36m(TaskRunner pid=15473)[0m                                                  'replay_file': None},
[36m(TaskRunner pid=15473)[0m                                'strategy': 'fsdp',
[36m(TaskRunner pid=15473)[0m                                'ulysses_sequence_parallel_size': 1,
[36m(TaskRunner pid=15473)[0m                                'use_torch_compile': False},
[36m(TaskRunner pid=15473)[0m                        'rollout': {'_target_': 'verl.workers.config.RolloutConfig',
[36m(TaskRunner pid=15473)[0m                                    'agent': {'_target_': 'verl.workers.config.AgentLoopConfig',
[36m(TaskRunner pid=15473)[0m                                              'agent_loop_config_path': None,
[36m(TaskRunner pid=15473)[0m                                              'custom_async_server': {'_target_': 'verl.workers.config.CustomAsyncServerConfig',
[36m(TaskRunner pid=15473)[0m                                                                      'name': None,
[36m(TaskRunner pid=15473)[0m                                                                      'path': None},
[36m(TaskRunner pid=15473)[0m                                              'default_agent_loop': 'single_turn_agent',
[36m(TaskRunner pid=15473)[0m                                              'num_workers': 8},
[36m(TaskRunner pid=15473)[0m                                    'calculate_log_probs': False,
[36m(TaskRunner pid=15473)[0m                                    'checkpoint_engine': {'_target_': 'verl.workers.config.CheckpointEngineConfig',
[36m(TaskRunner pid=15473)[0m                                                          'backend': 'naive',
[36m(TaskRunner pid=15473)[0m                                                          'custom_backend_module': None,
[36m(TaskRunner pid=15473)[0m                                                          'engine_kwargs': {},
[36m(TaskRunner pid=15473)[0m                                                          'update_weights_bucket_megabytes': 2048},
[36m(TaskRunner pid=15473)[0m                                    'cudagraph_capture_sizes': None,
[36m(TaskRunner pid=15473)[0m                                    'data_parallel_size': 1,
[36m(TaskRunner pid=15473)[0m                                    'disable_log_stats': True,
[36m(TaskRunner pid=15473)[0m                                    'disaggregation': {'bootstrap_port': None,
[36m(TaskRunner pid=15473)[0m                                                       'decode_replicas': 1,
[36m(TaskRunner pid=15473)[0m                                                       'decode_tensor_model_parallel_size': None,
[36m(TaskRunner pid=15473)[0m                                                       'enabled': False,
[36m(TaskRunner pid=15473)[0m                                                       'ib_device': None,
[36m(TaskRunner pid=15473)[0m                                                       'prefill_replicas': 1,
[36m(TaskRunner pid=15473)[0m                                                       'transfer_backend': 'nixl'},
[36m(TaskRunner pid=15473)[0m                                    'do_sample': True,
[36m(TaskRunner pid=15473)[0m                                    'dtype': 'bfloat16',
[36m(TaskRunner pid=15473)[0m                                    'enable_chunked_prefill': True,
[36m(TaskRunner pid=15473)[0m                                    'enable_prefix_caching': True,
[36m(TaskRunner pid=15473)[0m                                    'enable_rollout_routing_replay': False,
[36m(TaskRunner pid=15473)[0m                                    'enforce_eager': True,
[36m(TaskRunner pid=15473)[0m                                    'engine_kwargs': {'sglang': {},
[36m(TaskRunner pid=15473)[0m                                                      'trtllm': {},
[36m(TaskRunner pid=15473)[0m                                                      'vllm': {}},
[36m(TaskRunner pid=15473)[0m                                    'expert_parallel_size': 1,
[36m(TaskRunner pid=15473)[0m                                    'free_cache_engine': True,
[36m(TaskRunner pid=15473)[0m                                    'gpu_memory_utilization': 0.4,
[36m(TaskRunner pid=15473)[0m                                    'ignore_eos': False,
[36m(TaskRunner pid=15473)[0m                                    'layered_summon': False,
[36m(TaskRunner pid=15473)[0m                                    'load_format': 'dummy',
[36m(TaskRunner pid=15473)[0m                                    'log_prob_max_token_len_per_gpu': 24576,
[36m(TaskRunner pid=15473)[0m                                    'log_prob_micro_batch_size': None,
[36m(TaskRunner pid=15473)[0m                                    'log_prob_micro_batch_size_per_gpu': None,
[36m(TaskRunner pid=15473)[0m                                    'log_prob_use_dynamic_bsz': True,
[36m(TaskRunner pid=15473)[0m                                    'logprobs_mode': 'processed_logprobs',
[36m(TaskRunner pid=15473)[0m                                    'max_model_len': 3072,
[36m(TaskRunner pid=15473)[0m                                    'max_num_batched_tokens': 8192,
[36m(TaskRunner pid=15473)[0m                                    'max_num_seqs': 1024,
[36m(TaskRunner pid=15473)[0m                                    'mode': 'async',
[36m(TaskRunner pid=15473)[0m                                    'mtp': {'_target_': 'verl.workers.config.MtpConfig',
[36m(TaskRunner pid=15473)[0m                                            'detach_encoder': False,
[36m(TaskRunner pid=15473)[0m                                            'enable': False,
[36m(TaskRunner pid=15473)[0m                                            'enable_rollout': False,
[36m(TaskRunner pid=15473)[0m                                            'enable_train': False,
[36m(TaskRunner pid=15473)[0m                                            'method': 'mtp',
[36m(TaskRunner pid=15473)[0m                                            'mtp_loss_scaling_factor': 0.1,
[36m(TaskRunner pid=15473)[0m                                            'num_speculative_tokens': 1,
[36m(TaskRunner pid=15473)[0m                                            'speculative_algorithm': 'EAGLE',
[36m(TaskRunner pid=15473)[0m                                            'speculative_eagle_topk': 1,
[36m(TaskRunner pid=15473)[0m                                            'speculative_num_draft_tokens': 4,
[36m(TaskRunner pid=15473)[0m                                            'speculative_num_steps': 3},
[36m(TaskRunner pid=15473)[0m                                    'multi_stage_wake_up': False,
[36m(TaskRunner pid=15473)[0m                                    'multi_turn': {'_target_': 'verl.workers.config.MultiTurnConfig',
[36m(TaskRunner pid=15473)[0m                                                   'enable': False,
[36m(TaskRunner pid=15473)[0m                                                   'format': 'hermes',
[36m(TaskRunner pid=15473)[0m                                                   'function_tool_path': None,
[36m(TaskRunner pid=15473)[0m                                                   'max_assistant_turns': None,
[36m(TaskRunner pid=15473)[0m                                                   'max_parallel_calls': 1,
[36m(TaskRunner pid=15473)[0m                                                   'max_tool_response_length': 256,
[36m(TaskRunner pid=15473)[0m                                                   'max_user_turns': None,
[36m(TaskRunner pid=15473)[0m                                                   'num_repeat_rollouts': None,
[36m(TaskRunner pid=15473)[0m                                                   'tokenization_sanity_check_mode': 'strict',
[36m(TaskRunner pid=15473)[0m                                                   'tool_config_path': None,
[36m(TaskRunner pid=15473)[0m                                                   'tool_response_truncate_side': 'middle',
[36m(TaskRunner pid=15473)[0m                                                   'use_inference_chat_template': False},
[36m(TaskRunner pid=15473)[0m                                    'n': 8,
[36m(TaskRunner pid=15473)[0m                                    'n_gpus_per_node': 4,
[36m(TaskRunner pid=15473)[0m                                    'name': 'vllm',
[36m(TaskRunner pid=15473)[0m                                    'nnodes': 0,
[36m(TaskRunner pid=15473)[0m                                    'over_sample_rate': 0,
[36m(TaskRunner pid=15473)[0m                                    'pipeline_model_parallel_size': 1,
[36m(TaskRunner pid=15473)[0m                                    'profiler': {'_target_': 'verl.utils.profiler.ProfilerConfig',
[36m(TaskRunner pid=15473)[0m                                                 'all_ranks': False,
[36m(TaskRunner pid=15473)[0m                                                 'enable': False,
[36m(TaskRunner pid=15473)[0m                                                 'ranks': [],
[36m(TaskRunner pid=15473)[0m                                                 'save_path': 'outputs/profile',
[36m(TaskRunner pid=15473)[0m                                                 'tool': None,
[36m(TaskRunner pid=15473)[0m                                                 'tool_config': {'npu': {'_target_': 'verl.utils.profiler.config.NPUToolConfig',
[36m(TaskRunner pid=15473)[0m                                                                         'analysis': True,
[36m(TaskRunner pid=15473)[0m                                                                         'contents': [],
[36m(TaskRunner pid=15473)[0m                                                                         'discrete': False,
[36m(TaskRunner pid=15473)[0m                                                                         'level': 'level0'},
[36m(TaskRunner pid=15473)[0m                                                                 'precision_debugger': {'_target_': 'verl.utils.profiler.config.PrecisionDebuggerToolConfig',
[36m(TaskRunner pid=15473)[0m                                                                                        'config_path': None,
[36m(TaskRunner pid=15473)[0m                                                                                        'stages': None,
[36m(TaskRunner pid=15473)[0m                                                                                        'steps': None,
[36m(TaskRunner pid=15473)[0m                                                                                        'strict': False},
[36m(TaskRunner pid=15473)[0m                                                                 'torch': {'_target_': 'verl.utils.profiler.config.TorchProfilerToolConfig',
[36m(TaskRunner pid=15473)[0m                                                                           'contents': [],
[36m(TaskRunner pid=15473)[0m                                                                           'discrete': False}}},
[36m(TaskRunner pid=15473)[0m                                    'prometheus': {'_target_': 'verl.workers.config.PrometheusConfig',
[36m(TaskRunner pid=15473)[0m                                                   'enable': False,
[36m(TaskRunner pid=15473)[0m                                                   'file': '/tmp/ray/session_latest/metrics/prometheus/prometheus.yml',
[36m(TaskRunner pid=15473)[0m                                                   'port': 9090,
[36m(TaskRunner pid=15473)[0m                                                   'served_model_name': '/root/models/Qwen/Qwen3-1.7B-Base'},
[36m(TaskRunner pid=15473)[0m                                    'prompt_length': 512,
[36m(TaskRunner pid=15473)[0m                                    'qat': {'_target_': 'verl.workers.config.QATEngineConfig',
[36m(TaskRunner pid=15473)[0m                                            'activation_observer': 'static_minmax',
[36m(TaskRunner pid=15473)[0m                                            'enable': False,
[36m(TaskRunner pid=15473)[0m                                            'group_size': 16,
[36m(TaskRunner pid=15473)[0m                                            'ignore_patterns': ['lm_head',
[36m(TaskRunner pid=15473)[0m                                                                'embed_tokens',
[36m(TaskRunner pid=15473)[0m                                                                're:.*mlp.gate$'],
[36m(TaskRunner pid=15473)[0m                                            'mode': 'w4a16',
[36m(TaskRunner pid=15473)[0m                                            'quantization_config_path': None},
[36m(TaskRunner pid=15473)[0m                                    'quantization': None,
[36m(TaskRunner pid=15473)[0m                                    'quantization_config_file': None,
[36m(TaskRunner pid=15473)[0m                                    'response_length': 2048,
[36m(TaskRunner pid=15473)[0m                                    'scheduling_policy': 'fcfs',
[36m(TaskRunner pid=15473)[0m                                    'skip': {'_target_': 'verl.workers.config.SkipConfig',
[36m(TaskRunner pid=15473)[0m                                             'action': 'cache',
[36m(TaskRunner pid=15473)[0m                                             'dump_dir': '~/.verl/rollout_dump',
[36m(TaskRunner pid=15473)[0m                                             'enable': False,
[36m(TaskRunner pid=15473)[0m                                             'max_dump_step': 1},
[36m(TaskRunner pid=15473)[0m                                    'skip_tokenizer_init': True,
[36m(TaskRunner pid=15473)[0m                                    'temperature': 1.0,
[36m(TaskRunner pid=15473)[0m                                    'tensor_model_parallel_size': 1,
[36m(TaskRunner pid=15473)[0m                                    'top_k': -1,
[36m(TaskRunner pid=15473)[0m                                    'top_p': 0.95,
[36m(TaskRunner pid=15473)[0m                                    'trace': {'_target_': 'verl.workers.config.TraceConfig',
[36m(TaskRunner pid=15473)[0m                                              'backend': None,
[36m(TaskRunner pid=15473)[0m                                              'experiment_name': 'grpo_v5',
[36m(TaskRunner pid=15473)[0m                                              'max_samples_per_step_per_worker': None,
[36m(TaskRunner pid=15473)[0m                                              'project_name': 'grpo_math',
[36m(TaskRunner pid=15473)[0m                                              'token2text': False},
[36m(TaskRunner pid=15473)[0m                                    'val_kwargs': {'_target_': 'verl.workers.config.SamplingConfig',
[36m(TaskRunner pid=15473)[0m                                                   'do_sample': False,
[36m(TaskRunner pid=15473)[0m                                                   'n': 1,
[36m(TaskRunner pid=15473)[0m                                                   'temperature': 0,
[36m(TaskRunner pid=15473)[0m                                                   'top_k': -1,
[36m(TaskRunner pid=15473)[0m                                                   'top_p': 1.0}}},
[36m(TaskRunner pid=15473)[0m  'algorithm': {'_target_': 'verl.trainer.config.AlgoConfig',
[36m(TaskRunner pid=15473)[0m                'adv_estimator': 'grpo',
[36m(TaskRunner pid=15473)[0m                'gamma': 1.0,
[36m(TaskRunner pid=15473)[0m                'kl_ctrl': {'_target_': 'verl.trainer.config.KLControlConfig',
[36m(TaskRunner pid=15473)[0m                            'horizon': 10000,
[36m(TaskRunner pid=15473)[0m                            'kl_coef': 0.001,
[36m(TaskRunner pid=15473)[0m                            'target_kl': 0.1,
[36m(TaskRunner pid=15473)[0m                            'type': 'fixed'},
[36m(TaskRunner pid=15473)[0m                'kl_penalty': 'kl',
[36m(TaskRunner pid=15473)[0m                'lam': 1.0,
[36m(TaskRunner pid=15473)[0m                'norm_adv_by_std_in_grpo': True,
[36m(TaskRunner pid=15473)[0m                'pf_ppo': {'reweight_method': 'pow', 'weight_pow': 2.0},
[36m(TaskRunner pid=15473)[0m                'rollout_correction': {'bypass_mode': False,
[36m(TaskRunner pid=15473)[0m                                       'loss_type': 'ppo_clip',
[36m(TaskRunner pid=15473)[0m                                       'rollout_is': None,
[36m(TaskRunner pid=15473)[0m                                       'rollout_is_batch_normalize': False,
[36m(TaskRunner pid=15473)[0m                                       'rollout_is_threshold': 2.0,
[36m(TaskRunner pid=15473)[0m                                       'rollout_rs': None,
[36m(TaskRunner pid=15473)[0m                                       'rollout_rs_threshold': None},
[36m(TaskRunner pid=15473)[0m                'use_kl_in_reward': False,
[36m(TaskRunner pid=15473)[0m                'use_pf_ppo': False},
[36m(TaskRunner pid=15473)[0m  'critic': {'_target_': 'verl.workers.config.FSDPCriticConfig',
[36m(TaskRunner pid=15473)[0m             'checkpoint': {'_target_': 'verl.trainer.config.CheckpointConfig',
[36m(TaskRunner pid=15473)[0m                            'async_save': False,
[36m(TaskRunner pid=15473)[0m                            'load_contents': ['model', 'optimizer', 'extra'],
[36m(TaskRunner pid=15473)[0m                            'mbridge_config': {},
[36m(TaskRunner pid=15473)[0m                            'save_contents': ['model', 'optimizer', 'extra']},
[36m(TaskRunner pid=15473)[0m             'cliprange_value': 0.5,
[36m(TaskRunner pid=15473)[0m             'data_loader_seed': 42,
[36m(TaskRunner pid=15473)[0m             'enable': None,
[36m(TaskRunner pid=15473)[0m             'forward_max_token_len_per_gpu': 32768,
[36m(TaskRunner pid=15473)[0m             'forward_micro_batch_size': None,
[36m(TaskRunner pid=15473)[0m             'forward_micro_batch_size_per_gpu': None,
[36m(TaskRunner pid=15473)[0m             'fsdp': {'_target_': 'verl.workers.config.FSDPEngineConfig',
[36m(TaskRunner pid=15473)[0m                      'dtype': 'bfloat16',
[36m(TaskRunner pid=15473)[0m                      'entropy_checkpointing': False,
[36m(TaskRunner pid=15473)[0m                      'entropy_from_logits_with_chunking': False,
[36m(TaskRunner pid=15473)[0m                      'forward_only': False,
[36m(TaskRunner pid=15473)[0m                      'forward_prefetch': False,
[36m(TaskRunner pid=15473)[0m                      'fsdp_size': -1,
[36m(TaskRunner pid=15473)[0m                      'full_determinism': False,
[36m(TaskRunner pid=15473)[0m                      'model_dtype': 'fp32',
[36m(TaskRunner pid=15473)[0m                      'offload_policy': False,
[36m(TaskRunner pid=15473)[0m                      'optimizer_offload': False,
[36m(TaskRunner pid=15473)[0m                      'param_offload': False,
[36m(TaskRunner pid=15473)[0m                      'qat': {'_target_': 'verl.workers.config.QATEngineConfig',
[36m(TaskRunner pid=15473)[0m                              'activation_observer': 'static_minmax',
[36m(TaskRunner pid=15473)[0m                              'enable': False,
[36m(TaskRunner pid=15473)[0m                              'group_size': 16,
[36m(TaskRunner pid=15473)[0m                              'ignore_patterns': ['lm_head',
[36m(TaskRunner pid=15473)[0m                                                  'embed_tokens',
[36m(TaskRunner pid=15473)[0m                                                  're:.*mlp.gate$'],
[36m(TaskRunner pid=15473)[0m                              'mode': 'w4a16',
[36m(TaskRunner pid=15473)[0m                              'quantization_config_path': None},
[36m(TaskRunner pid=15473)[0m                      'reshard_after_forward': True,
[36m(TaskRunner pid=15473)[0m                      'seed': 42,
[36m(TaskRunner pid=15473)[0m                      'strategy': 'fsdp',
[36m(TaskRunner pid=15473)[0m                      'ulysses_sequence_parallel_size': 1,
[36m(TaskRunner pid=15473)[0m                      'use_orig_params': False,
[36m(TaskRunner pid=15473)[0m                      'use_torch_compile': True,
[36m(TaskRunner pid=15473)[0m                      'wrap_policy': {'min_num_params': 0}},
[36m(TaskRunner pid=15473)[0m             'grad_clip': 1.0,
[36m(TaskRunner pid=15473)[0m             'loss_agg_mode': 'token-mean',
[36m(TaskRunner pid=15473)[0m             'model': {'_target_': 'verl.workers.config.HFModelConfig',
[36m(TaskRunner pid=15473)[0m                       'custom_chat_template': None,
[36m(TaskRunner pid=15473)[0m                       'enable_activation_offload': False,
[36m(TaskRunner pid=15473)[0m                       'enable_gradient_checkpointing': True,
[36m(TaskRunner pid=15473)[0m                       'exclude_modules': None,
[36m(TaskRunner pid=15473)[0m                       'external_lib': None,
[36m(TaskRunner pid=15473)[0m                       'fused_kernel_options': {'impl_backend': 'torch'},
[36m(TaskRunner pid=15473)[0m                       'hf_config_path': None,
[36m(TaskRunner pid=15473)[0m                       'lora': {'a2a_experimental': False,
[36m(TaskRunner pid=15473)[0m                                'adapter_path': None,
[36m(TaskRunner pid=15473)[0m                                'alpha': 32,
[36m(TaskRunner pid=15473)[0m                                'dropout': 0.0,
[36m(TaskRunner pid=15473)[0m                                'dropout_position': 'pre',
[36m(TaskRunner pid=15473)[0m                                'dtype': None,
[36m(TaskRunner pid=15473)[0m                                'exclude_modules': [],
[36m(TaskRunner pid=15473)[0m                                'freeze_language_model': True,
[36m(TaskRunner pid=15473)[0m                                'freeze_vision_model': True,
[36m(TaskRunner pid=15473)[0m                                'freeze_vision_projection': True,
[36m(TaskRunner pid=15473)[0m                                'lora_A_init_method': 'xavier',
[36m(TaskRunner pid=15473)[0m                                'lora_B_init_method': 'zero',
[36m(TaskRunner pid=15473)[0m                                'merge': False,
[36m(TaskRunner pid=15473)[0m                                'rank': 0,
[36m(TaskRunner pid=15473)[0m                                'target_modules': ['linear_qkv',
[36m(TaskRunner pid=15473)[0m                                                   'linear_proj',
[36m(TaskRunner pid=15473)[0m                                                   'linear_fc1',
[36m(TaskRunner pid=15473)[0m                                                   'linear_fc2'],
[36m(TaskRunner pid=15473)[0m                                'type': 'lora'},
[36m(TaskRunner pid=15473)[0m                       'lora_adapter_path': None,
[36m(TaskRunner pid=15473)[0m                       'lora_alpha': 16,
[36m(TaskRunner pid=15473)[0m                       'lora_rank': 0,
[36m(TaskRunner pid=15473)[0m                       'mtp': {'_target_': 'verl.workers.config.MtpConfig',
[36m(TaskRunner pid=15473)[0m                               'detach_encoder': False,
[36m(TaskRunner pid=15473)[0m                               'enable': False,
[36m(TaskRunner pid=15473)[0m                               'enable_rollout': False,
[36m(TaskRunner pid=15473)[0m                               'enable_train': False,
[36m(TaskRunner pid=15473)[0m                               'method': 'mtp',
[36m(TaskRunner pid=15473)[0m                               'mtp_loss_scaling_factor': 0.1,
[36m(TaskRunner pid=15473)[0m                               'num_speculative_tokens': 1,
[36m(TaskRunner pid=15473)[0m                               'speculative_algorithm': 'EAGLE',
[36m(TaskRunner pid=15473)[0m                               'speculative_eagle_topk': 1,
[36m(TaskRunner pid=15473)[0m                               'speculative_num_draft_tokens': 4,
[36m(TaskRunner pid=15473)[0m                               'speculative_num_steps': 3},
[36m(TaskRunner pid=15473)[0m                       'override_config': {},
[36m(TaskRunner pid=15473)[0m                       'path': '~/models/deepseek-llm-7b-chat',
[36m(TaskRunner pid=15473)[0m                       'target_modules': 'all-linear',
[36m(TaskRunner pid=15473)[0m                       'tiled_mlp': {'enabled': False, 'num_shards': 4},
[36m(TaskRunner pid=15473)[0m                       'tokenizer_path': None,
[36m(TaskRunner pid=15473)[0m                       'trust_remote_code': False,
[36m(TaskRunner pid=15473)[0m                       'use_fused_kernels': False,
[36m(TaskRunner pid=15473)[0m                       'use_liger': False,
[36m(TaskRunner pid=15473)[0m                       'use_remove_padding': True,
[36m(TaskRunner pid=15473)[0m                       'use_shm': False},
[36m(TaskRunner pid=15473)[0m             'optim': {'_target_': 'verl.workers.config.FSDPOptimizerConfig',
[36m(TaskRunner pid=15473)[0m                       'betas': [0.9, 0.999],
[36m(TaskRunner pid=15473)[0m                       'clip_grad': 1.0,
[36m(TaskRunner pid=15473)[0m                       'lr': 1e-05,
[36m(TaskRunner pid=15473)[0m                       'lr_scheduler_type': 'constant',
[36m(TaskRunner pid=15473)[0m                       'lr_warmup_steps': -1,
[36m(TaskRunner pid=15473)[0m                       'lr_warmup_steps_ratio': 0.0,
[36m(TaskRunner pid=15473)[0m                       'min_lr_ratio': 0.0,
[36m(TaskRunner pid=15473)[0m                       'num_cycles': 0.5,
[36m(TaskRunner pid=15473)[0m                       'optimizer': 'AdamW',
[36m(TaskRunner pid=15473)[0m                       'optimizer_impl': 'torch.optim',
[36m(TaskRunner pid=15473)[0m                       'override_optimizer_config': None,
[36m(TaskRunner pid=15473)[0m                       'total_training_steps': -1,
[36m(TaskRunner pid=15473)[0m                       'warmup_style': None,
[36m(TaskRunner pid=15473)[0m                       'weight_decay': 0.01,
[36m(TaskRunner pid=15473)[0m                       'zero_indexed_step': True},
[36m(TaskRunner pid=15473)[0m             'ppo_epochs': 1,
[36m(TaskRunner pid=15473)[0m             'ppo_max_token_len_per_gpu': 32768,
[36m(TaskRunner pid=15473)[0m             'ppo_micro_batch_size': None,
[36m(TaskRunner pid=15473)[0m             'ppo_micro_batch_size_per_gpu': None,
[36m(TaskRunner pid=15473)[0m             'ppo_mini_batch_size': 256,
[36m(TaskRunner pid=15473)[0m             'profiler': {'_target_': 'verl.utils.profiler.ProfilerConfig',
[36m(TaskRunner pid=15473)[0m                          'all_ranks': False,
[36m(TaskRunner pid=15473)[0m                          'enable': False,
[36m(TaskRunner pid=15473)[0m                          'ranks': [],
[36m(TaskRunner pid=15473)[0m                          'save_path': 'outputs/profile',
[36m(TaskRunner pid=15473)[0m                          'tool': None,
[36m(TaskRunner pid=15473)[0m                          'tool_config': {'npu': {'_target_': 'verl.utils.profiler.config.NPUToolConfig',
[36m(TaskRunner pid=15473)[0m                                                  'analysis': True,
[36m(TaskRunner pid=15473)[0m                                                  'contents': [],
[36m(TaskRunner pid=15473)[0m                                                  'discrete': False,
[36m(TaskRunner pid=15473)[0m                                                  'level': 'level0'},
[36m(TaskRunner pid=15473)[0m                                          'nsys': {'_target_': 'verl.utils.profiler.config.NsightToolConfig',
[36m(TaskRunner pid=15473)[0m                                                   'discrete': False},
[36m(TaskRunner pid=15473)[0m                                          'precision_debugger': {'_target_': 'verl.utils.profiler.config.PrecisionDebuggerToolConfig',
[36m(TaskRunner pid=15473)[0m                                                                 'config_path': None,
[36m(TaskRunner pid=15473)[0m                                                                 'stages': None,
[36m(TaskRunner pid=15473)[0m                                                                 'steps': None,
[36m(TaskRunner pid=15473)[0m                                                                 'strict': False},
[36m(TaskRunner pid=15473)[0m                                          'torch': {'_target_': 'verl.utils.profiler.config.TorchProfilerToolConfig',
[36m(TaskRunner pid=15473)[0m                                                    'contents': [],
[36m(TaskRunner pid=15473)[0m                                                    'discrete': False},
[36m(TaskRunner pid=15473)[0m                                          'torch_memory': {'_target_': 'verl.utils.profiler.config.TorchMemoryToolConfig',
[36m(TaskRunner pid=15473)[0m                                                           'stack_depth': 32,
[36m(TaskRunner pid=15473)[0m                                                           'trace_alloc_max_entries': 100000}}},
[36m(TaskRunner pid=15473)[0m             'rollout_n': 8,
[36m(TaskRunner pid=15473)[0m             'shuffle': False,
[36m(TaskRunner pid=15473)[0m             'strategy': 'fsdp',
[36m(TaskRunner pid=15473)[0m             'ulysses_sequence_parallel_size': 1,
[36m(TaskRunner pid=15473)[0m             'use_dynamic_bsz': True},
[36m(TaskRunner pid=15473)[0m  'data': {'apply_chat_template_kwargs': {},
[36m(TaskRunner pid=15473)[0m           'custom_cls': {'name': None, 'path': None},
[36m(TaskRunner pid=15473)[0m           'dataloader_num_workers': 8,
[36m(TaskRunner pid=15473)[0m           'filter_overlong_prompts': True,
[36m(TaskRunner pid=15473)[0m           'filter_overlong_prompts_workers': 1,
[36m(TaskRunner pid=15473)[0m           'function_tool_path': None,
[36m(TaskRunner pid=15473)[0m           'image_key': 'images',
[36m(TaskRunner pid=15473)[0m           'image_patch_size': 14,
[36m(TaskRunner pid=15473)[0m           'max_prompt_length': 512,
[36m(TaskRunner pid=15473)[0m           'max_response_length': 2048,
[36m(TaskRunner pid=15473)[0m           'prompt_key': 'prompt',
[36m(TaskRunner pid=15473)[0m           'return_full_prompt': False,
[36m(TaskRunner pid=15473)[0m           'return_multi_modal_inputs': True,
[36m(TaskRunner pid=15473)[0m           'return_raw_chat': True,
[36m(TaskRunner pid=15473)[0m           'return_raw_input_ids': False,
[36m(TaskRunner pid=15473)[0m           'reward_fn_key': 'data_source',
[36m(TaskRunner pid=15473)[0m           'seed': None,
[36m(TaskRunner pid=15473)[0m           'shuffle': True,
[36m(TaskRunner pid=15473)[0m           'tokenizer': None,
[36m(TaskRunner pid=15473)[0m           'tool_config_path': None,
[36m(TaskRunner pid=15473)[0m           'train_batch_size': 256,
[36m(TaskRunner pid=15473)[0m           'train_files': '/workspace/AI4AI/experiments/claude-code-verl/workspace/data/train_v4.parquet',
[36m(TaskRunner pid=15473)[0m           'train_max_samples': -1,
[36m(TaskRunner pid=15473)[0m           'truncation': 'left',
[36m(TaskRunner pid=15473)[0m           'trust_remote_code': True,
[36m(TaskRunner pid=15473)[0m           'use_shm': False,
[36m(TaskRunner pid=15473)[0m           'val_batch_size': None,
[36m(TaskRunner pid=15473)[0m           'val_files': '/workspace/AI4AI/experiments/claude-code-verl/workspace/data/val_v4.parquet',
[36m(TaskRunner pid=15473)[0m           'val_max_samples': -1,
[36m(TaskRunner pid=15473)[0m           'validation_shuffle': False,
[36m(TaskRunner pid=15473)[0m           'video_key': 'videos'},
[36m(TaskRunner pid=15473)[0m  'distillation': {'_target_': 'verl.workers.config.DistillationConfig',
[36m(TaskRunner pid=15473)[0m                   'distillation_loss': {'_target_': 'verl.workers.config.DistillationLossConfig',
[36m(TaskRunner pid=15473)[0m                                         'clip_ratio': 0.2,
[36m(TaskRunner pid=15473)[0m                                         'clip_ratio_high': 0.2,
[36m(TaskRunner pid=15473)[0m                                         'clip_ratio_low': 0.2,
[36m(TaskRunner pid=15473)[0m                                         'distillation_loss_coef': 1.0,
[36m(TaskRunner pid=15473)[0m                                         'log_prob_min_clamp': None,
[36m(TaskRunner pid=15473)[0m                                         'loss_max_clamp': None,
[36m(TaskRunner pid=15473)[0m                                         'loss_mode': 'k3',
[36m(TaskRunner pid=15473)[0m                                         'policy_loss_mode': 'vanilla',
[36m(TaskRunner pid=15473)[0m                                         'topk': 32,
[36m(TaskRunner pid=15473)[0m                                         'use_policy_gradient': False,
[36m(TaskRunner pid=15473)[0m                                         'use_task_rewards': True},
[36m(TaskRunner pid=15473)[0m                   'enabled': False,
[36m(TaskRunner pid=15473)[0m                   'n_gpus_per_node': 8,
[36m(TaskRunner pid=15473)[0m                   'nnodes': 0,
[36m(TaskRunner pid=15473)[0m                   'teacher_key': 'data_source',
[36m(TaskRunner pid=15473)[0m                   'teacher_models': {'teacher_model': {'_target_': 'verl.workers.config.DistillationTeacherModelConfig',
[36m(TaskRunner pid=15473)[0m                                                        'inference': {'_target_': 'verl.workers.config.RolloutConfig',
[36m(TaskRunner pid=15473)[0m                                                                      'cudagraph_capture_sizes': None,
[36m(TaskRunner pid=15473)[0m                                                                      'data_parallel_size': 1,
[36m(TaskRunner pid=15473)[0m                                                                      'disable_log_stats': True,
[36m(TaskRunner pid=15473)[0m                                                                      'dtype': 'bfloat16',
[36m(TaskRunner pid=15473)[0m                                                                      'enable_chunked_prefill': True,
[36m(TaskRunner pid=15473)[0m                                                                      'enable_prefix_caching': True,
[36m(TaskRunner pid=15473)[0m                                                                      'enforce_eager': True,
[36m(TaskRunner pid=15473)[0m                                                                      'engine_kwargs': {},
[36m(TaskRunner pid=15473)[0m                                                                      'expert_parallel_size': 1,
[36m(TaskRunner pid=15473)[0m                                                                      'free_cache_engine': True,
[36m(TaskRunner pid=15473)[0m                                                                      'gpu_memory_utilization': 0.5,
[36m(TaskRunner pid=15473)[0m                                                                      'limit_images': None,
[36m(TaskRunner pid=15473)[0m                                                                      'load_format': 'auto',
[36m(TaskRunner pid=15473)[0m                                                                      'max_model_len': None,
[36m(TaskRunner pid=15473)[0m                                                                      'max_num_batched_tokens': 8192,
[36m(TaskRunner pid=15473)[0m                                                                      'max_num_seqs': 1024,
[36m(TaskRunner pid=15473)[0m                                                                      'name': 'vllm',
[36m(TaskRunner pid=15473)[0m                                                                      'prompt_length': 512,
[36m(TaskRunner pid=15473)[0m                                                                      'response_length': 2048,
[36m(TaskRunner pid=15473)[0m                                                                      'skip_tokenizer_init': True,
[36m(TaskRunner pid=15473)[0m                                                                      'temperature': 1.0,
[36m(TaskRunner pid=15473)[0m                                                                      'tensor_model_parallel_size': 2},
[36m(TaskRunner pid=15473)[0m                                                        'key': None,
[36m(TaskRunner pid=15473)[0m                                                        'model_path': None,
[36m(TaskRunner pid=15473)[0m                                                        'num_replicas': 0}}},
[36m(TaskRunner pid=15473)[0m  'global_profiler': {'_target_': 'verl.utils.profiler.ProfilerConfig',
[36m(TaskRunner pid=15473)[0m                      'global_tool_config': {'nsys': {'_target_': 'verl.utils.profiler.config.NsightToolConfig',
[36m(TaskRunner pid=15473)[0m                                                      'controller_nsight_options': {'cuda-graph-trace': 'graph',
[36m(TaskRunner pid=15473)[0m                                                                                    'cuda-memory-usage': 'true',
[36m(TaskRunner pid=15473)[0m                                                                                    'trace': 'cuda,nvtx,cublas,ucx'},
[36m(TaskRunner pid=15473)[0m                                                      'discrete': False,
[36m(TaskRunner pid=15473)[0m                                                      'worker_nsight_options': {'capture-range': 'cudaProfilerApi',
[36m(TaskRunner pid=15473)[0m                                                                                'capture-range-end': None,
[36m(TaskRunner pid=15473)[0m                                                                                'cuda-graph-trace': 'graph',
[36m(TaskRunner pid=15473)[0m                                                                                'cuda-memory-usage': 'true',
[36m(TaskRunner pid=15473)[0m                                                                                'kill': 'none',
[36m(TaskRunner pid=15473)[0m                                                                                'trace': 'cuda,nvtx,cublas,ucx'}},
[36m(TaskRunner pid=15473)[0m                                             'precision_debugger': {'_target_': 'verl.utils.profiler.config.PrecisionDebuggerToolConfig',
[36m(TaskRunner pid=15473)[0m                                                                    'config_path': None,
[36m(TaskRunner pid=15473)[0m                                                                    'stages': None,
[36m(TaskRunner pid=15473)[0m                                                                    'steps': None,
[36m(TaskRunner pid=15473)[0m                                                                    'strict': False},
[36m(TaskRunner pid=15473)[0m                                             'torch_memory': {'context': 'all',
[36m(TaskRunner pid=15473)[0m                                                              'kw_args': {},
[36m(TaskRunner pid=15473)[0m                                                              'stack_depth': 32,
[36m(TaskRunner pid=15473)[0m                                                              'stacks': 'all',
[36m(TaskRunner pid=15473)[0m                                                              'trace_alloc_max_entries': 100000}},
[36m(TaskRunner pid=15473)[0m                      'profile_continuous_steps': False,
[36m(TaskRunner pid=15473)[0m                      'save_path': 'outputs/profile',
[36m(TaskRunner pid=15473)[0m                      'steps': None,
[36m(TaskRunner pid=15473)[0m                      'tool': None},
[36m(TaskRunner pid=15473)[0m  'model_engine': 'dp',
[36m(TaskRunner pid=15473)[0m  'ray_kwargs': {'ray_init': {'num_cpus': None}, 'timeline_json_file': None},
[36m(TaskRunner pid=15473)[0m  'reward': {'_target_': 'verl.workers.config.RewardConfig',
[36m(TaskRunner pid=15473)[0m             'custom_reward_function': {'name': 'compute_score',
[36m(TaskRunner pid=15473)[0m                                        'path': '/workspace/AI4AI/experiments/claude-code-verl/workspace/reward_function_v3.py'},
[36m(TaskRunner pid=15473)[0m             'num_workers': 8,
[36m(TaskRunner pid=15473)[0m             'reward_manager': {'_target_': 'verl.workers.config.reward.RewardManagerConfig',
[36m(TaskRunner pid=15473)[0m                                'module': {'_target_': 'verl.trainer.config.config.ModuleConfig',
[36m(TaskRunner pid=15473)[0m                                           'name': 'custom_reward_manager',
[36m(TaskRunner pid=15473)[0m                                           'path': None},
[36m(TaskRunner pid=15473)[0m                                'name': 'naive',
[36m(TaskRunner pid=15473)[0m                                'source': 'register'},
[36m(TaskRunner pid=15473)[0m             'reward_model': {'_target_': 'verl.workers.config.RewardModelConfig',
[36m(TaskRunner pid=15473)[0m                              'enable': False,
[36m(TaskRunner pid=15473)[0m                              'enable_resource_pool': False,
[36m(TaskRunner pid=15473)[0m                              'model_path': None,
[36m(TaskRunner pid=15473)[0m                              'n_gpus_per_node': 8,
[36m(TaskRunner pid=15473)[0m                              'nnodes': 0,
[36m(TaskRunner pid=15473)[0m                              'rollout': {'_target_': 'verl.workers.config.RolloutConfig',
[36m(TaskRunner pid=15473)[0m                                          'cudagraph_capture_sizes': None,
[36m(TaskRunner pid=15473)[0m                                          'data_parallel_size': 1,
[36m(TaskRunner pid=15473)[0m                                          'disable_log_stats': True,
[36m(TaskRunner pid=15473)[0m                                          'disaggregation': {'bootstrap_port': None,
[36m(TaskRunner pid=15473)[0m                                                             'decode_replicas': 1,
[36m(TaskRunner pid=15473)[0m                                                             'decode_tensor_model_parallel_size': None,
[36m(TaskRunner pid=15473)[0m                                                             'enabled': False,
[36m(TaskRunner pid=15473)[0m                                                             'ib_device': None,
[36m(TaskRunner pid=15473)[0m                                                             'prefill_replicas': 1,
[36m(TaskRunner pid=15473)[0m                                                             'transfer_backend': 'nixl'},
[36m(TaskRunner pid=15473)[0m                                          'do_sample': True,
[36m(TaskRunner pid=15473)[0m                                          'dtype': 'bfloat16',
[36m(TaskRunner pid=15473)[0m                                          'enable_chunked_prefill': True,
[36m(TaskRunner pid=15473)[0m                                          'enable_prefix_caching': True,
[36m(TaskRunner pid=15473)[0m                                          'enforce_eager': True,
[36m(TaskRunner pid=15473)[0m                                          'engine_kwargs': {},
[36m(TaskRunner pid=15473)[0m                                          'expert_parallel_size': 1,
[36m(TaskRunner pid=15473)[0m                                          'free_cache_engine': True,
[36m(TaskRunner pid=15473)[0m                                          'gpu_memory_utilization': 0.5,
[36m(TaskRunner pid=15473)[0m                                          'ignore_eos': False,
[36m(TaskRunner pid=15473)[0m                                          'layered_summon': False,
[36m(TaskRunner pid=15473)[0m                                          'limit_images': None,
[36m(TaskRunner pid=15473)[0m                                          'load_format': 'auto',
[36m(TaskRunner pid=15473)[0m                                          'max_model_len': None,
[36m(TaskRunner pid=15473)[0m                                          'max_num_batched_tokens': 8192,
[36m(TaskRunner pid=15473)[0m                                          'max_num_seqs': 1024,
[36m(TaskRunner pid=15473)[0m                                          'mtp': None,
[36m(TaskRunner pid=15473)[0m                                          'multi_stage_wake_up': False,
[36m(TaskRunner pid=15473)[0m                                          'n': 1,
[36m(TaskRunner pid=15473)[0m                                          'name': '???',
[36m(TaskRunner pid=15473)[0m                                          'pipeline_model_parallel_size': 1,
[36m(TaskRunner pid=15473)[0m                                          'prompt_length': 2048,
[36m(TaskRunner pid=15473)[0m                                          'quantization': None,
[36m(TaskRunner pid=15473)[0m                                          'quantization_config_file': None,
[36m(TaskRunner pid=15473)[0m                                          'response_length': 2048,
[36m(TaskRunner pid=15473)[0m                                          'scheduling_policy': 'fcfs',
[36m(TaskRunner pid=15473)[0m                                          'skip_tokenizer_init': False,
[36m(TaskRunner pid=15473)[0m                                          'temperature': 1.0,
[36m(TaskRunner pid=15473)[0m                                          'tensor_model_parallel_size': 2,
[36m(TaskRunner pid=15473)[0m                                          'top_k': -1,
[36m(TaskRunner pid=15473)[0m                                          'top_p': 1}},
[36m(TaskRunner pid=15473)[0m             'sandbox_fusion': {'_target_': 'verl.workers.config.SandboxFusionConfig',
[36m(TaskRunner pid=15473)[0m                                'max_concurrent': 64,
[36m(TaskRunner pid=15473)[0m                                'memory_limit_mb': 1024,
[36m(TaskRunner pid=15473)[0m                                'url': None}},
[36m(TaskRunner pid=15473)[0m  'trainer': {'balance_batch': True,
[36m(TaskRunner pid=15473)[0m              'critic_warmup': 0,
[36m(TaskRunner pid=15473)[0m              'default_hdfs_dir': None,
[36m(TaskRunner pid=15473)[0m              'default_local_dir': '/workspace/AI4AI/experiments/claude-code-verl/workspace/checkpoints/grpo_v5',[36m(TaskRunner pid=15473)[0m /workspace/AI4AI/training/verl/trainer/main_ppo.py:254: UserWarning: Disabled critic as algorithm.adv_estimator != gae. If it is not intended, please set critic.enable=True
[36m(TaskRunner pid=15473)[0m   use_critic=need_critic(config),
[36m(TaskRunner pid=15473)[0m Filtering prompts longer than 512 tokens (num_proc=1):   0%|          | 0/30000 [00:00<?, ? examples/s]
[36m(TaskRunner pid=15473)[0m Filtering prompts longer than 512 tokens (num_proc=1):   3%|▎         | 1000/30000 [00:01<00:53, 544.75 examples/s]
[36m(TaskRunner pid=15473)[0m Filtering prompts longer than 512 tokens (num_proc=1):   7%|▋         | 2000/30000 [00:02<00:31, 876.33 examples/s]
[36m(TaskRunner pid=15473)[0m Filtering prompts longer than 512 tokens (num_proc=1):  10%|█         | 3000/30000 [00:03<00:24, 1102.29 examples/s]
[36m(TaskRunner pid=15473)[0m Filtering prompts longer than 512 tokens (num_proc=1):  13%|█▎        | 4000/30000 [00:03<00:20, 1247.23 examples/s]
[36m(TaskRunner pid=15473)[0m Filtering prompts longer than 512 tokens (num_proc=1):  17%|█▋        | 5000/30000 [00:04<00:18, 1347.09 examples/s]
[36m(TaskRunner pid=15473)[0m Filtering prompts longer than 512 tokens (num_proc=1):  20%|██        | 6000/30000 [00:05<00:16, 1414.77 examples/s]
[36m(TaskRunner pid=15473)[0m Filtering prompts longer than 512 tokens (num_proc=1):  23%|██▎       | 7000/30000 [00:05<00:15, 1467.56 examples/s]
[36m(TaskRunner pid=15473)[0m Filtering prompts longer than 512 tokens (num_proc=1):  27%|██▋       | 8000/30000 [00:06<00:14, 1497.12 examples/s]
[36m(TaskRunner pid=15473)[0m Filtering prompts longer than 512 tokens (num_proc=1):  30%|███       | 9000/30000 [00:06<00:13, 1509.63 examples/s]
[36m(TaskRunner pid=15473)[0m Filtering prompts longer than 512 tokens (num_proc=1):  33%|███▎      | 10000/30000 [00:07<00:13, 1524.08 examples/s]
[36m(TaskRunner pid=15473)[0m Filtering prompts longer than 512 tokens (num_proc=1):  37%|███▋      | 11000/30000 [00:08<00:12, 1539.32 examples/s]
[36m(TaskRunner pid=15473)[0m Filtering prompts longer than 512 tokens (num_proc=1):  40%|████      | 12000/30000 [00:08<00:11, 1558.00 examples/s]
[36m(TaskRunner pid=15473)[0m Filtering prompts longer than 512 tokens (num_proc=1):  43%|████▎     | 13000/30000 [00:09<00:10, 1564.62 examples/s]
[36m(TaskRunner pid=15473)[0m Filtering prompts longer than 512 tokens (num_proc=1):  47%|████▋     | 14000/30000 [00:10<00:10, 1561.15 examples/s]
[36m(TaskRunner pid=15473)[0m Filtering prompts longer than 512 tokens (num_proc=1):  50%|█████     | 15000/30000 [00:10<00:09, 1548.95 examples/s]
[36m(TaskRunner pid=15473)[0m Filtering prompts longer than 512 tokens (num_proc=1):  53%|█████▎    | 16000/30000 [00:11<00:09, 1551.20 examples/s]
[36m(TaskRunner pid=15473)[0m Filtering prompts longer than 512 tokens (num_proc=1):  57%|█████▋    | 17000/30000 [00:12<00:08, 1560.55 examples/s]
[36m(TaskRunner pid=15473)[0m Filtering prompts longer than 512 tokens (num_proc=1):  60%|██████    | 18000/30000 [00:12<00:07, 1562.14 examples/s]
[36m(TaskRunner pid=15473)[0m Filtering prompts longer than 512 tokens (num_proc=1):  63%|██████▎   | 19000/30000 [00:13<00:07, 1562.26 examples/s]
[36m(TaskRunner pid=15473)[0m Filtering prompts longer than 512 tokens (num_proc=1):  67%|██████▋   | 20000/30000 [00:13<00:06, 1567.37 examples/s]
[36m(TaskRunner pid=15473)[0m Filtering prompts longer than 512 tokens (num_proc=1):  70%|███████   | 21000/30000 [00:14<00:05, 1571.84 examples/s]
[36m(TaskRunner pid=15473)[0m Filtering prompts longer than 512 tokens (num_proc=1):  73%|███████▎  | 22000/30000 [00:15<00:05, 1569.18 examples/s]
[36m(TaskRunner pid=15473)[0m Filtering prompts longer than 512 tokens (num_proc=1):  77%|███████▋  | 23000/30000 [00:15<00:04, 1568.50 examples/s]
[36m(TaskRunner pid=15473)[0m Filtering prompts longer than 512 tokens (num_proc=1):  80%|████████  | 24000/30000 [00:16<00:03, 1569.46 examples/s]
[36m(TaskRunner pid=15473)[0m Filtering prompts longer than 512 tokens (num_proc=1):  83%|████████▎ | 25000/30000 [00:17<00:03, 1559.82 examples/s]
[36m(TaskRunner pid=15473)[0m Filtering prompts longer than 512 tokens (num_proc=1):  87%|████████▋ | 26000/30000 [00:17<00:02, 1560.63 examples/s]
[36m(TaskRunner pid=15473)[0m Filtering prompts longer than 512 tokens (num_proc=1):  90%|█████████ | 27000/30000 [00:18<00:01, 1565.08 examples/s]
[36m(TaskRunner pid=15473)[0m Filtering prompts longer than 512 tokens (num_proc=1):  93%|█████████▎| 28000/30000 [00:19<00:01, 1573.07 examples/s]
[36m(TaskRunner pid=15473)[0m Filtering prompts longer than 512 tokens (num_proc=1):  97%|█████████▋| 29000/30000 [00:19<00:00, 1583.22 examples/s]
[36m(TaskRunner pid=15473)[0m Filtering prompts longer than 512 tokens (num_proc=1): 100%|██████████| 30000/30000 [00:20<00:00, 1588.22 examples/s]
[36m(TaskRunner pid=15473)[0m Filtering prompts longer than 512 tokens (num_proc=1): 100%|██████████| 30000/30000 [00:20<00:00, 1462.63 examples/s]
[36m(TaskRunner pid=15473)[0m Filtering prompts longer than 512 tokens (num_proc=1):   0%|          | 0/500 [00:00<?, ? examples/s]
[36m(TaskRunner pid=15473)[0m Filtering prompts longer than 512 tokens (num_proc=1): 100%|██████████| 500/500 [00:01<00:00, 333.66 examples/s]
[36m(TaskRunner pid=15473)[0m Filtering prompts longer than 512 tokens (num_proc=1): 100%|██████████| 500/500 [00:01<00:00, 295.64 examples/s]
[36m(TaskRunner pid=15473)[0m /workspace/AI4AI/training/verl/trainer/ppo/ray_trainer.py:296: UserWarning: Disabled critic as algorithm.adv_estimator != gae. If it is not intended, please set critic.enable=True
[36m(TaskRunner pid=15473)[0m   self.use_critic = need_critic(self.config)
[36m(WorkerDict pid=18722)[0m WARNING:2026-06-07 07:22:56,771:Detected megatron.core 0.14.0rc7, recommend upgrading to >= 0.14.0 for better checkpoint compatibility
[36m(WorkerDict pid=18720)[0m `torch_dtype` is deprecated! Use `dtype` instead!
[36m(WorkerDict pid=18720)[0m Flash Attention 2 only supports torch.float16 and torch.bfloat16 dtypes, but the current dype in Qwen3ForCausalLM is torch.float32. You should run training or inference using Automatic Mixed-Precision via the `with torch.autocast(device_type='torch_device'):` decorator, or load the model with the `dtype` argument. Example: `model = AutoModel.from_pretrained("openai/whisper-tiny", attn_implementation="flash_attention_2", dtype=torch.float16)`
[36m(WorkerDict pid=18720)[0m Flash Attention 2 only supports torch.float16 and torch.bfloat16 dtypes, but the current dype in Qwen3Model is torch.float32. You should run training or inference using Automatic Mixed-Precision via the `with torch.autocast(device_type='torch_device'):` decorator, or load the model with the `dtype` argument. Example: `model = AutoModel.from_pretrained("openai/whisper-tiny", attn_implementation="flash_attention_2", dtype=torch.float16)`
[36m(WorkerDict pid=18721)[0m WARNING:2026-06-07 07:22:57,539:Detected megatron.core 0.14.0rc7, recommend upgrading to >= 0.14.0 for better checkpoint compatibility[32m [repeated 3x across cluster] (Ray deduplicates logs by default. Set RAY_DEDUP_LOGS=0 to disable log deduplication, or see https://docs.ray.io/en/master/ray-observability/user-guides/configure-logging.html#log-deduplication for more options.)[0m
[36m(WorkerDict pid=18722)[0m /usr/local/lib/python3.12/dist-packages/torch/distributed/fsdp/fully_sharded_data_parallel.py:678: FutureWarning: FSDP.state_dict_type() and FSDP.set_state_dict_type() are being deprecated. Please use APIs, get_state_dict() and set_state_dict(), which can support different parallelisms, FSDP1, FSDP2, DDP. API doc: https://pytorch.org/docs/stable/distributed.checkpoint.html#torch.distributed.checkpoint.state_dict.get_state_dict .Tutorial: https://pytorch.org/tutorials/recipes/distributed_checkpoint_recipe.html .
[36m(WorkerDict pid=18722)[0m   warnings.warn(
[36m(WorkerDict pid=18722)[0m `torch_dtype` is deprecated! Use `dtype` instead![32m [repeated 3x across cluster][0m
[36m(WorkerDict pid=18722)[0m Flash Attention 2 only supports torch.float16 and torch.bfloat16 dtypes, but the current dype in Qwen3Model is torch.float32. You should run training or inference using Automatic Mixed-Precision via the `with torch.autocast(device_type='torch_device'):` decorator, or load the model with the `dtype` argument. Example: `model = AutoModel.from_pretrained("openai/whisper-tiny", attn_implementation="flash_attention_2", dtype=torch.float16)`[32m [repeated 6x across cluster][0m
[36m(vLLMHttpServer pid=19862)[0m WARNING:2026-06-07 07:24:07,199:agent loop only support torch and npu profiler, got None
[36m(vLLMHttpServer pid=19862)[0m INFO:2026-06-07 07:24:07,199:vLLMHttpServer, replica_rank: 3, node_rank: 0, CUDA_VISIBLE_DEVICES: 3, master_address: 11.11.22.2, master_port: 40297, data_parallel_rpc_port: 35049, data_parallel_master_port: 33708
[36m(vLLMHttpServer pid=19862)[0m INFO:2026-06-07 07:24:07,220:override_generation_config: {'temperature': 1.0, 'top_k': -1, 'top_p': 0.95, 'repetition_penalty': 1.0, 'max_new_tokens': 2048}
[36m(vLLMHttpServer pid=19862)[0m INFO:2026-06-07 07:24:07,220:enable_sleep_mode: True
[36m(WorkerDict pid=18721)[0m /usr/local/lib/python3.12/dist-packages/torch/distributed/fsdp/fully_sharded_data_parallel.py:678: FutureWarning: FSDP.state_dict_type() and FSDP.set_state_dict_type() are being deprecated. Please use APIs, get_state_dict() and set_state_dict(), which can support different parallelisms, FSDP1, FSDP2, DDP. API doc: https://pytorch.org/docs/stable/distributed.checkpoint.html#torch.distributed.checkpoint.state_dict.get_state_dict .Tutorial: https://pytorch.org/tutorials/recipes/distributed_checkpoint_recipe.html .[32m [repeated 3x across cluster][0m
[36m(WorkerDict pid=18721)[0m   warnings.warn([32m [repeated 3x across cluster][0m
[36m(vLLMHttpServer pid=19862)[0m The argument `trust_remote_code` is to be used with Auto classes. It has no effect here and is ignored.
[36m(vLLMHttpServer pid=19862)[0m `torch_dtype` is deprecated! Use `dtype` instead!
[36m(vLLMHttpServer pid=19860)[0m W0607 07:24:25.497000 20590 torch/utils/cpp_extension.py:2425] TORCH_CUDA_ARCH_LIST is not set, all archs for visible cards are included for compilation. 
[36m(vLLMHttpServer pid=19860)[0m W0607 07:24:25.497000 20590 torch/utils/cpp_extension.py:2425] If this is not desired, please set os.environ['TORCH_CUDA_ARCH_LIST'] to specific architectures.
[36m(vLLMHttpServer pid=19861)[0m WARNING:2026-06-07 07:24:07,394:agent loop only support torch and npu profiler, got None[32m [repeated 3x across cluster][0m
[36m(vLLMHttpServer pid=19861)[0m INFO:2026-06-07 07:24:07,395:vLLMHttpServer, replica_rank: 2, node_rank: 0, CUDA_VISIBLE_DEVICES: 2, master_address: 11.11.22.2, master_port: 44273, data_parallel_rpc_port: 35030, data_parallel_master_port: 39917[32m [repeated 3x across cluster][0m
[36m(vLLMHttpServer pid=19861)[0m INFO:2026-06-07 07:24:07,417:override_generation_config: {'temperature': 1.0, 'top_k': -1, 'top_p': 0.95, 'repetition_penalty': 1.0, 'max_new_tokens': 2048}[32m [repeated 3x across cluster][0m
[36m(vLLMHttpServer pid=19861)[0m INFO:2026-06-07 07:24:07,417:enable_sleep_mode: True[32m [repeated 3x across cluster][0m
[36m(vLLMHttpServer pid=19860)[0m The argument `trust_remote_code` is to be used with Auto classes. It has no effect here and is ignored.[32m [repeated 3x across cluster][0m
[36m(vLLMHttpServer pid=19860)[0m `torch_dtype` is deprecated! Use `dtype` instead![32m [repeated 3x across cluster][0m

[36m(TaskRunner pid=15473)[0m              'del_local_ckpt_after_load': False,
[36m(TaskRunner pid=15473)[0m              'device': 'cuda',
[36m(TaskRunner pid=15473)[0m              'esi_redundant_time': 0,
[36m(TaskRunner pid=15473)[0m              'experiment_name': 'grpo_v5',
[36m(TaskRunner pid=15473)[0m              'log_val_generations': 0,
[36m(TaskRunner pid=15473)[0m              'logger': ['console'],
[36m(TaskRunner pid=15473)[0m              'max_actor_ckpt_to_keep': None,
[36m(TaskRunner pid=15473)[0m              'max_critic_ckpt_to_keep': None,
[36m(TaskRunner pid=15473)[0m              'n_gpus_per_node': 4,
[36m(TaskRunner pid=15473)[0m              'nnodes': 1,
[36m(TaskRunner pid=15473)[0m              'project_name': 'grpo_math',
[36m(TaskRunner pid=15473)[0m              'ray_wait_register_center_timeout': 300,
[36m(TaskRunner pid=15473)[0m              'resume_from_path': '/workspace/AI4AI/experiments/claude-code-verl/workspace/checkpoints/grpo_v2/global_step_10',
[36m(TaskRunner pid=15473)[0m              'resume_mode': 'resume_path',
[36m(TaskRunner pid=15473)[0m              'rollout_data_dir': None,
[36m(TaskRunner pid=15473)[0m              'save_freq': 10,
[36m(TaskRunner pid=15473)[0m              'test_freq': -1,
[36m(TaskRunner pid=15473)[0m              'total_epochs': 3,
[36m(TaskRunner pid=15473)[0m              'total_training_steps': None,
[36m(TaskRunner pid=15473)[0m              'val_before_train': False,
[36m(TaskRunner pid=15473)[0m              'val_only': False,
[36m(TaskRunner pid=15473)[0m              'validation_data_dir': None},
[36m(TaskRunner pid=15473)[0m  'transfer_queue': {'backend': {'SimpleStorage': {'num_data_storage_units': 8,
[36m(TaskRunner pid=15473)[0m                                                   'total_storage_size': 100000},
[36m(TaskRunner pid=15473)[0m                                 'storage_backend': 'SimpleStorage'},
[36m(TaskRunner pid=15473)[0m                     'enable': False}}
[36m(TaskRunner pid=15473)[0m [validate_config] All configuration checks passed successfully!
[36m(TaskRunner pid=15473)[0m Using dataset class: RLHFDataset
[36m(TaskRunner pid=15473)[0m dataset len: 30000
[36m(TaskRunner pid=15473)[0m filter dataset len: 29920
[36m(TaskRunner pid=15473)[0m Using dataset class: RLHFDataset
[36m(TaskRunner pid=15473)[0m dataset len: 500
[36m(TaskRunner pid=15473)[0m filter dataset len: 500
[36m(TaskRunner pid=15473)[0m Size of train dataloader: 116, Size of val dataloader: 1
[36m(TaskRunner pid=15473)[0m Total training steps: 348
[36m(TaskRunner pid=15473)[0m colocated worker base class <class 'verl.single_controller.base.worker.Worker'>
[36m(WorkerDict pid=18722)[0m [Gloo] Rank 2 is connected to 3 peer ranks. Expected number of connected peer ranks is : 3
[36m(WorkerDict pid=18722)[0m Warning: Failed to set NUMA affinity: libnuma.so: cannot open shared object file: No such file or directory
[36m(WorkerDict pid=18723)[0m Monkey patch state_dict in AutoModelForCausalLMWithValueHead. 
[36m(WorkerDict pid=18723)[0m Monkey patch _flash_attention_forward in transformers.integrations.flash_attention
[36m(WorkerDict pid=18723)[0m Skipping monkey patch for Qwen3ForCausalLM as use_fused_kernels is False or fused_kernels_backend is torch
[36m(WorkerDict pid=18721)[0m [Gloo] Rank 1 is connected to 3 peer ranks. Expected number of connected peer ranks is : 3[32m [repeated 3x across cluster][0m
[36m(WorkerDict pid=18721)[0m Warning: Failed to set NUMA affinity: libnuma.so: cannot open shared object file: No such file or directory[32m [repeated 3x across cluster][0m
[36m(WorkerDict pid=18720)[0m Qwen3ForCausalLM contains 1.72B parameters
[36m(WorkerDict pid=18720)[0m Before FSDP, memory allocated (GB): 0.00, memory reserved (GB): 0.00, device memory used/total (GB): 0.41/79.33
[36m(WorkerDict pid=18720)[0m After FSDP, memory allocated (GB): 1.60, memory reserved (GB): 4.36, device memory used/total (GB): 5.25/79.33
[36m(WorkerDict pid=18720)[0m Total steps: 348, num_warmup_steps: 3
[36m(WorkerDict pid=18720)[0m NCCL version 2.27.3+cuda12.9
[36m(TaskRunner pid=15473)[0m WARNING 06-07 07:23:52 [api_server.py:1213] LoRA dynamic loading & unloading is enabled in the API server. This should ONLY be used for local development!
[36m(WorkerDict pid=18722)[0m Monkey patch state_dict in AutoModelForCausalLMWithValueHead. [32m [repeated 3x across cluster][0m
[36m(WorkerDict pid=18722)[0m Monkey patch _flash_attention_forward in transformers.integrations.flash_attention[32m [repeated 3x across cluster][0m
[36m(WorkerDict pid=18722)[0m Skipping monkey patch for Qwen3ForCausalLM as use_fused_kernels is False or fused_kernels_backend is torch[32m [repeated 3x across cluster][0m
[36m(WorkerDict pid=18720)[0m [Gloo] Rank 0 is connected to 0 peer ranks. Expected number of connected peer ranks is : 0[32m [repeated 12x across cluster][0m
[36m(pid=19862)[0m WARNING 06-07 07:24:05 [api_server.py:1213] LoRA dynamic loading & unloading is enabled in the API server. This should ONLY be used for local development!
[36m(pid=19859)[0m WARNING 06-07 07:24:05 [api_server.py:1213] LoRA dynamic loading & unloading is enabled in the API server. This should ONLY be used for local development!
[36m(vLLMHttpServer pid=19859)[0m ['serve',
[36m(vLLMHttpServer pid=19859)[0m  '/root/models/Qwen/Qwen3-1.7B-Base',
[36m(vLLMHttpServer pid=19859)[0m  '--dtype',
[36m(vLLMHttpServer pid=19859)[0m  'bfloat16',
[36m(vLLMHttpServer pid=19859)[0m  '--load_format',
[36m(vLLMHttpServer pid=19859)[0m  'dummy',
[36m(vLLMHttpServer pid=19859)[0m  '--distributed_executor_backend',
[36m(vLLMHttpServer pid=19859)[0m  'mp',
[36m(vLLMHttpServer pid=19859)[0m  '--worker_extension_cls',
[36m(vLLMHttpServer pid=19859)[0m  'verl.workers.rollout.vllm_rollout.utils.vLLMColocateWorkerExtension',
[36m(vLLMHttpServer pid=19859)[0m  '--trust_remote_code',
[36m(vLLMHttpServer pid=19859)[0m  '--max_model_len',
[36m(vLLMHttpServer pid=19859)[0m  '3072',
[36m(vLLMHttpServer pid=19859)[0m  '--max_num_seqs',
[36m(vLLMHttpServer pid=19859)[0m  '1024',
[36m(vLLMHttpServer pid=19859)[0m  '--enable_chunked_prefill',
[36m(vLLMHttpServer pid=19859)[0m  '--max_num_batched_tokens',
[36m(vLLMHttpServer pid=19859)[0m  '8192',
[36m(vLLMHttpServer pid=19859)[0m  '--enable_prefix_caching',
[36m(vLLMHttpServer pid=19859)[0m  '--enable_sleep_mode',
[36m(vLLMHttpServer pid=19859)[0m  '--logprobs_mode',
[36m(vLLMHttpServer pid=19859)[0m  'processed_logprobs',
[36m(vLLMHttpServer pid=19859)[0m  '--enforce_eager',
[36m(vLLMHttpServer pid=19859)[0m  '--gpu_memory_utilization',
[36m(vLLMHttpServer pid=19859)[0m  '0.4',
[36m(vLLMHttpServer pid=19859)[0m  '--disable_log_stats',
[36m(vLLMHttpServer pid=19859)[0m  '--tensor_parallel_size',
[36m(vLLMHttpServer pid=19859)[0m  '1',
[36m(vLLMHttpServer pid=19859)[0m  '--seed',
[36m(vLLMHttpServer pid=19859)[0m  '0',
[36m(vLLMHttpServer pid=19859)[0m  '--override_generation_config',
[36m(vLLMHttpServer pid=19859)[0m  '{"temperature": 1.0, "top_k": -1, "top_p": 0.95, "repetition_penalty": 1.0, '
[36m(vLLMHttpServer pid=19859)[0m  '"max_new_tokens": 2048}',
[36m(vLLMHttpServer pid=19859)[0m  '--hf_overrides',
[36m(vLLMHttpServer pid=19859)[0m  '{}',
[36m(vLLMHttpServer pid=19859)[0m  '--scheduling_policy',
[36m(vLLMHttpServer pid=19859)[0m  'fcfs',
[36m(vLLMHttpServer pid=19859)[0m  '--compilation_config',
[36m(vLLMHttpServer pid=19859)[0m  '{"cudagraph_mode": "FULL_AND_PIECEWISE"}']
[36m(vLLMHttpServer pid=19862)[0m WARNING 06-07 07:24:07 [__init__.py:3036] We must use the `spawn` multiprocessing start method. Overriding VLLM_WORKER_MULTIPROC_METHOD to 'spawn'. See https://docs.vllm.ai/en/latest/usage/troubleshooting.html#python-multiprocessing for more information. Reasons: In a Ray actor and can only be spawned; CUDA is initialized
[36m(vLLMHttpServer pid=19860)[0m [Gloo] Rank 0 is connected to 0 peer ranks. Expected number of connected peer ranks is : 0
[36m(vLLMHttpServer pid=19860)[0m [Gloo] Rank 0 is connected to 0 peer ranks. Expected number of connected peer ranks is : 0[36m(vLLMHttpServer pid=19859)[0m INFO:2026-06-07 07:24:33,724:Initializing a V1 LLM engine with config: model='/root/models/Qwen/Qwen3-1.7B-Base', speculative_config=None, tokenizer='/root/models/Qwen/Qwen3-1.7B-Base', skip_tokenizer_init=False, tokenizer_mode=auto, revision=None, tokenizer_revision=None, trust_remote_code=True, dtype=torch.bfloat16, max_seq_len=3072, download_dir=None, load_format=dummy, tensor_parallel_size=1, pipeline_parallel_size=1, data_parallel_size=1, disable_custom_all_reduce=False, quantization=None, enforce_eager=True, kv_cache_dtype=auto, device_config=cuda, structured_outputs_config=StructuredOutputsConfig(backend='auto', disable_fallback=False, disable_any_whitespace=False, disable_additional_properties=False, reasoning_parser=''), observability_config=ObservabilityConfig(show_hidden_metrics_for_version=None, otlp_traces_endpoint=None, collect_detailed_traces=None), seed=0, served_model_name=/root/models/Qwen/Qwen3-1.7B-Base, enable_prefix_caching=True, chunked_prefill_enabled=True, pooler_config=None, compilation_config={"level":0,"debug_dump_path":"","cache_dir":"","backend":"","custom_ops":[],"splitting_ops":null,"use_inductor":true,"compile_sizes":[],"inductor_compile_config":{"enable_auto_functionalized_v2":false},"inductor_passes":{},"cudagraph_mode":0,"use_cudagraph":true,"cudagraph_num_of_warmups":0,"cudagraph_capture_sizes":[],"cudagraph_copy_inputs":false,"full_cuda_graph":false,"use_inductor_graph_partition":false,"pass_config":{},"max_capture_size":0,"local_cache_dir":null}
[36m(vLLMHttpServer pid=19859)[0m W0607 07:24:25.775000 20595 torch/utils/cpp_extension.py:2425] TORCH_CUDA_ARCH_LIST is not set, all archs for visible cards are included for compilation. [32m [repeated 3x across cluster][0m
[36m(vLLMHttpServer pid=19859)[0m W0607 07:24:25.775000 20595 torch/utils/cpp_extension.py:2425] If this is not desired, please set os.environ['TORCH_CUDA_ARCH_LIST'] to specific architectures.[32m [repeated 3x across cluster][0m
[36m(WorkerDict pid=18722)[0m /usr/local/lib/python3.12/dist-packages/torch/distributed/fsdp/fully_sharded_data_parallel.py:678: FutureWarning: FSDP.state_dict_type() and FSDP.set_state_dict_type() are being deprecated. Please use APIs, get_state_dict() and set_state_dict(), which can support different parallelisms, FSDP1, FSDP2, DDP. API doc: https://pytorch.org/docs/stable/distributed.checkpoint.html#torch.distributed.checkpoint.state_dict.get_state_dict .Tutorial: https://pytorch.org/tutorials/recipes/distributed_checkpoint_recipe.html .
[36m(WorkerDict pid=18722)[0m   warnings.warn(
[36m(WorkerDict pid=18722)[0m INFO:2026-06-07 07:24:38,113:[Rank 2] Loaded model from /workspace/AI4AI/experiments/claude-code-verl/workspace/checkpoints/grpo_v2/global_step_10/actor/model_world_size_4_rank_2.pt
[36m(WorkerDict pid=18720)[0m INFO:2026-06-07 07:24:41,047:[Rank 0] Loaded optimizer from /workspace/AI4AI/experiments/claude-code-verl/workspace/checkpoints/grpo_v2/global_step_10/actor/optim_world_size_4_rank_0.pt
[36m(WorkerDict pid=18720)[0m INFO:2026-06-07 07:24:41,052:[Rank 0] Loaded rng from /workspace/AI4AI/experiments/claude-code-verl/workspace/checkpoints/grpo_v2/global_step_10/actor/extra_state_world_size_4_rank_0.pt
[36m(WorkerDict pid=18720)[0m INFO:2026-06-07 07:24:41,053:[Rank 0] Loaded lr_scheduler from /workspace/AI4AI/experiments/claude-code-verl/workspace/checkpoints/grpo_v2/global_step_10/actor/extra_state_world_size_4_rank_0.pt
[36m(WorkerDict pid=18721)[0m /usr/local/lib/python3.12/dist-packages/torch/distributed/fsdp/fully_sharded_data_parallel.py:678: FutureWarning: FSDP.state_dict_type() and FSDP.set_state_dict_type() are being deprecated. Please use APIs, get_state_dict() and set_state_dict(), which can support different parallelisms, FSDP1, FSDP2, DDP. API doc: https://pytorch.org/docs/stable/distributed.checkpoint.html#torch.distributed.checkpoint.state_dict.get_state_dict .Tutorial: https://pytorch.org/tutorials/recipes/distributed_checkpoint_recipe.html .[32m [repeated 3x across cluster][0m
[36m(WorkerDict pid=18721)[0m   warnings.warn([32m [repeated 3x across cluster][0m
[36m(WorkerDict pid=18720)[0m INFO:2026-06-07 07:24:42,747:update_weights done, time cost: 0.63s
[36m(TaskRunner pid=15473)[0m Training Progress:   3%|▎         | 10/348 [00:00<?, ?it/s]
[36m(WorkerDict pid=18721)[0m INFO:2026-06-07 07:24:38,112:[Rank 1] Loaded model from /workspace/AI4AI/experiments/claude-code-verl/workspace/checkpoints/grpo_v2/global_step_10/actor/model_world_size_4_rank_1.pt[32m [repeated 3x across cluster][0m
[36m(AgentLoopWorker pid=20948)[0m You're using a Qwen2TokenizerFast tokenizer. Please note that with a fast tokenizer, using the `__call__` method is faster than using a method to encode the text followed by a call to the `pad` method to get a padded encoding.
[36m(WorkerDict pid=18721)[0m INFO:2026-06-07 07:24:41,627:[Rank 1] Loaded optimizer from /workspace/AI4AI/experiments/claude-code-verl/workspace/checkpoints/grpo_v2/global_step_10/actor/optim_world_size_4_rank_1.pt[32m [repeated 3x across cluster][0m
[36m(WorkerDict pid=18721)[0m INFO:2026-06-07 07:24:41,683:[Rank 1] Loaded rng from /workspace/AI4AI/experiments/claude-code-verl/workspace/checkpoints/grpo_v2/global_step_10/actor/extra_state_world_size_4_rank_1.pt[32m [repeated 3x across cluster][0m
[36m(WorkerDict pid=18721)[0m INFO:2026-06-07 07:24:41,683:[Rank 1] Loaded lr_scheduler from /workspace/AI4AI/experiments/claude-code-verl/workspace/checkpoints/grpo_v2/global_step_10/actor/extra_state_world_size_4_rank_1.pt[32m [repeated 3x across cluster][0m
[36m(AgentLoopWorker pid=20947)[0m You're using a Qwen2TokenizerFast tokenizer. Please note that with a fast tokenizer, using the `__call__` method is faster than using a method to encode the text followed by a call to the `pad` method to get a padded encoding.[32m [repeated 6x across cluster][0m
[36m(WorkerDict pid=18720)[0m INFO:2026-06-07 07:27:18,927:update_weights done, time cost: 1.80s
[36m(AgentLoopWorker pid=20943)[0m You're using a Qwen2TokenizerFast tokenizer. Please note that with a fast tokenizer, using the `__call__` method is faster than using a method to encode the text followed by a call to the `pad` method to get a padded encoding.
[36m(TaskRunner pid=15473)[0m Training Progress:   3%|▎         | 11/348 [02:36<14:40:00, 156.68s/it]
[36m(WorkerDict pid=18720)[0m INFO:2026-06-07 07:29:51,204:update_weights done, time cost: 1.56s

[36m(vLLMHttpServer pid=19860)[0m [Gloo] Rank 0 is connected to 0 peer ranks. Expected number of connected peer ranks is : 0
[36m(vLLMHttpServer pid=19860)[0m [Gloo] Rank 0 is connected to 0 peer ranks. Expected number of connected peer ranks is : 0
[36m(vLLMHttpServer pid=19860)[0m [Gloo] Rank 0 is connected to 0 peer ranks. Expected number of connected peer ranks is : 0
[36m(vLLMHttpServer pid=19860)[0m [Gloo] Rank 0 is connected to 0 peer ranks. Expected number of connected peer ranks is : 0
[36m(pid=19861)[0m WARNING 06-07 07:24:05 [api_server.py:1213] LoRA dynamic loading & unloading is enabled in the API server. This should ONLY be used for local development![32m [repeated 2x across cluster][0m
[36m(vLLMHttpServer pid=19859)[0m WARNING 06-07 07:24:08 [__init__.py:3036] We must use the `spawn` multiprocessing start method. Overriding VLLM_WORKER_MULTIPROC_METHOD to 'spawn'. See https://docs.vllm.ai/en/latest/usage/troubleshooting.html#python-multiprocessing for more information. Reasons: In a Ray actor and can only be spawned; CUDA is initialized[32m [repeated 3x across cluster][0m
[36m(vLLMHttpServer pid=19860)[0m [1;36m(Worker pid=20590)[0;0m WARNING 06-07 07:24:31 [cudagraph_dispatcher.py:106] cudagraph dispatching keys are not initialized. No cudagraph will be used.
[36m(vLLMHttpServer pid=19860)[0m WARNING 06-07 07:24:32 [model.py:1389] Default sampling parameters have been overridden by the model's Hugging Face generation config recommended from the model creator. If this is not intended, please relaunch vLLM instance with `--generation-config vllm`.
[36m(vLLMHttpServer pid=19862)[0m [Gloo] Rank 0 is connected to 0 peer ranks. Expected number of connected peer ranks is : 0[32m [repeated 18x across cluster][0m
[36m(TaskRunner pid=15473)[0m LLMServerManager: ['11.11.22.2:46865', '11.11.22.2:36197', '11.11.22.2:42842', '11.11.22.2:45736']
[36m(TaskRunner pid=15473)[0m Checkpoint tracker file does not exist: /workspace/AI4AI/experiments/claude-code-verl/workspace/checkpoints/grpo_v5/latest_checkpointed_iteration.txt
[36m(TaskRunner pid=15473)[0m Load from checkpoint folder: /workspace/AI4AI/experiments/claude-code-verl/workspace/checkpoints/grpo_v2/global_step_10
[36m(TaskRunner pid=15473)[0m Setting global step to 10
[36m(TaskRunner pid=15473)[0m Resuming from /workspace/AI4AI/experiments/claude-code-verl/workspace/checkpoints/grpo_v2/global_step_10
[36m(WorkerDict pid=18722)[0m WARNING 06-07 07:24:41 [api_server.py:1213] LoRA dynamic loading & unloading is enabled in the API server. This should ONLY be used for local development!
[36m(vLLMHttpServer pid=19862)[0m [1;36m(Worker pid=20580)[0;0m WARNING 06-07 07:24:32 [cudagraph_dispatcher.py:106] cudagraph dispatching keys are not initialized. No cudagraph will be used.[32m [repeated 3x across cluster][0m
[36m(vLLMHttpServer pid=19862)[0m WARNING 06-07 07:24:33 [model.py:1389] Default sampling parameters have been overridden by the model's Hugging Face generation config recommended from the model creator. If this is not intended, please relaunch vLLM instance with `--generation-config vllm`.[32m [repeated 3x across cluster][0m
[36m(AgentLoopWorker pid=20948)[0m Using dataset class: RLHFDataset
[36m(AgentLoopWorker pid=20944)[0m WARNING 06-07 07:24:46 [api_server.py:1213] LoRA dynamic loading & unloading is enabled in the API server. This should ONLY be used for local development![32m [repeated 12x across cluster][0m
[36m(TaskRunner pid=15473)[0m step:11 - global_seqlen/min:479745 - global_seqlen/max:528108 - global_seqlen/minmax_diff:48363 - global_seqlen/balanced_min:498197 - global_seqlen/balanced_max:498210 - global_seqlen/mean:498205.25 - actor/entropy:0.24975182116031647 - perf/mfu/actor_infer:0.428417866522579 - actor/pg_clipfrac:0.0 - actor/ppo_kl:0.0 - actor/pg_clipfrac_lower:0.0 - actor/pg_loss:0.013824826980453508 - actor/entropy_loss:0.24975181557238102 - actor/loss:0.013575073331594467 - actor/grad_norm:0.13412825763225555 - actor/lr:4.994032368746136e-06 - perf/mfu/actor:0.38029956153476124 - training/global_step:11 - training/epoch:0 - critic/score/mean:0.02211914211511612 - critic/score/max:1.0 - critic/score/min:0.0 - critic/rewards/mean:0.02211914211511612 - critic/rewards/max:1.0 - critic/rewards/min:0.0 - critic/advantages/mean:-0.013824819587171078 - critic/advantages/max:2.4748666286468506 - critic/advantages/min:-1.2075914144515991 - critic/returns/mean:-0.013824819587171078 - critic/returns/max:2.4748666286468506 - critic/returns/min:-1.2075914144515991 - response_length/mean:840.82666015625 - response_length/max:2048.0 - response_length/min:4.0 - response_length/clip_ratio:0.07958984375 - response_length_non_aborted/mean:840.82666015625 - response_length_non_aborted/max:2048.0 - response_length_non_aborted/min:4.0 - response_length_non_aborted/clip_ratio:0.07958984375 - response/aborted_ratio:0.0 - prompt_length/mean:132.23046875 - prompt_length/max:486.0 - prompt_length/min:61.0 - prompt_length/clip_ratio:0.0 - num_turns/min:2 - num_turns/max:2 - num_turns/mean:2.0 - timing_s/start_profile:0.0007867569802328944 - timing_s/agent_loop/num_preempted/min:-1 - timing_s/agent_loop/num_preempted/max:-1 - timing_s/agent_loop/num_preempted/mean:-1.0 - timing_s/agent_loop/generate_sequences/min:0.295398527989164 - timing_s/agent_loop/generate_sequences/max:68.86046904601972 - timing_s/agent_loop/generate_sequences/mean:38.12931341879079 - timing_s/agent_loop/tool_calls/min:0.0 - timing_s/agent_loop/tool_calls/max:0.0 - timing_s/agent_loop/tool_calls/mean:0.0 - timing_s/agent_loop/compute_score/min:0.004920642008073628 - timing_s/agent_loop/compute_score/max:0.15191684401361272 - timing_s/agent_loop/compute_score/mean:0.013111674931664652 - timing_s/agent_loop/slowest/generate_sequences:68.86046904601972 - timing_s/agent_loop/slowest/tool_calls:0.0 - timing_s/agent_loop/slowest/compute_score:0.013125573983415961 - timing_s/agent_loop/slowest/num_preempted:-1 - timing_s/agent_loop/slowest/prompt_length:177 - timing_s/agent_loop/slowest/response_length:2048 - timing_s/gen:75.33125607098918 - timing_s/reward:3.863000893034041e-05 - timing_s/old_log_prob:19.40915232198313 - timing_s/adv:0.06009793101111427 - timing_s/update_actor:57.624469711008715 - timing_s/update_weights:3.195415628986666 - timing_s/step:156.2646764240053 - timing_s/stop_profile:0.00024477901752106845 - timing_per_token_ms/gen:0.043746043770278846 - timing_per_token_ms/adv:3.0157214828182898e-05 - timing_per_token_ms/update_actor:0.028916028941389473 - perf/total_num_tokens:1992821 - perf/time_per_step:156.2646764240053 - perf/throughput:3188.2141338723304
[36m(AgentLoopWorker pid=20942)[0m Using dataset class: RLHFDataset[32m [repeated 7x across cluster][0m
[36m(TaskRunner pid=15473)[0m step:12 - global_seqlen/min:465627 - global_seqlen/max:557560 - global_seqlen/minmax_diff:91933 - global_seqlen/balanced_min:505636 - global_seqlen/balanced_max:505641 - global_seqlen/mean:505637.75 - actor/entropy:0.24064648151397705 - perf/mfu/actor_infer:0.467033512339397 - actor/pg_clipfrac:0.0 - actor/ppo_kl:0.0 - actor/pg_clipfrac_lower:0.0 - actor/pg_loss:0.01864383209067455 - actor/entropy_loss:0.24064651085063815 - actor/loss:0.01840318739414215 - actor/grad_norm:0.1670849472284317 - actor/lr:4.992448103961192e-06 - perf/mfu/actor:0.3819672137742522 - training/global_step:12 - training/epoch:0 - critic/score/mean:0.02744140848517418 - critic/score/max:1.0 - critic/score/min:0.0 - critic/rewards/mean:0.02744140848517418 - critic/rewards/max:1.0 - critic/rewards/min:0.0 - critic/advantages/mean:-0.018643826246261597 - critic/advantages/max:2.4748666286468506 - critic/advantages/min:-1.6201503276824951 - critic/returns/mean:-0.018643826246261597 - critic/returns/max:2.4748666286468506 - critic/returns/min:-1.6201503276824951 - response_length/mean:846.90185546875 - response_length/max:2048.0 - response_length/min:49.0 - response_length/clip_ratio:0.07568359375 - response_length_non_aborted/mean:846.90185546875 - response_length_non_aborted/max:2048.0 - response_length_non_aborted/min:49.0 - response_length_non_aborted/clip_ratio:0.07568359375 - response/aborted_ratio:0.0 - prompt_length/mean:140.671875 - prompt_length/max:465.0 - prompt_length/min:63.0 - prompt_length/clip_ratio:0.0 - num_turns/min:2 - num_turns/max:2 - num_turns/mean:2.0 - timing_s/start_profile:7.934600580483675e-05 - timing_s/agent_loop/num_preempted/min:-1 - timing_s/agent_loop/num_preempted/max:-1 - timing_s/agent_loop/num_preempted/mean:-1.0 - timing_s/agent_loop/generate_sequences/min:3.3956758999847807 - timing_s/agent_loop/generate_sequences/max:70.95669586898293 - timing_s/agent_loop/generate_sequences/mean:39.26760810671534 - timing_s/agent_loop/tool_calls/min:0.0 - timing_s/agent_loop/tool_calls/max:0.0 - timing_s/agent_loop/tool_calls/mean:0.0 - timing_s/agent_loop/compute_score/min:0.0049868169880937785 - timing_s/agent_loop/compute_score/max:0.0743207560153678 - timing_s/agent_loop/compute_score/mean:0.012798513280131374 - timing_s/agent_loop/slowest/generate_sequences:70.95669586898293 - timing_s/agent_loop/slowest/tool_calls:0.0 - timing_s/agent_loop/slowest/compute_score:0.011499385989736766 - timing_s/agent_loop/slowest/num_preempted:-1 - timing_s/agent_loop/slowest/prompt_length:178 - timing_s/agent_loop/slowest/response_length:2048 - timing_s/gen:73.597291004 - timing_s/reward:7.293900125660002e-05 - timing_s/old_log_prob:18.038920263003092 - timing_s/adv:0.04410797299351543 - timing_s/update_actor:56.80077473301208 - timing_s/update_weights:3.13714817998698 - timing_s/step:152.28003187399008 - timing_s/stop_profile:5.2665011025965214e-05 - timing_per_token_ms/gen:0.04243251684477257 - timing_per_token_ms/adv:2.1808089384898295e-05 - timing_per_token_ms/update_actor:0.02808372927704274 - perf/total_num_tokens:2022551 - perf/time_per_step:152.28003187399008 - perf/throughput:3320.4468358557297[36m(TaskRunner pid=15473)[0m Training Progress:   3%|▎         | 12/348 [05:09<14:23:25, 154.18s/it]
[36m(WorkerDict pid=18720)[0m INFO:2026-06-07 07:32:30,603:update_weights done, time cost: 1.59s
[36m(TaskRunner pid=15473)[0m Training Progress:   4%|▎         | 13/348 [07:48<14:33:55, 156.52s/it]
[36m(WorkerDict pid=18720)[0m INFO:2026-06-07 07:35:22,013:update_weights done, time cost: 1.68s
[36m(TaskRunner pid=15473)[0m Training Progress:   4%|▍         | 14/348 [10:39<15:03:44, 162.35s/it]
[36m(WorkerDict pid=18720)[0m INFO:2026-06-07 07:38:07,836:update_weights done, time cost: 1.59s

[36m(TaskRunner pid=15473)[0m step:13 - global_seqlen/min:507707 - global_seqlen/max:553778 - global_seqlen/minmax_diff:46071 - global_seqlen/balanced_min:524705 - global_seqlen/balanced_max:524710 - global_seqlen/mean:524706.25 - actor/entropy:0.2474750429391861 - perf/mfu/actor_infer:0.46762479854614664 - actor/pg_clipfrac:0.0 - actor/ppo_kl:0.0 - actor/pg_clipfrac_lower:0.0 - actor/pg_loss:0.03789210362447193 - actor/entropy_loss:0.24747503991238773 - actor/loss:0.037644632160663605 - actor/grad_norm:0.19206352531909943 - actor/lr:4.990677895695946e-06 - perf/mfu/actor:0.3817997809661578 - training/global_step:13 - training/epoch:0 - critic/score/mean:0.05170898512005806 - critic/score/max:1.0 - critic/score/min:0.0 - critic/rewards/mean:0.05170898512005806 - critic/rewards/max:1.0 - critic/rewards/min:0.0 - critic/advantages/mean:-0.03789211064577103 - critic/advantages/max:2.4748666286468506 - critic/advantages/min:-2.474803924560547 - critic/returns/mean:-0.03789211064577103 - critic/returns/max:2.4748666286468506 - critic/returns/min:-2.474803924560547 - response_length/mean:884.43408203125 - response_length/max:2048.0 - response_length/min:10.0 - response_length/clip_ratio:0.07177734375 - response_length_non_aborted/mean:884.43408203125 - response_length_non_aborted/max:2048.0 - response_length_non_aborted/min:10.0 - response_length_non_aborted/clip_ratio:0.07177734375 - response/aborted_ratio:0.0 - prompt_length/mean:140.3828125 - prompt_length/max:315.0 - prompt_length/min:62.0 - prompt_length/clip_ratio:0.0 - num_turns/min:2 - num_turns/max:2 - num_turns/mean:2.0 - timing_s/start_profile:5.960397538729012e-05 - timing_s/agent_loop/num_preempted/min:-1 - timing_s/agent_loop/num_preempted/max:-1 - timing_s/agent_loop/num_preempted/mean:-1.0 - timing_s/agent_loop/generate_sequences/min:1.0511306429980323 - timing_s/agent_loop/generate_sequences/max:74.95597708801506 - timing_s/agent_loop/generate_sequences/mean:41.25344844926293 - timing_s/agent_loop/tool_calls/min:0.0 - timing_s/agent_loop/tool_calls/max:0.0 - timing_s/agent_loop/tool_calls/mean:0.0 - timing_s/agent_loop/compute_score/min:0.004726220009615645 - timing_s/agent_loop/compute_score/max:0.058862626989139244 - timing_s/agent_loop/compute_score/mean:0.012097982996294832 - timing_s/agent_loop/slowest/generate_sequences:74.95597708801506 - timing_s/agent_loop/slowest/tool_calls:0.0 - timing_s/agent_loop/slowest/compute_score:0.013967916020192206 - timing_s/agent_loop/slowest/num_preempted:-1 - timing_s/agent_loop/slowest/prompt_length:105 - timing_s/agent_loop/slowest/response_length:2048 - timing_s/gen:78.09954800500418 - timing_s/reward:3.127800300717354e-05 - timing_s/old_log_prob:18.642002365988446 - timing_s/adv:0.056300308991922066 - timing_s/update_actor:58.92065526501392 - timing_s/update_weights:3.0474765849940013 - timing_s/step:159.15979179699207 - timing_s/stop_profile:0.00018914099200628698 - timing_per_token_ms/gen:0.043117452955607635 - timing_per_token_ms/adv:2.6824679995674754e-05 - timing_per_token_ms/update_actor:0.028073162490924168 - perf/total_num_tokens:2098825 - perf/time_per_step:159.15979179699207 - perf/throughput:3296.7261647920573
[36m(TaskRunner pid=15473)[0m step:14 - global_seqlen/min:523631 - global_seqlen/max:576104 - global_seqlen/minmax_diff:52473 - global_seqlen/balanced_min:549569 - global_seqlen/balanced_max:549575 - global_seqlen/mean:549572.75 - actor/entropy:0.2227742075920105 - perf/mfu/actor_infer:0.46427228931247 - actor/pg_clipfrac:0.0 - actor/ppo_kl:0.0 - actor/pg_clipfrac_lower:0.0 - actor/pg_loss:0.07961381765198894 - actor/entropy_loss:0.2227742011891678 - actor/loss:0.07939104735851288 - actor/grad_norm:0.15353672206401825 - actor/lr:4.988721890735817e-06 - perf/mfu/actor:0.3784302545669697 - training/global_step:14 - training/epoch:0 - critic/score/mean:0.09467774629592896 - critic/score/max:1.0 - critic/score/min:0.0 - critic/rewards/mean:0.09467774629592896 - critic/rewards/max:1.0 - critic/rewards/min:0.0 - critic/advantages/mean:-0.0796138122677803 - critic/advantages/max:2.4748659133911133 - critic/advantages/min:-2.474803924560547 - critic/returns/mean:-0.0796138122677803 - critic/returns/max:2.4748659133911133 - critic/returns/min:-2.474803924560547 - response_length/mean:938.31396484375 - response_length/max:2048.0 - response_length/min:5.0 - response_length/clip_ratio:0.10498046875 - response_length_non_aborted/mean:938.31396484375 - response_length_non_aborted/max:2048.0 - response_length_non_aborted/min:5.0 - response_length_non_aborted/clip_ratio:0.10498046875 - response/aborted_ratio:0.0 - prompt_length/mean:135.0703125 - prompt_length/max:480.0 - prompt_length/min:65.0 - prompt_length/clip_ratio:0.0 - num_turns/min:2 - num_turns/max:2 - num_turns/mean:2.0 - timing_s/start_profile:7.698498666286469e-05 - timing_s/agent_loop/num_preempted/min:-1 - timing_s/agent_loop/num_preempted/max:-1 - timing_s/agent_loop/num_preempted/mean:-1.0 - timing_s/agent_loop/generate_sequences/min:0.209763983002631 - timing_s/agent_loop/generate_sequences/max:82.72134052202455 - timing_s/agent_loop/generate_sequences/mean:43.55415552852625 - timing_s/agent_loop/tool_calls/min:0.0 - timing_s/agent_loop/tool_calls/max:0.0 - timing_s/agent_loop/tool_calls/mean:0.0 - timing_s/agent_loop/compute_score/min:0.00544157499098219 - timing_s/agent_loop/compute_score/max:0.06765253600315191 - timing_s/agent_loop/compute_score/mean:0.012660958639301612 - timing_s/agent_loop/slowest/generate_sequences:82.72134052202455 - timing_s/agent_loop/slowest/tool_calls:0.0 - timing_s/agent_loop/slowest/compute_score:0.013863920990843326 - timing_s/agent_loop/slowest/num_preempted:-1 - timing_s/agent_loop/slowest/prompt_length:131 - timing_s/agent_loop/slowest/response_length:2048 - timing_s/gen:85.1770708099939 - timing_s/reward:4.6308006858453155e-05 - timing_s/old_log_prob:19.565214645001106 - timing_s/adv:0.04329187999246642 - timing_s/update_actor:62.649502776999725 - timing_s/update_weights:2.992166834999807 - timing_s/step:171.08058619499207 - timing_s/stop_profile:0.00020287197548896074 - timing_per_token_ms/gen:0.044324573825742904 - timing_per_token_ms/adv:1.969342548027828e-05 - timing_per_token_ms/update_actor:0.028499185402205498 - perf/total_num_tokens:2198291 - perf/time_per_step:171.08058619499207 - perf/throughput:3212.3618595368557
[36m(TaskRunner pid=15473)[0m step:15 - global_seqlen/min:493622 - global_seqlen/max:561067 - global_seqlen/minmax_diff:67445 - global_seqlen/balanced_min:537062 - global_seqlen/balanced_max:537069 - global_seqlen/mean:537065.25 - actor/entropy:0.21412920951843262 - perf/mfu/actor_infer:0.4677616965960601 - actor/pg_clipfrac:0.0 - actor/ppo_kl:0.0 - actor/pg_clipfrac_lower:0.0 - actor/pg_loss:0.1430807297292631 - actor/entropy_loss:0.21412918984424323 - actor/loss:0.1428665965795517 - actor/grad_norm:0.12394136190414429 - actor/lr:4.986580251272459e-06 - perf/mfu/actor:0.3776517811547986 - training/global_step:15 - training/epoch:0 - critic/score/mean:0.15141601860523224 - critic/score/max:1.0 - critic/score/min:0.0 - critic/rewards/mean:0.15141601860523224 - critic/rewards/max:1.0 - critic/rewards/min:0.0 - critic/advantages/mean:-0.1430807113647461 - critic/advantages/max:2.4748659133911133 - critic/advantages/min:-2.474865674972534 - critic/returns/mean:-0.1430807113647461 - critic/returns/max:2.4748659133911133 - critic/returns/min:-2.474865674972534 - response_length/mean:916.68603515625 - response_length/max:2048.0 - response_length/min:3.0 - response_length/clip_ratio:0.1142578125 - response_length_non_aborted/mean:916.68603515625 - response_length_non_aborted/max:2048.0 - response_length_non_aborted/min:3.0 - response_length_non_aborted/clip_ratio:0.1142578125 - response/aborted_ratio:0.0 - prompt_length/mean:132.26953125 - prompt_length/max:409.0 - prompt_length/min:59.0 - prompt_length/clip_ratio:0.0 - num_turns/min:2 - num_turns/max:2 - num_turns/mean:2.0 - timing_s/start_profile:7.691301289014518e-05 - timing_s/agent_loop/num_preempted/min:-1 - timing_s/agent_loop/num_preempted/max:-1 - timing_s/agent_loop/num_preempted/mean:-1.0 - timing_s/agent_loop/generate_sequences/min:0.23009297301177867 - timing_s/agent_loop/generate_sequences/max:80.55039847400622 - timing_s/agent_loop/generate_sequences/mean:41.05322764967153 - timing_s/agent_loop/tool_calls/min:0.0 - timing_s/agent_loop/tool_calls/max:0.0 - timing_s/agent_loop/tool_calls/mean:0.0 - timing_s/agent_loop/compute_score/min:0.004862847010372207 - timing_s/agent_loop/compute_score/max:0.09264615998836234 - timing_s/agent_loop/compute_score/mean:0.013283773608122829 - timing_s/agent_loop/slowest/generate_sequences:80.55039847400622 - timing_s/agent_loop/slowest/tool_calls:0.0 - timing_s/agent_loop/slowest/compute_score:0.013316952012246475 - timing_s/agent_loop/slowest/num_preempted:-1 - timing_s/agent_loop/slowest/prompt_length:150 - timing_s/agent_loop/slowest/response_length:2048 - timing_s/gen:83.24103246699087 - timing_s/reward:2.6585999876260757e-05 - timing_s/old_log_prob:18.071160587016493 - timing_s/adv:0.03513414898770861 - timing_s/update_actor:60.82807664698339 - timing_s/update_weights:3.1182097239943687 - timing_s/step:165.82255825199536 - timing_s/stop_profile:0.00019505101954564452 - timing_per_token_ms/gen:0.044339101748555494 - timing_per_token_ms/adv:1.6354692929634068e-05 - timing_per_token_ms/update_actor:0.02831503092360909 - perf/total_num_tokens:2148261 - perf/time_per_step:165.82255825199536 - perf/throughput:3238.7948639885217[36m(TaskRunner pid=15473)[0m Training Progress:   4%|▍         | 15/348 [13:25<15:08:20, 163.66s/it]
[36m(WorkerDict pid=18720)[0m INFO:2026-06-07 07:41:00,142:update_weights done, time cost: 1.74s
[36m(TaskRunner pid=15473)[0m Training Progress:   5%|▍         | 16/348 [16:17<15:21:01, 166.45s/it]
[36m(WorkerDict pid=18720)[0m INFO:2026-06-07 07:43:22,890:update_weights done, time cost: 1.99s
[36m(TaskRunner pid=15473)[0m Training Progress:   5%|▍         | 17/348 [18:40<14:35:49, 158.76s/it]
[36m(WorkerDict pid=18720)[0m INFO:2026-06-07 07:45:32,963:update_weights done, time cost: 1.98s

[36m(TaskRunner pid=15473)[0m step:16 - global_seqlen/min:517403 - global_seqlen/max:574180 - global_seqlen/minmax_diff:56777 - global_seqlen/balanced_min:547455 - global_seqlen/balanced_max:547466 - global_seqlen/mean:547460.75 - actor/entropy:0.18453697860240936 - perf/mfu/actor_infer:0.4724986197947727 - actor/pg_clipfrac:0.0 - actor/ppo_kl:0.0 - actor/pg_clipfrac_lower:0.0 - actor/pg_loss:0.12819534846494207 - actor/entropy_loss:0.18453699233941734 - actor/loss:0.1280108094215393 - actor/grad_norm:0.11438135802745819 - actor/lr:4.984253154890315e-06 - perf/mfu/actor:0.3777760462397904 - training/global_step:16 - training/epoch:0 - critic/score/mean:0.1730956882238388 - critic/score/max:1.0 - critic/score/min:0.0 - critic/rewards/mean:0.1730956882238388 - critic/rewards/max:1.0 - critic/rewards/min:0.0 - critic/advantages/mean:-0.12819534540176392 - critic/advantages/max:2.4748659133911133 - critic/advantages/min:-2.474865674972534 - critic/returns/mean:-0.12819534540176392 - critic/returns/max:2.4748659133911133 - critic/returns/min:-2.474865674972534 - response_length/mean:935.38427734375 - response_length/max:2048.0 - response_length/min:3.0 - response_length/clip_ratio:0.10693359375 - response_length_non_aborted/mean:935.38427734375 - response_length_non_aborted/max:2048.0 - response_length_non_aborted/min:3.0 - response_length_non_aborted/clip_ratio:0.10693359375 - response/aborted_ratio:0.0 - prompt_length/mean:133.875 - prompt_length/max:466.0 - prompt_length/min:61.0 - prompt_length/clip_ratio:0.0 - num_turns/min:2 - num_turns/max:2 - num_turns/mean:2.0 - timing_s/start_profile:8.443399565294385e-05 - timing_s/agent_loop/num_preempted/min:-1 - timing_s/agent_loop/num_preempted/max:-1 - timing_s/agent_loop/num_preempted/mean:-1.0 - timing_s/agent_loop/generate_sequences/min:0.19985200799419545 - timing_s/agent_loop/generate_sequences/max:84.74980307801161 - timing_s/agent_loop/generate_sequences/mean:42.68671671266779 - timing_s/agent_loop/tool_calls/min:0.0 - timing_s/agent_loop/tool_calls/max:0.0 - timing_s/agent_loop/tool_calls/mean:0.0 - timing_s/agent_loop/compute_score/min:0.005313054018188268 - timing_s/agent_loop/compute_score/max:0.09441128899925388 - timing_s/agent_loop/compute_score/mean:0.012818437427299045 - timing_s/agent_loop/slowest/generate_sequences:84.74980307801161 - timing_s/agent_loop/slowest/tool_calls:0.0 - timing_s/agent_loop/slowest/compute_score:0.009558580990415066 - timing_s/agent_loop/slowest/num_preempted:-1 - timing_s/agent_loop/slowest/prompt_length:88 - timing_s/agent_loop/slowest/response_length:2048 - timing_s/gen:87.47216313699028 - timing_s/reward:7.184100104495883e-05 - timing_s/old_log_prob:19.034666705003474 - timing_s/adv:0.03368016899912618 - timing_s/update_actor:61.712017141020624 - timing_s/update_weights:2.8222443030099384 - timing_s/step:171.73038111499045 - timing_s/stop_profile:0.0002446080034133047 - timing_per_token_ms/gen:0.0456614657646607 - timing_per_token_ms/adv:1.5380175199375564e-05 - timing_per_token_ms/update_actor:0.02818102354416304 - perf/total_num_tokens:2189843 - perf/time_per_step:171.73038111499045 - perf/throughput:3187.9085485370288
[36m(TaskRunner pid=15473)[0m step:17 - global_seqlen/min:454490 - global_seqlen/max:490887 - global_seqlen/minmax_diff:36397 - global_seqlen/balanced_min:470118 - global_seqlen/balanced_max:470122 - global_seqlen/mean:470119.5 - actor/entropy:0.21260938048362732 - perf/mfu/actor_infer:0.4696411702810039 - actor/pg_clipfrac:0.0 - actor/ppo_kl:0.0 - actor/pg_clipfrac_lower:0.0 - actor/pg_loss:0.13049347573178238 - actor/entropy_loss:0.21260935929603875 - actor/loss:0.13028086721897125 - actor/grad_norm:0.11542705446481705 - actor/lr:4.981740794551889e-06 - perf/mfu/actor:0.3796909430673778 - training/global_step:17 - training/epoch:0 - critic/score/mean:0.19516600668430328 - critic/score/max:1.0 - critic/score/min:0.0 - critic/rewards/mean:0.19516600668430328 - critic/rewards/max:1.0 - critic/rewards/min:0.0 - critic/advantages/mean:-0.13049347698688507 - critic/advantages/max:2.4748659133911133 - critic/advantages/min:-2.474865674972534 - critic/returns/mean:-0.13049347698688507 - critic/returns/max:2.4748659133911133 - critic/returns/min:-2.474865674972534 - response_length/mean:785.7490234375 - response_length/max:2048.0 - response_length/min:3.0 - response_length/clip_ratio:0.0634765625 - response_length_non_aborted/mean:785.7490234375 - response_length_non_aborted/max:2048.0 - response_length_non_aborted/min:3.0 - response_length_non_aborted/clip_ratio:0.0634765625 - response/aborted_ratio:0.0 - prompt_length/mean:132.453125 - prompt_length/max:367.0 - prompt_length/min:58.0 - prompt_length/clip_ratio:0.0 - num_turns/min:2 - num_turns/max:2 - num_turns/mean:2.0 - timing_s/start_profile:6.607201066799462e-05 - timing_s/agent_loop/num_preempted/min:-1 - timing_s/agent_loop/num_preempted/max:-1 - timing_s/agent_loop/num_preempted/mean:-1.0 - timing_s/agent_loop/generate_sequences/min:0.2712269850017037 - timing_s/agent_loop/generate_sequences/max:66.10821827899781 - timing_s/agent_loop/generate_sequences/mean:32.22408317531254 - timing_s/agent_loop/tool_calls/min:0.0 - timing_s/agent_loop/tool_calls/max:0.0 - timing_s/agent_loop/tool_calls/mean:0.0 - timing_s/agent_loop/compute_score/min:0.004193756991298869 - timing_s/agent_loop/compute_score/max:0.09285886600264348 - timing_s/agent_loop/compute_score/mean:0.013251406818483247 - timing_s/agent_loop/slowest/generate_sequences:66.0959140189807 - timing_s/agent_loop/slowest/tool_calls:0.0 - timing_s/agent_loop/slowest/compute_score:0.027091724012279883 - timing_s/agent_loop/slowest/num_preempted:-1 - timing_s/agent_loop/slowest/prompt_length:118 - timing_s/agent_loop/slowest/response_length:2048 - timing_s/gen:68.25274690601509 - timing_s/reward:3.1786010367795825e-05 - timing_s/old_log_prob:17.132274327013874 - timing_s/adv:0.04676027299137786 - timing_s/update_actor:53.546113938005874 - timing_s/update_weights:3.2648565670242533 - timing_s/step:142.80916601698846 - timing_s/stop_profile:0.00019509298726916313 - timing_per_token_ms/gen:0.042413716824496364 - timing_per_token_ms/adv:2.4866163279431007e-05 - timing_per_token_ms/update_actor:0.028474735645939955 - perf/total_num_tokens:1880478 - perf/time_per_step:142.80916601698846 - perf/throughput:3291.9420588456837
[36m(TaskRunner pid=15473)[0m step:18 - global_seqlen/min:407922 - global_seqlen/max:449033 - global_seqlen/minmax_diff:41111 - global_seqlen/balanced_min:423568 - global_seqlen/balanced_max:423570 - global_seqlen/mean:423568.75 - actor/entropy:0.2169666588306427 - perf/mfu/actor_infer:0.4618286380128567 - actor/pg_clipfrac:0.0 - actor/ppo_kl:0.0 - actor/pg_clipfrac_lower:0.0 - actor/pg_loss:0.04717588111634541 - actor/entropy_loss:0.21696663019247353 - actor/loss:0.046958912163972855 - actor/grad_norm:0.10069046914577484 - actor/lr:4.979043378581745e-06 - perf/mfu/actor:0.3696995939816035 - training/global_step:18 - training/epoch:0 - critic/score/mean:0.23691405355930328 - critic/score/max:1.0 - critic/score/min:0.0 - critic/rewards/mean:0.23691405355930328 - critic/rewards/max:1.0 - critic/rewards/min:0.0 - critic/advantages/mean:-0.04717589169740677 - critic/advantages/max:2.4748659133911133 - critic/advantages/min:-2.474865674972534 - critic/returns/mean:-0.04717589169740677 - critic/returns/max:2.4748659133911133 - critic/returns/min:-2.474865674972534 - response_length/mean:687.91552734375 - response_length/max:2048.0 - response_length/min:3.0 - response_length/clip_ratio:0.0322265625 - response_length_non_aborted/mean:687.91552734375 - response_length_non_aborted/max:2048.0 - response_length_non_aborted/min:3.0 - response_length_non_aborted/clip_ratio:0.0322265625 - response/aborted_ratio:0.0 - prompt_length/mean:139.3671875 - prompt_length/max:480.0 - prompt_length/min:60.0 - prompt_length/clip_ratio:0.0 - num_turns/min:2 - num_turns/max:2 - num_turns/mean:2.0 - timing_s/start_profile:8.127398905344307e-05 - timing_s/agent_loop/num_preempted/min:-1 - timing_s/agent_loop/num_preempted/max:-1 - timing_s/agent_loop/num_preempted/mean:-1.0 - timing_s/agent_loop/generate_sequences/min:0.4144917769881431 - timing_s/agent_loop/generate_sequences/max:58.89369857500424 - timing_s/agent_loop/generate_sequences/mean:28.01542955623954 - timing_s/agent_loop/tool_calls/min:0.0 - timing_s/agent_loop/tool_calls/max:0.0 - timing_s/agent_loop/tool_calls/mean:0.0 - timing_s/agent_loop/compute_score/min:0.005484700988745317 - timing_s/agent_loop/compute_score/max:0.052122719993349165 - timing_s/agent_loop/compute_score/mean:0.01212283716267848 - timing_s/agent_loop/slowest/generate_sequences:58.89369857500424 - timing_s/agent_loop/slowest/tool_calls:0.0 - timing_s/agent_loop/slowest/compute_score:0.018925000011222437 - timing_s/agent_loop/slowest/num_preempted:-1 - timing_s/agent_loop/slowest/prompt_length:105 - timing_s/agent_loop/slowest/response_length:2048 - timing_s/gen:60.966862971981755 - timing_s/reward:4.365399945527315e-05 - timing_s/old_log_prob:15.56071353299194 - timing_s/adv:0.06671335399732925 - timing_s/update_actor:49.51255519699771 - timing_s/update_weights:3.221494122000877 - timing_s/step:129.92640238199965 - timing_s/stop_profile:0.0002189690130762756 - timing_per_token_ms/gen:0.043274173757183516 - timing_per_token_ms/adv:3.937575304913857e-05 - timing_per_token_ms/update_actor:0.02922344672322835 - perf/total_num_tokens:1694275 - perf/time_per_step:129.92640238199965 - perf/throughput:3260.066793465547[36m(TaskRunner pid=15473)[0m Training Progress:   5%|▌         | 18/348 [20:50<13:42:56, 149.63s/it]
[36m(WorkerDict pid=18720)[0m INFO:2026-06-07 07:47:43,186:update_weights done, time cost: 1.62s
[36m(TaskRunner pid=15473)[0m Training Progress:   5%|▌         | 19/348 [23:01<13:07:41, 143.65s/it]
[36m(WorkerDict pid=18722)[0m INFO:2026-06-07 07:49:55,596:[Rank 2] Saved model to /workspace/AI4AI/experiments/claude-code-verl/workspace/checkpoints/grpo_v5/global_step_20/actor/model_world_size_4_rank_2.pt
[36m(WorkerDict pid=18720)[0m INFO:2026-06-07 07:50:00,659:[Rank 0] Saved optim to /workspace/AI4AI/experiments/claude-code-verl/workspace/checkpoints/grpo_v5/global_step_20/actor/optim_world_size_4_rank_0.pt
[36m(WorkerDict pid=18720)[0m INFO:2026-06-07 07:50:00,661:[Rank 0] Saved extra_state to /workspace/AI4AI/experiments/claude-code-verl/workspace/checkpoints/grpo_v5/global_step_20/actor/extra_state_world_size_4_rank_0.pt
[36m(WorkerDict pid=18721)[0m INFO:2026-06-07 07:49:55,971:[Rank 1] Saved model to /workspace/AI4AI/experiments/claude-code-verl/workspace/checkpoints/grpo_v5/global_step_20/actor/model_world_size_4_rank_1.pt[32m [repeated 3x across cluster][0m
[36m(WorkerDict pid=18720)[0m INFO:2026-06-07 07:50:00,876:[Rank 0] Saved model config and tokenizer class to /workspace/AI4AI/experiments/claude-code-verl/workspace/checkpoints/grpo_v5/global_step_20/actor/huggingface
[36m(WorkerDict pid=18720)[0m INFO:2026-06-07 07:50:04,570:update_weights done, time cost: 1.67s
[36m(TaskRunner pid=15473)[0m Training Progress:   6%|▌         | 20/348 [25:22<13:01:44, 143.00s/it]
[36m(WorkerDict pid=18721)[0m INFO:2026-06-07 07:50:02,662:[Rank 1] Saved optim to /workspace/AI4AI/experiments/claude-code-verl/workspace/checkpoints/grpo_v5/global_step_20/actor/optim_world_size_4_rank_1.pt[32m [repeated 3x across cluster][0m
[36m(WorkerDict pid=18721)[0m INFO:2026-06-07 07:50:02,665:[Rank 1] Saved extra_state to /workspace/AI4AI/experiments/claude-code-verl/workspace/checkpoints/grpo_v5/global_step_20/actor/extra_state_world_size_4_rank_1.pt[32m [repeated 3x across cluster][0m
[36m(WorkerDict pid=18720)[0m INFO:2026-06-07 07:52:09,822:update_weights done, time cost: 1.97s

[36m(TaskRunner pid=15473)[0m step:19 - global_seqlen/min:424359 - global_seqlen/max:440251 - global_seqlen/minmax_diff:15892 - global_seqlen/balanced_min:430947 - global_seqlen/balanced_max:430950 - global_seqlen/mean:430948.75 - actor/entropy:0.20941655337810516 - perf/mfu/actor_infer:0.4626101177720256 - actor/pg_clipfrac:0.0 - actor/ppo_kl:0.0 - actor/pg_clipfrac_lower:0.0 - actor/pg_loss:0.062479583648382686 - actor/entropy_loss:0.20941654476337135 - actor/loss:0.06227016821503639 - actor/grad_norm:0.08778347074985504 - actor/lr:4.976161130649235e-06 - perf/mfu/actor:0.37290368088865444 - training/global_step:19 - training/epoch:0 - critic/score/mean:0.2615722417831421 - critic/score/max:1.0 - critic/score/min:0.0 - critic/rewards/mean:0.2615722417831421 - critic/rewards/max:1.0 - critic/rewards/min:0.0 - critic/advantages/mean:-0.062479596585035324 - critic/advantages/max:2.4748659133911133 - critic/advantages/min:-2.4748666286468506 - critic/returns/mean:-0.062479596585035324 - critic/returns/max:2.4748659133911133 - critic/returns/min:-2.4748666286468506 - response_length/mean:707.22021484375 - response_length/max:2048.0 - response_length/min:3.0 - response_length/clip_ratio:0.02734375 - response_length_non_aborted/mean:707.22021484375 - response_length_non_aborted/max:2048.0 - response_length_non_aborted/min:3.0 - response_length_non_aborted/clip_ratio:0.02734375 - response/aborted_ratio:0.0 - prompt_length/mean:134.4765625 - prompt_length/max:454.0 - prompt_length/min:62.0 - prompt_length/clip_ratio:0.0 - num_turns/min:2 - num_turns/max:2 - num_turns/mean:2.0 - timing_s/start_profile:8.906700531952083e-05 - timing_s/agent_loop/num_preempted/min:-1 - timing_s/agent_loop/num_preempted/max:-1 - timing_s/agent_loop/num_preempted/mean:-1.0 - timing_s/agent_loop/generate_sequences/min:0.25295224000001326 - timing_s/agent_loop/generate_sequences/max:58.61106979701435 - timing_s/agent_loop/generate_sequences/mean:30.226639994087236 - timing_s/agent_loop/tool_calls/min:0.0 - timing_s/agent_loop/tool_calls/max:0.0 - timing_s/agent_loop/tool_calls/mean:0.0 - timing_s/agent_loop/compute_score/min:0.004741334996651858 - timing_s/agent_loop/compute_score/max:0.0445567219867371 - timing_s/agent_loop/compute_score/mean:0.01195973482091972 - timing_s/agent_loop/slowest/generate_sequences:58.61106979701435 - timing_s/agent_loop/slowest/tool_calls:0.0 - timing_s/agent_loop/slowest/compute_score:0.02173573902109638 - timing_s/agent_loop/slowest/num_preempted:-1 - timing_s/agent_loop/slowest/prompt_length:123 - timing_s/agent_loop/slowest/response_length:2048 - timing_s/gen:60.691854243021226 - timing_s/reward:3.862098674289882e-05 - timing_s/old_log_prob:16.014688636991195 - timing_s/adv:0.04474340900196694 - timing_s/update_actor:49.84283800597768 - timing_s/update_weights:3.150892138015479 - timing_s/step:130.36497903001145 - timing_s/stop_profile:0.00018383699352853 - timing_per_token_ms/gen:0.041903064749284014 - timing_per_token_ms/adv:2.5956339937154323e-05 - timing_per_token_ms/update_actor:0.02891459715684155 - perf/total_num_tokens:1723795 - perf/time_per_step:130.36497903001145 - perf/throughput:3305.7095027092428
[36m(TaskRunner pid=15473)[0m local_global_step_folder: /workspace/AI4AI/experiments/claude-code-verl/workspace/checkpoints/grpo_v5/global_step_20
[36m(TaskRunner pid=15473)[0m step:20 - global_seqlen/min:400382 - global_seqlen/max:446363 - global_seqlen/minmax_diff:45981 - global_seqlen/balanced_min:423041 - global_seqlen/balanced_max:423048 - global_seqlen/mean:423045.25 - actor/entropy:0.2054750621318817 - perf/mfu/actor_infer:0.46270087937910653 - actor/pg_clipfrac:0.0 - actor/ppo_kl:0.0 - actor/pg_clipfrac_lower:0.0 - actor/pg_loss:0.03788142431949382 - actor/entropy_loss:0.2054750493261963 - actor/loss:0.037675950676202774 - actor/grad_norm:0.08521037548780441 - actor/lr:4.97309428974995e-06 - perf/mfu/actor:0.3714633569429706 - training/global_step:20 - training/epoch:0 - critic/score/mean:0.2768065929412842 - critic/score/max:1.0 - critic/score/min:0.0 - critic/rewards/mean:0.2768065929412842 - critic/rewards/max:1.0 - critic/rewards/min:0.0 - critic/advantages/mean:-0.037881433963775635 - critic/advantages/max:2.4748659133911133 - critic/advantages/min:-2.474865674972534 - critic/returns/mean:-0.037881433963775635 - critic/returns/max:2.4748659133911133 - critic/returns/min:-2.474865674972534 - response_length/mean:692.84619140625 - response_length/max:2048.0 - response_length/min:5.0 - response_length/clip_ratio:0.01416015625 - response_length_non_aborted/mean:692.84619140625 - response_length_non_aborted/max:2048.0 - response_length_non_aborted/min:5.0 - response_length_non_aborted/clip_ratio:0.01416015625 - response/aborted_ratio:0.0 - prompt_length/mean:133.4140625 - prompt_length/max:440.0 - prompt_length/min:59.0 - prompt_length/clip_ratio:0.0 - num_turns/min:2 - num_turns/max:2 - num_turns/mean:2.0 - timing_s/start_profile:7.971501327119768e-05 - timing_s/agent_loop/num_preempted/min:-1 - timing_s/agent_loop/num_preempted/max:-1 - timing_s/agent_loop/num_preempted/mean:-1.0 - timing_s/agent_loop/generate_sequences/min:0.23634473900892772 - timing_s/agent_loop/generate_sequences/max:59.43175093099126 - timing_s/agent_loop/generate_sequences/mean:31.121348471499743 - timing_s/agent_loop/tool_calls/min:0.0 - timing_s/agent_loop/tool_calls/max:0.0 - timing_s/agent_loop/tool_calls/mean:0.0 - timing_s/agent_loop/compute_score/min:0.005244337022304535 - timing_s/agent_loop/compute_score/max:0.0318986120109912 - timing_s/agent_loop/compute_score/mean:0.011777073494172896 - timing_s/agent_loop/slowest/generate_sequences:59.42655645299237 - timing_s/agent_loop/slowest/tool_calls:0.0 - timing_s/agent_loop/slowest/compute_score:0.01691577400197275 - timing_s/agent_loop/slowest/num_preempted:-1 - timing_s/agent_loop/slowest/prompt_length:107 - timing_s/agent_loop/slowest/response_length:2048 - timing_s/gen:61.55657639200217 - timing_s/reward:3.559698234312236e-05 - timing_s/old_log_prob:15.886868136003613 - timing_s/adv:0.050216304982313886 - timing_s/update_actor:48.80497540300712 - timing_s/save_checkpoint:11.114780386997154 - timing_s/update_weights:3.37806116201682 - timing_s/step:141.40757840199512 - timing_s/stop_profile:0.00022246301523409784 - timing_per_token_ms/gen:0.04338181033427006 - timing_per_token_ms/adv:2.967549274121024e-05 - timing_per_token_ms/update_actor:0.028841462824016534 - perf/total_num_tokens:1692181 - perf/time_per_step:141.40757840199512 - perf/throughput:2991.673111022112
[36m(TaskRunner pid=15473)[0m step:21 - global_seqlen/min:373017 - global_seqlen/max:418574 - global_seqlen/minmax_diff:45557 - global_seqlen/balanced_min:400295 - global_seqlen/balanced_max:400303 - global_seqlen/mean:400299.5 - actor/entropy:0.22932687401771545 - perf/mfu/actor_infer:0.45283810486634407 - actor/pg_clipfrac:0.0 - actor/ppo_kl:0.0 - actor/pg_clipfrac_lower:0.0 - actor/pg_loss:0.036707102466607466 - actor/entropy_loss:0.22932686330750585 - actor/loss:0.03647777810692787 - actor/grad_norm:0.08247995376586914 - actor/lr:4.969843110185905e-06 - perf/mfu/actor:0.37900279348562055 - training/global_step:21 - training/epoch:0 - critic/score/mean:0.2479003667831421 - critic/score/max:1.0 - critic/score/min:0.0 - critic/rewards/mean:0.2479003667831421 - critic/rewards/max:1.0 - critic/rewards/min:0.0 - critic/advantages/mean:-0.036707110702991486 - critic/advantages/max:2.4748659133911133 - critic/advantages/min:-2.474865674972534 - critic/returns/mean:-0.036707110702991486 - critic/returns/max:2.4748659133911133 - critic/returns/min:-2.474865674972534 - response_length/mean:647.2998046875 - response_length/max:2048.0 - response_length/min:6.0 - response_length/clip_ratio:0.00927734375 - response_length_non_aborted/mean:647.2998046875 - response_length_non_aborted/max:2048.0 - response_length_non_aborted/min:6.0 - response_length_non_aborted/clip_ratio:0.00927734375 - response/aborted_ratio:0.0 - prompt_length/mean:134.53515625 - prompt_length/max:466.0 - prompt_length/min:60.0 - prompt_length/clip_ratio:0.0 - num_turns/min:2 - num_turns/max:2 - num_turns/mean:2.0 - timing_s/start_profile:7.85859883762896e-05 - timing_s/agent_loop/num_preempted/min:-1 - timing_s/agent_loop/num_preempted/max:-1 - timing_s/agent_loop/num_preempted/mean:-1.0 - timing_s/agent_loop/generate_sequences/min:0.905045980005525 - timing_s/agent_loop/generate_sequences/max:57.01494989800267 - timing_s/agent_loop/generate_sequences/mean:29.64955873805458 - timing_s/agent_loop/tool_calls/min:0.0 - timing_s/agent_loop/tool_calls/max:0.0 - timing_s/agent_loop/tool_calls/mean:0.0 - timing_s/agent_loop/compute_score/min:0.0054165240144357085 - timing_s/agent_loop/compute_score/max:0.03431847199681215 - timing_s/agent_loop/compute_score/mean:0.011732154542713147 - timing_s/agent_loop/slowest/generate_sequences:57.01494989800267 - timing_s/agent_loop/slowest/tool_calls:0.0 - timing_s/agent_loop/slowest/compute_score:0.012507009989349172 - timing_s/agent_loop/slowest/num_preempted:-1 - timing_s/agent_loop/slowest/prompt_length:196 - timing_s/agent_loop/slowest/response_length:2048 - timing_s/gen:59.221232414012775 - timing_s/reward:7.364602060988545e-05 - timing_s/old_log_prob:15.561925964982947 - timing_s/adv:0.04852334101451561 - timing_s/update_actor:45.99599652501638 - timing_s/update_weights:3.291706233023433 - timing_s/step:124.7029851829866 - timing_s/stop_profile:0.00019488297402858734 - timing_per_token_ms/gen:0.04467268054192429 - timing_per_token_ms/adv:3.030439771628219e-05 - timing_per_token_ms/update_actor:0.028725989243689024 - perf/total_num_tokens:1601198 - perf/time_per_step:124.7029851829866 - perf/throughput:3210.023396092794[36m(TaskRunner pid=15473)[0m Training Progress:   6%|▌         | 21/348 [27:27<12:29:04, 137.45s/it]
[36m(WorkerDict pid=18720)[0m INFO:2026-06-07 07:54:09,724:update_weights done, time cost: 1.76s
[36m(TaskRunner pid=15473)[0m Training Progress:   6%|▋         | 22/348 [29:27<11:57:21, 132.03s/it]
[36m(WorkerDict pid=18720)[0m INFO:2026-06-07 07:56:05,745:update_weights done, time cost: 1.87s
[36m(TaskRunner pid=15473)[0m Training Progress:   7%|▋         | 23/348 [31:23<11:28:45, 127.16s/it]
[36m(WorkerDict pid=18720)[0m INFO:2026-06-07 07:57:51,046:update_weights done, time cost: 1.74s

[36m(TaskRunner pid=15473)[0m step:22 - global_seqlen/min:382114 - global_seqlen/max:399268 - global_seqlen/minmax_diff:17154 - global_seqlen/balanced_min:388451 - global_seqlen/balanced_max:388455 - global_seqlen/mean:388453.0 - actor/entropy:0.2319907248020172 - perf/mfu/actor_infer:0.4622293934504082 - actor/pg_clipfrac:0.0 - actor/ppo_kl:0.0 - actor/pg_clipfrac_lower:0.0 - actor/pg_loss:0.026126879318326246 - actor/entropy_loss:0.23199073690921068 - actor/loss:0.0258948877453804 - actor/grad_norm:0.0759163424372673 - actor/lr:4.966407861544451e-06 - perf/mfu/actor:0.3820505313004381 - training/global_step:22 - training/epoch:0 - critic/score/mean:0.23979488015174866 - critic/score/max:1.0 - critic/score/min:0.0 - critic/rewards/mean:0.23979488015174866 - critic/rewards/max:1.0 - critic/rewards/min:0.0 - critic/advantages/mean:-0.026126889511942863 - critic/advantages/max:2.4748659133911133 - critic/advantages/min:-2.474865674972534 - critic/returns/mean:-0.026126889511942863 - critic/returns/max:2.4748659133911133 - critic/returns/min:-2.474865674972534 - response_length/mean:622.978515625 - response_length/max:2048.0 - response_length/min:105.0 - response_length/clip_ratio:0.00830078125 - response_length_non_aborted/mean:622.978515625 - response_length_non_aborted/max:2048.0 - response_length_non_aborted/min:105.0 - response_length_non_aborted/clip_ratio:0.00830078125 - response/aborted_ratio:0.0 - prompt_length/mean:135.71875 - prompt_length/max:510.0 - prompt_length/min:57.0 - prompt_length/clip_ratio:0.0 - num_turns/min:2 - num_turns/max:2 - num_turns/mean:2.0 - timing_s/start_profile:7.703099981881678e-05 - timing_s/agent_loop/num_preempted/min:-1 - timing_s/agent_loop/num_preempted/max:-1 - timing_s/agent_loop/num_preempted/mean:-1.0 - timing_s/agent_loop/generate_sequences/min:6.31755724301911 - timing_s/agent_loop/generate_sequences/max:56.2296285580087 - timing_s/agent_loop/generate_sequences/mean:28.9576121248669 - timing_s/agent_loop/tool_calls/min:0.0 - timing_s/agent_loop/tool_calls/max:0.0 - timing_s/agent_loop/tool_calls/mean:0.0 - timing_s/agent_loop/compute_score/min:0.004626556998118758 - timing_s/agent_loop/compute_score/max:0.4409725370060187 - timing_s/agent_loop/compute_score/mean:0.011704338562921635 - timing_s/agent_loop/slowest/generate_sequences:56.22395780700026 - timing_s/agent_loop/slowest/tool_calls:0.0 - timing_s/agent_loop/slowest/compute_score:0.08418183101457544 - timing_s/agent_loop/slowest/num_preempted:-1 - timing_s/agent_loop/slowest/prompt_length:81 - timing_s/agent_loop/slowest/response_length:2048 - timing_s/gen:58.409105767001165 - timing_s/reward:4.141798126511276e-05 - timing_s/old_log_prob:14.163625728018815 - timing_s/adv:0.04102746001444757 - timing_s/update_actor:43.44392995699309 - timing_s/update_weights:2.7986783779924735 - timing_s/step:119.50885438901605 - timing_s/stop_profile:9.459201828576624e-05 - timing_per_token_ms/gen:0.04578018416362388 - timing_per_token_ms/adv:2.6404391274135847e-05 - timing_per_token_ms/update_actor:0.027959579380898776 - perf/total_num_tokens:1553812 - perf/time_per_step:119.50885438901605 - perf/throughput:3250.4118794038272
[36m(TaskRunner pid=15473)[0m step:23 - global_seqlen/min:345145 - global_seqlen/max:370852 - global_seqlen/minmax_diff:25707 - global_seqlen/balanced_min:355177 - global_seqlen/balanced_max:355184 - global_seqlen/mean:355181.0 - actor/entropy:0.24164316058158875 - perf/mfu/actor_infer:0.4535189421036964 - actor/pg_clipfrac:0.0 - actor/ppo_kl:0.0 - actor/pg_clipfrac_lower:0.0 - actor/pg_loss:0.009266302742616972 - actor/entropy_loss:0.24164314311929047 - actor/loss:0.009024658240377903 - actor/grad_norm:0.07921541482210159 - actor/lr:4.96278882867592e-06 - perf/mfu/actor:0.36729599344598424 - training/global_step:23 - training/epoch:0 - critic/score/mean:0.2460937350988388 - critic/score/max:1.0 - critic/score/min:0.0 - critic/rewards/mean:0.2460937350988388 - critic/rewards/max:1.0 - critic/rewards/min:0.0 - critic/advantages/mean:-0.009266308508813381 - critic/advantages/max:2.4748659133911133 - critic/advantages/min:-2.474865674972534 - critic/returns/mean:-0.009266308508813381 - critic/returns/max:2.4748659133911133 - critic/returns/min:-2.474865674972534 - response_length/mean:557.048828125 - response_length/max:2048.0 - response_length/min:5.0 - response_length/clip_ratio:0.001953125 - response_length_non_aborted/mean:557.048828125 - response_length_non_aborted/max:2048.0 - response_length_non_aborted/min:5.0 - response_length_non_aborted/clip_ratio:0.001953125 - response/aborted_ratio:0.0 - prompt_length/mean:136.6640625 - prompt_length/max:406.0 - prompt_length/min:64.0 - prompt_length/clip_ratio:0.0 - num_turns/min:2 - num_turns/max:2 - num_turns/mean:2.0 - timing_s/start_profile:8.281099144369364e-05 - timing_s/agent_loop/num_preempted/min:-1 - timing_s/agent_loop/num_preempted/max:-1 - timing_s/agent_loop/num_preempted/mean:-1.0 - timing_s/agent_loop/generate_sequences/min:0.506470130989328 - timing_s/agent_loop/generate_sequences/max:54.13005976800923 - timing_s/agent_loop/generate_sequences/mean:27.474612436445028 - timing_s/agent_loop/tool_calls/min:0.0 - timing_s/agent_loop/tool_calls/max:0.0 - timing_s/agent_loop/tool_calls/mean:0.0 - timing_s/agent_loop/compute_score/min:0.005292462999932468 - timing_s/agent_loop/compute_score/max:0.11016600200673565 - timing_s/agent_loop/compute_score/mean:0.013071007653209676 - timing_s/agent_loop/slowest/generate_sequences:54.13005976800923 - timing_s/agent_loop/slowest/tool_calls:0.0 - timing_s/agent_loop/slowest/compute_score:0.012298079003812745 - timing_s/agent_loop/slowest/num_preempted:-1 - timing_s/agent_loop/slowest/prompt_length:77 - timing_s/agent_loop/slowest/response_length:2048 - timing_s/gen:56.30382445000578 - timing_s/reward:4.924999666400254e-05 - timing_s/old_log_prob:13.825391173973912 - timing_s/adv:0.051435802975902334 - timing_s/update_actor:42.2070884249988 - timing_s/update_weights:2.8612476880080067 - timing_s/step:115.83364214000176 - timing_s/stop_profile:0.00023220499861054122 - timing_per_token_ms/gen:0.04935312739956118 - timing_per_token_ms/adv:3.620393755289721e-05 - timing_per_token_ms/update_actor:0.02970815473307891 - perf/total_num_tokens:1420724 - perf/time_per_step:115.83364214000176 - perf/throughput:3066.302616736442
[36m(TaskRunner pid=15473)[0m step:24 - global_seqlen/min:334188 - global_seqlen/max:344937 - global_seqlen/minmax_diff:10749 - global_seqlen/balanced_min:338140 - global_seqlen/balanced_max:338156 - global_seqlen/mean:338148.0 - actor/entropy:0.2572651207447052 - perf/mfu/actor_infer:0.46048739854202814 - actor/pg_clipfrac:0.0 - actor/ppo_kl:0.0 - actor/pg_clipfrac_lower:0.0 - actor/pg_loss:0.006484430551608966 - actor/entropy_loss:0.25726511096581817 - actor/loss:0.006227164063602686 - actor/grad_norm:0.07920725643634796 - actor/lr:4.958986311670008e-06 - perf/mfu/actor:0.3803780517704333 - training/global_step:24 - training/epoch:0 - critic/score/mean:0.25053709745407104 - critic/score/max:1.0 - critic/score/min:0.0 - critic/rewards/mean:0.25053709745407104 - critic/rewards/max:1.0 - critic/rewards/min:0.0 - critic/advantages/mean:-0.006484440993517637 - critic/advantages/max:2.4748659133911133 - critic/advantages/min:-2.474865674972534 - critic/returns/mean:-0.006484440993517637 - critic/returns/max:2.4748659133911133 - critic/returns/min:-2.474865674972534 - response_length/mean:524.94921875 - response_length/max:2048.0 - response_length/min:80.0 - response_length/clip_ratio:0.0009765625 - response_length_non_aborted/mean:524.94921875 - response_length_non_aborted/max:2048.0 - response_length_non_aborted/min:80.0 - response_length_non_aborted/clip_ratio:0.0009765625 - response/aborted_ratio:0.0 - prompt_length/mean:135.49609375 - prompt_length/max:388.0 - prompt_length/min:63.0 - prompt_length/clip_ratio:0.0 - num_turns/min:2 - num_turns/max:2 - num_turns/mean:2.0 - timing_s/start_profile:7.025999366305768e-05 - timing_s/agent_loop/num_preempted/min:-1 - timing_s/agent_loop/num_preempted/max:-1 - timing_s/agent_loop/num_preempted/mean:-1.0 - timing_s/agent_loop/generate_sequences/min:4.852879435988143 - timing_s/agent_loop/generate_sequences/max:46.122259434021544 - timing_s/agent_loop/generate_sequences/mean:25.262237570237943 - timing_s/agent_loop/tool_calls/min:0.0 - timing_s/agent_loop/tool_calls/max:0.0 - timing_s/agent_loop/tool_calls/mean:0.0 - timing_s/agent_loop/compute_score/min:0.004291604011086747 - timing_s/agent_loop/compute_score/max:0.044472987996414304 - timing_s/agent_loop/compute_score/mean:0.011374367100799532 - timing_s/agent_loop/slowest/generate_sequences:46.122259434021544 - timing_s/agent_loop/slowest/tool_calls:0.0 - timing_s/agent_loop/slowest/compute_score:0.013158253015717492 - timing_s/agent_loop/slowest/num_preempted:-1 - timing_s/agent_loop/slowest/prompt_length:239 - timing_s/agent_loop/slowest/response_length:2048 - timing_s/gen:48.93545171699952 - timing_s/reward:3.958400338888168e-05 - timing_s/old_log_prob:14.108370431000367 - timing_s/adv:0.03743136298726313 - timing_s/update_actor:38.722214509994956 - timing_s/update_weights:2.807320516993059 - timing_s/step:105.21721703599906 - timing_s/stop_profile:0.00019495197921060026 - timing_per_token_ms/gen:0.04551728563495681 - timing_per_token_ms/adv:2.7673801846575413e-05 - timing_per_token_ms/update_actor:0.028628155800119293 - perf/total_num_tokens:1352592 - perf/time_per_step:105.21721703599906 - perf/throughput:3213.808628718111[36m(TaskRunner pid=15473)[0m Training Progress:   7%|▋         | 24/348 [33:08<10:51:09, 120.58s/it]
[36m(WorkerDict pid=18720)[0m INFO:2026-06-07 07:59:37,413:update_weights done, time cost: 1.49s
[36m(TaskRunner pid=15473)[0m Training Progress:   7%|▋         | 25/348 [34:55<10:26:37, 116.40s/it]
[36m(WorkerDict pid=18720)[0m INFO:2026-06-07 08:01:12,314:update_weights done, time cost: 1.77s
[36m(TaskRunner pid=15473)[0m Training Progress:   7%|▋         | 26/348 [36:30<9:50:04, 109.95s/it] 
[36m(WorkerDict pid=18720)[0m INFO:2026-06-07 08:02:57,434:update_weights done, time cost: 1.75s

[36m(TaskRunner pid=15473)[0m step:25 - global_seqlen/min:319553 - global_seqlen/max:331458 - global_seqlen/minmax_diff:11905 - global_seqlen/balanced_min:326520 - global_seqlen/balanced_max:326530 - global_seqlen/mean:326524.5 - actor/entropy:0.26329895853996277 - perf/mfu/actor_infer:0.4615100152875105 - actor/pg_clipfrac:0.0 - actor/ppo_kl:0.0 - actor/pg_clipfrac_lower:0.0 - actor/pg_loss:0.0038753352287130838 - actor/entropy_loss:0.26329894340597093 - actor/loss:0.003612036816775799 - actor/grad_norm:0.08551748096942902 - actor/lr:4.955000625830886e-06 - perf/mfu/actor:0.37493109587291024 - training/global_step:25 - training/epoch:0 - critic/score/mean:0.2972167730331421 - critic/score/max:1.0 - critic/score/min:0.0 - critic/rewards/mean:0.2972167730331421 - critic/rewards/max:1.0 - critic/rewards/min:0.0 - critic/advantages/mean:-0.003875340335071087 - critic/advantages/max:2.4748659133911133 - critic/advantages/min:-2.474865674972534 - critic/returns/mean:-0.003875340335071087 - critic/returns/max:2.4748659133911133 - critic/returns/min:-2.474865674972534 - response_length/mean:513.3564453125 - response_length/max:2048.0 - response_length/min:101.0 - response_length/clip_ratio:0.0009765625 - response_length_non_aborted/mean:513.3564453125 - response_length_non_aborted/max:2048.0 - response_length_non_aborted/min:101.0 - response_length_non_aborted/clip_ratio:0.0009765625 - response/aborted_ratio:0.0 - prompt_length/mean:124.38671875 - prompt_length/max:330.0 - prompt_length/min:62.0 - prompt_length/clip_ratio:0.0 - num_turns/min:2 - num_turns/max:2 - num_turns/mean:2.0 - timing_s/start_profile:7.542900857515633e-05 - timing_s/agent_loop/num_preempted/min:-1 - timing_s/agent_loop/num_preempted/max:-1 - timing_s/agent_loop/num_preempted/mean:-1.0 - timing_s/agent_loop/generate_sequences/min:5.924424791010097 - timing_s/agent_loop/generate_sequences/max:48.8302023599972 - timing_s/agent_loop/generate_sequences/mean:24.021669044667547 - timing_s/agent_loop/tool_calls/min:0.0 - timing_s/agent_loop/tool_calls/max:0.0 - timing_s/agent_loop/tool_calls/mean:0.0 - timing_s/agent_loop/compute_score/min:0.0044222259894013405 - timing_s/agent_loop/compute_score/max:0.03192420199047774 - timing_s/agent_loop/compute_score/mean:0.011116344239198384 - timing_s/agent_loop/slowest/generate_sequences:48.8302023599972 - timing_s/agent_loop/slowest/tool_calls:0.0 - timing_s/agent_loop/slowest/compute_score:0.013187278003897518 - timing_s/agent_loop/slowest/num_preempted:-1 - timing_s/agent_loop/slowest/prompt_length:105 - timing_s/agent_loop/slowest/response_length:2048 - timing_s/gen:51.184718345000874 - timing_s/reward:4.529202124103904e-05 - timing_s/old_log_prob:13.1415594459977 - timing_s/adv:0.050510417990153655 - timing_s/update_actor:38.59932119899895 - timing_s/update_weights:2.903298132994678 - timing_s/step:106.57330197401461 - timing_s/stop_profile:0.00018881098367273808 - timing_per_token_ms/gen:0.04868457089144177 - timing_per_token_ms/adv:3.86727626794878e-05 - timing_per_token_ms/update_actor:0.029553158491169077 - perf/total_num_tokens:1306098 - perf/time_per_step:106.57330197401461 - perf/throughput:3063.848956088602
[36m(TaskRunner pid=15473)[0m step:26 - global_seqlen/min:312906 - global_seqlen/max:323727 - global_seqlen/minmax_diff:10821 - global_seqlen/balanced_min:318611 - global_seqlen/balanced_max:318616 - global_seqlen/mean:318614.5 - actor/entropy:0.2914532423019409 - perf/mfu/actor_infer:0.4457592186889286 - actor/pg_clipfrac:0.0 - actor/ppo_kl:0.0 - actor/pg_clipfrac_lower:0.0 - actor/pg_loss:0.004340271864293754 - actor/entropy_loss:0.2914532236754894 - actor/loss:0.004048818722367287 - actor/grad_norm:0.0901348814368248 - actor/lr:4.950832101651064e-06 - perf/mfu/actor:0.3672701917055954 - training/global_step:26 - training/epoch:0 - critic/score/mean:0.26728513836860657 - critic/score/max:1.0 - critic/score/min:0.0 - critic/rewards/mean:0.26728513836860657 - critic/rewards/max:1.0 - critic/rewards/min:0.0 - critic/advantages/mean:-0.004340274725109339 - critic/advantages/max:2.4748659133911133 - critic/advantages/min:-2.474865674972534 - critic/returns/mean:-0.004340274725109339 - critic/returns/max:2.4748659133911133 - critic/returns/min:-2.474865674972534 - response_length/mean:492.8173828125 - response_length/max:1304.0 - response_length/min:84.0 - response_length/clip_ratio:0.0 - response_length_non_aborted/mean:492.8173828125 - response_length_non_aborted/max:1304.0 - response_length_non_aborted/min:84.0 - response_length_non_aborted/clip_ratio:0.0 - response/aborted_ratio:0.0 - prompt_length/mean:129.4765625 - prompt_length/max:327.0 - prompt_length/min:59.0 - prompt_length/clip_ratio:0.0 - num_turns/min:2 - num_turns/max:2 - num_turns/mean:2.0 - timing_s/start_profile:8.00889974925667e-05 - timing_s/agent_loop/num_preempted/min:-1 - timing_s/agent_loop/num_preempted/max:-1 - timing_s/agent_loop/num_preempted/mean:-1.0 - timing_s/agent_loop/generate_sequences/min:5.122452835988952 - timing_s/agent_loop/generate_sequences/max:36.70790737000061 - timing_s/agent_loop/generate_sequences/mean:23.599583237230362 - timing_s/agent_loop/tool_calls/min:0.0 - timing_s/agent_loop/tool_calls/max:0.0 - timing_s/agent_loop/tool_calls/mean:0.0 - timing_s/agent_loop/compute_score/min:0.0041278660064563155 - timing_s/agent_loop/compute_score/max:0.03916284500155598 - timing_s/agent_loop/compute_score/mean:0.011984070942560265 - timing_s/agent_loop/slowest/generate_sequences:36.70790737000061 - timing_s/agent_loop/slowest/tool_calls:0.0 - timing_s/agent_loop/slowest/compute_score:0.013152336003258824 - timing_s/agent_loop/slowest/num_preempted:-1 - timing_s/agent_loop/slowest/prompt_length:135 - timing_s/agent_loop/slowest/response_length:1223 - timing_s/gen:39.55669607798336 - timing_s/reward:6.451600347645581e-05 - timing_s/old_log_prob:12.759418994013686 - timing_s/adv:0.04657453199615702 - timing_s/update_actor:38.506328616000246 - timing_s/update_weights:3.206649104016833 - timing_s/step:94.78446735499892 - timing_s/stop_profile:0.0002275260048918426 - timing_per_token_ms/gen:0.03919259685321697 - timing_per_token_ms/adv:3.654457973205631e-05 - timing_per_token_ms/update_actor:0.03021388591542463 - perf/total_num_tokens:1274458 - perf/time_per_step:94.78446735499892 - perf/throughput:3361.4632111259766
[36m(TaskRunner pid=15473)[0m step:27 - global_seqlen/min:325861 - global_seqlen/max:332569 - global_seqlen/minmax_diff:6708 - global_seqlen/balanced_min:328632 - global_seqlen/balanced_max:328654 - global_seqlen/mean:328645.0 - actor/entropy:0.30348026752471924 - perf/mfu/actor_infer:0.4509067271556255 - actor/pg_clipfrac:0.0 - actor/ppo_kl:0.0 - actor/pg_clipfrac_lower:0.0 - actor/pg_loss:0.0032621202190057375 - actor/entropy_loss:0.30348021956160665 - actor/loss:0.002958639059215784 - actor/grad_norm:0.08138257265090942 - actor/lr:4.946481084783976e-06 - perf/mfu/actor:0.3723949450053331 - training/global_step:27 - training/epoch:0 - critic/score/mean:0.24101561307907104 - critic/score/max:1.0 - critic/score/min:0.0 - critic/rewards/mean:0.24101561307907104 - critic/rewards/max:1.0 - critic/rewards/min:0.0 - critic/advantages/mean:-0.0032621261198073626 - critic/advantages/max:2.4748659133911133 - critic/advantages/min:-2.474865674972534 - critic/returns/mean:-0.0032621261198073626 - critic/returns/max:2.4748659133911133 - critic/returns/min:-2.474865674972534 - response_length/mean:510.798828125 - response_length/max:2048.0 - response_length/min:97.0 - response_length/clip_ratio:0.00048828125 - response_length_non_aborted/mean:510.798828125 - response_length_non_aborted/max:2048.0 - response_length_non_aborted/min:97.0 - response_length_non_aborted/clip_ratio:0.00048828125 - response/aborted_ratio:0.0 - prompt_length/mean:131.0859375 - prompt_length/max:452.0 - prompt_length/min:59.0 - prompt_length/clip_ratio:0.0 - num_turns/min:2 - num_turns/max:2 - num_turns/mean:2.0 - timing_s/start_profile:0.00013606101856566966 - timing_s/agent_loop/num_preempted/min:-1 - timing_s/agent_loop/num_preempted/max:-1 - timing_s/agent_loop/num_preempted/mean:-1.0 - timing_s/agent_loop/generate_sequences/min:5.482757365010912 - timing_s/agent_loop/generate_sequences/max:47.37910040200222 - timing_s/agent_loop/generate_sequences/mean:23.78330684923897 - timing_s/agent_loop/tool_calls/min:0.0 - timing_s/agent_loop/tool_calls/max:0.0 - timing_s/agent_loop/tool_calls/mean:0.0 - timing_s/agent_loop/compute_score/min:0.0047381500189658254 - timing_s/agent_loop/compute_score/max:0.03627556300489232 - timing_s/agent_loop/compute_score/mean:0.011195186005778623 - timing_s/agent_loop/slowest/generate_sequences:47.37910040200222 - timing_s/agent_loop/slowest/tool_calls:0.0 - timing_s/agent_loop/slowest/compute_score:0.013261791988043115 - timing_s/agent_loop/slowest/num_preempted:-1 - timing_s/agent_loop/slowest/prompt_length:81 - timing_s/agent_loop/slowest/response_length:2048 - timing_s/gen:49.34070406900719 - timing_s/reward:6.553300772793591e-05 - timing_s/old_log_prob:13.032563233020483 - timing_s/adv:0.04300034299376421 - timing_s/update_actor:38.774930072017014 - timing_s/update_weights:2.9802588390011806 - timing_s/step:104.75609061701107 - timing_s/stop_profile:0.000199640984646976 - timing_per_token_ms/gen:0.047165614586725746 - timing_per_token_ms/adv:3.271032800876645e-05 - timing_per_token_ms/update_actor:0.029496059632747353 - perf/total_num_tokens:1314580 - perf/time_per_step:104.75609061701107 - perf/throughput:3137.240021695046[36m(TaskRunner pid=15473)[0m Training Progress:   8%|▊         | 27/348 [38:15<9:40:07, 108.44s/it]
[36m(WorkerDict pid=18720)[0m INFO:2026-06-07 08:04:40,573:update_weights done, time cost: 1.86s
[36m(TaskRunner pid=15473)[0m Training Progress:   8%|▊         | 28/348 [39:58<9:30:01, 106.88s/it]
