trajectory_id,transition_index,from_objective,to_objective,from_signature,to_signature,transition_type,from_experiment,to_experiment,normalized_progress
00d12f1fbd8996f34d75,0,supervised_likelihood,supervised_likelihood,supervised_likelihood,supervised_likelihood,same_objective,0,1,0.3333333333333333
00d12f1fbd8996f34d75,1,supervised_likelihood,supervised_likelihood,supervised_likelihood,supervised_likelihood,same_objective,1,2,0.6666666666666666
00d12f1fbd8996f34d75,2,supervised_likelihood,supervised_likelihood,supervised_likelihood,supervised_likelihood,same_objective,2,3,1.0
016546b4c3aa0dcedeef,0,supervised_likelihood,supervised_likelihood,supervised_likelihood,supervised_likelihood,same_objective,0,1,0.3333333333333333
016546b4c3aa0dcedeef,1,supervised_likelihood,supervised_likelihood,supervised_likelihood,supervised_likelihood,same_objective,1,2,0.6666666666666666
016546b4c3aa0dcedeef,2,supervised_likelihood,supervised_likelihood,supervised_likelihood,supervised_likelihood,same_objective,2,3,1.0
01747fad9b0212908cb8,0,supervised_likelihood,supervised_likelihood,supervised_likelihood,supervised_likelihood,same_objective,0,1,0.3333333333333333
01747fad9b0212908cb8,1,supervised_likelihood,supervised_likelihood,supervised_likelihood,supervised_likelihood,same_objective,1,2,0.6666666666666666
01747fad9b0212908cb8,2,supervised_likelihood,supervised_likelihood,supervised_likelihood,supervised_likelihood,same_objective,2,3,1.0
018632f9db83dc24aad2,0,supervised_likelihood,supervised_likelihood,supervised_likelihood,supervised_likelihood,same_objective,0,1,0.09090909090909091
018632f9db83dc24aad2,1,supervised_likelihood,supervised_likelihood,supervised_likelihood,supervised_likelihood,same_objective,1,2,0.18181818181818182
018632f9db83dc24aad2,2,supervised_likelihood,supervised_likelihood,supervised_likelihood,supervised_likelihood,same_objective,2,3,0.2727272727272727
018632f9db83dc24aad2,3,supervised_likelihood,supervised_likelihood,supervised_likelihood,supervised_likelihood,same_objective,3,4,0.36363636363636365
018632f9db83dc24aad2,4,supervised_likelihood,supervised_likelihood,supervised_likelihood,supervised_likelihood,same_objective,4,5,0.45454545454545453
018632f9db83dc24aad2,5,supervised_likelihood,supervised_likelihood,supervised_likelihood,supervised_likelihood,same_objective,5,6,0.5454545454545454
018632f9db83dc24aad2,6,supervised_likelihood,supervised_likelihood,supervised_likelihood,supervised_likelihood,same_objective,6,7,0.6363636363636364
018632f9db83dc24aad2,7,supervised_likelihood,supervised_likelihood,supervised_likelihood,supervised_likelihood,same_objective,7,8,0.7272727272727273
018632f9db83dc24aad2,8,supervised_likelihood,supervised_likelihood,supervised_likelihood,supervised_likelihood,same_objective,8,9,0.8181818181818182
018632f9db83dc24aad2,9,supervised_likelihood,supervised_likelihood,supervised_likelihood,supervised_likelihood,same_objective,9,10,0.9090909090909091
018632f9db83dc24aad2,10,supervised_likelihood,supervised_likelihood,supervised_likelihood,supervised_likelihood,same_objective,10,11,1.0
018f37fa6e420f8abf9c,0,supervised_likelihood,supervised_likelihood,supervised_likelihood,supervised_likelihood,same_objective,0,1,0.16666666666666666
018f37fa6e420f8abf9c,1,supervised_likelihood,supervised_likelihood,supervised_likelihood,supervised_likelihood,same_objective,1,2,0.3333333333333333
018f37fa6e420f8abf9c,2,supervised_likelihood,supervised_likelihood,supervised_likelihood,supervised_likelihood,same_objective,2,3,0.5
018f37fa6e420f8abf9c,3,supervised_likelihood,supervised_likelihood,supervised_likelihood,supervised_likelihood,same_objective,3,4,0.6666666666666666
018f37fa6e420f8abf9c,4,supervised_likelihood,supervised_likelihood,supervised_likelihood,supervised_likelihood,same_objective,4,5,0.8333333333333334
018f37fa6e420f8abf9c,5,supervised_likelihood,supervised_likelihood,supervised_likelihood,supervised_likelihood,same_objective,5,6,1.0
01d23585705e59058368,0,supervised_likelihood,supervised_likelihood,supervised_likelihood,supervised_likelihood,same_objective,0,1,0.14285714285714285
01d23585705e59058368,1,supervised_likelihood,supervised_likelihood,supervised_likelihood,supervised_likelihood,same_objective,1,2,0.2857142857142857
01d23585705e59058368,2,supervised_likelihood,supervised_likelihood,supervised_likelihood,supervised_likelihood,same_objective,2,3,0.42857142857142855
01d23585705e59058368,3,supervised_likelihood,supervised_likelihood,supervised_likelihood,supervised_likelihood,same_objective,3,4,0.5714285714285714
01d23585705e59058368,4,supervised_likelihood,supervised_likelihood,supervised_likelihood,supervised_likelihood,same_objective,4,5,0.7142857142857143
01d23585705e59058368,5,supervised_likelihood,supervised_likelihood,supervised_likelihood,supervised_likelihood,same_objective,5,6,0.8571428571428571
01d23585705e59058368,6,supervised_likelihood,supervised_likelihood,supervised_likelihood,supervised_likelihood,same_objective,6,7,1.0
0215fef30908bf5786ea,0,supervised_likelihood,supervised_likelihood,supervised_likelihood,supervised_likelihood,same_objective,0,1,0.16666666666666666
0215fef30908bf5786ea,1,supervised_likelihood,supervised_likelihood,supervised_likelihood,supervised_likelihood,same_objective,1,2,0.3333333333333333
0215fef30908bf5786ea,2,supervised_likelihood,supervised_likelihood,supervised_likelihood,supervised_likelihood,same_objective,2,3,0.5
0215fef30908bf5786ea,3,supervised_likelihood,supervised_likelihood,supervised_likelihood,supervised_likelihood,same_objective,3,4,0.6666666666666666
0215fef30908bf5786ea,4,supervised_likelihood,supervised_likelihood,supervised_likelihood,supervised_likelihood,same_objective,4,5,0.8333333333333334
0215fef30908bf5786ea,5,supervised_likelihood,supervised_likelihood,supervised_likelihood,supervised_likelihood,same_objective,5,6,1.0
021c6caa5d6572da04d2,0,supervised_likelihood,supervised_likelihood,supervised_likelihood,supervised_likelihood,same_objective,0,1,0.125
021c6caa5d6572da04d2,1,supervised_likelihood,supervised_likelihood,supervised_likelihood,supervised_likelihood,same_objective,1,2,0.25
021c6caa5d6572da04d2,2,supervised_likelihood,supervised_likelihood,supervised_likelihood,supervised_likelihood,same_objective,2,3,0.375
021c6caa5d6572da04d2,3,supervised_likelihood,supervised_likelihood,supervised_likelihood,supervised_likelihood,same_objective,3,4,0.5
021c6caa5d6572da04d2,4,supervised_likelihood,supervised_likelihood,supervised_likelihood,supervised_likelihood,same_objective,4,5,0.625
021c6caa5d6572da04d2,5,supervised_likelihood,supervised_likelihood,supervised_likelihood,supervised_likelihood,same_objective,5,6,0.75
021c6caa5d6572da04d2,6,supervised_likelihood,supervised_likelihood,supervised_likelihood,supervised_likelihood,same_objective,6,7,0.875
021c6caa5d6572da04d2,7,supervised_likelihood,supervised_likelihood,supervised_likelihood,supervised_likelihood,same_objective,7,8,1.0
0306527d11d104b6deb7,0,supervised_likelihood,supervised_likelihood,supervised_likelihood,supervised_likelihood,same_objective,0,1,0.5
0306527d11d104b6deb7,1,supervised_likelihood,supervised_likelihood,supervised_likelihood,supervised_likelihood,same_objective,1,2,1.0
031fcf3cb2fb2f43a2be,0,supervised_likelihood,supervised_likelihood,supervised_likelihood,supervised_likelihood,same_objective,0,1,0.1111111111111111
031fcf3cb2fb2f43a2be,1,supervised_likelihood,supervised_likelihood,supervised_likelihood,supervised_likelihood,same_objective,1,2,0.2222222222222222
031fcf3cb2fb2f43a2be,2,supervised_likelihood,supervised_likelihood,supervised_likelihood,supervised_likelihood,same_objective,2,3,0.3333333333333333
031fcf3cb2fb2f43a2be,3,supervised_likelihood,supervised_likelihood,supervised_likelihood,supervised_likelihood,same_objective,3,4,0.4444444444444444
031fcf3cb2fb2f43a2be,4,supervised_likelihood,supervised_likelihood,supervised_likelihood,supervised_likelihood,same_objective,4,5,0.5555555555555556
031fcf3cb2fb2f43a2be,5,supervised_likelihood,supervised_likelihood,supervised_likelihood,supervised_likelihood,same_objective,5,6,0.6666666666666666
031fcf3cb2fb2f43a2be,6,supervised_likelihood,supervised_likelihood,supervised_likelihood,supervised_likelihood,same_objective,6,7,0.7777777777777778
031fcf3cb2fb2f43a2be,7,supervised_likelihood,supervised_likelihood,supervised_likelihood,supervised_likelihood,same_objective,7,8,0.8888888888888888
031fcf3cb2fb2f43a2be,8,supervised_likelihood,supervised_likelihood,supervised_likelihood,supervised_likelihood,same_objective,8,9,1.0
03428354093b558a9415,0,supervised_likelihood,supervised_likelihood,supervised_likelihood,supervised_likelihood,same_objective,0,1,0.1
03428354093b558a9415,1,supervised_likelihood,supervised_likelihood,supervised_likelihood,supervised_likelihood,same_objective,1,2,0.2
03428354093b558a9415,2,supervised_likelihood,supervised_likelihood,supervised_likelihood,supervised_likelihood,same_objective,2,3,0.3
03428354093b558a9415,3,supervised_likelihood,supervised_likelihood,supervised_likelihood,supervised_likelihood,same_objective,3,4,0.4
03428354093b558a9415,4,supervised_likelihood,supervised_likelihood,supervised_likelihood,supervised_likelihood,same_objective,4,5,0.5
03428354093b558a9415,5,supervised_likelihood,supervised_likelihood,supervised_likelihood,supervised_likelihood,same_objective,5,6,0.6
03428354093b558a9415,6,supervised_likelihood,supervised_likelihood,supervised_likelihood,supervised_likelihood,same_objective,6,7,0.7
03428354093b558a9415,7,supervised_likelihood,supervised_likelihood,supervised_likelihood,supervised_likelihood,same_objective,7,8,0.8
03428354093b558a9415,8,supervised_likelihood,supervised_likelihood,supervised_likelihood,supervised_likelihood,same_objective,8,9,0.9
03428354093b558a9415,9,supervised_likelihood,supervised_likelihood,supervised_likelihood,supervised_likelihood,same_objective,9,10,1.0
03999a2854501e6beebf,0,supervised_likelihood,supervised_likelihood,supervised_likelihood,supervised_likelihood,same_objective,0,1,0.25
03999a2854501e6beebf,1,supervised_likelihood,supervised_likelihood,supervised_likelihood,supervised_likelihood,same_objective,1,2,0.5
03999a2854501e6beebf,2,supervised_likelihood,supervised_likelihood,supervised_likelihood,supervised_likelihood,same_objective,2,3,0.75
03999a2854501e6beebf,3,supervised_likelihood,supervised_likelihood,supervised_likelihood,supervised_likelihood,same_objective,3,4,1.0
048bfd58d8387aae7a8c,0,supervised_likelihood,supervised_likelihood,supervised_likelihood,supervised_likelihood,same_objective,0,1,1.0
048d98e1b7458ccc9254,0,supervised_likelihood,supervised_likelihood,supervised_likelihood,supervised_likelihood,same_objective,0,1,0.3333333333333333
048d98e1b7458ccc9254,1,supervised_likelihood,supervised_likelihood,supervised_likelihood,supervised_likelihood,same_objective,1,2,0.6666666666666666
048d98e1b7458ccc9254,2,supervised_likelihood,supervised_likelihood,supervised_likelihood,supervised_likelihood,same_objective,2,3,1.0
0579d139caf39eeaeee6,0,supervised_likelihood,supervised_likelihood,supervised_likelihood,supervised_likelihood,same_objective,0,1,0.2
0579d139caf39eeaeee6,1,supervised_likelihood,supervised_likelihood,supervised_likelihood,supervised_likelihood,same_objective,1,2,0.4
0579d139caf39eeaeee6,2,supervised_likelihood,supervised_likelihood,supervised_likelihood,supervised_likelihood,same_objective,2,3,0.6
0579d139caf39eeaeee6,3,supervised_likelihood,supervised_likelihood,supervised_likelihood,supervised_likelihood,same_objective,3,4,0.8
0579d139caf39eeaeee6,4,supervised_likelihood,supervised_likelihood,supervised_likelihood,supervised_likelihood,same_objective,4,5,1.0
05b1cc18a04d67f52da5,0,supervised_likelihood,supervised_likelihood,supervised_likelihood,supervised_likelihood,same_objective,0,1,0.3333333333333333
0632a2e4c55da7022896,0,supervised_likelihood,supervised_likelihood,supervised_likelihood,supervised_likelihood,same_objective,0,1,0.14285714285714285
0632a2e4c55da7022896,1,supervised_likelihood,supervised_likelihood,supervised_likelihood,supervised_likelihood,same_objective,1,2,0.2857142857142857
0632a2e4c55da7022896,2,supervised_likelihood,supervised_likelihood,supervised_likelihood,supervised_likelihood,same_objective,2,3,0.42857142857142855
0632a2e4c55da7022896,3,supervised_likelihood,supervised_likelihood,supervised_likelihood,supervised_likelihood,same_objective,3,4,0.5714285714285714
0632a2e4c55da7022896,4,supervised_likelihood,supervised_likelihood,supervised_likelihood,supervised_likelihood,same_objective,4,5,0.7142857142857143
0632a2e4c55da7022896,5,supervised_likelihood,supervised_likelihood,supervised_likelihood,supervised_likelihood,same_objective,5,6,0.8571428571428571
0632a2e4c55da7022896,6,supervised_likelihood,supervised_likelihood,supervised_likelihood,supervised_likelihood,same_objective,6,7,1.0
0635e6c5ba98bffa144d,0,supervised_likelihood,supervised_likelihood,supervised_likelihood,supervised_likelihood,same_objective,0,1,0.16666666666666666
0635e6c5ba98bffa144d,1,supervised_likelihood,supervised_likelihood,supervised_likelihood,supervised_likelihood,same_objective,1,2,0.3333333333333333
0635e6c5ba98bffa144d,2,supervised_likelihood,supervised_likelihood,supervised_likelihood,supervised_likelihood,same_objective,2,3,0.5
0635e6c5ba98bffa144d,3,supervised_likelihood,supervised_likelihood,supervised_likelihood,supervised_likelihood,same_objective,3,4,0.6666666666666666
0635e6c5ba98bffa144d,4,supervised_likelihood,supervised_likelihood,supervised_likelihood,supervised_likelihood,same_objective,4,5,0.8333333333333334
0635e6c5ba98bffa144d,5,supervised_likelihood,supervised_likelihood,supervised_likelihood,supervised_likelihood,same_objective,5,6,1.0
06ba0734432a7330db85,0,supervised_likelihood,supervised_likelihood,supervised_likelihood,supervised_likelihood,same_objective,0,1,1.0
070110124f87fc4215ac,0,supervised_likelihood,supervised_likelihood,supervised_likelihood,supervised_likelihood,same_objective,0,1,0.3333333333333333
070110124f87fc4215ac,1,supervised_likelihood,supervised_likelihood,supervised_likelihood,supervised_likelihood,same_objective,1,2,0.6666666666666666
070110124f87fc4215ac,2,supervised_likelihood,supervised_likelihood,supervised_likelihood,supervised_likelihood,same_objective,2,3,1.0
074d4605ea32af3d25e8,0,supervised_likelihood,supervised_likelihood,supervised_likelihood,supervised_likelihood,same_objective,0,1,0.045454545454545456
074d4605ea32af3d25e8,1,supervised_likelihood,supervised_likelihood,supervised_likelihood,supervised_likelihood,same_objective,1,2,0.09090909090909091
074d4605ea32af3d25e8,2,supervised_likelihood,supervised_likelihood,supervised_likelihood,supervised_likelihood,same_objective,2,3,0.13636363636363635
074d4605ea32af3d25e8,3,supervised_likelihood,supervised_likelihood,supervised_likelihood,supervised_likelihood,same_objective,3,4,0.18181818181818182
074d4605ea32af3d25e8,4,supervised_likelihood,supervised_likelihood,supervised_likelihood,supervised_likelihood,same_objective,4,5,0.22727272727272727
074d4605ea32af3d25e8,5,supervised_likelihood,supervised_likelihood,supervised_likelihood,supervised_likelihood,same_objective,5,6,0.2727272727272727
074d4605ea32af3d25e8,6,supervised_likelihood,supervised_likelihood,supervised_likelihood,supervised_likelihood,same_objective,6,7,0.3181818181818182
074d4605ea32af3d25e8,7,supervised_likelihood,supervised_likelihood,supervised_likelihood,supervised_likelihood,same_objective,7,8,0.36363636363636365
074d4605ea32af3d25e8,8,supervised_likelihood,supervised_likelihood,supervised_likelihood,supervised_likelihood,same_objective,8,9,0.4090909090909091
074d4605ea32af3d25e8,9,supervised_likelihood,supervised_likelihood,supervised_likelihood,supervised_likelihood,same_objective,9,10,0.45454545454545453
074d4605ea32af3d25e8,10,supervised_likelihood,supervised_likelihood,supervised_likelihood,supervised_likelihood,same_objective,10,11,0.5
074d4605ea32af3d25e8,11,supervised_likelihood,supervised_likelihood,supervised_likelihood,supervised_likelihood,same_objective,11,12,0.5454545454545454
074d4605ea32af3d25e8,12,supervised_likelihood,supervised_likelihood,supervised_likelihood,supervised_likelihood,same_objective,12,13,0.5909090909090909
074d4605ea32af3d25e8,13,supervised_likelihood,supervised_likelihood,supervised_likelihood,supervised_likelihood,same_objective,13,14,0.6363636363636364
074d4605ea32af3d25e8,14,supervised_likelihood,supervised_likelihood,supervised_likelihood,supervised_likelihood,same_objective,14,15,0.6818181818181818
074d4605ea32af3d25e8,15,supervised_likelihood,supervised_likelihood,supervised_likelihood,supervised_likelihood,same_objective,15,16,0.7272727272727273
074d4605ea32af3d25e8,16,supervised_likelihood,supervised_likelihood,supervised_likelihood,supervised_likelihood,same_objective,16,17,0.7727272727272727
074d4605ea32af3d25e8,17,supervised_likelihood,supervised_likelihood,supervised_likelihood,supervised_likelihood,same_objective,17,18,0.8181818181818182
074d4605ea32af3d25e8,18,supervised_likelihood,supervised_likelihood,supervised_likelihood,supervised_likelihood,same_objective,18,19,0.8636363636363636
074d4605ea32af3d25e8,19,supervised_likelihood,supervised_likelihood,supervised_likelihood,supervised_likelihood,same_objective,19,20,0.9090909090909091
074d4605ea32af3d25e8,20,supervised_likelihood,supervised_likelihood,supervised_likelihood,supervised_likelihood,same_objective,20,21,0.9545454545454546
074d4605ea32af3d25e8,21,supervised_likelihood,supervised_likelihood,supervised_likelihood,supervised_likelihood,same_objective,21,22,1.0
0788f765ef31ddc6f4c4,0,supervised_likelihood,supervised_likelihood,supervised_likelihood,supervised_likelihood,same_objective,0,1,0.16666666666666666
0788f765ef31ddc6f4c4,1,supervised_likelihood,supervised_likelihood,supervised_likelihood,supervised_likelihood,same_objective,1,2,0.3333333333333333
0788f765ef31ddc6f4c4,2,supervised_likelihood,supervised_likelihood,supervised_likelihood,supervised_likelihood,same_objective,2,3,0.5
0788f765ef31ddc6f4c4,3,supervised_likelihood,supervised_likelihood,supervised_likelihood,supervised_likelihood,same_objective,3,4,0.6666666666666666
0788f765ef31ddc6f4c4,4,supervised_likelihood,supervised_likelihood,supervised_likelihood,supervised_likelihood,same_objective,4,5,0.8333333333333334
0788f765ef31ddc6f4c4,5,supervised_likelihood,supervised_likelihood,supervised_likelihood,supervised_likelihood,same_objective,5,6,1.0
08043ec869c37d57b97e,0,supervised_likelihood,supervised_likelihood,supervised_likelihood,supervised_likelihood,same_objective,0,1,0.5
08043ec869c37d57b97e,1,supervised_likelihood,supervised_likelihood,supervised_likelihood,supervised_likelihood,same_objective,1,2,1.0
081cfe31e8bfbaad14a8,0,supervised_likelihood,supervised_likelihood,supervised_likelihood,supervised_likelihood,same_objective,0,1,1.0
089d14642e64da486bee,0,supervised_likelihood,supervised_likelihood,supervised_likelihood,supervised_likelihood,same_objective,0,1,0.2
089d14642e64da486bee,1,supervised_likelihood,supervised_likelihood,supervised_likelihood,supervised_likelihood,same_objective,1,2,0.4
089d14642e64da486bee,2,supervised_likelihood,supervised_likelihood,supervised_likelihood,supervised_likelihood,same_objective,2,3,0.6
089d14642e64da486bee,3,supervised_likelihood,supervised_likelihood,supervised_likelihood,supervised_likelihood,same_objective,3,4,0.8
089d14642e64da486bee,4,supervised_likelihood,supervised_likelihood,supervised_likelihood,supervised_likelihood,same_objective,4,5,1.0
08da6f0da7bdd0fc9db8,0,supervised_likelihood,supervised_likelihood,supervised_likelihood,supervised_likelihood,same_objective,0,1,0.14285714285714285
08da6f0da7bdd0fc9db8,1,supervised_likelihood,supervised_likelihood,supervised_likelihood,supervised_likelihood,same_objective,1,2,0.2857142857142857
08da6f0da7bdd0fc9db8,2,supervised_likelihood,supervised_likelihood,supervised_likelihood,supervised_likelihood,same_objective,2,3,0.42857142857142855
08da6f0da7bdd0fc9db8,3,supervised_likelihood,supervised_likelihood,supervised_likelihood,supervised_likelihood,same_objective,3,4,0.5714285714285714
08da6f0da7bdd0fc9db8,4,supervised_likelihood,supervised_likelihood,supervised_likelihood,supervised_likelihood,same_objective,4,5,0.7142857142857143
08da6f0da7bdd0fc9db8,5,supervised_likelihood,supervised_likelihood,supervised_likelihood,supervised_likelihood,same_objective,5,6,0.8571428571428571
08da6f0da7bdd0fc9db8,6,supervised_likelihood,supervised_likelihood,supervised_likelihood,supervised_likelihood,same_objective,6,7,1.0
08f29c2a2bd9a881b68a,0,supervised_likelihood,supervised_likelihood,supervised_likelihood,supervised_likelihood,same_objective,0,1,0.3333333333333333
08f29c2a2bd9a881b68a,1,supervised_likelihood,supervised_likelihood,supervised_likelihood,supervised_likelihood,same_objective,1,2,0.6666666666666666
08f29c2a2bd9a881b68a,2,supervised_likelihood,supervised_likelihood,supervised_likelihood,supervised_likelihood,same_objective,2,3,1.0
09a2146fc8d28abfdfd8,0,supervised_likelihood,supervised_likelihood,supervised_likelihood,supervised_likelihood,same_objective,0,1,0.14285714285714285
09a2146fc8d28abfdfd8,1,supervised_likelihood,supervised_likelihood,supervised_likelihood,supervised_likelihood,same_objective,1,2,0.2857142857142857
09a2146fc8d28abfdfd8,2,supervised_likelihood,supervised_likelihood,supervised_likelihood,supervised_likelihood,same_objective,2,3,0.42857142857142855
09a2146fc8d28abfdfd8,3,supervised_likelihood,supervised_likelihood,supervised_likelihood,supervised_likelihood,same_objective,3,4,0.5714285714285714
09a2146fc8d28abfdfd8,4,supervised_likelihood,supervised_likelihood,supervised_likelihood,supervised_likelihood,same_objective,4,5,0.7142857142857143
09a2146fc8d28abfdfd8,5,supervised_likelihood,supervised_likelihood,supervised_likelihood,supervised_likelihood,same_objective,5,6,0.8571428571428571
09a2146fc8d28abfdfd8,6,supervised_likelihood,supervised_likelihood,supervised_likelihood,supervised_likelihood,same_objective,6,7,1.0
09c12aebda24ef2496f8,0,supervised_likelihood,supervised_likelihood,supervised_likelihood,supervised_likelihood,same_objective,0,1,0.16666666666666666
09c12aebda24ef2496f8,1,supervised_likelihood,supervised_likelihood,supervised_likelihood,supervised_likelihood,same_objective,1,2,0.3333333333333333
09c12aebda24ef2496f8,2,supervised_likelihood,supervised_likelihood,supervised_likelihood,supervised_likelihood,same_objective,2,3,0.5
09c12aebda24ef2496f8,3,supervised_likelihood,supervised_likelihood,supervised_likelihood,supervised_likelihood,same_objective,3,4,0.6666666666666666
09c12aebda24ef2496f8,4,supervised_likelihood,supervised_likelihood,supervised_likelihood,supervised_likelihood,same_objective,4,5,0.8333333333333334
09c12aebda24ef2496f8,5,supervised_likelihood,supervised_likelihood,supervised_likelihood,supervised_likelihood,same_objective,5,6,1.0
0a6e8a575ee6312d5a09,0,supervised_likelihood,supervised_likelihood,supervised_likelihood,supervised_likelihood,same_objective,0,1,0.2
0a6e8a575ee6312d5a09,1,supervised_likelihood,supervised_likelihood,supervised_likelihood,supervised_likelihood,same_objective,1,2,0.4
0a6e8a575ee6312d5a09,2,supervised_likelihood,supervised_likelihood,supervised_likelihood,supervised_likelihood,same_objective,2,3,0.6
0a6e8a575ee6312d5a09,3,supervised_likelihood,supervised_likelihood,supervised_likelihood,supervised_likelihood,same_objective,3,4,0.8
0a6e8a575ee6312d5a09,4,supervised_likelihood,supervised_likelihood,supervised_likelihood,supervised_likelihood,same_objective,4,5,1.0
0af4240f36b8f9488f4c,0,supervised_likelihood,supervised_likelihood,supervised_likelihood,supervised_likelihood,same_objective,0,1,1.0
0b5693b636b9b0e9b5c3,0,supervised_likelihood,supervised_likelihood,supervised_likelihood,supervised_likelihood,same_objective,0,1,0.3333333333333333
0b5693b636b9b0e9b5c3,1,supervised_likelihood,supervised_likelihood,supervised_likelihood,supervised_likelihood,same_objective,1,2,0.6666666666666666
0b5693b636b9b0e9b5c3,2,supervised_likelihood,supervised_likelihood,supervised_likelihood,supervised_likelihood,same_objective,2,3,1.0
0bb0fb75debce63e57c5,0,supervised_likelihood,supervised_likelihood,supervised_likelihood,supervised_likelihood,same_objective,0,1,0.125
0bb0fb75debce63e57c5,1,supervised_likelihood,supervised_likelihood,supervised_likelihood,supervised_likelihood,same_objective,1,2,0.25
0bb0fb75debce63e57c5,2,supervised_likelihood,supervised_likelihood,supervised_likelihood,supervised_likelihood,same_objective,2,3,0.375
0bb0fb75debce63e57c5,3,supervised_likelihood,supervised_likelihood,supervised_likelihood,supervised_likelihood,same_objective,3,4,0.5
0bb0fb75debce63e57c5,4,supervised_likelihood,supervised_likelihood,supervised_likelihood,supervised_likelihood,same_objective,4,5,0.625
0bb0fb75debce63e57c5,5,supervised_likelihood,supervised_likelihood,supervised_likelihood,supervised_likelihood,same_objective,5,6,0.75
0bb0fb75debce63e57c5,6,supervised_likelihood,supervised_likelihood,supervised_likelihood,supervised_likelihood,same_objective,6,7,0.875
0bb0fb75debce63e57c5,7,supervised_likelihood,supervised_likelihood,supervised_likelihood,supervised_likelihood,same_objective,7,8,1.0
0bd461564e978cb8854b,0,supervised_likelihood,supervised_likelihood,supervised_likelihood,supervised_likelihood,same_objective,0,1,0.25
0bd461564e978cb8854b,1,supervised_likelihood,supervised_likelihood,supervised_likelihood,supervised_likelihood,same_objective,1,2,0.5
0bd461564e978cb8854b,2,supervised_likelihood,supervised_likelihood,supervised_likelihood,supervised_likelihood,same_objective,2,3,0.75
0bd461564e978cb8854b,3,supervised_likelihood,supervised_likelihood,supervised_likelihood,supervised_likelihood,same_objective,3,4,1.0
0c24b9400491ee31c634,0,supervised_likelihood,supervised_likelihood,supervised_likelihood,supervised_likelihood,same_objective,0,1,0.1111111111111111
0c24b9400491ee31c634,1,supervised_likelihood,supervised_likelihood,supervised_likelihood,supervised_likelihood,same_objective,1,2,0.2222222222222222
0c24b9400491ee31c634,2,supervised_likelihood,supervised_likelihood,supervised_likelihood,supervised_likelihood,same_objective,2,3,0.3333333333333333
0c24b9400491ee31c634,3,supervised_likelihood,supervised_likelihood,supervised_likelihood,supervised_likelihood,same_objective,3,4,0.4444444444444444
0c24b9400491ee31c634,4,supervised_likelihood,supervised_likelihood,supervised_likelihood,supervised_likelihood,same_objective,4,5,0.5555555555555556
0c24b9400491ee31c634,5,supervised_likelihood,supervised_likelihood,supervised_likelihood,supervised_likelihood,same_objective,5,6,0.6666666666666666
0c24b9400491ee31c634,6,supervised_likelihood,supervised_likelihood,supervised_likelihood,supervised_likelihood,same_objective,6,7,0.7777777777777778
0c24b9400491ee31c634,7,supervised_likelihood,supervised_likelihood,supervised_likelihood,supervised_likelihood,same_objective,7,8,0.8888888888888888
0c24b9400491ee31c634,8,supervised_likelihood,supervised_likelihood,supervised_likelihood,supervised_likelihood,same_objective,8,9,1.0
0c305e4e80b84297fbb8,0,supervised_likelihood,supervised_likelihood,supervised_likelihood,supervised_likelihood,same_objective,0,1,0.2
0c305e4e80b84297fbb8,1,supervised_likelihood,supervised_likelihood,supervised_likelihood,supervised_likelihood,same_objective,1,2,0.4
0c305e4e80b84297fbb8,2,supervised_likelihood,supervised_likelihood,supervised_likelihood,supervised_likelihood,same_objective,2,3,0.6
0c305e4e80b84297fbb8,3,supervised_likelihood,supervised_likelihood,supervised_likelihood,supervised_likelihood,same_objective,3,4,0.8
0c305e4e80b84297fbb8,4,supervised_likelihood,supervised_likelihood,supervised_likelihood,supervised_likelihood,same_objective,4,5,1.0
0c3f473e4ea6a10d4b6a,0,supervised_likelihood,supervised_likelihood,supervised_likelihood,supervised_likelihood,same_objective,1,2,0.5
0c3f473e4ea6a10d4b6a,1,supervised_likelihood,supervised_likelihood,supervised_likelihood,supervised_likelihood,same_objective,2,3,0.75
0c3f473e4ea6a10d4b6a,2,supervised_likelihood,supervised_likelihood,supervised_likelihood,supervised_likelihood,same_objective,3,4,1.0
0c4255f9fc1ab9772160,0,supervised_likelihood,supervised_likelihood,supervised_likelihood,supervised_likelihood,same_objective,0,1,1.0
0d76bcd33493a5c7ba49,0,supervised_likelihood,supervised_likelihood,supervised_likelihood,supervised_likelihood,same_objective,0,1,0.14285714285714285
0d76bcd33493a5c7ba49,1,supervised_likelihood,supervised_likelihood,supervised_likelihood,supervised_likelihood,same_objective,1,2,0.2857142857142857
0d76bcd33493a5c7ba49,2,supervised_likelihood,supervised_likelihood,supervised_likelihood,supervised_likelihood,same_objective,2,3,0.42857142857142855
0d76bcd33493a5c7ba49,3,supervised_likelihood,supervised_likelihood,supervised_likelihood,supervised_likelihood,same_objective,3,4,0.5714285714285714
0d76bcd33493a5c7ba49,4,supervised_likelihood,supervised_likelihood,supervised_likelihood,supervised_likelihood,same_objective,4,5,0.7142857142857143
0d76bcd33493a5c7ba49,5,supervised_likelihood,supervised_likelihood,supervised_likelihood,supervised_likelihood,same_objective,5,6,0.8571428571428571
0d76bcd33493a5c7ba49,6,supervised_likelihood,supervised_likelihood,supervised_likelihood,supervised_likelihood,same_objective,6,7,1.0
0db9426c5f85f6a08426,0,supervised_likelihood,supervised_likelihood,supervised_likelihood,supervised_likelihood,same_objective,0,1,1.0
0de1ea66b869e93e6437,0,supervised_likelihood,supervised_likelihood,supervised_likelihood,supervised_likelihood,same_objective,0,1,0.2
0de1ea66b869e93e6437,1,supervised_likelihood,supervised_likelihood,supervised_likelihood,supervised_likelihood,same_objective,1,2,0.4
0de1ea66b869e93e6437,2,supervised_likelihood,supervised_likelihood,supervised_likelihood,supervised_likelihood,same_objective,2,3,0.6
0de1ea66b869e93e6437,3,supervised_likelihood,supervised_likelihood,supervised_likelihood,supervised_likelihood,same_objective,3,4,0.8
0de1ea66b869e93e6437,4,supervised_likelihood,supervised_likelihood,supervised_likelihood,supervised_likelihood,same_objective,4,5,1.0
0e1956fb8c6d1756be54,0,supervised_likelihood,supervised_likelihood,supervised_likelihood,supervised_likelihood,same_objective,0,1,1.0
0eea69cb50c97789ecee,0,supervised_likelihood,supervised_likelihood,supervised_likelihood,supervised_likelihood,same_objective,0,1,0.0625
0eea69cb50c97789ecee,1,supervised_likelihood,supervised_likelihood,supervised_likelihood,supervised_likelihood,same_objective,1,2,0.125
0eea69cb50c97789ecee,2,supervised_likelihood,supervised_likelihood,supervised_likelihood,supervised_likelihood,same_objective,2,3,0.1875
0eea69cb50c97789ecee,3,supervised_likelihood,supervised_likelihood,supervised_likelihood,supervised_likelihood,same_objective,3,4,0.25
0eea69cb50c97789ecee,4,supervised_likelihood,supervised_likelihood,supervised_likelihood,supervised_likelihood,same_objective,4,5,0.3125
0eea69cb50c97789ecee,5,supervised_likelihood,supervised_likelihood,supervised_likelihood,supervised_likelihood,same_objective,5,6,0.375
0eea69cb50c97789ecee,6,supervised_likelihood,supervised_likelihood,supervised_likelihood,supervised_likelihood,same_objective,6,7,0.4375
0eea69cb50c97789ecee,7,supervised_likelihood,supervised_likelihood,supervised_likelihood,supervised_likelihood,same_objective,7,8,0.5
0eea69cb50c97789ecee,8,supervised_likelihood,supervised_likelihood,supervised_likelihood,supervised_likelihood,same_objective,8,9,0.5625
0eea69cb50c97789ecee,9,supervised_likelihood,supervised_likelihood,supervised_likelihood,supervised_likelihood,same_objective,11,12,0.75
0eea69cb50c97789ecee,10,supervised_likelihood,supervised_likelihood,supervised_likelihood,supervised_likelihood,same_objective,12,13,0.8125
0eea69cb50c97789ecee,11,supervised_likelihood,supervised_likelihood,supervised_likelihood,supervised_likelihood,same_objective,13,14,0.875
0f17fd2c639fbb4dd818,0,supervised_likelihood,supervised_likelihood,supervised_likelihood,supervised_likelihood,same_objective,0,1,0.3333333333333333
0f17fd2c639fbb4dd818,1,supervised_likelihood,supervised_likelihood,supervised_likelihood,supervised_likelihood,same_objective,1,2,0.6666666666666666
0f17fd2c639fbb4dd818,2,supervised_likelihood,supervised_likelihood,supervised_likelihood,supervised_likelihood,same_objective,2,3,1.0
0f21e179a609a3e5c66f,0,supervised_likelihood,supervised_likelihood,supervised_likelihood,supervised_likelihood,same_objective,0,1,0.14285714285714285
0f21e179a609a3e5c66f,1,supervised_likelihood,supervised_likelihood,supervised_likelihood,supervised_likelihood,same_objective,1,2,0.2857142857142857
0f21e179a609a3e5c66f,2,supervised_likelihood,supervised_likelihood,supervised_likelihood,supervised_likelihood,same_objective,2,3,0.42857142857142855
0f21e179a609a3e5c66f,3,supervised_likelihood,supervised_likelihood,supervised_likelihood,supervised_likelihood,same_objective,3,4,0.5714285714285714
0f21e179a609a3e5c66f,4,supervised_likelihood,supervised_likelihood,supervised_likelihood,supervised_likelihood,same_objective,4,5,0.7142857142857143
0f21e179a609a3e5c66f,5,supervised_likelihood,supervised_likelihood,supervised_likelihood,supervised_likelihood,same_objective,5,6,0.8571428571428571
0f21e179a609a3e5c66f,6,supervised_likelihood,supervised_likelihood,supervised_likelihood,supervised_likelihood,same_objective,6,7,1.0
10e35756ef6651f9eefa,0,supervised_likelihood,supervised_likelihood,supervised_likelihood,supervised_likelihood,same_objective,0,1,0.25
10e35756ef6651f9eefa,1,supervised_likelihood,supervised_likelihood,supervised_likelihood,supervised_likelihood,same_objective,1,2,0.5
10e35756ef6651f9eefa,2,supervised_likelihood,supervised_likelihood,supervised_likelihood,supervised_likelihood,same_objective,2,3,0.75
10e35756ef6651f9eefa,3,supervised_likelihood,supervised_likelihood,supervised_likelihood,supervised_likelihood,same_objective,3,4,1.0
11be89c83d9c4288888f,0,supervised_likelihood,supervised_likelihood,supervised_likelihood,supervised_likelihood,same_objective,0,1,1.0
11c6193ff232cea1eb67,0,supervised_likelihood,supervised_likelihood,supervised_likelihood,supervised_likelihood,same_objective,0,1,0.14285714285714285
11c6193ff232cea1eb67,1,supervised_likelihood,supervised_likelihood,supervised_likelihood,supervised_likelihood,same_objective,1,2,0.2857142857142857
11c6193ff232cea1eb67,2,supervised_likelihood,supervised_likelihood,supervised_likelihood,supervised_likelihood,same_objective,2,3,0.42857142857142855
11c6193ff232cea1eb67,3,supervised_likelihood,supervised_likelihood,supervised_likelihood,supervised_likelihood,same_objective,3,4,0.5714285714285714
11c6193ff232cea1eb67,4,supervised_likelihood,supervised_likelihood,supervised_likelihood,supervised_likelihood,same_objective,4,5,0.7142857142857143
11c6193ff232cea1eb67,5,supervised_likelihood,supervised_likelihood,supervised_likelihood,supervised_likelihood,same_objective,5,6,0.8571428571428571
11c6193ff232cea1eb67,6,supervised_likelihood,supervised_likelihood,supervised_likelihood,supervised_likelihood,same_objective,6,7,1.0
12975d1b4be251b880c2,0,supervised_likelihood,supervised_likelihood,supervised_likelihood,supervised_likelihood,same_objective,0,1,0.16666666666666666
12975d1b4be251b880c2,1,supervised_likelihood,supervised_likelihood,supervised_likelihood,supervised_likelihood,same_objective,1,2,0.3333333333333333
12975d1b4be251b880c2,2,supervised_likelihood,supervised_likelihood,supervised_likelihood,supervised_likelihood,same_objective,2,3,0.5
12975d1b4be251b880c2,3,supervised_likelihood,supervised_likelihood,supervised_likelihood,supervised_likelihood,same_objective,3,4,0.6666666666666666
12975d1b4be251b880c2,4,supervised_likelihood,supervised_likelihood,supervised_likelihood,supervised_likelihood,same_objective,4,5,0.8333333333333334
12975d1b4be251b880c2,5,supervised_likelihood,supervised_likelihood,supervised_likelihood,supervised_likelihood,same_objective,5,6,1.0
129b81da9b85ec32c22c,0,supervised_likelihood,supervised_likelihood,supervised_likelihood,supervised_likelihood,same_objective,0,1,0.125
129b81da9b85ec32c22c,1,supervised_likelihood,supervised_likelihood,supervised_likelihood,supervised_likelihood,same_objective,1,2,0.25
129b81da9b85ec32c22c,2,supervised_likelihood,supervised_likelihood,supervised_likelihood,supervised_likelihood,same_objective,2,3,0.375
129b81da9b85ec32c22c,3,supervised_likelihood,supervised_likelihood,supervised_likelihood,supervised_likelihood,same_objective,3,4,0.5
129b81da9b85ec32c22c,4,supervised_likelihood,supervised_likelihood,supervised_likelihood,supervised_likelihood,same_objective,4,5,0.625
129b81da9b85ec32c22c,5,supervised_likelihood,supervised_likelihood,supervised_likelihood,supervised_likelihood,same_objective,5,6,0.75
129b81da9b85ec32c22c,6,supervised_likelihood,supervised_likelihood,supervised_likelihood,supervised_likelihood,same_objective,6,7,0.875
129b81da9b85ec32c22c,7,supervised_likelihood,supervised_likelihood,supervised_likelihood,supervised_likelihood,same_objective,7,8,1.0
12ffb817b71a3ca4cec2,0,supervised_likelihood,supervised_likelihood,supervised_likelihood,supervised_likelihood,same_objective,0,1,0.5
12ffb817b71a3ca4cec2,1,supervised_likelihood,supervised_likelihood,supervised_likelihood,supervised_likelihood,same_objective,1,2,1.0
13064499b96f832ec644,0,supervised_likelihood,supervised_likelihood,supervised_likelihood,supervised_likelihood,same_objective,0,1,0.3333333333333333
13064499b96f832ec644,1,supervised_likelihood,supervised_likelihood,supervised_likelihood,supervised_likelihood,same_objective,1,2,0.6666666666666666
13064499b96f832ec644,2,supervised_likelihood,supervised_likelihood,supervised_likelihood,supervised_likelihood,same_objective,2,3,1.0
139b311348d1d1df1fd4,0,supervised_likelihood,supervised_likelihood,supervised_likelihood,supervised_likelihood,same_objective,0,1,0.25
139b311348d1d1df1fd4,1,supervised_likelihood,supervised_likelihood,supervised_likelihood,supervised_likelihood,same_objective,1,2,0.5
139b311348d1d1df1fd4,2,supervised_likelihood,supervised_likelihood,supervised_likelihood,supervised_likelihood,same_objective,2,3,0.75
139b311348d1d1df1fd4,3,supervised_likelihood,supervised_likelihood,supervised_likelihood,supervised_likelihood,same_objective,3,4,1.0
13c967f619d57c4ef6e4,0,supervised_likelihood,supervised_likelihood,supervised_likelihood,supervised_likelihood,same_objective,0,1,0.2
13c967f619d57c4ef6e4,1,supervised_likelihood,supervised_likelihood,supervised_likelihood,supervised_likelihood,same_objective,1,2,0.4
13c967f619d57c4ef6e4,2,supervised_likelihood,supervised_likelihood,supervised_likelihood,supervised_likelihood,same_objective,2,3,0.6
13c967f619d57c4ef6e4,3,supervised_likelihood,supervised_likelihood,supervised_likelihood,supervised_likelihood,same_objective,3,4,0.8
13c967f619d57c4ef6e4,4,supervised_likelihood,supervised_likelihood,supervised_likelihood,supervised_likelihood,same_objective,4,5,1.0
140617048baa1fd78bd8,0,supervised_likelihood,supervised_likelihood,supervised_likelihood,supervised_likelihood,same_objective,0,1,0.5
140617048baa1fd78bd8,1,supervised_likelihood,supervised_likelihood,supervised_likelihood,supervised_likelihood,same_objective,1,2,1.0
1441f3c6be649b426bac,0,supervised_likelihood,supervised_likelihood,supervised_likelihood,supervised_likelihood,same_objective,0,1,0.14285714285714285
1441f3c6be649b426bac,1,supervised_likelihood,supervised_likelihood,supervised_likelihood,supervised_likelihood,same_objective,1,2,0.2857142857142857
1441f3c6be649b426bac,2,supervised_likelihood,supervised_likelihood,supervised_likelihood,supervised_likelihood,same_objective,2,3,0.42857142857142855
1441f3c6be649b426bac,3,supervised_likelihood,supervised_likelihood,supervised_likelihood,supervised_likelihood,same_objective,3,4,0.5714285714285714
1441f3c6be649b426bac,4,supervised_likelihood,supervised_likelihood,supervised_likelihood,supervised_likelihood,same_objective,4,5,0.7142857142857143
1441f3c6be649b426bac,5,supervised_likelihood,supervised_likelihood,supervised_likelihood,supervised_likelihood,same_objective,5,6,0.8571428571428571
1441f3c6be649b426bac,6,supervised_likelihood,supervised_likelihood,supervised_likelihood,supervised_likelihood,same_objective,6,7,1.0
144294cd96bf05046166,0,supervised_likelihood,supervised_likelihood,supervised_likelihood,supervised_likelihood,same_objective,0,1,0.25
144294cd96bf05046166,1,supervised_likelihood,supervised_likelihood,supervised_likelihood,supervised_likelihood,same_objective,1,2,0.5
144294cd96bf05046166,2,supervised_likelihood,supervised_likelihood,supervised_likelihood,supervised_likelihood,same_objective,2,3,0.75
144294cd96bf05046166,3,supervised_likelihood,supervised_likelihood,supervised_likelihood,supervised_likelihood,same_objective,3,4,1.0
144d93ed701663b0e03a,0,supervised_likelihood,supervised_likelihood,supervised_likelihood,supervised_likelihood,same_objective,0,1,0.1
144d93ed701663b0e03a,1,supervised_likelihood,supervised_likelihood,supervised_likelihood,supervised_likelihood,same_objective,1,2,0.2
147a88548c10a2cec366,0,supervised_likelihood,supervised_likelihood,supervised_likelihood,supervised_likelihood,same_objective,0,1,0.25
147a88548c10a2cec366,1,supervised_likelihood,supervised_likelihood,supervised_likelihood,supervised_likelihood,same_objective,1,2,0.5
147a88548c10a2cec366,2,supervised_likelihood,supervised_likelihood,supervised_likelihood,supervised_likelihood,same_objective,2,3,0.75
147a88548c10a2cec366,3,supervised_likelihood,supervised_likelihood,supervised_likelihood,supervised_likelihood,same_objective,3,4,1.0
14a5ac082e17255de74e,0,supervised_likelihood,supervised_likelihood,supervised_likelihood,supervised_likelihood,same_objective,0,1,0.125
14a5ac082e17255de74e,1,supervised_likelihood,supervised_likelihood,supervised_likelihood,supervised_likelihood,same_objective,1,2,0.25
14a5ac082e17255de74e,2,supervised_likelihood,supervised_likelihood,supervised_likelihood,supervised_likelihood,same_objective,2,3,0.375
14a5ac082e17255de74e,3,supervised_likelihood,supervised_likelihood,supervised_likelihood,supervised_likelihood,same_objective,3,4,0.5
14a5ac082e17255de74e,4,supervised_likelihood,supervised_likelihood,supervised_likelihood,supervised_likelihood,same_objective,4,5,0.625
14a5ac082e17255de74e,5,supervised_likelihood,supervised_likelihood,supervised_likelihood,supervised_likelihood,same_objective,5,6,0.75
14a5ac082e17255de74e,6,supervised_likelihood,supervised_likelihood,supervised_likelihood,supervised_likelihood,same_objective,6,7,0.875
14a5ac082e17255de74e,7,supervised_likelihood,supervised_likelihood,supervised_likelihood,supervised_likelihood,same_objective,7,8,1.0
1666e69fb190e8c7c17c,0,supervised_likelihood,supervised_likelihood,supervised_likelihood,supervised_likelihood,same_objective,0,1,0.2
1666e69fb190e8c7c17c,1,supervised_likelihood,supervised_likelihood,supervised_likelihood,supervised_likelihood,same_objective,1,2,0.4
1666e69fb190e8c7c17c,2,supervised_likelihood,supervised_likelihood,supervised_likelihood,supervised_likelihood,same_objective,2,3,0.6
1666e69fb190e8c7c17c,3,supervised_likelihood,supervised_likelihood,supervised_likelihood,supervised_likelihood,same_objective,3,4,0.8
1666e69fb190e8c7c17c,4,supervised_likelihood,supervised_likelihood,supervised_likelihood,supervised_likelihood,same_objective,4,5,1.0
16846cafbf01a3b55a2b,0,supervised_likelihood,supervised_likelihood,supervised_likelihood,supervised_likelihood,same_objective,0,1,1.0
16f4547e0cf9a37bb2dc,0,supervised_likelihood,supervised_likelihood,supervised_likelihood,supervised_likelihood,same_objective,0,1,0.3333333333333333
16f4547e0cf9a37bb2dc,1,supervised_likelihood,supervised_likelihood,supervised_likelihood,supervised_likelihood,same_objective,1,2,0.6666666666666666
16f4547e0cf9a37bb2dc,2,supervised_likelihood,supervised_likelihood,supervised_likelihood,supervised_likelihood,same_objective,2,3,1.0
1759a35966200210a4e7,0,supervised_likelihood,supervised_likelihood,supervised_likelihood,supervised_likelihood,same_objective,0,1,0.3333333333333333
1759a35966200210a4e7,1,supervised_likelihood,supervised_likelihood,supervised_likelihood,supervised_likelihood,same_objective,1,2,0.6666666666666666
1759a35966200210a4e7,2,supervised_likelihood,supervised_likelihood,supervised_likelihood,supervised_likelihood,same_objective,2,3,1.0
17bc3a3492427a88a016,0,supervised_likelihood,supervised_likelihood,supervised_likelihood,supervised_likelihood,same_objective,0,1,0.25
17bc3a3492427a88a016,1,supervised_likelihood,supervised_likelihood,supervised_likelihood,supervised_likelihood,same_objective,1,2,0.5
17bc3a3492427a88a016,2,supervised_likelihood,supervised_likelihood,supervised_likelihood,supervised_likelihood,same_objective,2,3,0.75
17bc3a3492427a88a016,3,supervised_likelihood,supervised_likelihood,supervised_likelihood,supervised_likelihood,same_objective,3,4,1.0
1843e9d73184e2aaad8c,0,supervised_likelihood,supervised_likelihood,supervised_likelihood,supervised_likelihood,same_objective,0,1,0.2
1843e9d73184e2aaad8c,1,supervised_likelihood,supervised_likelihood,supervised_likelihood,supervised_likelihood,same_objective,1,2,0.4
1843e9d73184e2aaad8c,2,supervised_likelihood,supervised_likelihood,supervised_likelihood,supervised_likelihood,same_objective,2,3,0.6
1843e9d73184e2aaad8c,3,supervised_likelihood,supervised_likelihood,supervised_likelihood,supervised_likelihood,same_objective,3,4,0.8
1843e9d73184e2aaad8c,4,supervised_likelihood,supervised_likelihood,supervised_likelihood,supervised_likelihood,same_objective,4,5,1.0
188881433c04acf6ff4b,0,supervised_likelihood,supervised_likelihood,supervised_likelihood,supervised_likelihood,same_objective,0,1,1.0
1896ebaa22acc39cf624,0,supervised_likelihood,supervised_likelihood,supervised_likelihood,supervised_likelihood,same_objective,0,1,0.2
1896ebaa22acc39cf624,1,supervised_likelihood,supervised_likelihood,supervised_likelihood,supervised_likelihood,same_objective,1,2,0.4
1896ebaa22acc39cf624,2,supervised_likelihood,supervised_likelihood,supervised_likelihood,supervised_likelihood,same_objective,2,3,0.6
1896ebaa22acc39cf624,3,supervised_likelihood,supervised_likelihood,supervised_likelihood,supervised_likelihood,same_objective,3,4,0.8
1896ebaa22acc39cf624,4,supervised_likelihood,supervised_likelihood,supervised_likelihood,supervised_likelihood,same_objective,4,5,1.0
192e04a755c46a63c654,0,supervised_likelihood,supervised_likelihood,supervised_likelihood,supervised_likelihood,same_objective,0,1,0.5
192e04a755c46a63c654,1,supervised_likelihood,supervised_likelihood,supervised_likelihood,supervised_likelihood,same_objective,1,2,1.0
1961e49b3ddeb2cb65e6,0,supervised_likelihood,supervised_likelihood,supervised_likelihood,supervised_likelihood,same_objective,0,1,0.25
1961e49b3ddeb2cb65e6,1,supervised_likelihood,supervised_likelihood,supervised_likelihood,supervised_likelihood,same_objective,1,2,0.5
1961e49b3ddeb2cb65e6,2,supervised_likelihood,supervised_likelihood,supervised_likelihood,supervised_likelihood,same_objective,2,3,0.75
1961e49b3ddeb2cb65e6,3,supervised_likelihood,supervised_likelihood,supervised_likelihood,supervised_likelihood,same_objective,3,4,1.0
1afa81f82257c9a29d13,0,supervised_likelihood,supervised_likelihood,supervised_likelihood,supervised_likelihood,same_objective,0,1,0.1
1afa81f82257c9a29d13,1,supervised_likelihood,supervised_likelihood,supervised_likelihood,supervised_likelihood,same_objective,1,2,0.2
1afa81f82257c9a29d13,2,supervised_likelihood,supervised_likelihood,supervised_likelihood,supervised_likelihood,same_objective,2,3,0.3
1afa81f82257c9a29d13,3,supervised_likelihood,supervised_likelihood,supervised_likelihood,supervised_likelihood,same_objective,3,4,0.4
1afa81f82257c9a29d13,4,supervised_likelihood,supervised_likelihood,supervised_likelihood,supervised_likelihood,same_objective,4,5,0.5
1afa81f82257c9a29d13,5,supervised_likelihood,supervised_likelihood,supervised_likelihood,supervised_likelihood,same_objective,5,6,0.6
1afa81f82257c9a29d13,6,supervised_likelihood,supervised_likelihood,supervised_likelihood,supervised_likelihood,same_objective,6,7,0.7
1afa81f82257c9a29d13,7,supervised_likelihood,supervised_likelihood,supervised_likelihood,supervised_likelihood,same_objective,7,8,0.8
1afa81f82257c9a29d13,8,supervised_likelihood,supervised_likelihood,supervised_likelihood,supervised_likelihood,same_objective,8,9,0.9
1afa81f82257c9a29d13,9,supervised_likelihood,supervised_likelihood,supervised_likelihood,supervised_likelihood,same_objective,9,10,1.0
1b44c2f29c96b653fdf4,0,supervised_likelihood,supervised_likelihood,supervised_likelihood,supervised_likelihood,same_objective,0,1,0.14285714285714285
1b44c2f29c96b653fdf4,1,supervised_likelihood,supervised_likelihood,supervised_likelihood,supervised_likelihood,same_objective,1,2,0.2857142857142857
1b44c2f29c96b653fdf4,2,supervised_likelihood,supervised_likelihood,supervised_likelihood,supervised_likelihood,same_objective,2,3,0.42857142857142855
1b44c2f29c96b653fdf4,3,supervised_likelihood,supervised_likelihood,supervised_likelihood,supervised_likelihood,same_objective,3,4,0.5714285714285714
1b44c2f29c96b653fdf4,4,supervised_likelihood,supervised_likelihood,supervised_likelihood,supervised_likelihood,same_objective,4,5,0.7142857142857143
1b44c2f29c96b653fdf4,5,supervised_likelihood,supervised_likelihood,supervised_likelihood,supervised_likelihood,same_objective,5,6,0.8571428571428571
1b44c2f29c96b653fdf4,6,supervised_likelihood,supervised_likelihood,supervised_likelihood,supervised_likelihood,same_objective,6,7,1.0
1b5478a9ba4bdcd1afbc,0,supervised_likelihood,supervised_likelihood,supervised_likelihood,supervised_likelihood,same_objective,0,1,0.1
1b5478a9ba4bdcd1afbc,1,supervised_likelihood,supervised_likelihood,supervised_likelihood,supervised_likelihood,same_objective,1,2,0.2
1b5478a9ba4bdcd1afbc,2,supervised_likelihood,supervised_likelihood,supervised_likelihood,supervised_likelihood,same_objective,2,3,0.3
1b5478a9ba4bdcd1afbc,3,supervised_likelihood,supervised_likelihood,supervised_likelihood,supervised_likelihood,same_objective,3,4,0.4
1b5478a9ba4bdcd1afbc,4,supervised_likelihood,supervised_likelihood,supervised_likelihood,supervised_likelihood,same_objective,4,5,0.5
1b5478a9ba4bdcd1afbc,5,supervised_likelihood,supervised_likelihood,supervised_likelihood,supervised_likelihood,same_objective,5,6,0.6
1b5478a9ba4bdcd1afbc,6,supervised_likelihood,supervised_likelihood,supervised_likelihood,supervised_likelihood,same_objective,6,7,0.7
1b5478a9ba4bdcd1afbc,7,supervised_likelihood,supervised_likelihood,supervised_likelihood,supervised_likelihood,same_objective,7,8,0.8
1b65d2d72bf4a8cc5778,0,supervised_likelihood,supervised_likelihood,supervised_likelihood,supervised_likelihood,same_objective,0,1,0.1111111111111111
1b65d2d72bf4a8cc5778,1,supervised_likelihood,supervised_likelihood,supervised_likelihood,supervised_likelihood,same_objective,1,2,0.2222222222222222
1b65d2d72bf4a8cc5778,2,supervised_likelihood,supervised_likelihood,supervised_likelihood,supervised_likelihood,same_objective,2,3,0.3333333333333333
1b65d2d72bf4a8cc5778,3,supervised_likelihood,supervised_likelihood,supervised_likelihood,supervised_likelihood,same_objective,3,4,0.4444444444444444
1b65d2d72bf4a8cc5778,4,supervised_likelihood,supervised_likelihood,supervised_likelihood,supervised_likelihood,same_objective,4,5,0.5555555555555556
1b65d2d72bf4a8cc5778,5,supervised_likelihood,supervised_likelihood,supervised_likelihood,supervised_likelihood,same_objective,5,6,0.6666666666666666
1b65d2d72bf4a8cc5778,6,supervised_likelihood,supervised_likelihood,supervised_likelihood,supervised_likelihood,same_objective,6,7,0.7777777777777778
1b65d2d72bf4a8cc5778,7,supervised_likelihood,supervised_likelihood,supervised_likelihood,supervised_likelihood,same_objective,7,8,0.8888888888888888
1b65d2d72bf4a8cc5778,8,supervised_likelihood,supervised_likelihood,supervised_likelihood,supervised_likelihood,same_objective,8,9,1.0
1b6bdb2a1899a4134c8d,0,supervised_likelihood,supervised_likelihood,supervised_likelihood,supervised_likelihood,same_objective,0,1,0.2
1b6bdb2a1899a4134c8d,1,supervised_likelihood,supervised_likelihood,supervised_likelihood,supervised_likelihood,same_objective,1,2,0.4
1b6bdb2a1899a4134c8d,2,supervised_likelihood,supervised_likelihood,supervised_likelihood,supervised_likelihood,same_objective,2,3,0.6
1b6bdb2a1899a4134c8d,3,supervised_likelihood,supervised_likelihood,supervised_likelihood,supervised_likelihood,same_objective,3,4,0.8
1b6bdb2a1899a4134c8d,4,supervised_likelihood,supervised_likelihood,supervised_likelihood,supervised_likelihood,same_objective,4,5,1.0
1b7b314ceb25f56c238c,0,supervised_likelihood,supervised_likelihood,supervised_likelihood,supervised_likelihood,same_objective,0,1,0.2
1b7b314ceb25f56c238c,1,supervised_likelihood,supervised_likelihood,supervised_likelihood,supervised_likelihood,same_objective,1,2,0.4
1b7b314ceb25f56c238c,2,supervised_likelihood,supervised_likelihood,supervised_likelihood,supervised_likelihood,same_objective,2,3,0.6
1b7b314ceb25f56c238c,3,supervised_likelihood,supervised_likelihood,supervised_likelihood,supervised_likelihood,same_objective,3,4,0.8
1bd35f03a89418f178b4,0,supervised_likelihood,supervised_likelihood,supervised_likelihood,supervised_likelihood,same_objective,0,1,0.125
1bd35f03a89418f178b4,1,supervised_likelihood,supervised_likelihood,supervised_likelihood,supervised_likelihood,same_objective,1,2,0.25
1bd35f03a89418f178b4,2,supervised_likelihood,supervised_likelihood,supervised_likelihood,supervised_likelihood,same_objective,2,3,0.375
1bd35f03a89418f178b4,3,supervised_likelihood,supervised_likelihood,supervised_likelihood,supervised_likelihood,same_objective,3,4,0.5
1bd35f03a89418f178b4,4,supervised_likelihood,supervised_likelihood,supervised_likelihood,supervised_likelihood,same_objective,4,5,0.625
1bd35f03a89418f178b4,5,supervised_likelihood,supervised_likelihood,supervised_likelihood,supervised_likelihood,same_objective,5,6,0.75
1bd35f03a89418f178b4,6,supervised_likelihood,supervised_likelihood,supervised_likelihood,supervised_likelihood,same_objective,6,7,0.875
1bd35f03a89418f178b4,7,supervised_likelihood,supervised_likelihood,supervised_likelihood,supervised_likelihood,same_objective,7,8,1.0
1ca4f6414888192e7caf,0,supervised_likelihood,supervised_likelihood,supervised_likelihood,supervised_likelihood,same_objective,0,1,0.5
1ca4f6414888192e7caf,1,supervised_likelihood,supervised_likelihood,supervised_likelihood,supervised_likelihood,same_objective,1,2,1.0
1d7415c886d603900f33,0,supervised_likelihood,supervised_likelihood,supervised_likelihood,supervised_likelihood,same_objective,0,1,0.3333333333333333
1d7415c886d603900f33,1,supervised_likelihood,supervised_likelihood,supervised_likelihood,supervised_likelihood,same_objective,1,2,0.6666666666666666
1d7415c886d603900f33,2,supervised_likelihood,supervised_likelihood,supervised_likelihood,supervised_likelihood,same_objective,2,3,1.0
1d85daefb6e5cd952a78,0,supervised_likelihood,supervised_likelihood,supervised_likelihood,supervised_likelihood,same_objective,0,1,0.25
1d85daefb6e5cd952a78,1,supervised_likelihood,supervised_likelihood,supervised_likelihood,supervised_likelihood,same_objective,1,2,0.5
1d85daefb6e5cd952a78,2,supervised_likelihood,supervised_likelihood,supervised_likelihood,supervised_likelihood,same_objective,2,3,0.75
1d85daefb6e5cd952a78,3,supervised_likelihood,supervised_likelihood,supervised_likelihood,supervised_likelihood,same_objective,3,4,1.0
1d96e5892a80b7225388,0,supervised_likelihood,supervised_likelihood,supervised_likelihood,supervised_likelihood,same_objective,0,1,0.2
1d96e5892a80b7225388,1,supervised_likelihood,supervised_likelihood,supervised_likelihood,supervised_likelihood,same_objective,1,2,0.4
1d96e5892a80b7225388,2,supervised_likelihood,supervised_likelihood,supervised_likelihood,supervised_likelihood,same_objective,2,3,0.6
1d96e5892a80b7225388,3,supervised_likelihood,supervised_likelihood,supervised_likelihood,supervised_likelihood,same_objective,3,4,0.8
1d96e5892a80b7225388,4,supervised_likelihood,supervised_likelihood,supervised_likelihood,supervised_likelihood,same_objective,4,5,1.0
1dc631befa025591b7e1,0,supervised_likelihood,supervised_likelihood,supervised_likelihood,supervised_likelihood,same_objective,0,1,0.2
1dc631befa025591b7e1,1,supervised_likelihood,supervised_likelihood,supervised_likelihood,supervised_likelihood,same_objective,1,2,0.4
1dc631befa025591b7e1,2,supervised_likelihood,supervised_likelihood,supervised_likelihood,supervised_likelihood,same_objective,2,3,0.6
1dc631befa025591b7e1,3,supervised_likelihood,supervised_likelihood,supervised_likelihood,supervised_likelihood,same_objective,3,4,0.8
1dc631befa025591b7e1,4,supervised_likelihood,supervised_likelihood,supervised_likelihood,supervised_likelihood,same_objective,4,5,1.0
1e3e84eee7d08f18ab75,0,supervised_likelihood,supervised_likelihood,supervised_likelihood,supervised_likelihood,same_objective,0,1,0.14285714285714285
1e3e84eee7d08f18ab75,1,supervised_likelihood,supervised_likelihood,supervised_likelihood,supervised_likelihood,same_objective,3,4,0.5714285714285714
1e3e84eee7d08f18ab75,2,supervised_likelihood,supervised_likelihood,supervised_likelihood,supervised_likelihood,same_objective,4,5,0.7142857142857143
1e3e84eee7d08f18ab75,3,supervised_likelihood,supervised_likelihood,supervised_likelihood,supervised_likelihood,same_objective,5,6,0.8571428571428571
1e3e84eee7d08f18ab75,4,supervised_likelihood,supervised_likelihood,supervised_likelihood,supervised_likelihood,same_objective,6,7,1.0
1e85aa2cbccadd87bd7c,0,supervised_likelihood,supervised_likelihood,supervised_likelihood,supervised_likelihood,same_objective,0,1,0.2
1e85aa2cbccadd87bd7c,1,supervised_likelihood,supervised_likelihood,supervised_likelihood,supervised_likelihood,same_objective,1,2,0.4
1e85aa2cbccadd87bd7c,2,supervised_likelihood,supervised_likelihood,supervised_likelihood,supervised_likelihood,same_objective,2,3,0.6
1e85aa2cbccadd87bd7c,3,supervised_likelihood,supervised_likelihood,supervised_likelihood,supervised_likelihood,same_objective,3,4,0.8
1e85aa2cbccadd87bd7c,4,supervised_likelihood,supervised_likelihood,supervised_likelihood,supervised_likelihood,same_objective,4,5,1.0
1fb4bef7b7080792f8c0,0,supervised_likelihood,supervised_likelihood,supervised_likelihood,supervised_likelihood,same_objective,0,1,1.0
1feb730cea652171e558,0,supervised_likelihood,supervised_likelihood,supervised_likelihood,supervised_likelihood,same_objective,0,1,0.16666666666666666
1feb730cea652171e558,1,supervised_likelihood,supervised_likelihood,supervised_likelihood,supervised_likelihood,same_objective,1,2,0.3333333333333333
1feb730cea652171e558,2,supervised_likelihood,supervised_likelihood,supervised_likelihood,supervised_likelihood,same_objective,2,3,0.5
1feb730cea652171e558,3,supervised_likelihood,supervised_likelihood,supervised_likelihood,supervised_likelihood,same_objective,3,4,0.6666666666666666
1feb730cea652171e558,4,supervised_likelihood,supervised_likelihood,supervised_likelihood,supervised_likelihood,same_objective,4,5,0.8333333333333334
1feb730cea652171e558,5,supervised_likelihood,supervised_likelihood,supervised_likelihood,supervised_likelihood,same_objective,5,6,1.0
2047382993351fa5658f,0,supervised_likelihood,supervised_likelihood,supervised_likelihood,supervised_likelihood,same_objective,0,1,0.3333333333333333
2047382993351fa5658f,1,supervised_likelihood,supervised_likelihood,supervised_likelihood,supervised_likelihood,same_objective,1,2,0.6666666666666666
2047382993351fa5658f,2,supervised_likelihood,supervised_likelihood,supervised_likelihood,supervised_likelihood,same_objective,2,3,1.0
2071b1f592ed74f074da,0,supervised_likelihood,supervised_likelihood,supervised_likelihood,supervised_likelihood,same_objective,0,1,0.14285714285714285
2071b1f592ed74f074da,1,supervised_likelihood,supervised_likelihood,supervised_likelihood,supervised_likelihood,same_objective,1,2,0.2857142857142857
2071b1f592ed74f074da,2,supervised_likelihood,supervised_likelihood,supervised_likelihood,supervised_likelihood,same_objective,2,3,0.42857142857142855
2071b1f592ed74f074da,3,supervised_likelihood,supervised_likelihood,supervised_likelihood,supervised_likelihood,same_objective,3,4,0.5714285714285714
2071b1f592ed74f074da,4,supervised_likelihood,supervised_likelihood,supervised_likelihood,supervised_likelihood,same_objective,4,5,0.7142857142857143
2071b1f592ed74f074da,5,supervised_likelihood,supervised_likelihood,supervised_likelihood,supervised_likelihood,same_objective,5,6,0.8571428571428571
2071b1f592ed74f074da,6,supervised_likelihood,supervised_likelihood,supervised_likelihood,supervised_likelihood,same_objective,6,7,1.0
20ac8278feeb0248a0c7,0,supervised_likelihood,supervised_likelihood,supervised_likelihood,supervised_likelihood,same_objective,0,1,0.2
20ac8278feeb0248a0c7,1,supervised_likelihood,supervised_likelihood,supervised_likelihood,supervised_likelihood,same_objective,1,2,0.4
20ac8278feeb0248a0c7,2,supervised_likelihood,supervised_likelihood,supervised_likelihood,supervised_likelihood,same_objective,2,3,0.6
20ac8278feeb0248a0c7,3,supervised_likelihood,supervised_likelihood,supervised_likelihood,supervised_likelihood,same_objective,3,4,0.8
20ac8278feeb0248a0c7,4,supervised_likelihood,supervised_likelihood,supervised_likelihood,supervised_likelihood,same_objective,4,5,1.0
21676c90421c21d1ca23,0,supervised_likelihood,supervised_likelihood,supervised_likelihood,supervised_likelihood,same_objective,0,1,0.125
21676c90421c21d1ca23,1,supervised_likelihood,supervised_likelihood,supervised_likelihood,supervised_likelihood,same_objective,1,2,0.25
21676c90421c21d1ca23,2,supervised_likelihood,supervised_likelihood,supervised_likelihood,supervised_likelihood,same_objective,2,3,0.375
21676c90421c21d1ca23,3,supervised_likelihood,supervised_likelihood,supervised_likelihood,supervised_likelihood,same_objective,3,4,0.5
21676c90421c21d1ca23,4,supervised_likelihood,supervised_likelihood,supervised_likelihood,supervised_likelihood,same_objective,4,5,0.625
21676c90421c21d1ca23,5,supervised_likelihood,supervised_likelihood,supervised_likelihood,supervised_likelihood,same_objective,5,6,0.75
21676c90421c21d1ca23,6,supervised_likelihood,supervised_likelihood,supervised_likelihood,supervised_likelihood,same_objective,6,7,0.875
21676c90421c21d1ca23,7,supervised_likelihood,supervised_likelihood,supervised_likelihood,supervised_likelihood,same_objective,7,8,1.0
219bd56b052f448e2f5b,0,supervised_likelihood,supervised_likelihood,supervised_likelihood,supervised_likelihood,same_objective,0,1,0.25
219bd56b052f448e2f5b,1,supervised_likelihood,supervised_likelihood,supervised_likelihood,supervised_likelihood,same_objective,1,2,0.5
219bd56b052f448e2f5b,2,supervised_likelihood,supervised_likelihood,supervised_likelihood,supervised_likelihood,same_objective,2,3,0.75
219bd56b052f448e2f5b,3,supervised_likelihood,supervised_likelihood,supervised_likelihood,supervised_likelihood,same_objective,3,4,1.0
226306fde507fe9205f0,0,supervised_likelihood,supervised_likelihood,supervised_likelihood,supervised_likelihood,same_objective,0,1,0.125
226306fde507fe9205f0,1,supervised_likelihood,supervised_likelihood,supervised_likelihood,supervised_likelihood,same_objective,1,2,0.25
226306fde507fe9205f0,2,supervised_likelihood,supervised_likelihood,supervised_likelihood,supervised_likelihood,same_objective,2,3,0.375
226306fde507fe9205f0,3,supervised_likelihood,supervised_likelihood,supervised_likelihood,supervised_likelihood,same_objective,3,4,0.5
226306fde507fe9205f0,4,supervised_likelihood,supervised_likelihood,supervised_likelihood,supervised_likelihood,same_objective,4,5,0.625
226306fde507fe9205f0,5,supervised_likelihood,supervised_likelihood,supervised_likelihood,supervised_likelihood,same_objective,5,6,0.75
226306fde507fe9205f0,6,supervised_likelihood,supervised_likelihood,supervised_likelihood,supervised_likelihood,same_objective,6,7,0.875
226306fde507fe9205f0,7,supervised_likelihood,supervised_likelihood,supervised_likelihood,supervised_likelihood,same_objective,7,8,1.0
2298afec8ce90a749858,0,supervised_likelihood,supervised_likelihood,supervised_likelihood,supervised_likelihood,same_objective,0,1,0.3333333333333333
2298afec8ce90a749858,1,supervised_likelihood,supervised_likelihood,supervised_likelihood,supervised_likelihood,same_objective,1,2,0.6666666666666666
2298afec8ce90a749858,2,supervised_likelihood,supervised_likelihood,supervised_likelihood,supervised_likelihood,same_objective,2,3,1.0
22e8139a528acf082b86,0,supervised_likelihood,supervised_likelihood,supervised_likelihood,supervised_likelihood,same_objective,0,1,1.0
23392ca46eeb984aa94c,0,supervised_likelihood,supervised_likelihood,supervised_likelihood,supervised_likelihood,same_objective,0,1,0.14285714285714285
23392ca46eeb984aa94c,1,supervised_likelihood,supervised_likelihood,supervised_likelihood,supervised_likelihood,same_objective,1,2,0.2857142857142857
23392ca46eeb984aa94c,2,supervised_likelihood,supervised_likelihood,supervised_likelihood,supervised_likelihood,same_objective,2,3,0.42857142857142855
23392ca46eeb984aa94c,3,supervised_likelihood,supervised_likelihood,supervised_likelihood,supervised_likelihood,same_objective,3,4,0.5714285714285714
23392ca46eeb984aa94c,4,supervised_likelihood,supervised_likelihood,supervised_likelihood,supervised_likelihood,same_objective,4,5,0.7142857142857143
23392ca46eeb984aa94c,5,supervised_likelihood,supervised_likelihood,supervised_likelihood,supervised_likelihood,same_objective,5,6,0.8571428571428571
2407635a403571bf028e,0,supervised_likelihood,supervised_likelihood,supervised_likelihood,supervised_likelihood,same_objective,0,1,0.16666666666666666
2407635a403571bf028e,1,supervised_likelihood,supervised_likelihood,supervised_likelihood,supervised_likelihood,same_objective,1,2,0.3333333333333333
2407635a403571bf028e,2,supervised_likelihood,supervised_likelihood,supervised_likelihood,supervised_likelihood,same_objective,2,3,0.5
2407635a403571bf028e,3,supervised_likelihood,supervised_likelihood,supervised_likelihood,supervised_likelihood,same_objective,3,4,0.6666666666666666
2407635a403571bf028e,4,supervised_likelihood,supervised_likelihood,supervised_likelihood,supervised_likelihood,same_objective,4,5,0.8333333333333334
2407635a403571bf028e,5,supervised_likelihood,supervised_likelihood,supervised_likelihood,supervised_likelihood,same_objective,5,6,1.0
24077d44f6ce074178e1,0,supervised_likelihood,supervised_likelihood,supervised_likelihood,supervised_likelihood,same_objective,0,1,1.0
241fe20ed4070a966ceb,0,supervised_likelihood,supervised_likelihood,supervised_likelihood,supervised_likelihood,same_objective,0,1,0.16666666666666666
241fe20ed4070a966ceb,1,supervised_likelihood,supervised_likelihood,supervised_likelihood,supervised_likelihood,same_objective,1,2,0.3333333333333333
241fe20ed4070a966ceb,2,supervised_likelihood,supervised_likelihood,supervised_likelihood,supervised_likelihood,same_objective,2,3,0.5
241fe20ed4070a966ceb,3,supervised_likelihood,supervised_likelihood,supervised_likelihood,supervised_likelihood,same_objective,3,4,0.6666666666666666
241fe20ed4070a966ceb,4,supervised_likelihood,supervised_likelihood,supervised_likelihood,supervised_likelihood,same_objective,4,5,0.8333333333333334
241fe20ed4070a966ceb,5,supervised_likelihood,supervised_likelihood,supervised_likelihood,supervised_likelihood,same_objective,5,6,1.0
2432c636e21b66cfd444,0,supervised_likelihood,supervised_likelihood,supervised_likelihood,supervised_likelihood,same_objective,0,1,0.08333333333333333
2432c636e21b66cfd444,1,supervised_likelihood,supervised_likelihood,supervised_likelihood,supervised_likelihood,same_objective,1,2,0.16666666666666666
2432c636e21b66cfd444,2,supervised_likelihood,supervised_likelihood,supervised_likelihood,supervised_likelihood,same_objective,2,3,0.25
2432c636e21b66cfd444,3,supervised_likelihood,supervised_likelihood,supervised_likelihood,supervised_likelihood,same_objective,3,4,0.3333333333333333
2432c636e21b66cfd444,4,supervised_likelihood,supervised_likelihood,supervised_likelihood,supervised_likelihood,same_objective,4,5,0.4166666666666667
2432c636e21b66cfd444,5,supervised_likelihood,supervised_likelihood,supervised_likelihood,supervised_likelihood,same_objective,5,6,0.5
2432c636e21b66cfd444,6,supervised_likelihood,supervised_likelihood,supervised_likelihood,supervised_likelihood,same_objective,6,7,0.5833333333333334
2432c636e21b66cfd444,7,supervised_likelihood,supervised_likelihood,supervised_likelihood,supervised_likelihood,same_objective,7,8,0.6666666666666666
2432c636e21b66cfd444,8,supervised_likelihood,supervised_likelihood,supervised_likelihood,supervised_likelihood,same_objective,8,9,0.75
2432c636e21b66cfd444,9,supervised_likelihood,supervised_likelihood,supervised_likelihood,supervised_likelihood,same_objective,9,10,0.8333333333333334
2432c636e21b66cfd444,10,supervised_likelihood,supervised_likelihood,supervised_likelihood,supervised_likelihood,same_objective,10,11,0.9166666666666666
2432c636e21b66cfd444,11,supervised_likelihood,supervised_likelihood,supervised_likelihood,supervised_likelihood,same_objective,11,12,1.0
2452e757ad87258124bd,0,supervised_likelihood,supervised_likelihood,supervised_likelihood,supervised_likelihood,same_objective,0,1,0.1111111111111111
2452e757ad87258124bd,1,supervised_likelihood,supervised_likelihood,supervised_likelihood,supervised_likelihood,same_objective,1,2,0.2222222222222222
2452e757ad87258124bd,2,supervised_likelihood,supervised_likelihood,supervised_likelihood,supervised_likelihood,same_objective,2,3,0.3333333333333333
2452e757ad87258124bd,3,supervised_likelihood,supervised_likelihood,supervised_likelihood,supervised_likelihood,same_objective,3,4,0.4444444444444444
2452e757ad87258124bd,4,supervised_likelihood,supervised_likelihood,supervised_likelihood,supervised_likelihood,same_objective,4,5,0.5555555555555556
2452e757ad87258124bd,5,supervised_likelihood,supervised_likelihood,supervised_likelihood,supervised_likelihood,same_objective,5,6,0.6666666666666666
2452e757ad87258124bd,6,supervised_likelihood,supervised_likelihood,supervised_likelihood,supervised_likelihood,same_objective,6,7,0.7777777777777778
2452e757ad87258124bd,7,supervised_likelihood,supervised_likelihood,supervised_likelihood,supervised_likelihood,same_objective,7,8,0.8888888888888888
2452e757ad87258124bd,8,supervised_likelihood,supervised_likelihood,supervised_likelihood,supervised_likelihood,same_objective,8,9,1.0
24e4829d7027c20629ff,0,supervised_likelihood,supervised_likelihood,supervised_likelihood,supervised_likelihood,same_objective,0,1,0.25
24e4829d7027c20629ff,1,supervised_likelihood,supervised_likelihood,supervised_likelihood,supervised_likelihood,same_objective,1,2,0.5
24e4829d7027c20629ff,2,supervised_likelihood,supervised_likelihood,supervised_likelihood,supervised_likelihood,same_objective,2,3,0.75
24e4829d7027c20629ff,3,supervised_likelihood,supervised_likelihood,supervised_likelihood,supervised_likelihood,same_objective,3,4,1.0
2519fcbf52908ee3ef13,0,supervised_likelihood,supervised_likelihood,supervised_likelihood,supervised_likelihood,same_objective,0,1,0.16666666666666666
2519fcbf52908ee3ef13,1,supervised_likelihood,supervised_likelihood,supervised_likelihood,supervised_likelihood,same_objective,1,2,0.3333333333333333
2519fcbf52908ee3ef13,2,supervised_likelihood,supervised_likelihood,supervised_likelihood,supervised_likelihood,same_objective,2,3,0.5
2519fcbf52908ee3ef13,3,supervised_likelihood,supervised_likelihood,supervised_likelihood,supervised_likelihood,same_objective,3,4,0.6666666666666666
2519fcbf52908ee3ef13,4,supervised_likelihood,supervised_likelihood,supervised_likelihood,supervised_likelihood,same_objective,4,5,0.8333333333333334
2519fcbf52908ee3ef13,5,supervised_likelihood,supervised_likelihood,supervised_likelihood,supervised_likelihood,same_objective,5,6,1.0
25432376bbb2190bddce,0,supervised_likelihood,supervised_likelihood,supervised_likelihood,supervised_likelihood,same_objective,0,1,0.25
25432376bbb2190bddce,1,supervised_likelihood,supervised_likelihood,supervised_likelihood,supervised_likelihood,same_objective,1,2,0.5
25432376bbb2190bddce,2,supervised_likelihood,supervised_likelihood,supervised_likelihood,supervised_likelihood,same_objective,2,3,0.75
25432376bbb2190bddce,3,supervised_likelihood,supervised_likelihood,supervised_likelihood,supervised_likelihood,same_objective,3,4,1.0
2569b26991eb1311e7ec,0,supervised_likelihood,supervised_likelihood,supervised_likelihood,supervised_likelihood,same_objective,0,1,0.16666666666666666
2569b26991eb1311e7ec,1,supervised_likelihood,supervised_likelihood,supervised_likelihood,supervised_likelihood,same_objective,1,2,0.3333333333333333
2569b26991eb1311e7ec,2,supervised_likelihood,supervised_likelihood,supervised_likelihood,supervised_likelihood,same_objective,2,3,0.5
2569b26991eb1311e7ec,3,supervised_likelihood,supervised_likelihood,supervised_likelihood,supervised_likelihood,same_objective,3,4,0.6666666666666666
2569b26991eb1311e7ec,4,supervised_likelihood,supervised_likelihood,supervised_likelihood,supervised_likelihood,same_objective,4,5,0.8333333333333334
2569b26991eb1311e7ec,5,supervised_likelihood,supervised_likelihood,supervised_likelihood,supervised_likelihood,same_objective,5,6,1.0
257533b49b827068ab29,0,supervised_likelihood,supervised_likelihood,supervised_likelihood,supervised_likelihood,same_objective,0,1,0.2
257533b49b827068ab29,1,supervised_likelihood,supervised_likelihood,supervised_likelihood,supervised_likelihood,same_objective,1,2,0.4
2698963efc425f6a7a86,0,supervised_likelihood,supervised_likelihood,supervised_likelihood,supervised_likelihood,same_objective,0,1,0.16666666666666666
2698963efc425f6a7a86,1,supervised_likelihood,supervised_likelihood,supervised_likelihood,supervised_likelihood,same_objective,1,2,0.3333333333333333
2698963efc425f6a7a86,2,supervised_likelihood,supervised_likelihood,supervised_likelihood,supervised_likelihood,same_objective,2,3,0.5
2698963efc425f6a7a86,3,supervised_likelihood,supervised_likelihood,supervised_likelihood,supervised_likelihood,same_objective,3,4,0.6666666666666666
2698963efc425f6a7a86,4,supervised_likelihood,supervised_likelihood,supervised_likelihood,supervised_likelihood,same_objective,4,5,0.8333333333333334
2698963efc425f6a7a86,5,supervised_likelihood,supervised_likelihood,supervised_likelihood,supervised_likelihood,same_objective,5,6,1.0
26d3d69d296d0f2eef48,0,supervised_likelihood,supervised_likelihood,supervised_likelihood,supervised_likelihood,same_objective,0,1,1.0
27366adc9ab63ac8479a,0,supervised_likelihood,supervised_likelihood,supervised_likelihood,supervised_likelihood,same_objective,0,1,1.0
274adc6398a15336353b,0,reward_optimization,supervised_likelihood,reward_grpo,supervised_likelihood,objective_change,0,1,0.14285714285714285
274adc6398a15336353b,1,supervised_likelihood,supervised_likelihood,supervised_likelihood,supervised_likelihood,same_objective,1,2,0.2857142857142857
274adc6398a15336353b,2,supervised_likelihood,supervised_likelihood,supervised_likelihood,supervised_likelihood,same_objective,2,3,0.42857142857142855
274adc6398a15336353b,3,supervised_likelihood,supervised_likelihood,supervised_likelihood,supervised_likelihood,same_objective,3,4,0.5714285714285714
274adc6398a15336353b,4,supervised_likelihood,reward_optimization,supervised_likelihood,reward_grpo,objective_change,4,5,0.7142857142857143
274adc6398a15336353b,5,reward_optimization,reward_optimization,reward_grpo,reward_grpo,same_objective,5,6,0.8571428571428571
274adc6398a15336353b,6,reward_optimization,supervised_likelihood,reward_grpo,supervised_likelihood,objective_change,6,7,1.0
2779f9e24ddd6937af03,0,supervised_likelihood,supervised_likelihood,supervised_likelihood,supervised_likelihood,same_objective,0,1,0.25
2779f9e24ddd6937af03,1,supervised_likelihood,supervised_likelihood,supervised_likelihood,supervised_likelihood,same_objective,1,2,0.5
2779f9e24ddd6937af03,2,supervised_likelihood,supervised_likelihood,supervised_likelihood,supervised_likelihood,same_objective,2,3,0.75
2779f9e24ddd6937af03,3,supervised_likelihood,supervised_likelihood,supervised_likelihood,supervised_likelihood,same_objective,3,4,1.0
27ed3d2787476b07e94b,0,supervised_likelihood,supervised_likelihood,supervised_likelihood,supervised_likelihood,same_objective,0,1,0.16666666666666666
27ed3d2787476b07e94b,1,supervised_likelihood,supervised_likelihood,supervised_likelihood,supervised_likelihood,same_objective,1,2,0.3333333333333333
28643a034ce4c45a849e,0,supervised_likelihood,supervised_likelihood,supervised_likelihood,supervised_likelihood,same_objective,0,1,0.3333333333333333
28643a034ce4c45a849e,1,supervised_likelihood,supervised_likelihood,supervised_likelihood,supervised_likelihood,same_objective,1,2,0.6666666666666666
28643a034ce4c45a849e,2,supervised_likelihood,supervised_likelihood,supervised_likelihood,supervised_likelihood,same_objective,2,3,1.0
28a5f423c91e226729cf,0,supervised_likelihood,supervised_likelihood,supervised_likelihood,supervised_likelihood,same_objective,0,1,0.5
28a5f423c91e226729cf,1,supervised_likelihood,supervised_likelihood,supervised_likelihood,supervised_likelihood,same_objective,1,2,1.0
28ab96869ce48ff2d501,0,supervised_likelihood,supervised_likelihood,supervised_likelihood,supervised_likelihood,same_objective,0,1,0.5
28ab96869ce48ff2d501,1,supervised_likelihood,supervised_likelihood,supervised_likelihood,supervised_likelihood,same_objective,1,2,1.0
28eca58ffeed612e6438,0,supervised_likelihood,supervised_likelihood,supervised_likelihood,supervised_likelihood,same_objective,0,1,0.2
28eca58ffeed612e6438,1,supervised_likelihood,supervised_likelihood,supervised_likelihood,supervised_likelihood,same_objective,1,2,0.4
28eca58ffeed612e6438,2,supervised_likelihood,supervised_likelihood,supervised_likelihood,supervised_likelihood,same_objective,2,3,0.6
28eca58ffeed612e6438,3,supervised_likelihood,supervised_likelihood,supervised_likelihood,supervised_likelihood,same_objective,3,4,0.8
28eca58ffeed612e6438,4,supervised_likelihood,supervised_likelihood,supervised_likelihood,supervised_likelihood,same_objective,4,5,1.0
296294d5a2b5c28df094,0,supervised_likelihood,supervised_likelihood,supervised_likelihood,supervised_likelihood,same_objective,0,1,1.0
29b3cce86173b2d89287,0,supervised_likelihood,supervised_likelihood,supervised_likelihood,supervised_likelihood,same_objective,0,1,0.3333333333333333
29b3cce86173b2d89287,1,supervised_likelihood,supervised_likelihood,supervised_likelihood,supervised_likelihood,same_objective,1,2,0.6666666666666666
29b3cce86173b2d89287,2,supervised_likelihood,supervised_likelihood,supervised_likelihood,supervised_likelihood,same_objective,2,3,1.0
29bbd6c61af4715a37a2,0,supervised_likelihood,supervised_likelihood,supervised_likelihood,supervised_likelihood,same_objective,0,1,1.0
2a2b16830116d356a15f,0,supervised_likelihood,supervised_likelihood,supervised_likelihood,supervised_likelihood,same_objective,0,1,0.25
2a2b16830116d356a15f,1,supervised_likelihood,supervised_likelihood,supervised_likelihood,supervised_likelihood,same_objective,1,2,0.5
2a2b16830116d356a15f,2,supervised_likelihood,supervised_likelihood,supervised_likelihood,supervised_likelihood,same_objective,2,3,0.75
2a2b16830116d356a15f,3,supervised_likelihood,supervised_likelihood,supervised_likelihood,supervised_likelihood,same_objective,3,4,1.0
2a52986b46c9c3e57088,0,supervised_likelihood,supervised_likelihood,supervised_likelihood,supervised_likelihood,same_objective,0,1,0.2
2a52986b46c9c3e57088,1,supervised_likelihood,supervised_likelihood,supervised_likelihood,supervised_likelihood,same_objective,1,2,0.4
2a52986b46c9c3e57088,2,supervised_likelihood,supervised_likelihood,supervised_likelihood,supervised_likelihood,same_objective,2,3,0.6
2a52986b46c9c3e57088,3,supervised_likelihood,supervised_likelihood,supervised_likelihood,supervised_likelihood,same_objective,3,4,0.8
2a52986b46c9c3e57088,4,supervised_likelihood,supervised_likelihood,supervised_likelihood,supervised_likelihood,same_objective,4,5,1.0
2a862c09e62b4cb2e67f,0,supervised_likelihood,supervised_likelihood,supervised_likelihood,supervised_likelihood,same_objective,0,1,0.05555555555555555
2a862c09e62b4cb2e67f,1,supervised_likelihood,supervised_likelihood,supervised_likelihood,supervised_likelihood,same_objective,1,2,0.1111111111111111
2a862c09e62b4cb2e67f,2,supervised_likelihood,supervised_likelihood,supervised_likelihood,supervised_likelihood,same_objective,2,3,0.16666666666666666
2a862c09e62b4cb2e67f,3,supervised_likelihood,supervised_likelihood,supervised_likelihood,supervised_likelihood,same_objective,3,4,0.2222222222222222
2a862c09e62b4cb2e67f,4,supervised_likelihood,supervised_likelihood,supervised_likelihood,supervised_likelihood,same_objective,4,5,0.2777777777777778
2a862c09e62b4cb2e67f,5,supervised_likelihood,supervised_likelihood,supervised_likelihood,supervised_likelihood,same_objective,5,6,0.3333333333333333
2a862c09e62b4cb2e67f,6,supervised_likelihood,supervised_likelihood,supervised_likelihood,supervised_likelihood,same_objective,6,7,0.3888888888888889
2a862c09e62b4cb2e67f,7,supervised_likelihood,supervised_likelihood,supervised_likelihood,supervised_likelihood,same_objective,7,8,0.4444444444444444
2a862c09e62b4cb2e67f,8,supervised_likelihood,supervised_likelihood,supervised_likelihood,supervised_likelihood,same_objective,8,9,0.5
2a862c09e62b4cb2e67f,9,supervised_likelihood,supervised_likelihood,supervised_likelihood,supervised_likelihood,same_objective,9,10,0.5555555555555556
2a862c09e62b4cb2e67f,10,supervised_likelihood,supervised_likelihood,supervised_likelihood,supervised_likelihood,same_objective,10,11,0.6111111111111112
2a862c09e62b4cb2e67f,11,supervised_likelihood,supervised_likelihood,supervised_likelihood,supervised_likelihood,same_objective,11,12,0.6666666666666666
2a862c09e62b4cb2e67f,12,supervised_likelihood,supervised_likelihood,supervised_likelihood,supervised_likelihood,same_objective,12,13,0.7222222222222222
2a862c09e62b4cb2e67f,13,supervised_likelihood,supervised_likelihood,supervised_likelihood,supervised_likelihood,same_objective,13,14,0.7777777777777778
2a862c09e62b4cb2e67f,14,supervised_likelihood,supervised_likelihood,supervised_likelihood,supervised_likelihood,same_objective,14,15,0.8333333333333334
2a862c09e62b4cb2e67f,15,supervised_likelihood,supervised_likelihood,supervised_likelihood,supervised_likelihood,same_objective,15,16,0.8888888888888888
2a862c09e62b4cb2e67f,16,supervised_likelihood,supervised_likelihood,supervised_likelihood,supervised_likelihood,same_objective,16,17,0.9444444444444444
2a862c09e62b4cb2e67f,17,supervised_likelihood,supervised_likelihood,supervised_likelihood,supervised_likelihood,same_objective,17,18,1.0
2aeedf08803f4d945bd4,0,supervised_likelihood,supervised_likelihood,supervised_likelihood,supervised_likelihood,same_objective,0,1,0.3333333333333333
2aeedf08803f4d945bd4,1,supervised_likelihood,supervised_likelihood,supervised_likelihood,supervised_likelihood,same_objective,1,2,0.6666666666666666
2aeedf08803f4d945bd4,2,supervised_likelihood,supervised_likelihood,supervised_likelihood,supervised_likelihood,same_objective,2,3,1.0
2b139e87ef453cd1ee21,0,supervised_likelihood,supervised_likelihood,supervised_likelihood,supervised_likelihood,same_objective,0,1,0.1
2b139e87ef453cd1ee21,1,supervised_likelihood,supervised_likelihood,supervised_likelihood,supervised_likelihood,same_objective,1,2,0.2
2b139e87ef453cd1ee21,2,supervised_likelihood,supervised_likelihood,supervised_likelihood,supervised_likelihood,same_objective,2,3,0.3
2b139e87ef453cd1ee21,3,supervised_likelihood,supervised_likelihood,supervised_likelihood,supervised_likelihood,same_objective,3,4,0.4
2b139e87ef453cd1ee21,4,supervised_likelihood,supervised_likelihood,supervised_likelihood,supervised_likelihood,same_objective,4,5,0.5
2b139e87ef453cd1ee21,5,supervised_likelihood,supervised_likelihood,supervised_likelihood,supervised_likelihood,same_objective,5,6,0.6
2bd1098868b91f20417b,0,supervised_likelihood,supervised_likelihood,supervised_likelihood,supervised_likelihood,same_objective,0,1,0.3333333333333333
2bd1098868b91f20417b,1,supervised_likelihood,supervised_likelihood,supervised_likelihood,supervised_likelihood,same_objective,1,2,0.6666666666666666
2bd1098868b91f20417b,2,supervised_likelihood,supervised_likelihood,supervised_likelihood,supervised_likelihood,same_objective,2,3,1.0
2bec1480e340d772af1f,0,supervised_likelihood,supervised_likelihood,supervised_likelihood,supervised_likelihood,same_objective,0,1,0.25
2bec1480e340d772af1f,1,supervised_likelihood,supervised_likelihood,supervised_likelihood,supervised_likelihood,same_objective,1,2,0.5
2bec1480e340d772af1f,2,supervised_likelihood,supervised_likelihood,supervised_likelihood,supervised_likelihood,same_objective,2,3,0.75
2bec1480e340d772af1f,3,supervised_likelihood,supervised_likelihood,supervised_likelihood,supervised_likelihood,same_objective,3,4,1.0
2c372db94795e572b5a4,0,supervised_likelihood,supervised_likelihood,supervised_likelihood,supervised_likelihood,same_objective,0,1,0.125
2c372db94795e572b5a4,1,supervised_likelihood,supervised_likelihood,supervised_likelihood,supervised_likelihood,same_objective,1,2,0.25
2c372db94795e572b5a4,2,supervised_likelihood,supervised_likelihood,supervised_likelihood,supervised_likelihood,same_objective,2,3,0.375
2c372db94795e572b5a4,3,supervised_likelihood,supervised_likelihood,supervised_likelihood,supervised_likelihood,same_objective,3,4,0.5
2c372db94795e572b5a4,4,supervised_likelihood,supervised_likelihood,supervised_likelihood,supervised_likelihood,same_objective,4,5,0.625
2c372db94795e572b5a4,5,supervised_likelihood,supervised_likelihood,supervised_likelihood,supervised_likelihood,same_objective,5,6,0.75
2c372db94795e572b5a4,6,supervised_likelihood,supervised_likelihood,supervised_likelihood,supervised_likelihood,same_objective,6,7,0.875
2c372db94795e572b5a4,7,supervised_likelihood,supervised_likelihood,supervised_likelihood,supervised_likelihood,same_objective,7,8,1.0
2c6de1f42f7d3f55d104,0,supervised_likelihood,supervised_likelihood,supervised_likelihood,supervised_likelihood,same_objective,0,1,0.16666666666666666
2c6de1f42f7d3f55d104,1,supervised_likelihood,supervised_likelihood,supervised_likelihood,supervised_likelihood,same_objective,1,2,0.3333333333333333
2c6de1f42f7d3f55d104,2,supervised_likelihood,supervised_likelihood,supervised_likelihood,supervised_likelihood,same_objective,2,3,0.5
2c6de1f42f7d3f55d104,3,supervised_likelihood,supervised_likelihood,supervised_likelihood,supervised_likelihood,same_objective,3,4,0.6666666666666666
2c6de1f42f7d3f55d104,4,supervised_likelihood,supervised_likelihood,supervised_likelihood,supervised_likelihood,same_objective,4,5,0.8333333333333334
2c6de1f42f7d3f55d104,5,supervised_likelihood,supervised_likelihood,supervised_likelihood,supervised_likelihood,same_objective,5,6,1.0
2c7b5095b363797d2746,0,supervised_likelihood,supervised_likelihood,supervised_likelihood,supervised_likelihood,same_objective,0,1,0.125
2c7b5095b363797d2746,1,supervised_likelihood,supervised_likelihood,supervised_likelihood,supervised_likelihood,same_objective,1,2,0.25
2c7b5095b363797d2746,2,supervised_likelihood,supervised_likelihood,supervised_likelihood,supervised_likelihood,same_objective,2,3,0.375
2c7b5095b363797d2746,3,supervised_likelihood,supervised_likelihood,supervised_likelihood,supervised_likelihood,same_objective,3,4,0.5
2c7b5095b363797d2746,4,supervised_likelihood,supervised_likelihood,supervised_likelihood,supervised_likelihood,same_objective,4,5,0.625
2c7b5095b363797d2746,5,supervised_likelihood,supervised_likelihood,supervised_likelihood,supervised_likelihood,same_objective,5,6,0.75
2c7b5095b363797d2746,6,supervised_likelihood,supervised_likelihood,supervised_likelihood,supervised_likelihood,same_objective,6,7,0.875
2c7b5095b363797d2746,7,supervised_likelihood,supervised_likelihood,supervised_likelihood,supervised_likelihood,same_objective,7,8,1.0
2cd75f43bce6af939cd1,0,supervised_likelihood,supervised_likelihood,supervised_likelihood,supervised_likelihood,same_objective,0,1,1.0
2ce2230d2b7ac1f3d9a1,0,supervised_likelihood,supervised_likelihood,supervised_likelihood,supervised_likelihood,same_objective,0,1,0.25
2ce2230d2b7ac1f3d9a1,1,supervised_likelihood,supervised_likelihood,supervised_likelihood,supervised_likelihood,same_objective,1,2,0.5
2ce2230d2b7ac1f3d9a1,2,supervised_likelihood,supervised_likelihood,supervised_likelihood,supervised_likelihood,same_objective,2,3,0.75
2ce2230d2b7ac1f3d9a1,3,supervised_likelihood,supervised_likelihood,supervised_likelihood,supervised_likelihood,same_objective,3,4,1.0
2db73120a1f23948f250,0,supervised_likelihood,supervised_likelihood,supervised_likelihood,supervised_likelihood,same_objective,0,1,0.05
2db73120a1f23948f250,1,supervised_likelihood,supervised_likelihood,supervised_likelihood,supervised_likelihood,same_objective,1,2,0.1
2db73120a1f23948f250,2,supervised_likelihood,supervised_likelihood,supervised_likelihood,supervised_likelihood,same_objective,2,3,0.15
2db73120a1f23948f250,3,supervised_likelihood,supervised_likelihood,supervised_likelihood,supervised_likelihood,same_objective,3,4,0.2
2db73120a1f23948f250,4,supervised_likelihood,supervised_likelihood,supervised_likelihood,supervised_likelihood,same_objective,4,5,0.25
2db73120a1f23948f250,5,supervised_likelihood,supervised_likelihood,supervised_likelihood,supervised_likelihood,same_objective,5,6,0.3
2db73120a1f23948f250,6,supervised_likelihood,supervised_likelihood,supervised_likelihood,supervised_likelihood,same_objective,6,7,0.35
2db73120a1f23948f250,7,supervised_likelihood,supervised_likelihood,supervised_likelihood,supervised_likelihood,same_objective,7,8,0.4
2db73120a1f23948f250,8,supervised_likelihood,supervised_likelihood,supervised_likelihood,supervised_likelihood,same_objective,8,9,0.45
2db73120a1f23948f250,9,supervised_likelihood,supervised_likelihood,supervised_likelihood,supervised_likelihood,same_objective,9,10,0.5
2db73120a1f23948f250,10,supervised_likelihood,supervised_likelihood,supervised_likelihood,supervised_likelihood,same_objective,10,11,0.55
2db73120a1f23948f250,11,supervised_likelihood,supervised_likelihood,supervised_likelihood,supervised_likelihood,same_objective,11,12,0.6
2e2107898d1c8743cac3,0,supervised_likelihood,supervised_likelihood,supervised_likelihood,supervised_likelihood,same_objective,0,1,0.5
2e2107898d1c8743cac3,1,supervised_likelihood,supervised_likelihood,supervised_likelihood,supervised_likelihood,same_objective,1,2,1.0
2e27a9e54c3a316c6bf4,0,supervised_likelihood,supervised_likelihood,supervised_likelihood,supervised_likelihood,same_objective,0,1,0.08333333333333333
2e27a9e54c3a316c6bf4,1,supervised_likelihood,supervised_likelihood,supervised_likelihood,supervised_likelihood,same_objective,1,2,0.16666666666666666
2e27a9e54c3a316c6bf4,2,supervised_likelihood,supervised_likelihood,supervised_likelihood,supervised_likelihood,same_objective,2,3,0.25
2e27a9e54c3a316c6bf4,3,supervised_likelihood,supervised_likelihood,supervised_likelihood,supervised_likelihood,same_objective,3,4,0.3333333333333333
2e27a9e54c3a316c6bf4,4,supervised_likelihood,supervised_likelihood,supervised_likelihood,supervised_likelihood,same_objective,4,5,0.4166666666666667
2e27a9e54c3a316c6bf4,5,supervised_likelihood,supervised_likelihood,supervised_likelihood,supervised_likelihood,same_objective,5,6,0.5
2e27a9e54c3a316c6bf4,6,supervised_likelihood,supervised_likelihood,supervised_likelihood,supervised_likelihood,same_objective,6,7,0.5833333333333334
2e27a9e54c3a316c6bf4,7,supervised_likelihood,supervised_likelihood,supervised_likelihood,supervised_likelihood,same_objective,7,8,0.6666666666666666
2e27a9e54c3a316c6bf4,8,supervised_likelihood,supervised_likelihood,supervised_likelihood,supervised_likelihood,same_objective,8,9,0.75
2e27a9e54c3a316c6bf4,9,supervised_likelihood,supervised_likelihood,supervised_likelihood,supervised_likelihood,same_objective,9,10,0.8333333333333334
2e27a9e54c3a316c6bf4,10,supervised_likelihood,supervised_likelihood,supervised_likelihood,supervised_likelihood,same_objective,10,11,0.9166666666666666
2e27a9e54c3a316c6bf4,11,supervised_likelihood,supervised_likelihood,supervised_likelihood,supervised_likelihood,same_objective,11,12,1.0
2e314c0e892d8ea4914b,0,supervised_likelihood,supervised_likelihood,supervised_likelihood,supervised_likelihood,same_objective,0,1,0.16666666666666666
2e314c0e892d8ea4914b,1,supervised_likelihood,supervised_likelihood,supervised_likelihood,supervised_likelihood,same_objective,1,2,0.3333333333333333
2e314c0e892d8ea4914b,2,supervised_likelihood,supervised_likelihood,supervised_likelihood,supervised_likelihood,same_objective,2,3,0.5
2e314c0e892d8ea4914b,3,supervised_likelihood,supervised_likelihood,supervised_likelihood,supervised_likelihood,same_objective,3,4,0.6666666666666666
2e314c0e892d8ea4914b,4,supervised_likelihood,supervised_likelihood,supervised_likelihood,supervised_likelihood,same_objective,4,5,0.8333333333333334
2e314c0e892d8ea4914b,5,supervised_likelihood,supervised_likelihood,supervised_likelihood,supervised_likelihood,same_objective,5,6,1.0
2f2d622046c78445dff8,0,supervised_likelihood,supervised_likelihood,supervised_likelihood,supervised_likelihood,same_objective,0,1,0.25
2f2d622046c78445dff8,1,supervised_likelihood,supervised_likelihood,supervised_likelihood,supervised_likelihood,same_objective,1,2,0.5
2f2d622046c78445dff8,2,supervised_likelihood,supervised_likelihood,supervised_likelihood,supervised_likelihood,same_objective,2,3,0.75
2f2d622046c78445dff8,3,supervised_likelihood,supervised_likelihood,supervised_likelihood,supervised_likelihood,same_objective,3,4,1.0
2f371882249808def038,0,supervised_likelihood,supervised_likelihood,supervised_likelihood,supervised_likelihood,same_objective,0,1,0.1111111111111111
2f371882249808def038,1,supervised_likelihood,supervised_likelihood,supervised_likelihood,supervised_likelihood,same_objective,1,2,0.2222222222222222
2f371882249808def038,2,supervised_likelihood,supervised_likelihood,supervised_likelihood,supervised_likelihood,same_objective,2,3,0.3333333333333333
2f371882249808def038,3,supervised_likelihood,supervised_likelihood,supervised_likelihood,supervised_likelihood,same_objective,3,4,0.4444444444444444
2f371882249808def038,4,supervised_likelihood,supervised_likelihood,supervised_likelihood,supervised_likelihood,same_objective,4,5,0.5555555555555556
2f371882249808def038,5,supervised_likelihood,supervised_likelihood,supervised_likelihood,supervised_likelihood,same_objective,5,6,0.6666666666666666
2f371882249808def038,6,supervised_likelihood,supervised_likelihood,supervised_likelihood,supervised_likelihood,same_objective,6,7,0.7777777777777778
2f371882249808def038,7,supervised_likelihood,supervised_likelihood,supervised_likelihood,supervised_likelihood,same_objective,7,8,0.8888888888888888
2f371882249808def038,8,supervised_likelihood,supervised_likelihood,supervised_likelihood,supervised_likelihood,same_objective,8,9,1.0
2f4530d41d3c93069e0a,0,supervised_likelihood,supervised_likelihood,supervised_likelihood,supervised_likelihood,same_objective,0,1,0.25
2f4530d41d3c93069e0a,1,supervised_likelihood,supervised_likelihood,supervised_likelihood,supervised_likelihood,same_objective,1,2,0.5
2f4530d41d3c93069e0a,2,supervised_likelihood,supervised_likelihood,supervised_likelihood,supervised_likelihood,same_objective,2,3,0.75
2f4530d41d3c93069e0a,3,supervised_likelihood,supervised_likelihood,supervised_likelihood,supervised_likelihood,same_objective,3,4,1.0
2f98e364d731bf5ec6f2,0,supervised_likelihood,supervised_likelihood,supervised_likelihood,supervised_likelihood,same_objective,0,1,0.125
2f98e364d731bf5ec6f2,1,supervised_likelihood,supervised_likelihood,supervised_likelihood,supervised_likelihood,same_objective,1,2,0.25
2f98e364d731bf5ec6f2,2,supervised_likelihood,supervised_likelihood,supervised_likelihood,supervised_likelihood,same_objective,2,3,0.375
2f98e364d731bf5ec6f2,3,supervised_likelihood,supervised_likelihood,supervised_likelihood,supervised_likelihood,same_objective,3,4,0.5
2f98e364d731bf5ec6f2,4,supervised_likelihood,supervised_likelihood,supervised_likelihood,supervised_likelihood,same_objective,4,5,0.625
2f98e364d731bf5ec6f2,5,supervised_likelihood,supervised_likelihood,supervised_likelihood,supervised_likelihood,same_objective,5,6,0.75
2f98e364d731bf5ec6f2,6,supervised_likelihood,supervised_likelihood,supervised_likelihood,supervised_likelihood,same_objective,6,7,0.875
2fad757155b4240a81fb,0,supervised_likelihood,supervised_likelihood,supervised_likelihood,supervised_likelihood,same_objective,0,1,0.3333333333333333
2fad757155b4240a81fb,1,supervised_likelihood,supervised_likelihood,supervised_likelihood,supervised_likelihood,same_objective,1,2,0.6666666666666666
2fad757155b4240a81fb,2,supervised_likelihood,supervised_likelihood,supervised_likelihood,supervised_likelihood,same_objective,2,3,1.0
303f8ad4bc52631a1ced,0,supervised_likelihood,supervised_likelihood,supervised_likelihood,supervised_likelihood,same_objective,0,1,0.5
303f8ad4bc52631a1ced,1,supervised_likelihood,supervised_likelihood,supervised_likelihood,supervised_likelihood,same_objective,1,2,1.0
3185e3b5a7870281a033,0,supervised_likelihood,supervised_likelihood,supervised_likelihood,supervised_likelihood,same_objective,0,1,0.125
3185e3b5a7870281a033,1,supervised_likelihood,supervised_likelihood,supervised_likelihood,supervised_likelihood,same_objective,1,2,0.25
3185e3b5a7870281a033,2,supervised_likelihood,supervised_likelihood,supervised_likelihood,supervised_likelihood,same_objective,2,3,0.375
3185e3b5a7870281a033,3,supervised_likelihood,supervised_likelihood,supervised_likelihood,supervised_likelihood,same_objective,3,4,0.5
3185e3b5a7870281a033,4,supervised_likelihood,supervised_likelihood,supervised_likelihood,supervised_likelihood,same_objective,4,5,0.625
3185e3b5a7870281a033,5,supervised_likelihood,supervised_likelihood,supervised_likelihood,supervised_likelihood,same_objective,5,6,0.75
3185e3b5a7870281a033,6,supervised_likelihood,supervised_likelihood,supervised_likelihood,supervised_likelihood,same_objective,6,7,0.875
3185e3b5a7870281a033,7,supervised_likelihood,supervised_likelihood,supervised_likelihood,supervised_likelihood,same_objective,7,8,1.0
329d10ab098b651f847a,0,supervised_likelihood,supervised_likelihood,supervised_likelihood,supervised_likelihood,same_objective,0,1,0.25
329d10ab098b651f847a,1,supervised_likelihood,supervised_likelihood,supervised_likelihood,supervised_likelihood,same_objective,1,2,0.5
329d10ab098b651f847a,2,supervised_likelihood,supervised_likelihood,supervised_likelihood,supervised_likelihood,same_objective,2,3,0.75
329d10ab098b651f847a,3,supervised_likelihood,supervised_likelihood,supervised_likelihood,supervised_likelihood,same_objective,3,4,1.0
3304425b5b02b9824858,0,supervised_likelihood,supervised_likelihood,supervised_likelihood,supervised_likelihood,same_objective,0,1,0.08333333333333333
3304425b5b02b9824858,1,supervised_likelihood,supervised_likelihood,supervised_likelihood,supervised_likelihood,same_objective,1,2,0.16666666666666666
3304425b5b02b9824858,2,supervised_likelihood,supervised_likelihood,supervised_likelihood,supervised_likelihood,same_objective,2,3,0.25
3304425b5b02b9824858,3,supervised_likelihood,supervised_likelihood,supervised_likelihood,supervised_likelihood,same_objective,3,4,0.3333333333333333
3304425b5b02b9824858,4,supervised_likelihood,supervised_likelihood,supervised_likelihood,supervised_likelihood,same_objective,4,5,0.4166666666666667
3304425b5b02b9824858,5,supervised_likelihood,supervised_likelihood,supervised_likelihood,supervised_likelihood,same_objective,5,6,0.5
3304425b5b02b9824858,6,supervised_likelihood,supervised_likelihood,supervised_likelihood,supervised_likelihood,same_objective,6,7,0.5833333333333334
3304425b5b02b9824858,7,supervised_likelihood,supervised_likelihood,supervised_likelihood,supervised_likelihood,same_objective,7,8,0.6666666666666666
3304425b5b02b9824858,8,supervised_likelihood,supervised_likelihood,supervised_likelihood,supervised_likelihood,same_objective,8,9,0.75
3304425b5b02b9824858,9,supervised_likelihood,supervised_likelihood,supervised_likelihood,supervised_likelihood,same_objective,9,10,0.8333333333333334
3304425b5b02b9824858,10,supervised_likelihood,supervised_likelihood,supervised_likelihood,supervised_likelihood,same_objective,10,11,0.9166666666666666
3304425b5b02b9824858,11,supervised_likelihood,supervised_likelihood,supervised_likelihood,supervised_likelihood,same_objective,11,12,1.0
332acf8cd27b5efae497,0,supervised_likelihood,supervised_likelihood,supervised_likelihood,supervised_likelihood,same_objective,0,1,0.2
332acf8cd27b5efae497,1,supervised_likelihood,supervised_likelihood,supervised_likelihood,supervised_likelihood,same_objective,1,2,0.4
332acf8cd27b5efae497,2,supervised_likelihood,supervised_likelihood,supervised_likelihood,supervised_likelihood,same_objective,2,3,0.6
332acf8cd27b5efae497,3,supervised_likelihood,supervised_likelihood,supervised_likelihood,supervised_likelihood,same_objective,3,4,0.8
332acf8cd27b5efae497,4,supervised_likelihood,supervised_likelihood,supervised_likelihood,supervised_likelihood,same_objective,4,5,1.0
332dbeb6f655455ab81a,0,supervised_likelihood,supervised_likelihood,supervised_likelihood,supervised_likelihood,same_objective,0,1,0.3333333333333333
332dbeb6f655455ab81a,1,supervised_likelihood,supervised_likelihood,supervised_likelihood,supervised_likelihood,same_objective,1,2,0.6666666666666666
332dbeb6f655455ab81a,2,supervised_likelihood,supervised_likelihood,supervised_likelihood,supervised_likelihood,same_objective,2,3,1.0
33444a20877e55c7c12a,0,supervised_likelihood,supervised_likelihood,supervised_likelihood,supervised_likelihood,same_objective,0,1,0.5
33b63e8f0c6ccee27d32,0,supervised_likelihood,supervised_likelihood,supervised_likelihood,supervised_likelihood,same_objective,0,1,1.0
33f214166984207d596e,0,supervised_likelihood,supervised_likelihood,supervised_likelihood,supervised_likelihood,same_objective,0,1,0.25
33f214166984207d596e,1,supervised_likelihood,supervised_likelihood,supervised_likelihood,supervised_likelihood,same_objective,1,2,0.5
33f214166984207d596e,2,supervised_likelihood,supervised_likelihood,supervised_likelihood,supervised_likelihood,same_objective,2,3,0.75
33f214166984207d596e,3,supervised_likelihood,supervised_likelihood,supervised_likelihood,supervised_likelihood,same_objective,3,4,1.0
346134b7f3feb47b77bb,0,supervised_likelihood,supervised_likelihood,supervised_likelihood,supervised_likelihood,same_objective,0,1,0.3333333333333333
346134b7f3feb47b77bb,1,supervised_likelihood,supervised_likelihood,supervised_likelihood,supervised_likelihood,same_objective,1,2,0.6666666666666666
346134b7f3feb47b77bb,2,supervised_likelihood,supervised_likelihood,supervised_likelihood,supervised_likelihood,same_objective,2,3,1.0
34949aa4fce31dc32ddb,0,supervised_likelihood,supervised_likelihood,supervised_likelihood,supervised_likelihood,same_objective,0,1,0.25
34949aa4fce31dc32ddb,1,supervised_likelihood,supervised_likelihood,supervised_likelihood,supervised_likelihood,same_objective,1,2,0.5
34949aa4fce31dc32ddb,2,supervised_likelihood,supervised_likelihood,supervised_likelihood,supervised_likelihood,same_objective,2,3,0.75
34949aa4fce31dc32ddb,3,supervised_likelihood,supervised_likelihood,supervised_likelihood,supervised_likelihood,same_objective,3,4,1.0
351cba23cf76c61d870f,0,supervised_likelihood,supervised_likelihood,supervised_likelihood,supervised_likelihood,same_objective,0,1,0.16666666666666666
351cba23cf76c61d870f,1,supervised_likelihood,supervised_likelihood,supervised_likelihood,supervised_likelihood,same_objective,1,2,0.3333333333333333
351cba23cf76c61d870f,2,supervised_likelihood,supervised_likelihood,supervised_likelihood,supervised_likelihood,same_objective,2,3,0.5
351cba23cf76c61d870f,3,supervised_likelihood,supervised_likelihood,supervised_likelihood,supervised_likelihood,same_objective,3,4,0.6666666666666666
351cba23cf76c61d870f,4,supervised_likelihood,supervised_likelihood,supervised_likelihood,supervised_likelihood,same_objective,4,5,0.8333333333333334
351cba23cf76c61d870f,5,supervised_likelihood,supervised_likelihood,supervised_likelihood,supervised_likelihood,same_objective,5,6,1.0
35298e43519c9b681bcc,0,supervised_likelihood,supervised_likelihood,supervised_likelihood,supervised_likelihood,same_objective,0,1,1.0
35780baf95ca8a7e9227,0,supervised_likelihood,supervised_likelihood,supervised_likelihood,supervised_likelihood,same_objective,0,1,0.3333333333333333
35780baf95ca8a7e9227,1,supervised_likelihood,supervised_likelihood,supervised_likelihood,supervised_likelihood,same_objective,1,2,0.6666666666666666
35780baf95ca8a7e9227,2,supervised_likelihood,supervised_likelihood,supervised_likelihood,supervised_likelihood,same_objective,2,3,1.0
35de1bec0f3f6feb8007,0,supervised_likelihood,supervised_likelihood,supervised_likelihood,supervised_likelihood,same_objective,0,1,0.2
35de1bec0f3f6feb8007,1,supervised_likelihood,supervised_likelihood,supervised_likelihood,supervised_likelihood,same_objective,1,2,0.4
35de1bec0f3f6feb8007,2,supervised_likelihood,supervised_likelihood,supervised_likelihood,supervised_likelihood,same_objective,2,3,0.6
35de1bec0f3f6feb8007,3,supervised_likelihood,supervised_likelihood,supervised_likelihood,supervised_likelihood,same_objective,3,4,0.8
35de1bec0f3f6feb8007,4,supervised_likelihood,supervised_likelihood,supervised_likelihood,supervised_likelihood,same_objective,4,5,1.0
35e9a7677b1fc473d2db,0,supervised_likelihood,supervised_likelihood,supervised_likelihood,supervised_likelihood,same_objective,0,1,0.25
35e9a7677b1fc473d2db,1,supervised_likelihood,supervised_likelihood,supervised_likelihood,supervised_likelihood,same_objective,1,2,0.5
35e9a7677b1fc473d2db,2,supervised_likelihood,supervised_likelihood,supervised_likelihood,supervised_likelihood,same_objective,2,3,0.75
35e9a7677b1fc473d2db,3,supervised_likelihood,supervised_likelihood,supervised_likelihood,supervised_likelihood,same_objective,3,4,1.0
36ce6cc2a84b1b60d3d1,0,supervised_likelihood,supervised_likelihood,supervised_likelihood,supervised_likelihood,same_objective,0,1,0.5
36ce6cc2a84b1b60d3d1,1,supervised_likelihood,supervised_likelihood,supervised_likelihood,supervised_likelihood,same_objective,1,2,1.0
36cf40aee7e22d25efae,0,supervised_likelihood,supervised_likelihood,supervised_likelihood,supervised_likelihood,same_objective,0,1,0.3333333333333333
36cf40aee7e22d25efae,1,supervised_likelihood,supervised_likelihood,supervised_likelihood,supervised_likelihood,same_objective,1,2,0.6666666666666666
36cf40aee7e22d25efae,2,supervised_likelihood,supervised_likelihood,supervised_likelihood,supervised_likelihood,same_objective,2,3,1.0
36d744c8c15065a4b551,0,supervised_likelihood,supervised_likelihood,supervised_likelihood,supervised_likelihood,same_objective,0,1,0.3333333333333333
36f367a36e66c89d7a09,0,supervised_likelihood,supervised_likelihood,supervised_likelihood,supervised_likelihood,same_objective,0,1,0.25
36f367a36e66c89d7a09,1,supervised_likelihood,supervised_likelihood,supervised_likelihood,supervised_likelihood,same_objective,1,2,0.5
36f367a36e66c89d7a09,2,supervised_likelihood,supervised_likelihood,supervised_likelihood,supervised_likelihood,same_objective,2,3,0.75
36f367a36e66c89d7a09,3,supervised_likelihood,supervised_likelihood,supervised_likelihood,supervised_likelihood,same_objective,3,4,1.0
3782a08646e73aceb0c1,0,supervised_likelihood,supervised_likelihood,supervised_likelihood,supervised_likelihood,same_objective,0,1,0.16666666666666666
3782a08646e73aceb0c1,1,supervised_likelihood,supervised_likelihood,supervised_likelihood,supervised_likelihood,same_objective,1,2,0.3333333333333333
3782a08646e73aceb0c1,2,supervised_likelihood,supervised_likelihood,supervised_likelihood,supervised_likelihood,same_objective,2,3,0.5
3782a08646e73aceb0c1,3,supervised_likelihood,supervised_likelihood,supervised_likelihood,supervised_likelihood,same_objective,3,4,0.6666666666666666
3782a08646e73aceb0c1,4,supervised_likelihood,supervised_likelihood,supervised_likelihood,supervised_likelihood,same_objective,4,5,0.8333333333333334
3782a08646e73aceb0c1,5,supervised_likelihood,supervised_likelihood,supervised_likelihood,supervised_likelihood,same_objective,5,6,1.0
38f41ffd3dfec9c1c173,0,supervised_likelihood,supervised_likelihood,supervised_likelihood,supervised_likelihood,same_objective,0,1,0.2
38f41ffd3dfec9c1c173,1,supervised_likelihood,supervised_likelihood,supervised_likelihood,supervised_likelihood,same_objective,1,2,0.4
38f41ffd3dfec9c1c173,2,supervised_likelihood,supervised_likelihood,supervised_likelihood,supervised_likelihood,same_objective,2,3,0.6
38f41ffd3dfec9c1c173,3,supervised_likelihood,supervised_likelihood,supervised_likelihood,supervised_likelihood,same_objective,3,4,0.8
38f41ffd3dfec9c1c173,4,supervised_likelihood,supervised_likelihood,supervised_likelihood,supervised_likelihood,same_objective,4,5,1.0
3911d1bbf4a588c37ea2,0,supervised_likelihood,supervised_likelihood,supervised_likelihood,supervised_likelihood,same_objective,0,1,0.16666666666666666
3911d1bbf4a588c37ea2,1,supervised_likelihood,supervised_likelihood,supervised_likelihood,supervised_likelihood,same_objective,1,2,0.3333333333333333
3911d1bbf4a588c37ea2,2,supervised_likelihood,supervised_likelihood,supervised_likelihood,supervised_likelihood,same_objective,2,3,0.5
3911d1bbf4a588c37ea2,3,supervised_likelihood,supervised_likelihood,supervised_likelihood,supervised_likelihood,same_objective,3,4,0.6666666666666666
3911d1bbf4a588c37ea2,4,supervised_likelihood,supervised_likelihood,supervised_likelihood,supervised_likelihood,same_objective,4,5,0.8333333333333334
3911d1bbf4a588c37ea2,5,supervised_likelihood,supervised_likelihood,supervised_likelihood,supervised_likelihood,same_objective,5,6,1.0
3953151fad97006a4d65,0,supervised_likelihood,supervised_likelihood,supervised_likelihood,supervised_likelihood,same_objective,0,1,0.125
3953151fad97006a4d65,1,supervised_likelihood,supervised_likelihood,supervised_likelihood,supervised_likelihood,same_objective,1,2,0.25
3953151fad97006a4d65,2,supervised_likelihood,supervised_likelihood,supervised_likelihood,supervised_likelihood,same_objective,2,3,0.375
3953151fad97006a4d65,3,supervised_likelihood,supervised_likelihood,supervised_likelihood,supervised_likelihood,same_objective,3,4,0.5
3953151fad97006a4d65,4,supervised_likelihood,supervised_likelihood,supervised_likelihood,supervised_likelihood,same_objective,4,5,0.625
3953151fad97006a4d65,5,supervised_likelihood,supervised_likelihood,supervised_likelihood,supervised_likelihood,same_objective,5,6,0.75
3953151fad97006a4d65,6,supervised_likelihood,supervised_likelihood,supervised_likelihood,supervised_likelihood,same_objective,6,7,0.875
3953151fad97006a4d65,7,supervised_likelihood,supervised_likelihood,supervised_likelihood,supervised_likelihood,same_objective,7,8,1.0
397f23dc87a7fe5c83dd,0,supervised_likelihood,supervised_likelihood,supervised_likelihood,supervised_likelihood,same_objective,0,1,0.1111111111111111
397f23dc87a7fe5c83dd,1,supervised_likelihood,supervised_likelihood,supervised_likelihood,supervised_likelihood,same_objective,1,2,0.2222222222222222
397f23dc87a7fe5c83dd,2,supervised_likelihood,supervised_likelihood,supervised_likelihood,supervised_likelihood,same_objective,2,3,0.3333333333333333
397f23dc87a7fe5c83dd,3,supervised_likelihood,supervised_likelihood,supervised_likelihood,supervised_likelihood,same_objective,3,4,0.4444444444444444
397f23dc87a7fe5c83dd,4,supervised_likelihood,supervised_likelihood,supervised_likelihood,supervised_likelihood,same_objective,4,5,0.5555555555555556
397f23dc87a7fe5c83dd,5,supervised_likelihood,supervised_likelihood,supervised_likelihood,supervised_likelihood,same_objective,5,6,0.6666666666666666
397f23dc87a7fe5c83dd,6,supervised_likelihood,supervised_likelihood,supervised_likelihood,supervised_likelihood,same_objective,6,7,0.7777777777777778
397f23dc87a7fe5c83dd,7,supervised_likelihood,supervised_likelihood,supervised_likelihood,supervised_likelihood,same_objective,7,8,0.8888888888888888
397f23dc87a7fe5c83dd,8,supervised_likelihood,supervised_likelihood,supervised_likelihood,supervised_likelihood,same_objective,8,9,1.0
39d188e93a960900507d,0,supervised_likelihood,supervised_likelihood,supervised_likelihood,supervised_likelihood,same_objective,0,1,1.0
39e27889ece5f7817a2c,0,supervised_likelihood,supervised_likelihood,supervised_likelihood,supervised_likelihood,same_objective,0,1,1.0
39ea5bef2ddfdde93f8f,0,supervised_likelihood,supervised_likelihood,supervised_likelihood,supervised_likelihood,same_objective,0,1,0.25
39ea5bef2ddfdde93f8f,1,supervised_likelihood,supervised_likelihood,supervised_likelihood,supervised_likelihood,same_objective,1,2,0.5
39ea5bef2ddfdde93f8f,2,supervised_likelihood,supervised_likelihood,supervised_likelihood,supervised_likelihood,same_objective,2,3,0.75
39ea5bef2ddfdde93f8f,3,supervised_likelihood,supervised_likelihood,supervised_likelihood,supervised_likelihood,same_objective,3,4,1.0
3b0a14de5d35bb44abf3,0,supervised_likelihood,supervised_likelihood,supervised_likelihood,supervised_likelihood,same_objective,0,1,0.06666666666666667
3b0a14de5d35bb44abf3,1,supervised_likelihood,supervised_likelihood,supervised_likelihood,supervised_likelihood,same_objective,1,2,0.13333333333333333
3b0a14de5d35bb44abf3,2,supervised_likelihood,reward_optimization,supervised_likelihood,reward_grpo,objective_change,2,3,0.2
3b0a14de5d35bb44abf3,3,reward_optimization,reward_optimization,reward_grpo,reward_grpo,same_objective,3,4,0.26666666666666666
3b0a14de5d35bb44abf3,4,reward_optimization,reward_optimization,reward_grpo,reward_grpo,same_objective,4,5,0.3333333333333333
3b0a14de5d35bb44abf3,5,reward_optimization,supervised_likelihood,reward_grpo,supervised_likelihood,objective_change,5,6,0.4
3b0a14de5d35bb44abf3,6,supervised_likelihood,supervised_likelihood,supervised_likelihood,supervised_likelihood,same_objective,6,7,0.4666666666666667
3b0a14de5d35bb44abf3,7,supervised_likelihood,supervised_likelihood,supervised_likelihood,supervised_likelihood,same_objective,7,8,0.5333333333333333
3b0a14de5d35bb44abf3,8,supervised_likelihood,supervised_likelihood,supervised_likelihood,supervised_likelihood,same_objective,8,9,0.6
3b0a14de5d35bb44abf3,9,supervised_likelihood,supervised_likelihood,supervised_likelihood,supervised_likelihood,same_objective,9,10,0.6666666666666666
3b0a14de5d35bb44abf3,10,supervised_likelihood,supervised_likelihood,supervised_likelihood,supervised_likelihood,same_objective,10,11,0.7333333333333333
3b0a14de5d35bb44abf3,11,supervised_likelihood,supervised_likelihood,supervised_likelihood,supervised_likelihood,same_objective,11,12,0.8
3b0a14de5d35bb44abf3,12,supervised_likelihood,supervised_likelihood,supervised_likelihood,supervised_likelihood,same_objective,12,13,0.8666666666666667
3b0a14de5d35bb44abf3,13,supervised_likelihood,supervised_likelihood,supervised_likelihood,supervised_likelihood,same_objective,13,14,0.9333333333333333
3b0a14de5d35bb44abf3,14,supervised_likelihood,reward_optimization,supervised_likelihood,reward_grpo,objective_change,14,15,1.0
3b73bec0524284cb9d5d,0,supervised_likelihood,supervised_likelihood,supervised_likelihood,supervised_likelihood,same_objective,0,1,0.25
3b73bec0524284cb9d5d,1,supervised_likelihood,supervised_likelihood,supervised_likelihood,supervised_likelihood,same_objective,1,2,0.5
3b73bec0524284cb9d5d,2,supervised_likelihood,supervised_likelihood,supervised_likelihood,supervised_likelihood,same_objective,2,3,0.75
3b73bec0524284cb9d5d,3,supervised_likelihood,supervised_likelihood,supervised_likelihood,supervised_likelihood,same_objective,3,4,1.0
3dbe3ce28a1c05044fb2,0,supervised_likelihood,supervised_likelihood,supervised_likelihood,supervised_likelihood,same_objective,0,1,0.1
3dbe3ce28a1c05044fb2,1,supervised_likelihood,supervised_likelihood,supervised_likelihood,supervised_likelihood,same_objective,1,2,0.2
3dbe3ce28a1c05044fb2,2,supervised_likelihood,supervised_likelihood,supervised_likelihood,supervised_likelihood,same_objective,2,3,0.3
3dbe3ce28a1c05044fb2,3,supervised_likelihood,supervised_likelihood,supervised_likelihood,supervised_likelihood,same_objective,3,4,0.4
3dbe3ce28a1c05044fb2,4,supervised_likelihood,supervised_likelihood,supervised_likelihood,supervised_likelihood,same_objective,4,5,0.5
3dbe3ce28a1c05044fb2,5,supervised_likelihood,supervised_likelihood,supervised_likelihood,supervised_likelihood,same_objective,5,6,0.6
3dbe3ce28a1c05044fb2,6,supervised_likelihood,supervised_likelihood,supervised_likelihood,supervised_likelihood,same_objective,6,7,0.7
3dbe3ce28a1c05044fb2,7,supervised_likelihood,supervised_likelihood,supervised_likelihood,supervised_likelihood,same_objective,7,8,0.8
3ded2b4a972f1c84cacb,0,supervised_likelihood,supervised_likelihood,supervised_likelihood,supervised_likelihood,same_objective,0,1,0.25
3ded2b4a972f1c84cacb,1,supervised_likelihood,supervised_likelihood,supervised_likelihood,supervised_likelihood,same_objective,1,2,0.5
3ded2b4a972f1c84cacb,2,supervised_likelihood,supervised_likelihood,supervised_likelihood,supervised_likelihood,same_objective,2,3,0.75
3ded2b4a972f1c84cacb,3,supervised_likelihood,supervised_likelihood,supervised_likelihood,supervised_likelihood,same_objective,3,4,1.0
3e97600b77d8f9e0393f,0,supervised_likelihood,supervised_likelihood,supervised_likelihood,supervised_likelihood,same_objective,0,1,1.0
3ea9a217c30933ce8b03,0,supervised_likelihood,supervised_likelihood,supervised_likelihood,supervised_likelihood,same_objective,0,1,0.25
3ea9a217c30933ce8b03,1,supervised_likelihood,supervised_likelihood,supervised_likelihood,supervised_likelihood,same_objective,1,2,0.5
3ea9a217c30933ce8b03,2,supervised_likelihood,supervised_likelihood,supervised_likelihood,supervised_likelihood,same_objective,2,3,0.75
3ea9a217c30933ce8b03,3,supervised_likelihood,supervised_likelihood,supervised_likelihood,supervised_likelihood,same_objective,3,4,1.0
3fa66d9b51a8ed1e316e,0,supervised_likelihood,supervised_likelihood,supervised_likelihood,supervised_likelihood,same_objective,0,1,0.3333333333333333
3fa66d9b51a8ed1e316e,1,supervised_likelihood,supervised_likelihood,supervised_likelihood,supervised_likelihood,same_objective,1,2,0.6666666666666666
3fa66d9b51a8ed1e316e,2,supervised_likelihood,supervised_likelihood,supervised_likelihood,supervised_likelihood,same_objective,2,3,1.0
3fa816af5ceb3b834769,0,supervised_likelihood,supervised_likelihood,supervised_likelihood,supervised_likelihood,same_objective,0,1,0.06666666666666667
3fa816af5ceb3b834769,1,supervised_likelihood,supervised_likelihood,supervised_likelihood,supervised_likelihood,same_objective,1,2,0.13333333333333333
3fa816af5ceb3b834769,2,supervised_likelihood,supervised_likelihood,supervised_likelihood,supervised_likelihood,same_objective,2,3,0.2
3fa816af5ceb3b834769,3,supervised_likelihood,supervised_likelihood,supervised_likelihood,supervised_likelihood,same_objective,3,4,0.26666666666666666
3fa816af5ceb3b834769,4,supervised_likelihood,supervised_likelihood,supervised_likelihood,supervised_likelihood,same_objective,4,5,0.3333333333333333
3fa816af5ceb3b834769,5,supervised_likelihood,supervised_likelihood,supervised_likelihood,supervised_likelihood,same_objective,5,6,0.4
3fa816af5ceb3b834769,6,supervised_likelihood,supervised_likelihood,supervised_likelihood,supervised_likelihood,same_objective,6,7,0.4666666666666667
3fa816af5ceb3b834769,7,supervised_likelihood,supervised_likelihood,supervised_likelihood,supervised_likelihood,same_objective,7,8,0.5333333333333333
3fa816af5ceb3b834769,8,supervised_likelihood,supervised_likelihood,supervised_likelihood,supervised_likelihood,same_objective,8,9,0.6
3fa816af5ceb3b834769,9,supervised_likelihood,supervised_likelihood,supervised_likelihood,supervised_likelihood,same_objective,9,10,0.6666666666666666
3fa816af5ceb3b834769,10,supervised_likelihood,supervised_likelihood,supervised_likelihood,supervised_likelihood,same_objective,10,11,0.7333333333333333
3fa816af5ceb3b834769,11,supervised_likelihood,supervised_likelihood,supervised_likelihood,supervised_likelihood,same_objective,11,12,0.8
3fa816af5ceb3b834769,12,supervised_likelihood,supervised_likelihood,supervised_likelihood,supervised_likelihood,same_objective,12,13,0.8666666666666667
3fa816af5ceb3b834769,13,supervised_likelihood,supervised_likelihood,supervised_likelihood,supervised_likelihood,same_objective,13,14,0.9333333333333333
3fa816af5ceb3b834769,14,supervised_likelihood,supervised_likelihood,supervised_likelihood,supervised_likelihood,same_objective,14,15,1.0
3fd3ea0ba59a8679ee77,0,supervised_likelihood,supervised_likelihood,supervised_likelihood,supervised_likelihood,same_objective,0,1,0.16666666666666666
3fd3ea0ba59a8679ee77,1,supervised_likelihood,preference_optimization,supervised_likelihood,preference_dpo,objective_change,1,2,0.3333333333333333
3fd3ea0ba59a8679ee77,2,preference_optimization,supervised_likelihood,preference_dpo,supervised_likelihood,objective_change,2,3,0.5
3fd3ea0ba59a8679ee77,3,supervised_likelihood,preference_optimization,supervised_likelihood,preference_dpo,objective_change,3,4,0.6666666666666666
3fd3ea0ba59a8679ee77,4,preference_optimization,supervised_likelihood,preference_dpo,supervised_likelihood,objective_change,4,5,0.8333333333333334
3fd3ea0ba59a8679ee77,5,supervised_likelihood,supervised_likelihood,supervised_likelihood,supervised_likelihood,same_objective,5,6,1.0
3ff7a06027e41e591208,0,supervised_likelihood,supervised_likelihood,supervised_likelihood,supervised_likelihood,same_objective,0,1,1.0
405b43c86173ce80587f,0,supervised_likelihood,supervised_likelihood,supervised_likelihood,supervised_likelihood,same_objective,0,1,0.1111111111111111
405b43c86173ce80587f,1,supervised_likelihood,supervised_likelihood,supervised_likelihood,supervised_likelihood,same_objective,1,2,0.2222222222222222
405b43c86173ce80587f,2,supervised_likelihood,supervised_likelihood,supervised_likelihood,supervised_likelihood,same_objective,2,3,0.3333333333333333
405b43c86173ce80587f,3,supervised_likelihood,supervised_likelihood,supervised_likelihood,supervised_likelihood,same_objective,3,4,0.4444444444444444
405b43c86173ce80587f,4,supervised_likelihood,supervised_likelihood,supervised_likelihood,supervised_likelihood,same_objective,4,5,0.5555555555555556
405b43c86173ce80587f,5,supervised_likelihood,supervised_likelihood,supervised_likelihood,supervised_likelihood,same_objective,5,6,0.6666666666666666
405b43c86173ce80587f,6,supervised_likelihood,supervised_likelihood,supervised_likelihood,supervised_likelihood,same_objective,6,7,0.7777777777777778
405b43c86173ce80587f,7,supervised_likelihood,supervised_likelihood,supervised_likelihood,supervised_likelihood,same_objective,7,8,0.8888888888888888
405b43c86173ce80587f,8,supervised_likelihood,supervised_likelihood,supervised_likelihood,supervised_likelihood,same_objective,8,9,1.0
40b936a5d4f049ffe440,0,supervised_likelihood,supervised_likelihood,supervised_likelihood,supervised_likelihood,same_objective,0,1,0.08333333333333333
40b936a5d4f049ffe440,1,supervised_likelihood,supervised_likelihood,supervised_likelihood,supervised_likelihood,same_objective,1,2,0.16666666666666666
40b936a5d4f049ffe440,2,supervised_likelihood,supervised_likelihood,supervised_likelihood,supervised_likelihood,same_objective,2,3,0.25
40b936a5d4f049ffe440,3,supervised_likelihood,supervised_likelihood,supervised_likelihood,supervised_likelihood,same_objective,3,4,0.3333333333333333
40b936a5d4f049ffe440,4,supervised_likelihood,supervised_likelihood,supervised_likelihood,supervised_likelihood,same_objective,4,5,0.4166666666666667
40b936a5d4f049ffe440,5,supervised_likelihood,supervised_likelihood,supervised_likelihood,supervised_likelihood,same_objective,5,6,0.5
40b936a5d4f049ffe440,6,supervised_likelihood,supervised_likelihood,supervised_likelihood,supervised_likelihood,same_objective,6,7,0.5833333333333334
40b936a5d4f049ffe440,7,supervised_likelihood,supervised_likelihood,supervised_likelihood,supervised_likelihood,same_objective,7,8,0.6666666666666666
40b936a5d4f049ffe440,8,supervised_likelihood,supervised_likelihood,supervised_likelihood,supervised_likelihood,same_objective,8,9,0.75
40b936a5d4f049ffe440,9,supervised_likelihood,supervised_likelihood,supervised_likelihood,supervised_likelihood,same_objective,9,10,0.8333333333333334
40b936a5d4f049ffe440,10,supervised_likelihood,supervised_likelihood,supervised_likelihood,supervised_likelihood,same_objective,10,11,0.9166666666666666
40b936a5d4f049ffe440,11,supervised_likelihood,supervised_likelihood,supervised_likelihood,supervised_likelihood,same_objective,11,12,1.0
40cac1383faba92072d7,0,supervised_likelihood,supervised_likelihood,supervised_likelihood,supervised_likelihood,same_objective,0,1,0.5
40cac1383faba92072d7,1,supervised_likelihood,supervised_likelihood,supervised_likelihood,supervised_likelihood,same_objective,1,2,1.0
415aa8fb1691764a10a3,0,supervised_likelihood,supervised_likelihood,supervised_likelihood,supervised_likelihood,same_objective,0,1,0.3333333333333333
415aa8fb1691764a10a3,1,supervised_likelihood,supervised_likelihood,supervised_likelihood,supervised_likelihood,same_objective,1,2,0.6666666666666666
415aa8fb1691764a10a3,2,supervised_likelihood,supervised_likelihood,supervised_likelihood,supervised_likelihood,same_objective,2,3,1.0
41868f3e3505e12147d9,0,supervised_likelihood,supervised_likelihood,supervised_likelihood,supervised_likelihood,same_objective,0,1,0.25
41aeac98805806a96051,0,supervised_likelihood,supervised_likelihood,supervised_likelihood,supervised_likelihood,same_objective,0,1,0.14285714285714285
41aeac98805806a96051,1,supervised_likelihood,supervised_likelihood,supervised_likelihood,supervised_likelihood,same_objective,1,2,0.2857142857142857
41aeac98805806a96051,2,supervised_likelihood,supervised_likelihood,supervised_likelihood,supervised_likelihood,same_objective,2,3,0.42857142857142855
41aeac98805806a96051,3,supervised_likelihood,supervised_likelihood,supervised_likelihood,supervised_likelihood,same_objective,3,4,0.5714285714285714
41aeac98805806a96051,4,supervised_likelihood,supervised_likelihood,supervised_likelihood,supervised_likelihood,same_objective,4,5,0.7142857142857143
41aeac98805806a96051,5,supervised_likelihood,supervised_likelihood,supervised_likelihood,supervised_likelihood,same_objective,5,6,0.8571428571428571
41aeac98805806a96051,6,supervised_likelihood,supervised_likelihood,supervised_likelihood,supervised_likelihood,same_objective,6,7,1.0
42ae8a1255aaa639a006,0,supervised_likelihood,supervised_likelihood,supervised_likelihood,supervised_likelihood,same_objective,0,1,0.3333333333333333
42ae8a1255aaa639a006,1,supervised_likelihood,supervised_likelihood,supervised_likelihood,supervised_likelihood,same_objective,1,2,0.6666666666666666
42ae8a1255aaa639a006,2,supervised_likelihood,supervised_likelihood,supervised_likelihood,supervised_likelihood,same_objective,2,3,1.0
432f9d7af067b8b13ac9,0,supervised_likelihood,supervised_likelihood,supervised_likelihood,supervised_likelihood,same_objective,0,1,0.1
432f9d7af067b8b13ac9,1,supervised_likelihood,supervised_likelihood,supervised_likelihood,supervised_likelihood,same_objective,1,2,0.2
432f9d7af067b8b13ac9,2,supervised_likelihood,supervised_likelihood,supervised_likelihood,supervised_likelihood,same_objective,2,3,0.3
432f9d7af067b8b13ac9,3,supervised_likelihood,supervised_likelihood,supervised_likelihood,supervised_likelihood,same_objective,3,4,0.4
432f9d7af067b8b13ac9,4,supervised_likelihood,supervised_likelihood,supervised_likelihood,supervised_likelihood,same_objective,4,5,0.5
432f9d7af067b8b13ac9,5,supervised_likelihood,supervised_likelihood,supervised_likelihood,supervised_likelihood,same_objective,5,6,0.6
432f9d7af067b8b13ac9,6,supervised_likelihood,supervised_likelihood,supervised_likelihood,supervised_likelihood,same_objective,6,7,0.7
432f9d7af067b8b13ac9,7,supervised_likelihood,supervised_likelihood,supervised_likelihood,supervised_likelihood,same_objective,7,8,0.8
432f9d7af067b8b13ac9,8,supervised_likelihood,supervised_likelihood,supervised_likelihood,supervised_likelihood,same_objective,8,9,0.9
432f9d7af067b8b13ac9,9,supervised_likelihood,supervised_likelihood,supervised_likelihood,supervised_likelihood,same_objective,9,10,1.0
43f7310a0bc357708eff,0,supervised_likelihood,supervised_likelihood,supervised_likelihood,supervised_likelihood,same_objective,0,1,0.5
43f7310a0bc357708eff,1,supervised_likelihood,supervised_likelihood,supervised_likelihood,supervised_likelihood,same_objective,1,2,1.0
4429f19ff6c57fb4614b,0,supervised_likelihood,supervised_likelihood,supervised_likelihood,supervised_likelihood,same_objective,0,1,0.2
4429f19ff6c57fb4614b,1,supervised_likelihood,supervised_likelihood,supervised_likelihood,supervised_likelihood,same_objective,1,2,0.4
4429f19ff6c57fb4614b,2,supervised_likelihood,supervised_likelihood,supervised_likelihood,supervised_likelihood,same_objective,2,3,0.6
4429f19ff6c57fb4614b,3,supervised_likelihood,supervised_likelihood,supervised_likelihood,supervised_likelihood,same_objective,3,4,0.8
4429f19ff6c57fb4614b,4,supervised_likelihood,supervised_likelihood,supervised_likelihood,supervised_likelihood,same_objective,4,5,1.0
4440ac9451cd259a239d,0,supervised_likelihood,supervised_likelihood,supervised_likelihood,supervised_likelihood,same_objective,0,1,0.2
4440ac9451cd259a239d,1,supervised_likelihood,supervised_likelihood,supervised_likelihood,supervised_likelihood,same_objective,1,2,0.4
4440ac9451cd259a239d,2,supervised_likelihood,supervised_likelihood,supervised_likelihood,supervised_likelihood,same_objective,2,3,0.6
4440ac9451cd259a239d,3,supervised_likelihood,supervised_likelihood,supervised_likelihood,supervised_likelihood,same_objective,3,4,0.8
4440ac9451cd259a239d,4,supervised_likelihood,supervised_likelihood,supervised_likelihood,supervised_likelihood,same_objective,4,5,1.0
44d53bd77a089086b42b,0,supervised_likelihood,supervised_likelihood,supervised_likelihood,supervised_likelihood,same_objective,0,1,0.25
44d53bd77a089086b42b,1,supervised_likelihood,supervised_likelihood,supervised_likelihood,supervised_likelihood,same_objective,1,2,0.5
44d53bd77a089086b42b,2,supervised_likelihood,supervised_likelihood,supervised_likelihood,supervised_likelihood,same_objective,2,3,0.75
44d53bd77a089086b42b,3,supervised_likelihood,supervised_likelihood,supervised_likelihood,supervised_likelihood,same_objective,3,4,1.0
4550ce39cf463cf6c835,0,supervised_likelihood,supervised_likelihood,supervised_likelihood,supervised_likelihood,same_objective,0,1,1.0
45a1ce2adda0faee87a7,0,supervised_likelihood,supervised_likelihood,supervised_likelihood,supervised_likelihood,same_objective,0,1,0.5
45a1ce2adda0faee87a7,1,supervised_likelihood,supervised_likelihood,supervised_likelihood,supervised_likelihood,same_objective,1,2,1.0
45dd80cfcf0b458980a3,0,supervised_likelihood,supervised_likelihood,supervised_likelihood,supervised_likelihood,same_objective,0,1,0.14285714285714285
45dd80cfcf0b458980a3,1,supervised_likelihood,supervised_likelihood,supervised_likelihood,supervised_likelihood,same_objective,1,2,0.2857142857142857
45dd80cfcf0b458980a3,2,supervised_likelihood,supervised_likelihood,supervised_likelihood,supervised_likelihood,same_objective,2,3,0.42857142857142855
45dd80cfcf0b458980a3,3,supervised_likelihood,supervised_likelihood,supervised_likelihood,supervised_likelihood,same_objective,3,4,0.5714285714285714
45dd80cfcf0b458980a3,4,supervised_likelihood,supervised_likelihood,supervised_likelihood,supervised_likelihood,same_objective,4,5,0.7142857142857143
45dd80cfcf0b458980a3,5,supervised_likelihood,supervised_likelihood,supervised_likelihood,supervised_likelihood,same_objective,5,6,0.8571428571428571
45dd80cfcf0b458980a3,6,supervised_likelihood,supervised_likelihood,supervised_likelihood,supervised_likelihood,same_objective,6,7,1.0
45fc2ed3ba316ca804b9,0,supervised_likelihood,supervised_likelihood,supervised_likelihood,supervised_likelihood,same_objective,0,1,0.3333333333333333
45fc2ed3ba316ca804b9,1,supervised_likelihood,supervised_likelihood,supervised_likelihood,supervised_likelihood,same_objective,1,2,0.6666666666666666
45fc2ed3ba316ca804b9,2,supervised_likelihood,supervised_likelihood,supervised_likelihood,supervised_likelihood,same_objective,2,3,1.0
4624eea688e2f6ea0f6f,0,supervised_likelihood,supervised_likelihood,supervised_likelihood,supervised_likelihood,same_objective,0,1,1.0
462cc3445381ee6db7b4,0,supervised_likelihood,supervised_likelihood,supervised_likelihood,supervised_likelihood,same_objective,0,1,0.5
462cc3445381ee6db7b4,1,supervised_likelihood,supervised_likelihood,supervised_likelihood,supervised_likelihood,same_objective,1,2,1.0
46a821e3a4fe12de1dcc,0,supervised_likelihood,supervised_likelihood,supervised_likelihood,supervised_likelihood,same_objective,0,1,0.5
46a821e3a4fe12de1dcc,1,supervised_likelihood,supervised_likelihood,supervised_likelihood,supervised_likelihood,same_objective,1,2,1.0
4771dd354930c6d916cb,0,supervised_likelihood,supervised_likelihood,supervised_likelihood,supervised_likelihood,same_objective,0,1,0.2
4771dd354930c6d916cb,1,supervised_likelihood,supervised_likelihood,supervised_likelihood,supervised_likelihood,same_objective,1,2,0.4
4771dd354930c6d916cb,2,supervised_likelihood,supervised_likelihood,supervised_likelihood,supervised_likelihood,same_objective,2,3,0.6
4771dd354930c6d916cb,3,supervised_likelihood,supervised_likelihood,supervised_likelihood,supervised_likelihood,same_objective,3,4,0.8
4771dd354930c6d916cb,4,supervised_likelihood,supervised_likelihood,supervised_likelihood,supervised_likelihood,same_objective,4,5,1.0
47a7873c8f432ecde700,0,supervised_likelihood,supervised_likelihood,supervised_likelihood,supervised_likelihood,same_objective,0,1,0.5
47a7873c8f432ecde700,1,supervised_likelihood,supervised_likelihood,supervised_likelihood,supervised_likelihood,same_objective,1,2,1.0
47f770322c0b9afbc496,0,supervised_likelihood,supervised_likelihood,supervised_likelihood,supervised_likelihood,same_objective,0,1,0.25
47f770322c0b9afbc496,1,supervised_likelihood,supervised_likelihood,supervised_likelihood,supervised_likelihood,same_objective,1,2,0.5
47f770322c0b9afbc496,2,supervised_likelihood,supervised_likelihood,supervised_likelihood,supervised_likelihood,same_objective,2,3,0.75
47f770322c0b9afbc496,3,supervised_likelihood,supervised_likelihood,supervised_likelihood,supervised_likelihood,same_objective,3,4,1.0
4857384ac1facaadff6c,0,supervised_likelihood,supervised_likelihood,supervised_likelihood,supervised_likelihood,same_objective,0,1,0.25
4857384ac1facaadff6c,1,supervised_likelihood,supervised_likelihood,supervised_likelihood,supervised_likelihood,same_objective,1,2,0.5
4857384ac1facaadff6c,2,supervised_likelihood,supervised_likelihood,supervised_likelihood,supervised_likelihood,same_objective,2,3,0.75
4857384ac1facaadff6c,3,supervised_likelihood,supervised_likelihood,supervised_likelihood,supervised_likelihood,same_objective,3,4,1.0
48b6e6fa0f9363af5353,0,supervised_likelihood,supervised_likelihood,supervised_likelihood,supervised_likelihood,same_objective,0,1,0.3333333333333333
48b6e6fa0f9363af5353,1,supervised_likelihood,supervised_likelihood,supervised_likelihood,supervised_likelihood,same_objective,1,2,0.6666666666666666
48b6e6fa0f9363af5353,2,supervised_likelihood,supervised_likelihood,supervised_likelihood,supervised_likelihood,same_objective,2,3,1.0
493ebb3f39685961402e,0,supervised_likelihood,supervised_likelihood,supervised_likelihood,supervised_likelihood,same_objective,0,1,0.25
493ebb3f39685961402e,1,supervised_likelihood,supervised_likelihood,supervised_likelihood,supervised_likelihood,same_objective,1,2,0.5
493ebb3f39685961402e,2,supervised_likelihood,supervised_likelihood,supervised_likelihood,supervised_likelihood,same_objective,2,3,0.75
493ebb3f39685961402e,3,supervised_likelihood,supervised_likelihood,supervised_likelihood,supervised_likelihood,same_objective,3,4,1.0
4a0073026633543f0327,0,supervised_likelihood,supervised_likelihood,supervised_likelihood,supervised_likelihood,same_objective,0,1,0.16666666666666666
4a0073026633543f0327,1,supervised_likelihood,supervised_likelihood,supervised_likelihood,supervised_likelihood,same_objective,1,2,0.3333333333333333
4a0073026633543f0327,2,supervised_likelihood,supervised_likelihood,supervised_likelihood,supervised_likelihood,same_objective,2,3,0.5
4a0073026633543f0327,3,supervised_likelihood,supervised_likelihood,supervised_likelihood,supervised_likelihood,same_objective,3,4,0.6666666666666666
4a0073026633543f0327,4,supervised_likelihood,supervised_likelihood,supervised_likelihood,supervised_likelihood,same_objective,4,5,0.8333333333333334
4a0073026633543f0327,5,supervised_likelihood,supervised_likelihood,supervised_likelihood,supervised_likelihood,same_objective,5,6,1.0
4a7db8cbbaf41da65dfb,0,supervised_likelihood,supervised_likelihood,supervised_likelihood,supervised_likelihood,same_objective,0,1,0.5
4a7db8cbbaf41da65dfb,1,supervised_likelihood,supervised_likelihood,supervised_likelihood,supervised_likelihood,same_objective,1,2,1.0
4a80d272e6761ae97f2e,0,supervised_likelihood,supervised_likelihood,supervised_likelihood,supervised_likelihood,same_objective,0,1,0.16666666666666666
4a80d272e6761ae97f2e,1,supervised_likelihood,supervised_likelihood,supervised_likelihood,supervised_likelihood,same_objective,1,2,0.3333333333333333
4a80d272e6761ae97f2e,2,supervised_likelihood,supervised_likelihood,supervised_likelihood,supervised_likelihood,same_objective,2,3,0.5
4a80d272e6761ae97f2e,3,supervised_likelihood,supervised_likelihood,supervised_likelihood,supervised_likelihood,same_objective,3,4,0.6666666666666666
4a80d272e6761ae97f2e,4,supervised_likelihood,supervised_likelihood,supervised_likelihood,supervised_likelihood,same_objective,4,5,0.8333333333333334
4a80d272e6761ae97f2e,5,supervised_likelihood,supervised_likelihood,supervised_likelihood,supervised_likelihood,same_objective,5,6,1.0
4a8a7929448f4993ecba,0,supervised_likelihood,supervised_likelihood,supervised_likelihood,supervised_likelihood,same_objective,0,1,1.0
4ab4d8e9b4fc0c5506a9,0,supervised_likelihood,supervised_likelihood,supervised_likelihood,supervised_likelihood,same_objective,0,1,0.5
4ab4d8e9b4fc0c5506a9,1,supervised_likelihood,supervised_likelihood,supervised_likelihood,supervised_likelihood,same_objective,1,2,1.0
4b9372c13dc8c502c87f,0,supervised_likelihood,supervised_likelihood,supervised_likelihood,supervised_likelihood,same_objective,0,1,0.5
4b9372c13dc8c502c87f,1,supervised_likelihood,supervised_likelihood,supervised_likelihood,supervised_likelihood,same_objective,1,2,1.0
4bebf88b343c749c6c30,0,supervised_likelihood,supervised_likelihood,supervised_likelihood,supervised_likelihood,same_objective,0,1,0.3333333333333333
4bebf88b343c749c6c30,1,supervised_likelihood,supervised_likelihood,supervised_likelihood,supervised_likelihood,same_objective,1,2,0.6666666666666666
4bebf88b343c749c6c30,2,supervised_likelihood,supervised_likelihood,supervised_likelihood,supervised_likelihood,same_objective,2,3,1.0
4c68977cd592d5e5e5f9,0,supervised_likelihood,supervised_likelihood,supervised_likelihood,supervised_likelihood,same_objective,0,1,0.3333333333333333
4c68977cd592d5e5e5f9,1,supervised_likelihood,supervised_likelihood,supervised_likelihood,supervised_likelihood,same_objective,1,2,0.6666666666666666
4c68977cd592d5e5e5f9,2,supervised_likelihood,supervised_likelihood,supervised_likelihood,supervised_likelihood,same_objective,2,3,1.0
4ccf5acf2c0dce095fd3,0,supervised_likelihood,supervised_likelihood,supervised_likelihood,supervised_likelihood,same_objective,0,1,0.058823529411764705
4ccf5acf2c0dce095fd3,1,supervised_likelihood,supervised_likelihood,supervised_likelihood,supervised_likelihood,same_objective,1,2,0.11764705882352941
4ccf5acf2c0dce095fd3,2,supervised_likelihood,supervised_likelihood,supervised_likelihood,supervised_likelihood,same_objective,2,3,0.17647058823529413
4ccf5acf2c0dce095fd3,3,supervised_likelihood,supervised_likelihood,supervised_likelihood,supervised_likelihood,same_objective,3,4,0.23529411764705882
4ccf5acf2c0dce095fd3,4,supervised_likelihood,supervised_likelihood,supervised_likelihood,supervised_likelihood,same_objective,4,5,0.29411764705882354
4ccf5acf2c0dce095fd3,5,supervised_likelihood,supervised_likelihood,supervised_likelihood,supervised_likelihood,same_objective,5,6,0.35294117647058826
4ccf5acf2c0dce095fd3,6,supervised_likelihood,supervised_likelihood,supervised_likelihood,supervised_likelihood,same_objective,6,7,0.4117647058823529
4ccf5acf2c0dce095fd3,7,supervised_likelihood,supervised_likelihood,supervised_likelihood,supervised_likelihood,same_objective,7,8,0.47058823529411764
4ccf5acf2c0dce095fd3,8,supervised_likelihood,supervised_likelihood,supervised_likelihood,supervised_likelihood,same_objective,8,9,0.5294117647058824
4ccf5acf2c0dce095fd3,9,supervised_likelihood,supervised_likelihood,supervised_likelihood,supervised_likelihood,same_objective,9,10,0.5882352941176471
4ccf5acf2c0dce095fd3,10,supervised_likelihood,supervised_likelihood,supervised_likelihood,supervised_likelihood,same_objective,10,11,0.6470588235294118
4ccf5acf2c0dce095fd3,11,supervised_likelihood,supervised_likelihood,supervised_likelihood,supervised_likelihood,same_objective,11,12,0.7058823529411765
4ccf5acf2c0dce095fd3,12,supervised_likelihood,supervised_likelihood,supervised_likelihood,supervised_likelihood,same_objective,12,13,0.7647058823529411
4ccf5acf2c0dce095fd3,13,supervised_likelihood,supervised_likelihood,supervised_likelihood,supervised_likelihood,same_objective,13,14,0.8235294117647058
4ccf5acf2c0dce095fd3,14,supervised_likelihood,supervised_likelihood,supervised_likelihood,supervised_likelihood,same_objective,14,15,0.8823529411764706
4ccf5acf2c0dce095fd3,15,supervised_likelihood,supervised_likelihood,supervised_likelihood,supervised_likelihood,same_objective,15,16,0.9411764705882353
4cfe36a119f8324c8913,0,supervised_likelihood,supervised_likelihood,supervised_likelihood,supervised_likelihood,same_objective,0,1,0.2
4cfe36a119f8324c8913,1,supervised_likelihood,supervised_likelihood,supervised_likelihood,supervised_likelihood,same_objective,1,2,0.4
4cfe36a119f8324c8913,2,supervised_likelihood,supervised_likelihood,supervised_likelihood,supervised_likelihood,same_objective,2,3,0.6
4cfe36a119f8324c8913,3,supervised_likelihood,supervised_likelihood,supervised_likelihood,supervised_likelihood,same_objective,3,4,0.8
4cfe36a119f8324c8913,4,supervised_likelihood,supervised_likelihood,supervised_likelihood,supervised_likelihood,same_objective,4,5,1.0
4d0f7a19e14a983d3e12,0,supervised_likelihood,supervised_likelihood,supervised_likelihood,supervised_likelihood,same_objective,0,1,0.25
4d0f7a19e14a983d3e12,1,supervised_likelihood,supervised_likelihood,supervised_likelihood,supervised_likelihood,same_objective,1,2,0.5
4d0f7a19e14a983d3e12,2,supervised_likelihood,supervised_likelihood,supervised_likelihood,supervised_likelihood,same_objective,2,3,0.75
4d0f7a19e14a983d3e12,3,supervised_likelihood,supervised_likelihood,supervised_likelihood,supervised_likelihood,same_objective,3,4,1.0
4daa9a3d0d587f0471f2,0,supervised_likelihood,supervised_likelihood,supervised_likelihood,supervised_likelihood,same_objective,0,1,0.3333333333333333
4daa9a3d0d587f0471f2,1,supervised_likelihood,supervised_likelihood,supervised_likelihood,supervised_likelihood,same_objective,1,2,0.6666666666666666
4daa9a3d0d587f0471f2,2,supervised_likelihood,supervised_likelihood,supervised_likelihood,supervised_likelihood,same_objective,2,3,1.0
4e0167fd66f43ff48a64,0,supervised_likelihood,supervised_likelihood,supervised_likelihood,supervised_likelihood,same_objective,0,1,0.2
4e0167fd66f43ff48a64,1,supervised_likelihood,supervised_likelihood,supervised_likelihood,supervised_likelihood,same_objective,1,2,0.4
4e0167fd66f43ff48a64,2,supervised_likelihood,supervised_likelihood,supervised_likelihood,supervised_likelihood,same_objective,2,3,0.6
4e0167fd66f43ff48a64,3,supervised_likelihood,supervised_likelihood,supervised_likelihood,supervised_likelihood,same_objective,3,4,0.8
4e0167fd66f43ff48a64,4,supervised_likelihood,supervised_likelihood,supervised_likelihood,supervised_likelihood,same_objective,4,5,1.0
4e651f71132978723cbf,0,supervised_likelihood,supervised_likelihood,supervised_likelihood,supervised_likelihood,same_objective,0,1,0.16666666666666666
4e651f71132978723cbf,1,supervised_likelihood,supervised_likelihood,supervised_likelihood,supervised_likelihood,same_objective,1,2,0.3333333333333333
4e651f71132978723cbf,2,supervised_likelihood,supervised_likelihood,supervised_likelihood,supervised_likelihood,same_objective,2,3,0.5
4e651f71132978723cbf,3,supervised_likelihood,supervised_likelihood,supervised_likelihood,supervised_likelihood,same_objective,3,4,0.6666666666666666
4e651f71132978723cbf,4,supervised_likelihood,supervised_likelihood,supervised_likelihood,supervised_likelihood,same_objective,4,5,0.8333333333333334
4e651f71132978723cbf,5,supervised_likelihood,supervised_likelihood,supervised_likelihood,supervised_likelihood,same_objective,5,6,1.0
4ea305180988aba85700,0,supervised_likelihood,supervised_likelihood,supervised_likelihood,supervised_likelihood,same_objective,0,1,0.14285714285714285
4ea305180988aba85700,1,supervised_likelihood,supervised_likelihood,supervised_likelihood,supervised_likelihood,same_objective,1,2,0.2857142857142857
4ea305180988aba85700,2,supervised_likelihood,supervised_likelihood,supervised_likelihood,supervised_likelihood,same_objective,2,3,0.42857142857142855
4ea305180988aba85700,3,supervised_likelihood,supervised_likelihood,supervised_likelihood,supervised_likelihood,same_objective,3,4,0.5714285714285714
4ea305180988aba85700,4,supervised_likelihood,supervised_likelihood,supervised_likelihood,supervised_likelihood,same_objective,4,5,0.7142857142857143
4ea305180988aba85700,5,supervised_likelihood,supervised_likelihood,supervised_likelihood,supervised_likelihood,same_objective,5,6,0.8571428571428571
4ea305180988aba85700,6,supervised_likelihood,supervised_likelihood,supervised_likelihood,supervised_likelihood,same_objective,6,7,1.0
4fe92e39718721ffc7cc,0,supervised_likelihood,supervised_likelihood,supervised_likelihood,supervised_likelihood,same_objective,0,1,0.2
4fe92e39718721ffc7cc,1,supervised_likelihood,supervised_likelihood,supervised_likelihood,supervised_likelihood,same_objective,1,2,0.4
4fe92e39718721ffc7cc,2,supervised_likelihood,supervised_likelihood,supervised_likelihood,supervised_likelihood,same_objective,2,3,0.6
4fe92e39718721ffc7cc,3,supervised_likelihood,supervised_likelihood,supervised_likelihood,supervised_likelihood,same_objective,3,4,0.8
4fe92e39718721ffc7cc,4,supervised_likelihood,supervised_likelihood,supervised_likelihood,supervised_likelihood,same_objective,4,5,1.0
500f9a1e9abbd3ecf8af,0,supervised_likelihood,supervised_likelihood,supervised_likelihood,supervised_likelihood,same_objective,0,1,0.1111111111111111
500f9a1e9abbd3ecf8af,1,supervised_likelihood,supervised_likelihood,supervised_likelihood,supervised_likelihood,same_objective,1,2,0.2222222222222222
500f9a1e9abbd3ecf8af,2,supervised_likelihood,supervised_likelihood,supervised_likelihood,supervised_likelihood,same_objective,2,3,0.3333333333333333
500f9a1e9abbd3ecf8af,3,supervised_likelihood,supervised_likelihood,supervised_likelihood,supervised_likelihood,same_objective,3,4,0.4444444444444444
500f9a1e9abbd3ecf8af,4,supervised_likelihood,supervised_likelihood,supervised_likelihood,supervised_likelihood,same_objective,4,5,0.5555555555555556
500f9a1e9abbd3ecf8af,5,supervised_likelihood,supervised_likelihood,supervised_likelihood,supervised_likelihood,same_objective,5,6,0.6666666666666666
500f9a1e9abbd3ecf8af,6,supervised_likelihood,supervised_likelihood,supervised_likelihood,supervised_likelihood,same_objective,6,7,0.7777777777777778
500f9a1e9abbd3ecf8af,7,supervised_likelihood,supervised_likelihood,supervised_likelihood,supervised_likelihood,same_objective,7,8,0.8888888888888888
500f9a1e9abbd3ecf8af,8,supervised_likelihood,supervised_likelihood,supervised_likelihood,supervised_likelihood,same_objective,8,9,1.0
504896301214bbc36dff,0,supervised_likelihood,supervised_likelihood,supervised_likelihood,supervised_likelihood,same_objective,0,1,0.5
504896301214bbc36dff,1,supervised_likelihood,supervised_likelihood,supervised_likelihood,supervised_likelihood,same_objective,1,2,1.0
50645e1aa0a4cd3b3b80,0,supervised_likelihood,supervised_likelihood,supervised_likelihood,supervised_likelihood,same_objective,0,1,0.25
50645e1aa0a4cd3b3b80,1,supervised_likelihood,supervised_likelihood,supervised_likelihood,supervised_likelihood,same_objective,1,2,0.5
50645e1aa0a4cd3b3b80,2,supervised_likelihood,supervised_likelihood,supervised_likelihood,supervised_likelihood,same_objective,2,3,0.75
50645e1aa0a4cd3b3b80,3,supervised_likelihood,supervised_likelihood,supervised_likelihood,supervised_likelihood,same_objective,3,4,1.0
50c64287b6a3efb8d308,0,supervised_likelihood,supervised_likelihood,supervised_likelihood,supervised_likelihood,same_objective,0,1,0.2
50c64287b6a3efb8d308,1,supervised_likelihood,supervised_likelihood,supervised_likelihood,supervised_likelihood,same_objective,1,2,0.4
50c64287b6a3efb8d308,2,supervised_likelihood,supervised_likelihood,supervised_likelihood,supervised_likelihood,same_objective,2,3,0.6
50c64287b6a3efb8d308,3,supervised_likelihood,preference_optimization,supervised_likelihood,preference_dpo,objective_change,3,4,0.8
50c64287b6a3efb8d308,4,preference_optimization,preference_optimization,preference_dpo,preference_dpo,same_objective,4,5,1.0
50e779f340a3d0b741db,0,supervised_likelihood,supervised_likelihood,supervised_likelihood,supervised_likelihood,same_objective,0,1,0.2
50e779f340a3d0b741db,1,supervised_likelihood,supervised_likelihood,supervised_likelihood,supervised_likelihood,same_objective,1,2,0.4
50e779f340a3d0b741db,2,supervised_likelihood,supervised_likelihood,supervised_likelihood,supervised_likelihood,same_objective,2,3,0.6
50e779f340a3d0b741db,3,supervised_likelihood,supervised_likelihood,supervised_likelihood,supervised_likelihood,same_objective,3,4,0.8
50e779f340a3d0b741db,4,supervised_likelihood,supervised_likelihood,supervised_likelihood,supervised_likelihood,same_objective,4,5,1.0
5125a68a6614c17be6a9,0,supervised_likelihood,supervised_likelihood,supervised_likelihood,supervised_likelihood,same_objective,0,1,0.09090909090909091
5125a68a6614c17be6a9,1,supervised_likelihood,supervised_likelihood,supervised_likelihood,supervised_likelihood,same_objective,1,2,0.18181818181818182
5125a68a6614c17be6a9,2,supervised_likelihood,supervised_likelihood,supervised_likelihood,supervised_likelihood,same_objective,2,3,0.2727272727272727
5125a68a6614c17be6a9,3,supervised_likelihood,supervised_likelihood,supervised_likelihood,supervised_likelihood,same_objective,3,4,0.36363636363636365
5125a68a6614c17be6a9,4,supervised_likelihood,supervised_likelihood,supervised_likelihood,supervised_likelihood,same_objective,4,5,0.45454545454545453
5125a68a6614c17be6a9,5,supervised_likelihood,supervised_likelihood,supervised_likelihood,supervised_likelihood,same_objective,5,6,0.5454545454545454
5125a68a6614c17be6a9,6,supervised_likelihood,supervised_likelihood,supervised_likelihood,supervised_likelihood,same_objective,6,7,0.6363636363636364
5125a68a6614c17be6a9,7,supervised_likelihood,supervised_likelihood,supervised_likelihood,supervised_likelihood,same_objective,7,8,0.7272727272727273
5125a68a6614c17be6a9,8,supervised_likelihood,supervised_likelihood,supervised_likelihood,supervised_likelihood,same_objective,8,9,0.8181818181818182
5125a68a6614c17be6a9,9,supervised_likelihood,supervised_likelihood,supervised_likelihood,supervised_likelihood,same_objective,9,10,0.9090909090909091
5125a68a6614c17be6a9,10,supervised_likelihood,supervised_likelihood,supervised_likelihood,supervised_likelihood,same_objective,10,11,1.0
541205aa265cbefce074,0,supervised_likelihood,supervised_likelihood,supervised_likelihood,supervised_likelihood,same_objective,0,1,0.14285714285714285
541205aa265cbefce074,1,supervised_likelihood,supervised_likelihood,supervised_likelihood,supervised_likelihood,same_objective,1,2,0.2857142857142857
541205aa265cbefce074,2,supervised_likelihood,supervised_likelihood,supervised_likelihood,supervised_likelihood,same_objective,2,3,0.42857142857142855
541205aa265cbefce074,3,supervised_likelihood,supervised_likelihood,supervised_likelihood,supervised_likelihood,same_objective,3,4,0.5714285714285714
541205aa265cbefce074,4,supervised_likelihood,supervised_likelihood,supervised_likelihood,supervised_likelihood,same_objective,4,5,0.7142857142857143
541205aa265cbefce074,5,supervised_likelihood,supervised_likelihood,supervised_likelihood,supervised_likelihood,same_objective,5,6,0.8571428571428571
541205aa265cbefce074,6,supervised_likelihood,supervised_likelihood,supervised_likelihood,supervised_likelihood,same_objective,6,7,1.0
5418936dffe6445a776d,0,supervised_likelihood,supervised_likelihood,supervised_likelihood,supervised_likelihood,same_objective,0,1,0.25
5418936dffe6445a776d,1,supervised_likelihood,supervised_likelihood,supervised_likelihood,supervised_likelihood,same_objective,1,2,0.5
5418936dffe6445a776d,2,supervised_likelihood,supervised_likelihood,supervised_likelihood,supervised_likelihood,same_objective,2,3,0.75
5418936dffe6445a776d,3,supervised_likelihood,supervised_likelihood,supervised_likelihood,supervised_likelihood,same_objective,3,4,1.0
5426eaad86c9eb9e91f7,0,supervised_likelihood,supervised_likelihood,supervised_likelihood,supervised_likelihood,same_objective,0,1,0.5
5426eaad86c9eb9e91f7,1,supervised_likelihood,supervised_likelihood,supervised_likelihood,supervised_likelihood,same_objective,1,2,1.0
5429e206cd377bad6a59,0,supervised_likelihood,supervised_likelihood,supervised_likelihood,supervised_likelihood,same_objective,0,1,0.3333333333333333
5429e206cd377bad6a59,1,supervised_likelihood,supervised_likelihood,supervised_likelihood,supervised_likelihood,same_objective,1,2,0.6666666666666666
5429e206cd377bad6a59,2,supervised_likelihood,supervised_likelihood,supervised_likelihood,supervised_likelihood,same_objective,2,3,1.0
54aba2d11cfb42af92a5,0,supervised_likelihood,supervised_likelihood,supervised_likelihood,supervised_likelihood,same_objective,0,1,0.3333333333333333
54aba2d11cfb42af92a5,1,supervised_likelihood,supervised_likelihood,supervised_likelihood,supervised_likelihood,same_objective,1,2,0.6666666666666666
54aba2d11cfb42af92a5,2,supervised_likelihood,supervised_likelihood,supervised_likelihood,supervised_likelihood,same_objective,2,3,1.0
552cc5129a67cb9dcf7f,0,supervised_likelihood,supervised_likelihood,supervised_likelihood,supervised_likelihood,same_objective,0,1,0.25
552cc5129a67cb9dcf7f,1,supervised_likelihood,supervised_likelihood,supervised_likelihood,supervised_likelihood,same_objective,1,2,0.5
552cc5129a67cb9dcf7f,2,supervised_likelihood,supervised_likelihood,supervised_likelihood,supervised_likelihood,same_objective,2,3,0.75
552cc5129a67cb9dcf7f,3,supervised_likelihood,supervised_likelihood,supervised_likelihood,supervised_likelihood,same_objective,3,4,1.0
55606be2bdf889785f00,0,supervised_likelihood,supervised_likelihood,supervised_likelihood,supervised_likelihood,same_objective,0,1,0.125
55606be2bdf889785f00,1,supervised_likelihood,supervised_likelihood,supervised_likelihood,supervised_likelihood,same_objective,1,2,0.25
55606be2bdf889785f00,2,supervised_likelihood,supervised_likelihood,supervised_likelihood,supervised_likelihood,same_objective,2,3,0.375
55606be2bdf889785f00,3,supervised_likelihood,supervised_likelihood,supervised_likelihood,supervised_likelihood,same_objective,3,4,0.5
55606be2bdf889785f00,4,supervised_likelihood,supervised_likelihood,supervised_likelihood,supervised_likelihood,same_objective,4,5,0.625
55606be2bdf889785f00,5,supervised_likelihood,supervised_likelihood,supervised_likelihood,supervised_likelihood,same_objective,5,6,0.75
55606be2bdf889785f00,6,supervised_likelihood,supervised_likelihood,supervised_likelihood,supervised_likelihood,same_objective,6,7,0.875
55606be2bdf889785f00,7,supervised_likelihood,supervised_likelihood,supervised_likelihood,supervised_likelihood,same_objective,7,8,1.0
558533b52b2b76102d80,0,supervised_likelihood,supervised_likelihood,supervised_likelihood,supervised_likelihood,same_objective,0,1,0.3333333333333333
558533b52b2b76102d80,1,supervised_likelihood,supervised_likelihood,supervised_likelihood,supervised_likelihood,same_objective,1,2,0.6666666666666666
558533b52b2b76102d80,2,supervised_likelihood,supervised_likelihood,supervised_likelihood,supervised_likelihood,same_objective,2,3,1.0
55c6f199926d5ff911b9,0,supervised_likelihood,supervised_likelihood,supervised_likelihood,supervised_likelihood,same_objective,0,1,0.5
55c6f199926d5ff911b9,1,supervised_likelihood,supervised_likelihood,supervised_likelihood,supervised_likelihood,same_objective,1,2,1.0
55e6c9a4eeab4d1a0343,0,supervised_likelihood,supervised_likelihood,supervised_likelihood,supervised_likelihood,same_objective,0,1,0.2
55e6c9a4eeab4d1a0343,1,supervised_likelihood,supervised_likelihood,supervised_likelihood,supervised_likelihood,same_objective,1,2,0.4
55e6c9a4eeab4d1a0343,2,supervised_likelihood,supervised_likelihood,supervised_likelihood,supervised_likelihood,same_objective,2,3,0.6
55e6c9a4eeab4d1a0343,3,supervised_likelihood,supervised_likelihood,supervised_likelihood,supervised_likelihood,same_objective,3,4,0.8
55e6c9a4eeab4d1a0343,4,supervised_likelihood,supervised_likelihood,supervised_likelihood,supervised_likelihood,same_objective,4,5,1.0
5652f74a69bf8a62321f,0,supervised_likelihood,supervised_likelihood,supervised_likelihood,supervised_likelihood,same_objective,0,1,0.25
5652f74a69bf8a62321f,1,supervised_likelihood,supervised_likelihood,supervised_likelihood,supervised_likelihood,same_objective,1,2,0.5
5652f74a69bf8a62321f,2,supervised_likelihood,supervised_likelihood,supervised_likelihood,supervised_likelihood,same_objective,2,3,0.75
5652f74a69bf8a62321f,3,supervised_likelihood,supervised_likelihood,supervised_likelihood,supervised_likelihood,same_objective,3,4,1.0
56c070de828f545480be,0,supervised_likelihood,supervised_likelihood,supervised_likelihood,supervised_likelihood,same_objective,0,1,0.5
56c070de828f545480be,1,supervised_likelihood,supervised_likelihood,supervised_likelihood,supervised_likelihood,same_objective,1,2,1.0
56dbd89cc5e361148bfd,0,supervised_likelihood,supervised_likelihood,supervised_likelihood,supervised_likelihood,same_objective,0,1,0.09090909090909091
56dbd89cc5e361148bfd,1,supervised_likelihood,supervised_likelihood,supervised_likelihood,supervised_likelihood,same_objective,1,2,0.18181818181818182
56dbd89cc5e361148bfd,2,supervised_likelihood,supervised_likelihood,supervised_likelihood,supervised_likelihood,same_objective,2,3,0.2727272727272727
56dbd89cc5e361148bfd,3,supervised_likelihood,supervised_likelihood,supervised_likelihood,supervised_likelihood,same_objective,3,4,0.36363636363636365
56dbd89cc5e361148bfd,4,supervised_likelihood,supervised_likelihood,supervised_likelihood,supervised_likelihood,same_objective,4,5,0.45454545454545453
56dbd89cc5e361148bfd,5,supervised_likelihood,supervised_likelihood,supervised_likelihood,supervised_likelihood,same_objective,8,9,0.8181818181818182
56dbd89cc5e361148bfd,6,supervised_likelihood,supervised_likelihood,supervised_likelihood,supervised_likelihood,same_objective,9,10,0.9090909090909091
56dbd89cc5e361148bfd,7,supervised_likelihood,supervised_likelihood,supervised_likelihood,supervised_likelihood,same_objective,10,11,1.0
57c8086b6941e80337db,0,supervised_likelihood,supervised_likelihood,supervised_likelihood,supervised_likelihood,same_objective,0,1,0.2
57c8086b6941e80337db,1,supervised_likelihood,supervised_likelihood,supervised_likelihood,supervised_likelihood,same_objective,1,2,0.4
57c8086b6941e80337db,2,supervised_likelihood,supervised_likelihood,supervised_likelihood,supervised_likelihood,same_objective,2,3,0.6
57c8086b6941e80337db,3,supervised_likelihood,reward_optimization,supervised_likelihood,reward_grpo,objective_change,3,4,0.8
57c8086b6941e80337db,4,reward_optimization,reward_optimization,reward_grpo,reward_grpo,same_objective,4,5,1.0
58527d7c338de1bc6a64,0,supervised_likelihood,supervised_likelihood,supervised_likelihood,supervised_likelihood,same_objective,0,1,0.14285714285714285
58527d7c338de1bc6a64,1,supervised_likelihood,supervised_likelihood,supervised_likelihood,supervised_likelihood,same_objective,1,2,0.2857142857142857
58527d7c338de1bc6a64,2,supervised_likelihood,supervised_likelihood,supervised_likelihood,supervised_likelihood,same_objective,2,3,0.42857142857142855
58527d7c338de1bc6a64,3,supervised_likelihood,supervised_likelihood,supervised_likelihood,supervised_likelihood,same_objective,3,4,0.5714285714285714
58527d7c338de1bc6a64,4,supervised_likelihood,supervised_likelihood,supervised_likelihood,supervised_likelihood,same_objective,4,5,0.7142857142857143
58527d7c338de1bc6a64,5,supervised_likelihood,supervised_likelihood,supervised_likelihood,supervised_likelihood,same_objective,5,6,0.8571428571428571
58527d7c338de1bc6a64,6,supervised_likelihood,supervised_likelihood,supervised_likelihood,supervised_likelihood,same_objective,6,7,1.0
5914e4c91f1bba9a21c8,0,supervised_likelihood,supervised_likelihood,supervised_likelihood,supervised_likelihood,same_objective,0,1,0.09090909090909091
5914e4c91f1bba9a21c8,1,supervised_likelihood,supervised_likelihood,supervised_likelihood,supervised_likelihood,same_objective,1,2,0.18181818181818182
5914e4c91f1bba9a21c8,2,supervised_likelihood,supervised_likelihood,supervised_likelihood,supervised_likelihood,same_objective,2,3,0.2727272727272727
5914e4c91f1bba9a21c8,3,supervised_likelihood,supervised_likelihood,supervised_likelihood,supervised_likelihood,same_objective,3,4,0.36363636363636365
5914e4c91f1bba9a21c8,4,supervised_likelihood,supervised_likelihood,supervised_likelihood,supervised_likelihood,same_objective,4,5,0.45454545454545453
5914e4c91f1bba9a21c8,5,supervised_likelihood,supervised_likelihood,supervised_likelihood,supervised_likelihood,same_objective,5,6,0.5454545454545454
5914e4c91f1bba9a21c8,6,supervised_likelihood,supervised_likelihood,supervised_likelihood,supervised_likelihood,same_objective,6,7,0.6363636363636364
5914e4c91f1bba9a21c8,7,supervised_likelihood,supervised_likelihood,supervised_likelihood,supervised_likelihood,same_objective,7,8,0.7272727272727273
5914e4c91f1bba9a21c8,8,supervised_likelihood,supervised_likelihood,supervised_likelihood,supervised_likelihood,same_objective,8,9,0.8181818181818182
5914e4c91f1bba9a21c8,9,supervised_likelihood,supervised_likelihood,supervised_likelihood,supervised_likelihood,same_objective,9,10,0.9090909090909091
5914e4c91f1bba9a21c8,10,supervised_likelihood,supervised_likelihood,supervised_likelihood,supervised_likelihood,same_objective,10,11,1.0
59151c09e7e27c475dc4,0,supervised_likelihood,supervised_likelihood,supervised_likelihood,supervised_likelihood,same_objective,0,1,0.2
59151c09e7e27c475dc4,1,supervised_likelihood,reward_optimization,supervised_likelihood,reward_grpo,objective_change,1,2,0.4
59151c09e7e27c475dc4,2,reward_optimization,reward_optimization,reward_grpo,reward_grpo,same_objective,2,3,0.6
59151c09e7e27c475dc4,3,reward_optimization,reward_optimization,reward_grpo,reward_grpo,same_objective,3,4,0.8
59151c09e7e27c475dc4,4,reward_optimization,supervised_likelihood,reward_grpo,supervised_likelihood,objective_change,4,5,1.0
5a08e2d910b7ca591353,0,supervised_likelihood,supervised_likelihood,supervised_likelihood,supervised_likelihood,same_objective,0,1,0.3333333333333333
5a08e2d910b7ca591353,1,supervised_likelihood,supervised_likelihood,supervised_likelihood,supervised_likelihood,same_objective,1,2,0.6666666666666666
5a08e2d910b7ca591353,2,supervised_likelihood,supervised_likelihood,supervised_likelihood,supervised_likelihood,same_objective,2,3,1.0
5a1980166d4db574743e,0,supervised_likelihood,supervised_likelihood,supervised_likelihood,supervised_likelihood,same_objective,0,1,0.14285714285714285
5a1980166d4db574743e,1,supervised_likelihood,supervised_likelihood,supervised_likelihood,supervised_likelihood,same_objective,1,2,0.2857142857142857
5a1980166d4db574743e,2,supervised_likelihood,supervised_likelihood,supervised_likelihood,supervised_likelihood,same_objective,2,3,0.42857142857142855
5a1980166d4db574743e,3,supervised_likelihood,supervised_likelihood,supervised_likelihood,supervised_likelihood,same_objective,3,4,0.5714285714285714
5a1980166d4db574743e,4,supervised_likelihood,supervised_likelihood,supervised_likelihood,supervised_likelihood,same_objective,4,5,0.7142857142857143
5a1980166d4db574743e,5,supervised_likelihood,supervised_likelihood,supervised_likelihood,supervised_likelihood,same_objective,5,6,0.8571428571428571
5a1980166d4db574743e,6,supervised_likelihood,supervised_likelihood,supervised_likelihood,supervised_likelihood,same_objective,6,7,1.0
5a345aaa16670105b113,0,supervised_likelihood,supervised_likelihood,supervised_likelihood,supervised_likelihood,same_objective,0,1,0.5
5a345aaa16670105b113,1,supervised_likelihood,supervised_likelihood,supervised_likelihood,supervised_likelihood,same_objective,1,2,1.0
5a4c17aa0f4f4a7b6ba5,0,supervised_likelihood,supervised_likelihood,supervised_likelihood,supervised_likelihood,same_objective,0,1,0.16666666666666666
5a4c17aa0f4f4a7b6ba5,1,supervised_likelihood,supervised_likelihood,supervised_likelihood,supervised_likelihood,same_objective,1,2,0.3333333333333333
5a4c17aa0f4f4a7b6ba5,2,supervised_likelihood,supervised_likelihood,supervised_likelihood,supervised_likelihood,same_objective,2,3,0.5
5a4c17aa0f4f4a7b6ba5,3,supervised_likelihood,supervised_likelihood,supervised_likelihood,supervised_likelihood,same_objective,3,4,0.6666666666666666
5a4c17aa0f4f4a7b6ba5,4,supervised_likelihood,supervised_likelihood,supervised_likelihood,supervised_likelihood,same_objective,4,5,0.8333333333333334
5a4c17aa0f4f4a7b6ba5,5,supervised_likelihood,supervised_likelihood,supervised_likelihood,supervised_likelihood,same_objective,5,6,1.0
5bb3153bdb039332da1f,0,supervised_likelihood,supervised_likelihood,supervised_likelihood,supervised_likelihood,same_objective,0,1,1.0
5bdd202f63d0f320def5,0,supervised_likelihood,supervised_likelihood,supervised_likelihood,supervised_likelihood,same_objective,0,1,0.14285714285714285
5bdd202f63d0f320def5,1,supervised_likelihood,supervised_likelihood,supervised_likelihood,supervised_likelihood,same_objective,1,2,0.2857142857142857
5bdd202f63d0f320def5,2,supervised_likelihood,supervised_likelihood,supervised_likelihood,supervised_likelihood,same_objective,2,3,0.42857142857142855
5bdd202f63d0f320def5,3,supervised_likelihood,supervised_likelihood,supervised_likelihood,supervised_likelihood,same_objective,3,4,0.5714285714285714
5bdd202f63d0f320def5,4,supervised_likelihood,supervised_likelihood,supervised_likelihood,supervised_likelihood,same_objective,4,5,0.7142857142857143
5bdd202f63d0f320def5,5,supervised_likelihood,supervised_likelihood,supervised_likelihood,supervised_likelihood,same_objective,5,6,0.8571428571428571
5bdd202f63d0f320def5,6,supervised_likelihood,supervised_likelihood,supervised_likelihood,supervised_likelihood,same_objective,6,7,1.0
5c0fc48ae3197f6a6147,0,supervised_likelihood,supervised_likelihood,supervised_likelihood,supervised_likelihood,same_objective,0,1,0.25
5c0fc48ae3197f6a6147,1,supervised_likelihood,supervised_likelihood,supervised_likelihood,supervised_likelihood,same_objective,1,2,0.5
5c0fc48ae3197f6a6147,2,supervised_likelihood,supervised_likelihood,supervised_likelihood,supervised_likelihood,same_objective,2,3,0.75
5c0fc48ae3197f6a6147,3,supervised_likelihood,supervised_likelihood,supervised_likelihood,supervised_likelihood,same_objective,3,4,1.0
5ca84abfa4c319e37677,0,supervised_likelihood,supervised_likelihood,supervised_likelihood,supervised_likelihood,same_objective,0,1,0.5
5ca84abfa4c319e37677,1,supervised_likelihood,supervised_likelihood,supervised_likelihood,supervised_likelihood,same_objective,1,2,1.0
5ceff13c370d66a84f8a,0,supervised_likelihood,supervised_likelihood,supervised_likelihood,supervised_likelihood,same_objective,1,2,0.15384615384615385
5ceff13c370d66a84f8a,1,supervised_likelihood,supervised_likelihood,supervised_likelihood,supervised_likelihood,same_objective,2,3,0.23076923076923078
5ceff13c370d66a84f8a,2,supervised_likelihood,supervised_likelihood,supervised_likelihood,supervised_likelihood,same_objective,3,4,0.3076923076923077
5ceff13c370d66a84f8a,3,supervised_likelihood,supervised_likelihood,supervised_likelihood,supervised_likelihood,same_objective,4,5,0.38461538461538464
5ceff13c370d66a84f8a,4,supervised_likelihood,supervised_likelihood,supervised_likelihood,supervised_likelihood,same_objective,5,6,0.46153846153846156
5ceff13c370d66a84f8a,5,supervised_likelihood,supervised_likelihood,supervised_likelihood,supervised_likelihood,same_objective,6,7,0.5384615384615384
5ceff13c370d66a84f8a,6,supervised_likelihood,supervised_likelihood,supervised_likelihood,supervised_likelihood,same_objective,7,8,0.6153846153846154
5ceff13c370d66a84f8a,7,supervised_likelihood,supervised_likelihood,supervised_likelihood,supervised_likelihood,same_objective,8,9,0.6923076923076923
5ceff13c370d66a84f8a,8,supervised_likelihood,supervised_likelihood,supervised_likelihood,supervised_likelihood,same_objective,9,10,0.7692307692307693
5cf89e69fe017bae6429,0,supervised_likelihood,supervised_likelihood,supervised_likelihood,supervised_likelihood,same_objective,0,1,0.1111111111111111
5cf89e69fe017bae6429,1,supervised_likelihood,supervised_likelihood,supervised_likelihood,supervised_likelihood,same_objective,1,2,0.2222222222222222
5cf89e69fe017bae6429,2,supervised_likelihood,supervised_likelihood,supervised_likelihood,supervised_likelihood,same_objective,2,3,0.3333333333333333
5cf89e69fe017bae6429,3,supervised_likelihood,supervised_likelihood,supervised_likelihood,supervised_likelihood,same_objective,3,4,0.4444444444444444
5cf89e69fe017bae6429,4,supervised_likelihood,supervised_likelihood,supervised_likelihood,supervised_likelihood,same_objective,4,5,0.5555555555555556
5cf89e69fe017bae6429,5,supervised_likelihood,supervised_likelihood,supervised_likelihood,supervised_likelihood,same_objective,5,6,0.6666666666666666
5cf89e69fe017bae6429,6,supervised_likelihood,supervised_likelihood,supervised_likelihood,supervised_likelihood,same_objective,6,7,0.7777777777777778
5cf89e69fe017bae6429,7,supervised_likelihood,supervised_likelihood,supervised_likelihood,supervised_likelihood,same_objective,7,8,0.8888888888888888
5cf89e69fe017bae6429,8,supervised_likelihood,supervised_likelihood,supervised_likelihood,supervised_likelihood,same_objective,8,9,1.0
5d3bd4d079cea807b7aa,0,supervised_likelihood,supervised_likelihood,supervised_likelihood,supervised_likelihood,same_objective,0,1,0.2
5d3bd4d079cea807b7aa,1,supervised_likelihood,supervised_likelihood,supervised_likelihood,supervised_likelihood,same_objective,1,2,0.4
5d3bd4d079cea807b7aa,2,supervised_likelihood,supervised_likelihood,supervised_likelihood,supervised_likelihood,same_objective,2,3,0.6
5d3bd4d079cea807b7aa,3,supervised_likelihood,supervised_likelihood,supervised_likelihood,supervised_likelihood,same_objective,3,4,0.8
5d3bd4d079cea807b7aa,4,supervised_likelihood,supervised_likelihood,supervised_likelihood,supervised_likelihood,same_objective,4,5,1.0
5d9426314ae246db955a,0,supervised_likelihood,supervised_likelihood,supervised_likelihood,supervised_likelihood,same_objective,0,1,0.3333333333333333
5d9426314ae246db955a,1,supervised_likelihood,supervised_likelihood,supervised_likelihood,supervised_likelihood,same_objective,1,2,0.6666666666666666
5d9426314ae246db955a,2,supervised_likelihood,supervised_likelihood,supervised_likelihood,supervised_likelihood,same_objective,2,3,1.0
5dade8a7841f5506dfff,0,supervised_likelihood,supervised_likelihood,supervised_likelihood,supervised_likelihood,same_objective,0,1,0.25
5dade8a7841f5506dfff,1,supervised_likelihood,supervised_likelihood,supervised_likelihood,supervised_likelihood,same_objective,1,2,0.5
5dade8a7841f5506dfff,2,supervised_likelihood,supervised_likelihood,supervised_likelihood,supervised_likelihood,same_objective,2,3,0.75
5dade8a7841f5506dfff,3,supervised_likelihood,supervised_likelihood,supervised_likelihood,supervised_likelihood,same_objective,3,4,1.0
5e4cef53533bf5c772cd,0,supervised_likelihood,supervised_likelihood,supervised_likelihood,supervised_likelihood,same_objective,0,1,0.16666666666666666
5e4cef53533bf5c772cd,1,supervised_likelihood,supervised_likelihood,supervised_likelihood,supervised_likelihood,same_objective,1,2,0.3333333333333333
5e4cef53533bf5c772cd,2,supervised_likelihood,supervised_likelihood,supervised_likelihood,supervised_likelihood,same_objective,2,3,0.5
5e4cef53533bf5c772cd,3,supervised_likelihood,supervised_likelihood,supervised_likelihood,supervised_likelihood,same_objective,3,4,0.6666666666666666
5e4cef53533bf5c772cd,4,supervised_likelihood,supervised_likelihood,supervised_likelihood,supervised_likelihood,same_objective,4,5,0.8333333333333334
5e4cef53533bf5c772cd,5,supervised_likelihood,supervised_likelihood,supervised_likelihood,supervised_likelihood,same_objective,5,6,1.0
5f70059b65999d865ccd,0,supervised_likelihood,supervised_likelihood,supervised_likelihood,supervised_likelihood,same_objective,0,1,0.2
5f70059b65999d865ccd,1,supervised_likelihood,supervised_likelihood,supervised_likelihood,supervised_likelihood,same_objective,1,2,0.4
5f70059b65999d865ccd,2,supervised_likelihood,supervised_likelihood,supervised_likelihood,supervised_likelihood,same_objective,2,3,0.6
5f70059b65999d865ccd,3,supervised_likelihood,supervised_likelihood,supervised_likelihood,supervised_likelihood,same_objective,3,4,0.8
5f70059b65999d865ccd,4,supervised_likelihood,supervised_likelihood,supervised_likelihood,supervised_likelihood,same_objective,4,5,1.0
5f9032aa3695fbc260d8,0,supervised_likelihood,supervised_likelihood,supervised_likelihood,supervised_likelihood,same_objective,0,1,0.14285714285714285
5f9032aa3695fbc260d8,1,supervised_likelihood,supervised_likelihood,supervised_likelihood,supervised_likelihood,same_objective,1,2,0.2857142857142857
5f9032aa3695fbc260d8,2,supervised_likelihood,supervised_likelihood,supervised_likelihood,supervised_likelihood,same_objective,2,3,0.42857142857142855
5f9032aa3695fbc260d8,3,supervised_likelihood,supervised_likelihood,supervised_likelihood,supervised_likelihood,same_objective,3,4,0.5714285714285714
5f9032aa3695fbc260d8,4,supervised_likelihood,supervised_likelihood,supervised_likelihood,supervised_likelihood,same_objective,4,5,0.7142857142857143
5f9032aa3695fbc260d8,5,supervised_likelihood,supervised_likelihood,supervised_likelihood,supervised_likelihood,same_objective,5,6,0.8571428571428571
5f9032aa3695fbc260d8,6,supervised_likelihood,supervised_likelihood,supervised_likelihood,supervised_likelihood,same_objective,6,7,1.0
60904922b08c2e4486da,0,supervised_likelihood,supervised_likelihood,supervised_likelihood,supervised_likelihood,same_objective,0,1,1.0
60d47bb4d4d9b12881e5,0,supervised_likelihood,supervised_likelihood,supervised_likelihood,supervised_likelihood,same_objective,0,1,0.125
60d47bb4d4d9b12881e5,1,supervised_likelihood,supervised_likelihood,supervised_likelihood,supervised_likelihood,same_objective,1,2,0.25
60d47bb4d4d9b12881e5,2,supervised_likelihood,supervised_likelihood,supervised_likelihood,supervised_likelihood,same_objective,2,3,0.375
60d47bb4d4d9b12881e5,3,supervised_likelihood,supervised_likelihood,supervised_likelihood,supervised_likelihood,same_objective,3,4,0.5
60d47bb4d4d9b12881e5,4,supervised_likelihood,supervised_likelihood,supervised_likelihood,supervised_likelihood,same_objective,4,5,0.625
60d47bb4d4d9b12881e5,5,supervised_likelihood,supervised_likelihood,supervised_likelihood,supervised_likelihood,same_objective,5,6,0.75
60d47bb4d4d9b12881e5,6,supervised_likelihood,supervised_likelihood,supervised_likelihood,supervised_likelihood,same_objective,6,7,0.875
60d47bb4d4d9b12881e5,7,supervised_likelihood,supervised_likelihood,supervised_likelihood,supervised_likelihood,same_objective,7,8,1.0
6116e02c4624df6ebe36,0,supervised_likelihood,supervised_likelihood,supervised_likelihood,supervised_likelihood,same_objective,0,1,0.5
6116e02c4624df6ebe36,1,supervised_likelihood,supervised_likelihood,supervised_likelihood,supervised_likelihood,same_objective,1,2,1.0
61375ba1b3689a711e14,0,supervised_likelihood,supervised_likelihood,supervised_likelihood,supervised_likelihood,same_objective,0,1,0.16666666666666666
61375ba1b3689a711e14,1,supervised_likelihood,supervised_likelihood,supervised_likelihood,supervised_likelihood,same_objective,1,2,0.3333333333333333
61375ba1b3689a711e14,2,supervised_likelihood,supervised_likelihood,supervised_likelihood,supervised_likelihood,same_objective,2,3,0.5
61375ba1b3689a711e14,3,supervised_likelihood,supervised_likelihood,supervised_likelihood,supervised_likelihood,same_objective,3,4,0.6666666666666666
61375ba1b3689a711e14,4,supervised_likelihood,supervised_likelihood,supervised_likelihood,supervised_likelihood,same_objective,4,5,0.8333333333333334
61375ba1b3689a711e14,5,supervised_likelihood,supervised_likelihood,supervised_likelihood,supervised_likelihood,same_objective,5,6,1.0
61766900b50070189c1e,0,supervised_likelihood,supervised_likelihood,supervised_likelihood,supervised_likelihood,same_objective,0,1,0.1111111111111111
61766900b50070189c1e,1,supervised_likelihood,supervised_likelihood,supervised_likelihood,supervised_likelihood,same_objective,1,2,0.2222222222222222
61766900b50070189c1e,2,supervised_likelihood,supervised_likelihood,supervised_likelihood,supervised_likelihood,same_objective,2,3,0.3333333333333333
61766900b50070189c1e,3,supervised_likelihood,supervised_likelihood,supervised_likelihood,supervised_likelihood,same_objective,3,4,0.4444444444444444
61766900b50070189c1e,4,supervised_likelihood,supervised_likelihood,supervised_likelihood,supervised_likelihood,same_objective,4,5,0.5555555555555556
61766900b50070189c1e,5,supervised_likelihood,supervised_likelihood,supervised_likelihood,supervised_likelihood,same_objective,5,6,0.6666666666666666
61766900b50070189c1e,6,supervised_likelihood,supervised_likelihood,supervised_likelihood,supervised_likelihood,same_objective,6,7,0.7777777777777778
61766900b50070189c1e,7,supervised_likelihood,supervised_likelihood,supervised_likelihood,supervised_likelihood,same_objective,7,8,0.8888888888888888
61766900b50070189c1e,8,supervised_likelihood,supervised_likelihood,supervised_likelihood,supervised_likelihood,same_objective,8,9,1.0
618db9e5568ce082c3e3,0,supervised_likelihood,supervised_likelihood,supervised_likelihood,supervised_likelihood,same_objective,0,1,0.125
618db9e5568ce082c3e3,1,supervised_likelihood,supervised_likelihood,supervised_likelihood,supervised_likelihood,same_objective,1,2,0.25
618db9e5568ce082c3e3,2,supervised_likelihood,supervised_likelihood,supervised_likelihood,supervised_likelihood,same_objective,2,3,0.375
618db9e5568ce082c3e3,3,supervised_likelihood,supervised_likelihood,supervised_likelihood,supervised_likelihood,same_objective,3,4,0.5
618db9e5568ce082c3e3,4,supervised_likelihood,supervised_likelihood,supervised_likelihood,supervised_likelihood,same_objective,4,5,0.625
618db9e5568ce082c3e3,5,supervised_likelihood,supervised_likelihood,supervised_likelihood,supervised_likelihood,same_objective,5,6,0.75
618db9e5568ce082c3e3,6,supervised_likelihood,supervised_likelihood,supervised_likelihood,supervised_likelihood,same_objective,6,7,0.875
618db9e5568ce082c3e3,7,supervised_likelihood,supervised_likelihood,supervised_likelihood,supervised_likelihood,same_objective,7,8,1.0
6291d6b79e4ff0a5e49d,0,supervised_likelihood,supervised_likelihood,supervised_likelihood,supervised_likelihood,same_objective,0,1,0.2
6291d6b79e4ff0a5e49d,1,supervised_likelihood,supervised_likelihood,supervised_likelihood,supervised_likelihood,same_objective,1,2,0.4
6291d6b79e4ff0a5e49d,2,supervised_likelihood,supervised_likelihood,supervised_likelihood,supervised_likelihood,same_objective,2,3,0.6
6291d6b79e4ff0a5e49d,3,supervised_likelihood,supervised_likelihood,supervised_likelihood,supervised_likelihood,same_objective,3,4,0.8
6291d6b79e4ff0a5e49d,4,supervised_likelihood,supervised_likelihood,supervised_likelihood,supervised_likelihood,same_objective,4,5,1.0
62cd923707dfcc2af4aa,0,supervised_likelihood,supervised_likelihood,supervised_likelihood,supervised_likelihood,same_objective,0,1,0.25
62cd923707dfcc2af4aa,1,supervised_likelihood,supervised_likelihood,supervised_likelihood,supervised_likelihood,same_objective,1,2,0.5
62cd923707dfcc2af4aa,2,supervised_likelihood,supervised_likelihood,supervised_likelihood,supervised_likelihood,same_objective,2,3,0.75
62cd923707dfcc2af4aa,3,supervised_likelihood,supervised_likelihood,supervised_likelihood,supervised_likelihood,same_objective,3,4,1.0
62deb54b9f6702da13cf,0,supervised_likelihood,supervised_likelihood,supervised_likelihood,supervised_likelihood,same_objective,0,1,0.1
62deb54b9f6702da13cf,1,supervised_likelihood,supervised_likelihood,supervised_likelihood,supervised_likelihood,same_objective,1,2,0.2
62deb54b9f6702da13cf,2,supervised_likelihood,supervised_likelihood,supervised_likelihood,supervised_likelihood,same_objective,2,3,0.3
62deb54b9f6702da13cf,3,supervised_likelihood,supervised_likelihood,supervised_likelihood,supervised_likelihood,same_objective,3,4,0.4
62deb54b9f6702da13cf,4,supervised_likelihood,supervised_likelihood,supervised_likelihood,supervised_likelihood,same_objective,4,5,0.5
62deb54b9f6702da13cf,5,supervised_likelihood,supervised_likelihood,supervised_likelihood,supervised_likelihood,same_objective,5,6,0.6
62deb54b9f6702da13cf,6,supervised_likelihood,supervised_likelihood,supervised_likelihood,supervised_likelihood,same_objective,6,7,0.7
62deb54b9f6702da13cf,7,supervised_likelihood,supervised_likelihood,supervised_likelihood,supervised_likelihood,same_objective,7,8,0.8
62deb54b9f6702da13cf,8,supervised_likelihood,supervised_likelihood,supervised_likelihood,supervised_likelihood,same_objective,8,9,0.9
62deb54b9f6702da13cf,9,supervised_likelihood,supervised_likelihood,supervised_likelihood,supervised_likelihood,same_objective,9,10,1.0
63269043a9df416e2883,0,supervised_likelihood,supervised_likelihood,supervised_likelihood,supervised_likelihood,same_objective,0,1,0.1111111111111111
63269043a9df416e2883,1,supervised_likelihood,supervised_likelihood,supervised_likelihood,supervised_likelihood,same_objective,1,2,0.2222222222222222
63269043a9df416e2883,2,supervised_likelihood,supervised_likelihood,supervised_likelihood,supervised_likelihood,same_objective,2,3,0.3333333333333333
63269043a9df416e2883,3,supervised_likelihood,supervised_likelihood,supervised_likelihood,supervised_likelihood,same_objective,3,4,0.4444444444444444
63269043a9df416e2883,4,supervised_likelihood,supervised_likelihood,supervised_likelihood,supervised_likelihood,same_objective,4,5,0.5555555555555556
63269043a9df416e2883,5,supervised_likelihood,supervised_likelihood,supervised_likelihood,supervised_likelihood,same_objective,5,6,0.6666666666666666
63269043a9df416e2883,6,supervised_likelihood,supervised_likelihood,supervised_likelihood,supervised_likelihood,same_objective,6,7,0.7777777777777778
63269043a9df416e2883,7,supervised_likelihood,supervised_likelihood,supervised_likelihood,supervised_likelihood,same_objective,7,8,0.8888888888888888
63269043a9df416e2883,8,supervised_likelihood,supervised_likelihood,supervised_likelihood,supervised_likelihood,same_objective,8,9,1.0
63dc5ea5289ffb3cfbb9,0,supervised_likelihood,supervised_likelihood,supervised_likelihood,supervised_likelihood,same_objective,0,1,0.25
63dc5ea5289ffb3cfbb9,1,supervised_likelihood,supervised_likelihood,supervised_likelihood,supervised_likelihood,same_objective,1,2,0.5
63dc5ea5289ffb3cfbb9,2,supervised_likelihood,supervised_likelihood,supervised_likelihood,supervised_likelihood,same_objective,2,3,0.75
63dc5ea5289ffb3cfbb9,3,supervised_likelihood,supervised_likelihood,supervised_likelihood,supervised_likelihood,same_objective,3,4,1.0
640c955312a9baa950db,0,supervised_likelihood,supervised_likelihood,supervised_likelihood,supervised_likelihood,same_objective,0,1,0.25
640c955312a9baa950db,1,supervised_likelihood,supervised_likelihood,supervised_likelihood,supervised_likelihood,same_objective,1,2,0.5
640c955312a9baa950db,2,supervised_likelihood,supervised_likelihood,supervised_likelihood,supervised_likelihood,same_objective,2,3,0.75
640c955312a9baa950db,3,supervised_likelihood,supervised_likelihood,supervised_likelihood,supervised_likelihood,same_objective,3,4,1.0
64320056ef6e0992bce0,0,supervised_likelihood,supervised_likelihood,supervised_likelihood,supervised_likelihood,same_objective,0,1,0.16666666666666666
64320056ef6e0992bce0,1,supervised_likelihood,supervised_likelihood,supervised_likelihood,supervised_likelihood,same_objective,1,2,0.3333333333333333
64320056ef6e0992bce0,2,supervised_likelihood,supervised_likelihood,supervised_likelihood,supervised_likelihood,same_objective,2,3,0.5
64320056ef6e0992bce0,3,supervised_likelihood,supervised_likelihood,supervised_likelihood,supervised_likelihood,same_objective,3,4,0.6666666666666666
64320056ef6e0992bce0,4,supervised_likelihood,supervised_likelihood,supervised_likelihood,supervised_likelihood,same_objective,4,5,0.8333333333333334
64320056ef6e0992bce0,5,supervised_likelihood,supervised_likelihood,supervised_likelihood,supervised_likelihood,same_objective,5,6,1.0
64cc6906c471f0f76f43,0,supervised_likelihood,supervised_likelihood,supervised_likelihood,supervised_likelihood,same_objective,0,1,0.3333333333333333
64cc6906c471f0f76f43,1,supervised_likelihood,supervised_likelihood,supervised_likelihood,supervised_likelihood,same_objective,1,2,0.6666666666666666
64cc6906c471f0f76f43,2,supervised_likelihood,supervised_likelihood,supervised_likelihood,supervised_likelihood,same_objective,2,3,1.0
6511eb64c7133c4c7911,0,supervised_likelihood,supervised_likelihood,supervised_likelihood,supervised_likelihood,same_objective,0,1,0.125
6511eb64c7133c4c7911,1,supervised_likelihood,supervised_likelihood,supervised_likelihood,supervised_likelihood,same_objective,1,2,0.25
6511eb64c7133c4c7911,2,supervised_likelihood,supervised_likelihood,supervised_likelihood,supervised_likelihood,same_objective,2,3,0.375
6511eb64c7133c4c7911,3,supervised_likelihood,supervised_likelihood,supervised_likelihood,supervised_likelihood,same_objective,3,4,0.5
6511eb64c7133c4c7911,4,supervised_likelihood,supervised_likelihood,supervised_likelihood,supervised_likelihood,same_objective,4,5,0.625
6511eb64c7133c4c7911,5,supervised_likelihood,supervised_likelihood,supervised_likelihood,supervised_likelihood,same_objective,5,6,0.75
6511eb64c7133c4c7911,6,supervised_likelihood,supervised_likelihood,supervised_likelihood,supervised_likelihood,same_objective,6,7,0.875
6511eb64c7133c4c7911,7,supervised_likelihood,supervised_likelihood,supervised_likelihood,supervised_likelihood,same_objective,7,8,1.0
655a20a6c7eabeec4730,0,supervised_likelihood,supervised_likelihood,supervised_likelihood,supervised_likelihood,same_objective,0,1,0.25
655a20a6c7eabeec4730,1,supervised_likelihood,supervised_likelihood,supervised_likelihood,supervised_likelihood,same_objective,1,2,0.5
655a20a6c7eabeec4730,2,supervised_likelihood,supervised_likelihood,supervised_likelihood,supervised_likelihood,same_objective,2,3,0.75
655a20a6c7eabeec4730,3,supervised_likelihood,supervised_likelihood,supervised_likelihood,supervised_likelihood,same_objective,3,4,1.0
66737cdbc8b007783d91,0,supervised_likelihood,supervised_likelihood,supervised_likelihood,supervised_likelihood,same_objective,0,1,0.2
66737cdbc8b007783d91,1,supervised_likelihood,supervised_likelihood,supervised_likelihood,supervised_likelihood,same_objective,1,2,0.4
66737cdbc8b007783d91,2,supervised_likelihood,supervised_likelihood,supervised_likelihood,supervised_likelihood,same_objective,2,3,0.6
66737cdbc8b007783d91,3,supervised_likelihood,supervised_likelihood,supervised_likelihood,supervised_likelihood,same_objective,3,4,0.8
66737cdbc8b007783d91,4,supervised_likelihood,supervised_likelihood,supervised_likelihood,supervised_likelihood,same_objective,4,5,1.0
6695c81af3a4fc04f9d2,0,supervised_likelihood,supervised_likelihood,supervised_likelihood,supervised_likelihood,same_objective,0,1,0.3333333333333333
6695c81af3a4fc04f9d2,1,supervised_likelihood,supervised_likelihood,supervised_likelihood,supervised_likelihood,same_objective,1,2,0.6666666666666666
6695c81af3a4fc04f9d2,2,supervised_likelihood,supervised_likelihood,supervised_likelihood,supervised_likelihood,same_objective,2,3,1.0
6723494faf2e236e5b19,0,supervised_likelihood,supervised_likelihood,supervised_likelihood,supervised_likelihood,same_objective,0,1,0.2
6723494faf2e236e5b19,1,supervised_likelihood,supervised_likelihood,supervised_likelihood,supervised_likelihood,same_objective,1,2,0.4
6723494faf2e236e5b19,2,supervised_likelihood,supervised_likelihood,supervised_likelihood,supervised_likelihood,same_objective,2,3,0.6
6723494faf2e236e5b19,3,supervised_likelihood,supervised_likelihood,supervised_likelihood,supervised_likelihood,same_objective,3,4,0.8
6723494faf2e236e5b19,4,supervised_likelihood,supervised_likelihood,supervised_likelihood,supervised_likelihood,same_objective,4,5,1.0
672879d667b5b713841e,0,supervised_likelihood,supervised_likelihood,supervised_likelihood,supervised_likelihood,same_objective,0,1,0.2
672879d667b5b713841e,1,supervised_likelihood,supervised_likelihood,supervised_likelihood,supervised_likelihood,same_objective,1,2,0.4
672879d667b5b713841e,2,supervised_likelihood,supervised_likelihood,supervised_likelihood,supervised_likelihood,same_objective,2,3,0.6
672879d667b5b713841e,3,supervised_likelihood,supervised_likelihood,supervised_likelihood,supervised_likelihood,same_objective,3,4,0.8
672879d667b5b713841e,4,supervised_likelihood,supervised_likelihood,supervised_likelihood,supervised_likelihood,same_objective,4,5,1.0
67485eca2bc747403851,0,supervised_likelihood,supervised_likelihood,supervised_likelihood,supervised_likelihood,same_objective,0,1,0.1
67485eca2bc747403851,1,supervised_likelihood,supervised_likelihood,supervised_likelihood,supervised_likelihood,same_objective,1,2,0.2
67485eca2bc747403851,2,supervised_likelihood,supervised_likelihood,supervised_likelihood,supervised_likelihood,same_objective,2,3,0.3
67485eca2bc747403851,3,supervised_likelihood,supervised_likelihood,supervised_likelihood,supervised_likelihood,same_objective,3,4,0.4
67485eca2bc747403851,4,supervised_likelihood,supervised_likelihood,supervised_likelihood,supervised_likelihood,same_objective,4,5,0.5
67485eca2bc747403851,5,supervised_likelihood,supervised_likelihood,supervised_likelihood,supervised_likelihood,same_objective,5,6,0.6
67485eca2bc747403851,6,supervised_likelihood,supervised_likelihood,supervised_likelihood,supervised_likelihood,same_objective,6,7,0.7
67485eca2bc747403851,7,supervised_likelihood,supervised_likelihood,supervised_likelihood,supervised_likelihood,same_objective,7,8,0.8
67485eca2bc747403851,8,supervised_likelihood,supervised_likelihood,supervised_likelihood,supervised_likelihood,same_objective,8,9,0.9
67485eca2bc747403851,9,supervised_likelihood,supervised_likelihood,supervised_likelihood,supervised_likelihood,same_objective,9,10,1.0
67e44b0dbd3a622aada7,0,supervised_likelihood,supervised_likelihood,supervised_likelihood,supervised_likelihood,same_objective,0,1,0.2
67e44b0dbd3a622aada7,1,supervised_likelihood,supervised_likelihood,supervised_likelihood,supervised_likelihood,same_objective,1,2,0.4
67e44b0dbd3a622aada7,2,supervised_likelihood,supervised_likelihood,supervised_likelihood,supervised_likelihood,same_objective,2,3,0.6
67e44b0dbd3a622aada7,3,supervised_likelihood,supervised_likelihood,supervised_likelihood,supervised_likelihood,same_objective,3,4,0.8
67e44b0dbd3a622aada7,4,supervised_likelihood,supervised_likelihood,supervised_likelihood,supervised_likelihood,same_objective,4,5,1.0
681867e178459284b281,0,supervised_likelihood,supervised_likelihood,supervised_likelihood,supervised_likelihood,same_objective,0,1,0.125
681867e178459284b281,1,supervised_likelihood,supervised_likelihood,supervised_likelihood,supervised_likelihood,same_objective,1,2,0.25
681867e178459284b281,2,supervised_likelihood,supervised_likelihood,supervised_likelihood,supervised_likelihood,same_objective,2,3,0.375
681867e178459284b281,3,supervised_likelihood,supervised_likelihood,supervised_likelihood,supervised_likelihood,same_objective,3,4,0.5
681867e178459284b281,4,supervised_likelihood,supervised_likelihood,supervised_likelihood,supervised_likelihood,same_objective,4,5,0.625
681867e178459284b281,5,supervised_likelihood,supervised_likelihood,supervised_likelihood,supervised_likelihood,same_objective,5,6,0.75
681867e178459284b281,6,supervised_likelihood,supervised_likelihood,supervised_likelihood,supervised_likelihood,same_objective,6,7,0.875
681867e178459284b281,7,supervised_likelihood,supervised_likelihood,supervised_likelihood,supervised_likelihood,same_objective,7,8,1.0
68677c75511b0edb542e,0,supervised_likelihood,supervised_likelihood,supervised_likelihood,supervised_likelihood,same_objective,0,1,1.0
68bffd2d10aefdd0c151,0,supervised_likelihood,supervised_likelihood,supervised_likelihood,supervised_likelihood,same_objective,0,1,0.25
68bffd2d10aefdd0c151,1,supervised_likelihood,supervised_likelihood,supervised_likelihood,supervised_likelihood,same_objective,1,2,0.5
68bffd2d10aefdd0c151,2,supervised_likelihood,supervised_likelihood,supervised_likelihood,supervised_likelihood,same_objective,2,3,0.75
68bffd2d10aefdd0c151,3,supervised_likelihood,supervised_likelihood,supervised_likelihood,supervised_likelihood,same_objective,3,4,1.0
690c4363c4b5f45496df,0,supervised_likelihood,supervised_likelihood,supervised_likelihood,supervised_likelihood,same_objective,0,1,0.3333333333333333
690c4363c4b5f45496df,1,supervised_likelihood,supervised_likelihood,supervised_likelihood,supervised_likelihood,same_objective,1,2,0.6666666666666666
690c4363c4b5f45496df,2,supervised_likelihood,supervised_likelihood,supervised_likelihood,supervised_likelihood,same_objective,2,3,1.0
6937cf2611dde33751a6,0,supervised_likelihood,supervised_likelihood,supervised_likelihood,supervised_likelihood,same_objective,0,1,0.14285714285714285
6937cf2611dde33751a6,1,supervised_likelihood,supervised_likelihood,supervised_likelihood,supervised_likelihood,same_objective,1,2,0.2857142857142857
6937cf2611dde33751a6,2,supervised_likelihood,supervised_likelihood,supervised_likelihood,supervised_likelihood,same_objective,2,3,0.42857142857142855
6937cf2611dde33751a6,3,supervised_likelihood,supervised_likelihood,supervised_likelihood,supervised_likelihood,same_objective,3,4,0.5714285714285714
6937cf2611dde33751a6,4,supervised_likelihood,supervised_likelihood,supervised_likelihood,supervised_likelihood,same_objective,4,5,0.7142857142857143
6937cf2611dde33751a6,5,supervised_likelihood,supervised_likelihood,supervised_likelihood,supervised_likelihood,same_objective,5,6,0.8571428571428571
6937cf2611dde33751a6,6,supervised_likelihood,supervised_likelihood,supervised_likelihood,supervised_likelihood,same_objective,6,7,1.0
6978b5cf8019cfaaa2a4,0,supervised_likelihood,supervised_likelihood,supervised_likelihood,supervised_likelihood,same_objective,0,1,0.047619047619047616
6978b5cf8019cfaaa2a4,1,supervised_likelihood,supervised_likelihood,supervised_likelihood,supervised_likelihood,same_objective,1,2,0.09523809523809523
6978b5cf8019cfaaa2a4,2,supervised_likelihood,supervised_likelihood,supervised_likelihood,supervised_likelihood,same_objective,2,3,0.14285714285714285
6978b5cf8019cfaaa2a4,3,supervised_likelihood,supervised_likelihood,supervised_likelihood,supervised_likelihood,same_objective,3,4,0.19047619047619047
6978b5cf8019cfaaa2a4,4,supervised_likelihood,supervised_likelihood,supervised_likelihood,supervised_likelihood,same_objective,4,5,0.23809523809523808
6978b5cf8019cfaaa2a4,5,supervised_likelihood,supervised_likelihood,supervised_likelihood,supervised_likelihood,same_objective,5,6,0.2857142857142857
6978b5cf8019cfaaa2a4,6,supervised_likelihood,supervised_likelihood,supervised_likelihood,supervised_likelihood,same_objective,6,7,0.3333333333333333
6978b5cf8019cfaaa2a4,7,supervised_likelihood,supervised_likelihood,supervised_likelihood,supervised_likelihood,same_objective,7,8,0.38095238095238093
6978b5cf8019cfaaa2a4,8,supervised_likelihood,supervised_likelihood,supervised_likelihood,supervised_likelihood,same_objective,8,9,0.42857142857142855
6978b5cf8019cfaaa2a4,9,supervised_likelihood,supervised_likelihood,supervised_likelihood,supervised_likelihood,same_objective,9,10,0.47619047619047616
6978b5cf8019cfaaa2a4,10,supervised_likelihood,supervised_likelihood,supervised_likelihood,supervised_likelihood,same_objective,10,11,0.5238095238095238
6978b5cf8019cfaaa2a4,11,supervised_likelihood,supervised_likelihood,supervised_likelihood,supervised_likelihood,same_objective,11,12,0.5714285714285714
6978b5cf8019cfaaa2a4,12,supervised_likelihood,supervised_likelihood,supervised_likelihood,supervised_likelihood,same_objective,12,13,0.6190476190476191
6978b5cf8019cfaaa2a4,13,supervised_likelihood,supervised_likelihood,supervised_likelihood,supervised_likelihood,same_objective,13,14,0.6666666666666666
6978b5cf8019cfaaa2a4,14,supervised_likelihood,supervised_likelihood,supervised_likelihood,supervised_likelihood,same_objective,14,15,0.7142857142857143
6978b5cf8019cfaaa2a4,15,supervised_likelihood,supervised_likelihood,supervised_likelihood,supervised_likelihood,same_objective,15,16,0.7619047619047619
6978b5cf8019cfaaa2a4,16,supervised_likelihood,supervised_likelihood,supervised_likelihood,supervised_likelihood,same_objective,16,17,0.8095238095238095
6978b5cf8019cfaaa2a4,17,supervised_likelihood,supervised_likelihood,supervised_likelihood,supervised_likelihood,same_objective,17,18,0.8571428571428571
6978b5cf8019cfaaa2a4,18,supervised_likelihood,supervised_likelihood,supervised_likelihood,supervised_likelihood,same_objective,18,19,0.9047619047619048
6978b5cf8019cfaaa2a4,19,supervised_likelihood,supervised_likelihood,supervised_likelihood,supervised_likelihood,same_objective,19,20,0.9523809523809523
6978b5cf8019cfaaa2a4,20,supervised_likelihood,supervised_likelihood,supervised_likelihood,supervised_likelihood,same_objective,20,21,1.0
6a3e57e46a8a567a81ab,0,supervised_likelihood,supervised_likelihood,supervised_likelihood,supervised_likelihood,same_objective,0,1,0.2
6a3e57e46a8a567a81ab,1,supervised_likelihood,supervised_likelihood,supervised_likelihood,supervised_likelihood,same_objective,1,2,0.4
6a3e57e46a8a567a81ab,2,supervised_likelihood,supervised_likelihood,supervised_likelihood,supervised_likelihood,same_objective,2,3,0.6
6a3e57e46a8a567a81ab,3,supervised_likelihood,supervised_likelihood,supervised_likelihood,supervised_likelihood,same_objective,3,4,0.8
6a3e57e46a8a567a81ab,4,supervised_likelihood,supervised_likelihood,supervised_likelihood,supervised_likelihood,same_objective,4,5,1.0
6a922fae3c5f083af6a8,0,supervised_likelihood,supervised_likelihood,supervised_likelihood,supervised_likelihood,same_objective,0,1,0.16666666666666666
6a922fae3c5f083af6a8,1,supervised_likelihood,supervised_likelihood,supervised_likelihood,supervised_likelihood,same_objective,1,2,0.3333333333333333
6a922fae3c5f083af6a8,2,supervised_likelihood,supervised_likelihood,supervised_likelihood,supervised_likelihood,same_objective,2,3,0.5
6a922fae3c5f083af6a8,3,supervised_likelihood,supervised_likelihood,supervised_likelihood,supervised_likelihood,same_objective,3,4,0.6666666666666666
6a922fae3c5f083af6a8,4,supervised_likelihood,supervised_likelihood,supervised_likelihood,supervised_likelihood,same_objective,4,5,0.8333333333333334
6a922fae3c5f083af6a8,5,supervised_likelihood,supervised_likelihood,supervised_likelihood,supervised_likelihood,same_objective,5,6,1.0
6a9e03930f2ee581fb3a,0,supervised_likelihood,supervised_likelihood,supervised_likelihood,supervised_likelihood,same_objective,0,1,0.14285714285714285
6a9e03930f2ee581fb3a,1,supervised_likelihood,supervised_likelihood,supervised_likelihood,supervised_likelihood,same_objective,1,2,0.2857142857142857
6a9e03930f2ee581fb3a,2,supervised_likelihood,supervised_likelihood,supervised_likelihood,supervised_likelihood,same_objective,2,3,0.42857142857142855
6a9e03930f2ee581fb3a,3,supervised_likelihood,supervised_likelihood,supervised_likelihood,supervised_likelihood,same_objective,3,4,0.5714285714285714
6a9e03930f2ee581fb3a,4,supervised_likelihood,supervised_likelihood,supervised_likelihood,supervised_likelihood,same_objective,4,5,0.7142857142857143
6a9e03930f2ee581fb3a,5,supervised_likelihood,supervised_likelihood,supervised_likelihood,supervised_likelihood,same_objective,5,6,0.8571428571428571
6a9e03930f2ee581fb3a,6,supervised_likelihood,supervised_likelihood,supervised_likelihood,supervised_likelihood,same_objective,6,7,1.0
6aafe7baf0230adabcfb,0,supervised_likelihood,supervised_likelihood,supervised_likelihood,supervised_likelihood,same_objective,0,1,0.25
6aafe7baf0230adabcfb,1,supervised_likelihood,supervised_likelihood,supervised_likelihood,supervised_likelihood,same_objective,1,2,0.5
6aafe7baf0230adabcfb,2,supervised_likelihood,supervised_likelihood,supervised_likelihood,supervised_likelihood,same_objective,2,3,0.75
6aafe7baf0230adabcfb,3,supervised_likelihood,supervised_likelihood,supervised_likelihood,supervised_likelihood,same_objective,3,4,1.0
6bf4aaf8c96a156bb84a,0,supervised_likelihood,supervised_likelihood,supervised_likelihood,supervised_likelihood,same_objective,0,1,1.0
6c25f36d869d019e7196,0,supervised_likelihood,supervised_likelihood,supervised_likelihood,supervised_likelihood,same_objective,0,1,0.3333333333333333
6c25f36d869d019e7196,1,supervised_likelihood,supervised_likelihood,supervised_likelihood,supervised_likelihood,same_objective,1,2,0.6666666666666666
6c25f36d869d019e7196,2,supervised_likelihood,supervised_likelihood,supervised_likelihood,supervised_likelihood,same_objective,2,3,1.0
6c31a0b2e3bea154e55c,0,supervised_likelihood,supervised_likelihood,supervised_likelihood,supervised_likelihood,same_objective,0,1,0.25
6c31a0b2e3bea154e55c,1,supervised_likelihood,supervised_likelihood,supervised_likelihood,supervised_likelihood,same_objective,1,2,0.5
6c31a0b2e3bea154e55c,2,supervised_likelihood,supervised_likelihood,supervised_likelihood,supervised_likelihood,same_objective,2,3,0.75
6c31a0b2e3bea154e55c,3,supervised_likelihood,supervised_likelihood,supervised_likelihood,supervised_likelihood,same_objective,3,4,1.0
6c7946397bbd328d1d09,0,supervised_likelihood,supervised_likelihood,supervised_likelihood,supervised_likelihood,same_objective,0,1,0.25
6c7946397bbd328d1d09,1,supervised_likelihood,supervised_likelihood,supervised_likelihood,supervised_likelihood,same_objective,1,2,0.5
6c7946397bbd328d1d09,2,supervised_likelihood,supervised_likelihood,supervised_likelihood,supervised_likelihood,same_objective,2,3,0.75
6c7946397bbd328d1d09,3,supervised_likelihood,supervised_likelihood,supervised_likelihood,supervised_likelihood,same_objective,3,4,1.0
6c916ca643aa1565a2b8,0,supervised_likelihood,supervised_likelihood,supervised_likelihood,supervised_likelihood,same_objective,0,1,0.14285714285714285
6c916ca643aa1565a2b8,1,supervised_likelihood,supervised_likelihood,supervised_likelihood,supervised_likelihood,same_objective,1,2,0.2857142857142857
6c916ca643aa1565a2b8,2,supervised_likelihood,supervised_likelihood,supervised_likelihood,supervised_likelihood,same_objective,2,3,0.42857142857142855
6c916ca643aa1565a2b8,3,supervised_likelihood,supervised_likelihood,supervised_likelihood,supervised_likelihood,same_objective,3,4,0.5714285714285714
6c916ca643aa1565a2b8,4,supervised_likelihood,supervised_likelihood,supervised_likelihood,supervised_likelihood,same_objective,4,5,0.7142857142857143
6c916ca643aa1565a2b8,5,supervised_likelihood,supervised_likelihood,supervised_likelihood,supervised_likelihood,same_objective,5,6,0.8571428571428571
6c916ca643aa1565a2b8,6,supervised_likelihood,supervised_likelihood,supervised_likelihood,supervised_likelihood,same_objective,6,7,1.0
6d1d70b7f18aec684fc9,0,supervised_likelihood,supervised_likelihood,supervised_likelihood,supervised_likelihood,same_objective,0,1,1.0
6da03a3b7129fa1f65e9,0,supervised_likelihood,supervised_likelihood,supervised_likelihood,supervised_likelihood,same_objective,0,1,0.125
6da03a3b7129fa1f65e9,1,supervised_likelihood,supervised_likelihood,supervised_likelihood,supervised_likelihood,same_objective,1,2,0.25
6da03a3b7129fa1f65e9,2,supervised_likelihood,supervised_likelihood,supervised_likelihood,supervised_likelihood,same_objective,2,3,0.375
6da03a3b7129fa1f65e9,3,supervised_likelihood,supervised_likelihood,supervised_likelihood,supervised_likelihood,same_objective,3,4,0.5
6da03a3b7129fa1f65e9,4,supervised_likelihood,supervised_likelihood,supervised_likelihood,supervised_likelihood,same_objective,4,5,0.625
6da03a3b7129fa1f65e9,5,supervised_likelihood,supervised_likelihood,supervised_likelihood,supervised_likelihood,same_objective,5,6,0.75
6da03a3b7129fa1f65e9,6,supervised_likelihood,supervised_likelihood,supervised_likelihood,supervised_likelihood,same_objective,6,7,0.875
6da03a3b7129fa1f65e9,7,supervised_likelihood,supervised_likelihood,supervised_likelihood,supervised_likelihood,same_objective,7,8,1.0
6dabe99e39fcffa3da23,0,supervised_likelihood,supervised_likelihood,supervised_likelihood,supervised_likelihood,same_objective,0,1,0.14285714285714285
6dabe99e39fcffa3da23,1,supervised_likelihood,supervised_likelihood,supervised_likelihood,supervised_likelihood,same_objective,1,2,0.2857142857142857
6dabe99e39fcffa3da23,2,supervised_likelihood,supervised_likelihood,supervised_likelihood,supervised_likelihood,same_objective,2,3,0.42857142857142855
6dabe99e39fcffa3da23,3,supervised_likelihood,supervised_likelihood,supervised_likelihood,supervised_likelihood,same_objective,3,4,0.5714285714285714
6dabe99e39fcffa3da23,4,supervised_likelihood,supervised_likelihood,supervised_likelihood,supervised_likelihood,same_objective,4,5,0.7142857142857143
6dabe99e39fcffa3da23,5,supervised_likelihood,supervised_likelihood,supervised_likelihood,supervised_likelihood,same_objective,5,6,0.8571428571428571
6dabe99e39fcffa3da23,6,supervised_likelihood,supervised_likelihood,supervised_likelihood,supervised_likelihood,same_objective,6,7,1.0
6dc752d14a497d764ae7,0,supervised_likelihood,supervised_likelihood,supervised_likelihood,supervised_likelihood,same_objective,0,1,0.2
6dc752d14a497d764ae7,1,supervised_likelihood,supervised_likelihood,supervised_likelihood,supervised_likelihood,same_objective,1,2,0.4
6dc752d14a497d764ae7,2,supervised_likelihood,supervised_likelihood,supervised_likelihood,supervised_likelihood,same_objective,2,3,0.6
6dc752d14a497d764ae7,3,supervised_likelihood,supervised_likelihood,supervised_likelihood,supervised_likelihood,same_objective,3,4,0.8
6dc752d14a497d764ae7,4,supervised_likelihood,supervised_likelihood,supervised_likelihood,supervised_likelihood,same_objective,4,5,1.0
6e92f7cbb77cea51b802,0,supervised_likelihood,supervised_likelihood,supervised_likelihood,supervised_likelihood,same_objective,0,1,0.25
6e92f7cbb77cea51b802,1,supervised_likelihood,supervised_likelihood,supervised_likelihood,supervised_likelihood,same_objective,1,2,0.5
6e92f7cbb77cea51b802,2,supervised_likelihood,supervised_likelihood,supervised_likelihood,supervised_likelihood,same_objective,2,3,0.75
6e92f7cbb77cea51b802,3,supervised_likelihood,supervised_likelihood,supervised_likelihood,supervised_likelihood,same_objective,3,4,1.0
6ea80538c5cbcc03d333,0,supervised_likelihood,supervised_likelihood,supervised_likelihood,supervised_likelihood,same_objective,0,1,0.14285714285714285
6ea80538c5cbcc03d333,1,supervised_likelihood,supervised_likelihood,supervised_likelihood,supervised_likelihood,same_objective,1,2,0.2857142857142857
6ea80538c5cbcc03d333,2,supervised_likelihood,supervised_likelihood,supervised_likelihood,supervised_likelihood,same_objective,2,3,0.42857142857142855
6ea80538c5cbcc03d333,3,supervised_likelihood,supervised_likelihood,supervised_likelihood,supervised_likelihood,same_objective,3,4,0.5714285714285714
6ea80538c5cbcc03d333,4,supervised_likelihood,supervised_likelihood,supervised_likelihood,supervised_likelihood,same_objective,4,5,0.7142857142857143
6ea80538c5cbcc03d333,5,supervised_likelihood,supervised_likelihood,supervised_likelihood,supervised_likelihood,same_objective,5,6,0.8571428571428571
6ea80538c5cbcc03d333,6,supervised_likelihood,supervised_likelihood,supervised_likelihood,supervised_likelihood,same_objective,6,7,1.0
6eec020af617ce14faf9,0,supervised_likelihood,supervised_likelihood,supervised_likelihood,supervised_likelihood,same_objective,0,1,0.08333333333333333
6eec020af617ce14faf9,1,supervised_likelihood,supervised_likelihood,supervised_likelihood,supervised_likelihood,same_objective,1,2,0.16666666666666666
6eec020af617ce14faf9,2,supervised_likelihood,supervised_likelihood,supervised_likelihood,supervised_likelihood,same_objective,2,3,0.25
6eec020af617ce14faf9,3,supervised_likelihood,supervised_likelihood,supervised_likelihood,supervised_likelihood,same_objective,3,4,0.3333333333333333
6eec020af617ce14faf9,4,supervised_likelihood,supervised_likelihood,supervised_likelihood,supervised_likelihood,same_objective,4,5,0.4166666666666667
6eec020af617ce14faf9,5,supervised_likelihood,supervised_likelihood,supervised_likelihood,supervised_likelihood,same_objective,5,6,0.5
6eec020af617ce14faf9,6,supervised_likelihood,supervised_likelihood,supervised_likelihood,supervised_likelihood,same_objective,6,7,0.5833333333333334
6eec020af617ce14faf9,7,supervised_likelihood,supervised_likelihood,supervised_likelihood,supervised_likelihood,same_objective,7,8,0.6666666666666666
6eec020af617ce14faf9,8,supervised_likelihood,supervised_likelihood,supervised_likelihood,supervised_likelihood,same_objective,8,9,0.75
6eec020af617ce14faf9,9,supervised_likelihood,supervised_likelihood,supervised_likelihood,supervised_likelihood,same_objective,9,10,0.8333333333333334
6eec020af617ce14faf9,10,supervised_likelihood,supervised_likelihood,supervised_likelihood,supervised_likelihood,same_objective,10,11,0.9166666666666666
6eec020af617ce14faf9,11,supervised_likelihood,supervised_likelihood,supervised_likelihood,supervised_likelihood,same_objective,11,12,1.0
6f50e1f3f6aa90b3562a,0,supervised_likelihood,supervised_likelihood,supervised_likelihood,supervised_likelihood,same_objective,0,1,0.5
6f50e1f3f6aa90b3562a,1,supervised_likelihood,supervised_likelihood,supervised_likelihood,supervised_likelihood,same_objective,1,2,1.0
6f7473fb88b981598587,0,supervised_likelihood,supervised_likelihood,supervised_likelihood,supervised_likelihood,same_objective,0,1,0.25
6f7473fb88b981598587,1,supervised_likelihood,supervised_likelihood,supervised_likelihood,supervised_likelihood,same_objective,1,2,0.5
6f7473fb88b981598587,2,supervised_likelihood,supervised_likelihood,supervised_likelihood,supervised_likelihood,same_objective,2,3,0.75
6f7473fb88b981598587,3,supervised_likelihood,supervised_likelihood,supervised_likelihood,supervised_likelihood,same_objective,3,4,1.0
6ff384fecb03a62e06bc,0,supervised_likelihood,supervised_likelihood,supervised_likelihood,supervised_likelihood,same_objective,0,1,1.0
70ababb4890fa8dcea24,0,supervised_likelihood,supervised_likelihood,supervised_likelihood,supervised_likelihood,same_objective,0,1,0.09090909090909091
70ababb4890fa8dcea24,1,supervised_likelihood,supervised_likelihood,supervised_likelihood,supervised_likelihood,same_objective,1,2,0.18181818181818182
70ababb4890fa8dcea24,2,supervised_likelihood,supervised_likelihood,supervised_likelihood,supervised_likelihood,same_objective,2,3,0.2727272727272727
70ababb4890fa8dcea24,3,supervised_likelihood,supervised_likelihood,supervised_likelihood,supervised_likelihood,same_objective,3,4,0.36363636363636365
70ababb4890fa8dcea24,4,supervised_likelihood,supervised_likelihood,supervised_likelihood,supervised_likelihood,same_objective,4,5,0.45454545454545453
70ababb4890fa8dcea24,5,supervised_likelihood,supervised_likelihood,supervised_likelihood,supervised_likelihood,same_objective,5,6,0.5454545454545454
70ababb4890fa8dcea24,6,supervised_likelihood,supervised_likelihood,supervised_likelihood,supervised_likelihood,same_objective,6,7,0.6363636363636364
70ababb4890fa8dcea24,7,supervised_likelihood,supervised_likelihood,supervised_likelihood,supervised_likelihood,same_objective,7,8,0.7272727272727273
70ababb4890fa8dcea24,8,supervised_likelihood,supervised_likelihood,supervised_likelihood,supervised_likelihood,same_objective,8,9,0.8181818181818182
70ababb4890fa8dcea24,9,supervised_likelihood,supervised_likelihood,supervised_likelihood,supervised_likelihood,same_objective,9,10,0.9090909090909091
70ababb4890fa8dcea24,10,supervised_likelihood,supervised_likelihood,supervised_likelihood,supervised_likelihood,same_objective,10,11,1.0
7139d3650f6474090787,0,supervised_likelihood,supervised_likelihood,supervised_likelihood,supervised_likelihood,same_objective,0,1,0.25
7139d3650f6474090787,1,supervised_likelihood,supervised_likelihood,supervised_likelihood,supervised_likelihood,same_objective,1,2,0.5
7139d3650f6474090787,2,supervised_likelihood,supervised_likelihood,supervised_likelihood,supervised_likelihood,same_objective,2,3,0.75
7139d3650f6474090787,3,supervised_likelihood,supervised_likelihood,supervised_likelihood,supervised_likelihood,same_objective,3,4,1.0
715efad96adf7b22dda0,0,supervised_likelihood,supervised_likelihood,supervised_likelihood,supervised_likelihood,same_objective,0,1,0.2
715efad96adf7b22dda0,1,supervised_likelihood,supervised_likelihood,supervised_likelihood,supervised_likelihood,same_objective,1,2,0.4
715efad96adf7b22dda0,2,supervised_likelihood,supervised_likelihood,supervised_likelihood,supervised_likelihood,same_objective,2,3,0.6
715efad96adf7b22dda0,3,supervised_likelihood,supervised_likelihood,supervised_likelihood,supervised_likelihood,same_objective,3,4,0.8
715efad96adf7b22dda0,4,supervised_likelihood,supervised_likelihood,supervised_likelihood,supervised_likelihood,same_objective,4,5,1.0
71a86d8e54ee512bef53,0,supervised_likelihood,supervised_likelihood,supervised_likelihood,supervised_likelihood,same_objective,0,1,0.125
71a86d8e54ee512bef53,1,supervised_likelihood,supervised_likelihood,supervised_likelihood,supervised_likelihood,same_objective,1,2,0.25
71a86d8e54ee512bef53,2,supervised_likelihood,supervised_likelihood,supervised_likelihood,supervised_likelihood,same_objective,2,3,0.375
71a86d8e54ee512bef53,3,supervised_likelihood,supervised_likelihood,supervised_likelihood,supervised_likelihood,same_objective,3,4,0.5
71a86d8e54ee512bef53,4,supervised_likelihood,supervised_likelihood,supervised_likelihood,supervised_likelihood,same_objective,4,5,0.625
71a86d8e54ee512bef53,5,supervised_likelihood,supervised_likelihood,supervised_likelihood,supervised_likelihood,same_objective,5,6,0.75
71a86d8e54ee512bef53,6,supervised_likelihood,supervised_likelihood,supervised_likelihood,supervised_likelihood,same_objective,6,7,0.875
71a86d8e54ee512bef53,7,supervised_likelihood,supervised_likelihood,supervised_likelihood,supervised_likelihood,same_objective,7,8,1.0
720db188b01c939f7c8e,0,supervised_likelihood,supervised_likelihood,supervised_likelihood,supervised_likelihood,same_objective,0,1,1.0
7342418a94c1c882d374,0,supervised_likelihood,supervised_likelihood,supervised_likelihood,supervised_likelihood,same_objective,0,1,0.5
7342418a94c1c882d374,1,supervised_likelihood,supervised_likelihood,supervised_likelihood,supervised_likelihood,same_objective,1,2,1.0
736cc5f9abcf4a809c42,0,supervised_likelihood,supervised_likelihood,supervised_likelihood,supervised_likelihood,same_objective,0,1,0.3333333333333333
736cc5f9abcf4a809c42,1,supervised_likelihood,supervised_likelihood,supervised_likelihood,supervised_likelihood,same_objective,1,2,0.6666666666666666
736cc5f9abcf4a809c42,2,supervised_likelihood,supervised_likelihood,supervised_likelihood,supervised_likelihood,same_objective,2,3,1.0
73992632226a65b7ef87,0,supervised_likelihood,supervised_likelihood,supervised_likelihood,supervised_likelihood,same_objective,0,1,0.25
73992632226a65b7ef87,1,supervised_likelihood,supervised_likelihood,supervised_likelihood,supervised_likelihood,same_objective,1,2,0.5
73b00efd40818deb580c,0,supervised_likelihood,supervised_likelihood,supervised_likelihood,supervised_likelihood,same_objective,0,1,0.25
73b00efd40818deb580c,1,supervised_likelihood,supervised_likelihood,supervised_likelihood,supervised_likelihood,same_objective,1,2,0.5
73b00efd40818deb580c,2,supervised_likelihood,supervised_likelihood,supervised_likelihood,supervised_likelihood,same_objective,2,3,0.75
73b00efd40818deb580c,3,supervised_likelihood,supervised_likelihood,supervised_likelihood,supervised_likelihood,same_objective,3,4,1.0
73c72b5a19b32b494988,0,supervised_likelihood,supervised_likelihood,supervised_likelihood,supervised_likelihood,same_objective,0,1,0.16666666666666666
73c72b5a19b32b494988,1,supervised_likelihood,supervised_likelihood,supervised_likelihood,supervised_likelihood,same_objective,1,2,0.3333333333333333
73c72b5a19b32b494988,2,supervised_likelihood,supervised_likelihood,supervised_likelihood,supervised_likelihood,same_objective,2,3,0.5
73c72b5a19b32b494988,3,supervised_likelihood,supervised_likelihood,supervised_likelihood,supervised_likelihood,same_objective,3,4,0.6666666666666666
73c72b5a19b32b494988,4,supervised_likelihood,supervised_likelihood,supervised_likelihood,supervised_likelihood,same_objective,4,5,0.8333333333333334
73c72b5a19b32b494988,5,supervised_likelihood,supervised_likelihood,supervised_likelihood,supervised_likelihood,same_objective,5,6,1.0
74ffbcf212129ec57262,0,supervised_likelihood,supervised_likelihood,supervised_likelihood,supervised_likelihood,same_objective,0,1,0.5
74ffbcf212129ec57262,1,supervised_likelihood,supervised_likelihood,supervised_likelihood,supervised_likelihood,same_objective,1,2,1.0
7549345e0817452e7997,0,supervised_likelihood,supervised_likelihood,supervised_likelihood,supervised_likelihood,same_objective,0,1,0.1111111111111111
7549345e0817452e7997,1,supervised_likelihood,supervised_likelihood,supervised_likelihood,supervised_likelihood,same_objective,1,2,0.2222222222222222
7549345e0817452e7997,2,supervised_likelihood,supervised_likelihood,supervised_likelihood,supervised_likelihood,same_objective,2,3,0.3333333333333333
7549345e0817452e7997,3,supervised_likelihood,reward_optimization,supervised_likelihood,reward_grpo,objective_change,3,4,0.4444444444444444
7549345e0817452e7997,4,reward_optimization,reward_optimization,reward_grpo,reward_grpo,same_objective,4,5,0.5555555555555556
7549345e0817452e7997,5,reward_optimization,reward_optimization,reward_grpo,reward_grpo,same_objective,5,6,0.6666666666666666
7549345e0817452e7997,6,reward_optimization,supervised_likelihood,reward_grpo,supervised_likelihood,objective_change,6,7,0.7777777777777778
7549345e0817452e7997,7,supervised_likelihood,supervised_likelihood,supervised_likelihood,supervised_likelihood,same_objective,7,8,0.8888888888888888
7549345e0817452e7997,8,supervised_likelihood,supervised_likelihood,supervised_likelihood,supervised_likelihood,same_objective,8,9,1.0
75836ae8fe602a964a2b,0,supervised_likelihood,supervised_likelihood,supervised_likelihood,supervised_likelihood,same_objective,0,1,0.25
75836ae8fe602a964a2b,1,supervised_likelihood,supervised_likelihood,supervised_likelihood,supervised_likelihood,same_objective,1,2,0.5
75836ae8fe602a964a2b,2,supervised_likelihood,supervised_likelihood,supervised_likelihood,supervised_likelihood,same_objective,2,3,0.75
75836ae8fe602a964a2b,3,supervised_likelihood,supervised_likelihood,supervised_likelihood,supervised_likelihood,same_objective,3,4,1.0
762196215dc50c8ba194,0,supervised_likelihood,supervised_likelihood,supervised_likelihood,supervised_likelihood,same_objective,0,1,0.1
762196215dc50c8ba194,1,supervised_likelihood,supervised_likelihood,supervised_likelihood,supervised_likelihood,same_objective,1,2,0.2
762196215dc50c8ba194,2,supervised_likelihood,supervised_likelihood,supervised_likelihood,supervised_likelihood,same_objective,2,3,0.3
762196215dc50c8ba194,3,supervised_likelihood,supervised_likelihood,supervised_likelihood,supervised_likelihood,same_objective,3,4,0.4
762196215dc50c8ba194,4,supervised_likelihood,supervised_likelihood,supervised_likelihood,supervised_likelihood,same_objective,4,5,0.5
762196215dc50c8ba194,5,supervised_likelihood,supervised_likelihood,supervised_likelihood,supervised_likelihood,same_objective,5,6,0.6
762196215dc50c8ba194,6,supervised_likelihood,supervised_likelihood,supervised_likelihood,supervised_likelihood,same_objective,6,7,0.7
762196215dc50c8ba194,7,supervised_likelihood,supervised_likelihood,supervised_likelihood,supervised_likelihood,same_objective,7,8,0.8
762196215dc50c8ba194,8,supervised_likelihood,supervised_likelihood,supervised_likelihood,supervised_likelihood,same_objective,8,9,0.9
762196215dc50c8ba194,9,supervised_likelihood,supervised_likelihood,supervised_likelihood,supervised_likelihood,same_objective,9,10,1.0
762cc0c6dbd51c01506a,0,supervised_likelihood,supervised_likelihood,supervised_likelihood,supervised_likelihood,same_objective,0,1,0.5
762cc0c6dbd51c01506a,1,supervised_likelihood,supervised_likelihood,supervised_likelihood,supervised_likelihood,same_objective,1,2,1.0
7713e1797be85d0ef736,0,supervised_likelihood,supervised_likelihood,supervised_likelihood,supervised_likelihood,same_objective,0,1,0.25
7713e1797be85d0ef736,1,supervised_likelihood,supervised_likelihood,supervised_likelihood,supervised_likelihood,same_objective,1,2,0.5
7713e1797be85d0ef736,2,supervised_likelihood,supervised_likelihood,supervised_likelihood,supervised_likelihood,same_objective,2,3,0.75
7713e1797be85d0ef736,3,supervised_likelihood,supervised_likelihood,supervised_likelihood,supervised_likelihood,same_objective,3,4,1.0
77367d7698a91f38a017,0,supervised_likelihood,supervised_likelihood,supervised_likelihood,supervised_likelihood,same_objective,0,1,0.16666666666666666
77367d7698a91f38a017,1,supervised_likelihood,supervised_likelihood,supervised_likelihood,supervised_likelihood,same_objective,1,2,0.3333333333333333
77367d7698a91f38a017,2,supervised_likelihood,supervised_likelihood,supervised_likelihood,supervised_likelihood,same_objective,2,3,0.5
77367d7698a91f38a017,3,supervised_likelihood,supervised_likelihood,supervised_likelihood,supervised_likelihood,same_objective,3,4,0.6666666666666666
77367d7698a91f38a017,4,supervised_likelihood,supervised_likelihood,supervised_likelihood,supervised_likelihood,same_objective,4,5,0.8333333333333334
77367d7698a91f38a017,5,supervised_likelihood,supervised_likelihood,supervised_likelihood,supervised_likelihood,same_objective,5,6,1.0
7778d260b52157ed892e,0,supervised_likelihood,supervised_likelihood,supervised_likelihood,supervised_likelihood,same_objective,0,1,0.5
7778d260b52157ed892e,1,supervised_likelihood,supervised_likelihood,supervised_likelihood,supervised_likelihood,same_objective,1,2,1.0
77900e77ee3916c28d01,0,supervised_likelihood,supervised_likelihood,supervised_likelihood,supervised_likelihood,same_objective,0,1,0.2
77900e77ee3916c28d01,1,supervised_likelihood,supervised_likelihood,supervised_likelihood,supervised_likelihood,same_objective,1,2,0.4
77900e77ee3916c28d01,2,supervised_likelihood,supervised_likelihood,supervised_likelihood,supervised_likelihood,same_objective,2,3,0.6
77900e77ee3916c28d01,3,supervised_likelihood,supervised_likelihood,supervised_likelihood,supervised_likelihood,same_objective,3,4,0.8
77900e77ee3916c28d01,4,supervised_likelihood,supervised_likelihood,supervised_likelihood,supervised_likelihood,same_objective,4,5,1.0
77b138a802186086e58d,0,supervised_likelihood,supervised_likelihood,supervised_likelihood,supervised_likelihood,same_objective,0,1,0.058823529411764705
77b138a802186086e58d,1,supervised_likelihood,supervised_likelihood,supervised_likelihood,supervised_likelihood,same_objective,1,2,0.11764705882352941
77b138a802186086e58d,2,supervised_likelihood,supervised_likelihood,supervised_likelihood,supervised_likelihood,same_objective,2,3,0.17647058823529413
77b138a802186086e58d,3,supervised_likelihood,supervised_likelihood,supervised_likelihood,supervised_likelihood,same_objective,3,4,0.23529411764705882
77b138a802186086e58d,4,supervised_likelihood,supervised_likelihood,supervised_likelihood,supervised_likelihood,same_objective,4,5,0.29411764705882354
77b138a802186086e58d,5,supervised_likelihood,supervised_likelihood,supervised_likelihood,supervised_likelihood,same_objective,5,6,0.35294117647058826
77b138a802186086e58d,6,supervised_likelihood,supervised_likelihood,supervised_likelihood,supervised_likelihood,same_objective,6,7,0.4117647058823529
77b138a802186086e58d,7,supervised_likelihood,supervised_likelihood,supervised_likelihood,supervised_likelihood,same_objective,7,8,0.47058823529411764
77b138a802186086e58d,8,supervised_likelihood,supervised_likelihood,supervised_likelihood,supervised_likelihood,same_objective,8,9,0.5294117647058824
77b138a802186086e58d,9,supervised_likelihood,supervised_likelihood,supervised_likelihood,supervised_likelihood,same_objective,9,10,0.5882352941176471
77b138a802186086e58d,10,supervised_likelihood,supervised_likelihood,supervised_likelihood,supervised_likelihood,same_objective,10,11,0.6470588235294118
77b138a802186086e58d,11,supervised_likelihood,supervised_likelihood,supervised_likelihood,supervised_likelihood,same_objective,11,12,0.7058823529411765
77b138a802186086e58d,12,supervised_likelihood,supervised_likelihood,supervised_likelihood,supervised_likelihood,same_objective,12,13,0.7647058823529411
77b138a802186086e58d,13,supervised_likelihood,supervised_likelihood,supervised_likelihood,supervised_likelihood,same_objective,13,14,0.8235294117647058
77b138a802186086e58d,14,supervised_likelihood,supervised_likelihood,supervised_likelihood,supervised_likelihood,same_objective,14,15,0.8823529411764706
77b138a802186086e58d,15,supervised_likelihood,supervised_likelihood,supervised_likelihood,supervised_likelihood,same_objective,15,16,0.9411764705882353
77b138a802186086e58d,16,supervised_likelihood,supervised_likelihood,supervised_likelihood,supervised_likelihood,same_objective,16,17,1.0
780b4646a877b8bd124e,0,supervised_likelihood,supervised_likelihood,supervised_likelihood,supervised_likelihood,same_objective,0,1,0.08333333333333333
780b4646a877b8bd124e,1,supervised_likelihood,supervised_likelihood,supervised_likelihood,supervised_likelihood,same_objective,1,2,0.16666666666666666
780b4646a877b8bd124e,2,supervised_likelihood,supervised_likelihood,supervised_likelihood,supervised_likelihood,same_objective,2,3,0.25
780b4646a877b8bd124e,3,supervised_likelihood,supervised_likelihood,supervised_likelihood,supervised_likelihood,same_objective,3,4,0.3333333333333333
780b4646a877b8bd124e,4,supervised_likelihood,supervised_likelihood,supervised_likelihood,supervised_likelihood,same_objective,4,5,0.4166666666666667
780b4646a877b8bd124e,5,supervised_likelihood,supervised_likelihood,supervised_likelihood,supervised_likelihood,same_objective,5,6,0.5
780b4646a877b8bd124e,6,supervised_likelihood,supervised_likelihood,supervised_likelihood,supervised_likelihood,same_objective,6,7,0.5833333333333334
780b4646a877b8bd124e,7,supervised_likelihood,supervised_likelihood,supervised_likelihood,supervised_likelihood,same_objective,7,8,0.6666666666666666
780b4646a877b8bd124e,8,supervised_likelihood,supervised_likelihood,supervised_likelihood,supervised_likelihood,same_objective,8,9,0.75
780b4646a877b8bd124e,9,supervised_likelihood,supervised_likelihood,supervised_likelihood,supervised_likelihood,same_objective,9,10,0.8333333333333334
780b4646a877b8bd124e,10,supervised_likelihood,supervised_likelihood,supervised_likelihood,supervised_likelihood,same_objective,10,11,0.9166666666666666
780b4646a877b8bd124e,11,supervised_likelihood,supervised_likelihood,supervised_likelihood,supervised_likelihood,same_objective,11,12,1.0
79602b977d71b31010af,0,supervised_likelihood,supervised_likelihood,supervised_likelihood,supervised_likelihood,same_objective,0,1,0.1
79602b977d71b31010af,1,supervised_likelihood,supervised_likelihood,supervised_likelihood,supervised_likelihood,same_objective,1,2,0.2
79602b977d71b31010af,2,supervised_likelihood,supervised_likelihood,supervised_likelihood,supervised_likelihood,same_objective,2,3,0.3
79602b977d71b31010af,3,supervised_likelihood,supervised_likelihood,supervised_likelihood,supervised_likelihood,same_objective,3,4,0.4
79602b977d71b31010af,4,supervised_likelihood,supervised_likelihood,supervised_likelihood,supervised_likelihood,same_objective,4,5,0.5
79602b977d71b31010af,5,supervised_likelihood,supervised_likelihood,supervised_likelihood,supervised_likelihood,same_objective,5,6,0.6
79602b977d71b31010af,6,supervised_likelihood,supervised_likelihood,supervised_likelihood,supervised_likelihood,same_objective,6,7,0.7
79602b977d71b31010af,7,supervised_likelihood,supervised_likelihood,supervised_likelihood,supervised_likelihood,same_objective,7,8,0.8
79602b977d71b31010af,8,supervised_likelihood,supervised_likelihood,supervised_likelihood,supervised_likelihood,same_objective,8,9,0.9
79602b977d71b31010af,9,supervised_likelihood,supervised_likelihood,supervised_likelihood,supervised_likelihood,same_objective,9,10,1.0
7982d3ff360ceff67b4c,0,supervised_likelihood,supervised_likelihood,supervised_likelihood,supervised_likelihood,same_objective,0,1,0.25
7982d3ff360ceff67b4c,1,supervised_likelihood,supervised_likelihood,supervised_likelihood,supervised_likelihood,same_objective,1,2,0.5
7982d3ff360ceff67b4c,2,supervised_likelihood,supervised_likelihood,supervised_likelihood,supervised_likelihood,same_objective,2,3,0.75
7982d3ff360ceff67b4c,3,supervised_likelihood,supervised_likelihood,supervised_likelihood,supervised_likelihood,same_objective,3,4,1.0
79bdc064015f0d74a904,0,supervised_likelihood,supervised_likelihood,supervised_likelihood,supervised_likelihood,same_objective,0,1,0.5
79bdc064015f0d74a904,1,supervised_likelihood,supervised_likelihood,supervised_likelihood,supervised_likelihood,same_objective,1,2,1.0
7a1ca17ab3bd97536ee5,0,supervised_likelihood,supervised_likelihood,supervised_likelihood,supervised_likelihood,same_objective,0,1,0.14285714285714285
7a1ca17ab3bd97536ee5,1,supervised_likelihood,supervised_likelihood,supervised_likelihood,supervised_likelihood,same_objective,1,2,0.2857142857142857
7a1ca17ab3bd97536ee5,2,supervised_likelihood,supervised_likelihood,supervised_likelihood,supervised_likelihood,same_objective,2,3,0.42857142857142855
7a1ca17ab3bd97536ee5,3,supervised_likelihood,supervised_likelihood,supervised_likelihood,supervised_likelihood,same_objective,3,4,0.5714285714285714
7a1ca17ab3bd97536ee5,4,supervised_likelihood,supervised_likelihood,supervised_likelihood,supervised_likelihood,same_objective,4,5,0.7142857142857143
7a1ca17ab3bd97536ee5,5,supervised_likelihood,supervised_likelihood,supervised_likelihood,supervised_likelihood,same_objective,5,6,0.8571428571428571
7a1ca17ab3bd97536ee5,6,supervised_likelihood,supervised_likelihood,supervised_likelihood,supervised_likelihood,same_objective,6,7,1.0
7a94150bf5ce26eb9a8f,0,supervised_likelihood,supervised_likelihood,supervised_likelihood,supervised_likelihood,same_objective,0,1,0.3333333333333333
7a94150bf5ce26eb9a8f,1,supervised_likelihood,supervised_likelihood,supervised_likelihood,supervised_likelihood,same_objective,1,2,0.6666666666666666
7a94150bf5ce26eb9a8f,2,supervised_likelihood,supervised_likelihood,supervised_likelihood,supervised_likelihood,same_objective,2,3,1.0
7b0bfb0bce2aab23fd39,0,supervised_likelihood,supervised_likelihood,supervised_likelihood,supervised_likelihood,same_objective,0,1,0.16666666666666666
7b0bfb0bce2aab23fd39,1,supervised_likelihood,supervised_likelihood,supervised_likelihood,supervised_likelihood,same_objective,1,2,0.3333333333333333
7b0bfb0bce2aab23fd39,2,supervised_likelihood,supervised_likelihood,supervised_likelihood,supervised_likelihood,same_objective,2,3,0.5
7b0bfb0bce2aab23fd39,3,supervised_likelihood,supervised_likelihood,supervised_likelihood,supervised_likelihood,same_objective,3,4,0.6666666666666666
7b0bfb0bce2aab23fd39,4,supervised_likelihood,supervised_likelihood,supervised_likelihood,supervised_likelihood,same_objective,4,5,0.8333333333333334
7b81e2c18eecf05e008d,0,supervised_likelihood,supervised_likelihood,supervised_likelihood,supervised_likelihood,same_objective,0,1,0.5
7b81e2c18eecf05e008d,1,supervised_likelihood,supervised_likelihood,supervised_likelihood,supervised_likelihood,same_objective,1,2,1.0
7c2a1d1942627e9d229b,0,supervised_likelihood,supervised_likelihood,supervised_likelihood,supervised_likelihood,same_objective,0,1,0.25
7c2a1d1942627e9d229b,1,supervised_likelihood,supervised_likelihood,supervised_likelihood,supervised_likelihood,same_objective,1,2,0.5
7c2a1d1942627e9d229b,2,supervised_likelihood,supervised_likelihood,supervised_likelihood,supervised_likelihood,same_objective,2,3,0.75
7c2a1d1942627e9d229b,3,supervised_likelihood,supervised_likelihood,supervised_likelihood,supervised_likelihood,same_objective,3,4,1.0
7d9fceb230f69703466f,0,supervised_likelihood,supervised_likelihood,supervised_likelihood,supervised_likelihood,same_objective,0,1,0.125
7d9fceb230f69703466f,1,supervised_likelihood,supervised_likelihood,supervised_likelihood,supervised_likelihood,same_objective,1,2,0.25
7d9fceb230f69703466f,2,supervised_likelihood,supervised_likelihood,supervised_likelihood,supervised_likelihood,same_objective,2,3,0.375
7d9fceb230f69703466f,3,supervised_likelihood,supervised_likelihood,supervised_likelihood,supervised_likelihood,same_objective,3,4,0.5
7d9fceb230f69703466f,4,supervised_likelihood,supervised_likelihood,supervised_likelihood,supervised_likelihood,same_objective,4,5,0.625
7d9fceb230f69703466f,5,supervised_likelihood,supervised_likelihood,supervised_likelihood,supervised_likelihood,same_objective,5,6,0.75
7d9fceb230f69703466f,6,supervised_likelihood,supervised_likelihood,supervised_likelihood,supervised_likelihood,same_objective,6,7,0.875
7d9fceb230f69703466f,7,supervised_likelihood,supervised_likelihood,supervised_likelihood,supervised_likelihood,same_objective,7,8,1.0
7e2e380466d84546c1f6,0,supervised_likelihood,supervised_likelihood,supervised_likelihood,supervised_likelihood,same_objective,0,1,0.1111111111111111
7e2e380466d84546c1f6,1,supervised_likelihood,supervised_likelihood,supervised_likelihood,supervised_likelihood,same_objective,1,2,0.2222222222222222
7ee2bf400900f6182dfc,0,supervised_likelihood,supervised_likelihood,supervised_likelihood,supervised_likelihood,same_objective,0,1,0.25
7ee2bf400900f6182dfc,1,supervised_likelihood,supervised_likelihood,supervised_likelihood,supervised_likelihood,same_objective,1,2,0.5
7ee2bf400900f6182dfc,2,supervised_likelihood,supervised_likelihood,supervised_likelihood,supervised_likelihood,same_objective,2,3,0.75
7ee2bf400900f6182dfc,3,supervised_likelihood,supervised_likelihood,supervised_likelihood,supervised_likelihood,same_objective,3,4,1.0
80088b199b1377176962,0,supervised_likelihood,supervised_likelihood,supervised_likelihood,supervised_likelihood,same_objective,0,1,0.2
80088b199b1377176962,1,supervised_likelihood,supervised_likelihood,supervised_likelihood,supervised_likelihood,same_objective,1,2,0.4
80088b199b1377176962,2,supervised_likelihood,supervised_likelihood,supervised_likelihood,supervised_likelihood,same_objective,2,3,0.6
80088b199b1377176962,3,supervised_likelihood,supervised_likelihood,supervised_likelihood,supervised_likelihood,same_objective,3,4,0.8
80088b199b1377176962,4,supervised_likelihood,supervised_likelihood,supervised_likelihood,supervised_likelihood,same_objective,4,5,1.0
8038f6231e0e4d45bf89,0,supervised_likelihood,supervised_likelihood,supervised_likelihood,supervised_likelihood,same_objective,0,1,0.2
8038f6231e0e4d45bf89,1,supervised_likelihood,supervised_likelihood,supervised_likelihood,supervised_likelihood,same_objective,1,2,0.4
8038f6231e0e4d45bf89,2,supervised_likelihood,supervised_likelihood,supervised_likelihood,supervised_likelihood,same_objective,2,3,0.6
8038f6231e0e4d45bf89,3,supervised_likelihood,supervised_likelihood,supervised_likelihood,supervised_likelihood,same_objective,3,4,0.8
806b57adccc2a2df0482,0,supervised_likelihood,supervised_likelihood,supervised_likelihood,supervised_likelihood,same_objective,0,1,0.25
806b57adccc2a2df0482,1,supervised_likelihood,supervised_likelihood,supervised_likelihood,supervised_likelihood,same_objective,1,2,0.5
806b57adccc2a2df0482,2,supervised_likelihood,supervised_likelihood,supervised_likelihood,supervised_likelihood,same_objective,2,3,0.75
806b57adccc2a2df0482,3,supervised_likelihood,supervised_likelihood,supervised_likelihood,supervised_likelihood,same_objective,3,4,1.0
80a509087ec7f2e90292,0,supervised_likelihood,supervised_likelihood,supervised_likelihood,supervised_likelihood,same_objective,0,1,0.5
80a509087ec7f2e90292,1,supervised_likelihood,supervised_likelihood,supervised_likelihood,supervised_likelihood,same_objective,1,2,1.0
80e2171124e171bc93fc,0,supervised_likelihood,supervised_likelihood,supervised_likelihood,supervised_likelihood,same_objective,0,1,0.5
80e2171124e171bc93fc,1,supervised_likelihood,supervised_likelihood,supervised_likelihood,supervised_likelihood,same_objective,1,2,1.0
819232be3e8e2e215549,0,supervised_likelihood,supervised_likelihood,supervised_likelihood,supervised_likelihood,same_objective,0,1,0.3333333333333333
819232be3e8e2e215549,1,supervised_likelihood,supervised_likelihood,supervised_likelihood,supervised_likelihood,same_objective,1,2,0.6666666666666666
819232be3e8e2e215549,2,supervised_likelihood,supervised_likelihood,supervised_likelihood,supervised_likelihood,same_objective,2,3,1.0
81a93f411799d2581c23,0,supervised_likelihood,supervised_likelihood,supervised_likelihood,supervised_likelihood,same_objective,3,4,1.0
81f8330c3070a54a384f,0,supervised_likelihood,supervised_likelihood,supervised_likelihood,supervised_likelihood,same_objective,0,1,0.2
81f8330c3070a54a384f,1,supervised_likelihood,supervised_likelihood,supervised_likelihood,supervised_likelihood,same_objective,1,2,0.4
81f8330c3070a54a384f,2,supervised_likelihood,supervised_likelihood,supervised_likelihood,supervised_likelihood,same_objective,2,3,0.6
81f8330c3070a54a384f,3,supervised_likelihood,supervised_likelihood,supervised_likelihood,supervised_likelihood,same_objective,3,4,0.8
81f8330c3070a54a384f,4,supervised_likelihood,supervised_likelihood,supervised_likelihood,supervised_likelihood,same_objective,4,5,1.0
8226f786f9bad5f57535,0,supervised_likelihood,preference_optimization,supervised_likelihood,preference_dpo,objective_change,0,1,0.25
8226f786f9bad5f57535,1,preference_optimization,preference_optimization,preference_dpo,preference_dpo,same_objective,1,2,0.5
8226f786f9bad5f57535,2,preference_optimization,supervised_likelihood,preference_dpo,supervised_likelihood,objective_change,2,3,0.75
8226f786f9bad5f57535,3,supervised_likelihood,preference_optimization,supervised_likelihood,preference_dpo,objective_change,3,4,1.0
8230734f01fdbab5c7f2,0,supervised_likelihood,supervised_likelihood,supervised_likelihood,supervised_likelihood,same_objective,0,1,0.2
8230734f01fdbab5c7f2,1,supervised_likelihood,supervised_likelihood,supervised_likelihood,supervised_likelihood,same_objective,1,2,0.4
8230734f01fdbab5c7f2,2,supervised_likelihood,supervised_likelihood,supervised_likelihood,supervised_likelihood,same_objective,2,3,0.6
8230734f01fdbab5c7f2,3,supervised_likelihood,supervised_likelihood,supervised_likelihood,supervised_likelihood,same_objective,3,4,0.8
8230734f01fdbab5c7f2,4,supervised_likelihood,supervised_likelihood,supervised_likelihood,supervised_likelihood,same_objective,4,5,1.0
82cf31468ef6400f9096,0,supervised_likelihood,supervised_likelihood,supervised_likelihood,supervised_likelihood,same_objective,0,1,0.1
82cf31468ef6400f9096,1,supervised_likelihood,supervised_likelihood,supervised_likelihood,supervised_likelihood,same_objective,1,2,0.2
82cf31468ef6400f9096,2,supervised_likelihood,supervised_likelihood,supervised_likelihood,supervised_likelihood,same_objective,2,3,0.3
82cf31468ef6400f9096,3,supervised_likelihood,supervised_likelihood,supervised_likelihood,supervised_likelihood,same_objective,3,4,0.4
82cf31468ef6400f9096,4,supervised_likelihood,supervised_likelihood,supervised_likelihood,supervised_likelihood,same_objective,4,5,0.5
82cf31468ef6400f9096,5,supervised_likelihood,supervised_likelihood,supervised_likelihood,supervised_likelihood,same_objective,5,6,0.6
82cf31468ef6400f9096,6,supervised_likelihood,supervised_likelihood,supervised_likelihood,supervised_likelihood,same_objective,6,7,0.7
82cf31468ef6400f9096,7,supervised_likelihood,supervised_likelihood,supervised_likelihood,supervised_likelihood,same_objective,7,8,0.8
82cf31468ef6400f9096,8,supervised_likelihood,supervised_likelihood,supervised_likelihood,supervised_likelihood,same_objective,8,9,0.9
82cf31468ef6400f9096,9,supervised_likelihood,supervised_likelihood,supervised_likelihood,supervised_likelihood,same_objective,9,10,1.0
8323d3a7ebbaade90755,0,supervised_likelihood,supervised_likelihood,supervised_likelihood,supervised_likelihood,same_objective,0,1,0.3333333333333333
8323d3a7ebbaade90755,1,supervised_likelihood,supervised_likelihood,supervised_likelihood,supervised_likelihood,same_objective,1,2,0.6666666666666666
8323d3a7ebbaade90755,2,supervised_likelihood,supervised_likelihood,supervised_likelihood,supervised_likelihood,same_objective,2,3,1.0
835aeef87456732ee680,0,supervised_likelihood,supervised_likelihood,supervised_likelihood,supervised_likelihood,same_objective,0,1,0.2
835aeef87456732ee680,1,supervised_likelihood,supervised_likelihood,supervised_likelihood,supervised_likelihood,same_objective,1,2,0.4
835aeef87456732ee680,2,supervised_likelihood,supervised_likelihood,supervised_likelihood,supervised_likelihood,same_objective,2,3,0.6
835aeef87456732ee680,3,supervised_likelihood,supervised_likelihood,supervised_likelihood,supervised_likelihood,same_objective,3,4,0.8
835aeef87456732ee680,4,supervised_likelihood,supervised_likelihood,supervised_likelihood,supervised_likelihood,same_objective,4,5,1.0
844100b83f388de20817,0,supervised_likelihood,supervised_likelihood,supervised_likelihood,supervised_likelihood,same_objective,0,1,0.16666666666666666
844100b83f388de20817,1,supervised_likelihood,supervised_likelihood,supervised_likelihood,supervised_likelihood,same_objective,1,2,0.3333333333333333
844100b83f388de20817,2,supervised_likelihood,supervised_likelihood,supervised_likelihood,supervised_likelihood,same_objective,2,3,0.5
844100b83f388de20817,3,supervised_likelihood,supervised_likelihood,supervised_likelihood,supervised_likelihood,same_objective,3,4,0.6666666666666666
844100b83f388de20817,4,supervised_likelihood,supervised_likelihood,supervised_likelihood,supervised_likelihood,same_objective,4,5,0.8333333333333334
844100b83f388de20817,5,supervised_likelihood,supervised_likelihood,supervised_likelihood,supervised_likelihood,same_objective,5,6,1.0
84683fea3dcb1ebcb89a,0,supervised_likelihood,supervised_likelihood,supervised_likelihood,supervised_likelihood,same_objective,0,1,0.2
84683fea3dcb1ebcb89a,1,supervised_likelihood,supervised_likelihood,supervised_likelihood,supervised_likelihood,same_objective,1,2,0.4
84683fea3dcb1ebcb89a,2,supervised_likelihood,supervised_likelihood,supervised_likelihood,supervised_likelihood,same_objective,2,3,0.6
84683fea3dcb1ebcb89a,3,supervised_likelihood,supervised_likelihood,supervised_likelihood,supervised_likelihood,same_objective,3,4,0.8
84683fea3dcb1ebcb89a,4,supervised_likelihood,supervised_likelihood,supervised_likelihood,supervised_likelihood,same_objective,4,5,1.0
84d6207c8395202d818d,0,supervised_likelihood,supervised_likelihood,supervised_likelihood,supervised_likelihood,same_objective,0,1,0.16666666666666666
84d6207c8395202d818d,1,supervised_likelihood,supervised_likelihood,supervised_likelihood,supervised_likelihood,same_objective,1,2,0.3333333333333333
84d6207c8395202d818d,2,supervised_likelihood,supervised_likelihood,supervised_likelihood,supervised_likelihood,same_objective,2,3,0.5
84d6207c8395202d818d,3,supervised_likelihood,supervised_likelihood,supervised_likelihood,supervised_likelihood,same_objective,3,4,0.6666666666666666
84d6207c8395202d818d,4,supervised_likelihood,supervised_likelihood,supervised_likelihood,supervised_likelihood,same_objective,4,5,0.8333333333333334
84d6207c8395202d818d,5,supervised_likelihood,supervised_likelihood,supervised_likelihood,supervised_likelihood,same_objective,5,6,1.0
851e5afc72102dd75f07,0,supervised_likelihood,supervised_likelihood,supervised_likelihood,supervised_likelihood,same_objective,0,1,0.2
851e5afc72102dd75f07,1,supervised_likelihood,supervised_likelihood,supervised_likelihood,supervised_likelihood,same_objective,1,2,0.4
851e5afc72102dd75f07,2,supervised_likelihood,supervised_likelihood,supervised_likelihood,supervised_likelihood,same_objective,2,3,0.6
851e5afc72102dd75f07,3,supervised_likelihood,supervised_likelihood,supervised_likelihood,supervised_likelihood,same_objective,3,4,0.8
851e5afc72102dd75f07,4,supervised_likelihood,supervised_likelihood,supervised_likelihood,supervised_likelihood,same_objective,4,5,1.0
860ceacdf1c5761bc063,0,supervised_likelihood,supervised_likelihood,supervised_likelihood,supervised_likelihood,same_objective,0,1,0.1
860ceacdf1c5761bc063,1,supervised_likelihood,supervised_likelihood,supervised_likelihood,supervised_likelihood,same_objective,1,2,0.2
860ceacdf1c5761bc063,2,supervised_likelihood,reward_optimization,supervised_likelihood,reward_grpo,objective_change,2,3,0.3
860ceacdf1c5761bc063,3,reward_optimization,reward_optimization,reward_grpo,reward_grpo,same_objective,3,4,0.4
860ceacdf1c5761bc063,4,reward_optimization,reward_optimization,reward_grpo,reward_grpo,same_objective,4,5,0.5
860ceacdf1c5761bc063,5,reward_optimization,reward_optimization,reward_grpo,reward_grpo,same_objective,5,6,0.6
860ceacdf1c5761bc063,6,reward_optimization,reward_optimization,reward_grpo,reward_grpo,same_objective,6,7,0.7
860ceacdf1c5761bc063,7,reward_optimization,supervised_likelihood,reward_grpo,supervised_likelihood,objective_change,7,8,0.8
860ceacdf1c5761bc063,8,supervised_likelihood,reward_optimization,supervised_likelihood,reward_grpo,objective_change,8,9,0.9
860ceacdf1c5761bc063,9,reward_optimization,supervised_likelihood,reward_grpo,supervised_likelihood,objective_change,9,10,1.0
868045e6ad608dfa17d5,0,supervised_likelihood,supervised_likelihood,supervised_likelihood,supervised_likelihood,same_objective,0,1,1.0
86af2c618e4a9f379bee,0,supervised_likelihood,supervised_likelihood,supervised_likelihood,supervised_likelihood,same_objective,0,1,0.2
86af2c618e4a9f379bee,1,supervised_likelihood,supervised_likelihood,supervised_likelihood,supervised_likelihood,same_objective,1,2,0.4
86af2c618e4a9f379bee,2,supervised_likelihood,supervised_likelihood,supervised_likelihood,supervised_likelihood,same_objective,2,3,0.6
86af2c618e4a9f379bee,3,supervised_likelihood,supervised_likelihood,supervised_likelihood,supervised_likelihood,same_objective,3,4,0.8
86af2c618e4a9f379bee,4,supervised_likelihood,supervised_likelihood,supervised_likelihood,supervised_likelihood,same_objective,4,5,1.0
86b9a260ab501f0fb16b,0,supervised_likelihood,supervised_likelihood,supervised_likelihood,supervised_likelihood,same_objective,0,1,0.25
86b9a260ab501f0fb16b,1,supervised_likelihood,supervised_likelihood,supervised_likelihood,supervised_likelihood,same_objective,1,2,0.5
86b9a260ab501f0fb16b,2,supervised_likelihood,supervised_likelihood,supervised_likelihood,supervised_likelihood,same_objective,2,3,0.75
86b9a260ab501f0fb16b,3,supervised_likelihood,supervised_likelihood,supervised_likelihood,supervised_likelihood,same_objective,3,4,1.0
86fc7c693a8377aaed60,0,supervised_likelihood,supervised_likelihood,supervised_likelihood,supervised_likelihood,same_objective,0,1,0.5
86fc7c693a8377aaed60,1,supervised_likelihood,supervised_likelihood,supervised_likelihood,supervised_likelihood,same_objective,1,2,1.0
8773b637718f31a3ea38,0,supervised_likelihood,supervised_likelihood,supervised_likelihood,supervised_likelihood,same_objective,0,1,0.2
8773b637718f31a3ea38,1,supervised_likelihood,supervised_likelihood,supervised_likelihood,supervised_likelihood,same_objective,1,2,0.4
8773b637718f31a3ea38,2,supervised_likelihood,supervised_likelihood,supervised_likelihood,supervised_likelihood,same_objective,2,3,0.6
8773b637718f31a3ea38,3,supervised_likelihood,supervised_likelihood,supervised_likelihood,supervised_likelihood,same_objective,3,4,0.8
8773b637718f31a3ea38,4,supervised_likelihood,supervised_likelihood,supervised_likelihood,supervised_likelihood,same_objective,4,5,1.0
87a4ec9bcfcbdd098187,0,supervised_likelihood,supervised_likelihood,supervised_likelihood,supervised_likelihood,same_objective,0,1,0.14285714285714285
87a4ec9bcfcbdd098187,1,supervised_likelihood,supervised_likelihood,supervised_likelihood,supervised_likelihood,same_objective,1,2,0.2857142857142857
87a4ec9bcfcbdd098187,2,supervised_likelihood,supervised_likelihood,supervised_likelihood,supervised_likelihood,same_objective,2,3,0.42857142857142855
87a4ec9bcfcbdd098187,3,reward_optimization,reward_optimization,reward_grpo,reward_grpo,same_objective,5,6,0.8571428571428571
87ab5ddd74d8e71bbd8c,0,supervised_likelihood,supervised_likelihood,supervised_likelihood,supervised_likelihood,same_objective,0,1,0.5
87ab5ddd74d8e71bbd8c,1,supervised_likelihood,supervised_likelihood,supervised_likelihood,supervised_likelihood,same_objective,1,2,1.0
87ebc5211b0f8d8712e9,0,supervised_likelihood,supervised_likelihood,supervised_likelihood,supervised_likelihood,same_objective,0,1,0.16666666666666666
87ebc5211b0f8d8712e9,1,supervised_likelihood,supervised_likelihood,supervised_likelihood,supervised_likelihood,same_objective,1,2,0.3333333333333333
88753986209a5605b69a,0,supervised_likelihood,supervised_likelihood,supervised_likelihood,supervised_likelihood,same_objective,0,1,0.25
88753986209a5605b69a,1,supervised_likelihood,supervised_likelihood,supervised_likelihood,supervised_likelihood,same_objective,1,2,0.5
88753986209a5605b69a,2,supervised_likelihood,supervised_likelihood,supervised_likelihood,supervised_likelihood,same_objective,2,3,0.75
88753986209a5605b69a,3,supervised_likelihood,supervised_likelihood,supervised_likelihood,supervised_likelihood,same_objective,3,4,1.0
8888790438c367f6c481,0,supervised_likelihood,supervised_likelihood,supervised_likelihood,supervised_likelihood,same_objective,0,1,0.2
8888790438c367f6c481,1,supervised_likelihood,supervised_likelihood,supervised_likelihood,supervised_likelihood,same_objective,1,2,0.4
8888790438c367f6c481,2,supervised_likelihood,supervised_likelihood,supervised_likelihood,supervised_likelihood,same_objective,2,3,0.6
8888790438c367f6c481,3,supervised_likelihood,supervised_likelihood,supervised_likelihood,supervised_likelihood,same_objective,3,4,0.8
8888790438c367f6c481,4,supervised_likelihood,supervised_likelihood,supervised_likelihood,supervised_likelihood,same_objective,4,5,1.0
88dde2502981c8747ab5,0,supervised_likelihood,supervised_likelihood,supervised_likelihood,supervised_likelihood,same_objective,0,1,0.16666666666666666
88dde2502981c8747ab5,1,supervised_likelihood,supervised_likelihood,supervised_likelihood,supervised_likelihood,same_objective,1,2,0.3333333333333333
88dde2502981c8747ab5,2,supervised_likelihood,supervised_likelihood,supervised_likelihood,supervised_likelihood,same_objective,2,3,0.5
88dde2502981c8747ab5,3,supervised_likelihood,supervised_likelihood,supervised_likelihood,supervised_likelihood,same_objective,3,4,0.6666666666666666
88dde2502981c8747ab5,4,supervised_likelihood,supervised_likelihood,supervised_likelihood,supervised_likelihood,same_objective,4,5,0.8333333333333334
88dde2502981c8747ab5,5,supervised_likelihood,supervised_likelihood,supervised_likelihood,supervised_likelihood,same_objective,5,6,1.0
8910f1cf94315028268e,0,supervised_likelihood,supervised_likelihood,supervised_likelihood,supervised_likelihood,same_objective,0,1,0.16666666666666666
8910f1cf94315028268e,1,supervised_likelihood,supervised_likelihood,supervised_likelihood,supervised_likelihood,same_objective,1,2,0.3333333333333333
8910f1cf94315028268e,2,supervised_likelihood,supervised_likelihood,supervised_likelihood,supervised_likelihood,same_objective,2,3,0.5
8910f1cf94315028268e,3,supervised_likelihood,supervised_likelihood,supervised_likelihood,supervised_likelihood,same_objective,3,4,0.6666666666666666
8910f1cf94315028268e,4,supervised_likelihood,supervised_likelihood,supervised_likelihood,supervised_likelihood,same_objective,4,5,0.8333333333333334
8910f1cf94315028268e,5,supervised_likelihood,supervised_likelihood,supervised_likelihood,supervised_likelihood,same_objective,5,6,1.0
89659be7f16a5b02168d,0,supervised_likelihood,supervised_likelihood,supervised_likelihood,supervised_likelihood,same_objective,0,1,0.125
89659be7f16a5b02168d,1,supervised_likelihood,supervised_likelihood,supervised_likelihood,supervised_likelihood,same_objective,1,2,0.25
89659be7f16a5b02168d,2,supervised_likelihood,supervised_likelihood,supervised_likelihood,supervised_likelihood,same_objective,2,3,0.375
89659be7f16a5b02168d,3,supervised_likelihood,supervised_likelihood,supervised_likelihood,supervised_likelihood,same_objective,3,4,0.5
89659be7f16a5b02168d,4,supervised_likelihood,supervised_likelihood,supervised_likelihood,supervised_likelihood,same_objective,4,5,0.625
89659be7f16a5b02168d,5,supervised_likelihood,supervised_likelihood,supervised_likelihood,supervised_likelihood,same_objective,5,6,0.75
89659be7f16a5b02168d,6,supervised_likelihood,supervised_likelihood,supervised_likelihood,supervised_likelihood,same_objective,6,7,0.875
89659be7f16a5b02168d,7,supervised_likelihood,supervised_likelihood,supervised_likelihood,supervised_likelihood,same_objective,7,8,1.0
898bc23263663afd9c1d,0,supervised_likelihood,supervised_likelihood,supervised_likelihood,supervised_likelihood,same_objective,0,1,0.3333333333333333
898bc23263663afd9c1d,1,supervised_likelihood,supervised_likelihood,supervised_likelihood,supervised_likelihood,same_objective,1,2,0.6666666666666666
898bc23263663afd9c1d,2,supervised_likelihood,supervised_likelihood,supervised_likelihood,supervised_likelihood,same_objective,2,3,1.0
89ab4cc55ee0acfc839b,0,supervised_likelihood,supervised_likelihood,supervised_likelihood,supervised_likelihood,same_objective,0,1,0.3333333333333333
89ab4cc55ee0acfc839b,1,supervised_likelihood,supervised_likelihood,supervised_likelihood,supervised_likelihood,same_objective,1,2,0.6666666666666666
89ab4cc55ee0acfc839b,2,supervised_likelihood,supervised_likelihood,supervised_likelihood,supervised_likelihood,same_objective,2,3,1.0
89b4db30e3db071ac4b2,0,supervised_likelihood,supervised_likelihood,supervised_likelihood,supervised_likelihood,same_objective,0,1,0.5
89b4db30e3db071ac4b2,1,supervised_likelihood,supervised_likelihood,supervised_likelihood,supervised_likelihood,same_objective,1,2,1.0
8a4751f3ec29a32cdf90,0,supervised_likelihood,supervised_likelihood,supervised_likelihood,supervised_likelihood,same_objective,0,1,0.5
8a4751f3ec29a32cdf90,1,supervised_likelihood,supervised_likelihood,supervised_likelihood,supervised_likelihood,same_objective,1,2,1.0
8ae0b21182ad29eb5478,0,supervised_likelihood,supervised_likelihood,supervised_likelihood,supervised_likelihood,same_objective,0,1,0.5
8ae0b21182ad29eb5478,1,supervised_likelihood,supervised_likelihood,supervised_likelihood,supervised_likelihood,same_objective,1,2,1.0
8c48398cc3aa84cc6a05,0,supervised_likelihood,supervised_likelihood,supervised_likelihood,supervised_likelihood,same_objective,0,1,0.2
8c48398cc3aa84cc6a05,1,supervised_likelihood,supervised_likelihood,supervised_likelihood,supervised_likelihood,same_objective,1,2,0.4
8c48398cc3aa84cc6a05,2,supervised_likelihood,supervised_likelihood,supervised_likelihood,supervised_likelihood,same_objective,2,3,0.6
8c48398cc3aa84cc6a05,3,supervised_likelihood,supervised_likelihood,supervised_likelihood,supervised_likelihood,same_objective,3,4,0.8
8c48398cc3aa84cc6a05,4,supervised_likelihood,supervised_likelihood,supervised_likelihood,supervised_likelihood,same_objective,4,5,1.0
8c4cb1bcdc15c825d251,0,supervised_likelihood,supervised_likelihood,supervised_likelihood,supervised_likelihood,same_objective,0,1,0.16666666666666666
8c4cb1bcdc15c825d251,1,supervised_likelihood,supervised_likelihood,supervised_likelihood,supervised_likelihood,same_objective,1,2,0.3333333333333333
8c4cb1bcdc15c825d251,2,supervised_likelihood,supervised_likelihood,supervised_likelihood,supervised_likelihood,same_objective,2,3,0.5
8c4cb1bcdc15c825d251,3,supervised_likelihood,supervised_likelihood,supervised_likelihood,supervised_likelihood,same_objective,3,4,0.6666666666666666
8c4cb1bcdc15c825d251,4,supervised_likelihood,supervised_likelihood,supervised_likelihood,supervised_likelihood,same_objective,4,5,0.8333333333333334
8c4cb1bcdc15c825d251,5,supervised_likelihood,supervised_likelihood,supervised_likelihood,supervised_likelihood,same_objective,5,6,1.0
8c9912606eb45eaa43ad,0,supervised_likelihood,supervised_likelihood,supervised_likelihood,supervised_likelihood,same_objective,0,1,0.14285714285714285
8c9912606eb45eaa43ad,1,supervised_likelihood,supervised_likelihood,supervised_likelihood,supervised_likelihood,same_objective,1,2,0.2857142857142857
8c9912606eb45eaa43ad,2,supervised_likelihood,supervised_likelihood,supervised_likelihood,supervised_likelihood,same_objective,2,3,0.42857142857142855
8c9912606eb45eaa43ad,3,supervised_likelihood,supervised_likelihood,supervised_likelihood,supervised_likelihood,same_objective,3,4,0.5714285714285714
8c9912606eb45eaa43ad,4,supervised_likelihood,supervised_likelihood,supervised_likelihood,supervised_likelihood,same_objective,4,5,0.7142857142857143
8c9912606eb45eaa43ad,5,supervised_likelihood,supervised_likelihood,supervised_likelihood,supervised_likelihood,same_objective,5,6,0.8571428571428571
8c9912606eb45eaa43ad,6,supervised_likelihood,supervised_likelihood,supervised_likelihood,supervised_likelihood,same_objective,6,7,1.0
8d0834c410f5de0b6430,0,supervised_likelihood,supervised_likelihood,supervised_likelihood,supervised_likelihood,same_objective,0,1,0.16666666666666666
8d0834c410f5de0b6430,1,supervised_likelihood,supervised_likelihood,supervised_likelihood,supervised_likelihood,same_objective,1,2,0.3333333333333333
8d0834c410f5de0b6430,2,supervised_likelihood,supervised_likelihood,supervised_likelihood,supervised_likelihood,same_objective,2,3,0.5
8d0834c410f5de0b6430,3,supervised_likelihood,supervised_likelihood,supervised_likelihood,supervised_likelihood,same_objective,3,4,0.6666666666666666
8d0834c410f5de0b6430,4,supervised_likelihood,supervised_likelihood,supervised_likelihood,supervised_likelihood,same_objective,4,5,0.8333333333333334
8d0834c410f5de0b6430,5,supervised_likelihood,supervised_likelihood,supervised_likelihood,supervised_likelihood,same_objective,5,6,1.0
8d39109a608c09102685,0,supervised_likelihood,supervised_likelihood,supervised_likelihood,supervised_likelihood,same_objective,0,1,0.2
8d39109a608c09102685,1,supervised_likelihood,supervised_likelihood,supervised_likelihood,supervised_likelihood,same_objective,1,2,0.4
8d39109a608c09102685,2,supervised_likelihood,supervised_likelihood,supervised_likelihood,supervised_likelihood,same_objective,2,3,0.6
8d39109a608c09102685,3,supervised_likelihood,supervised_likelihood,supervised_likelihood,supervised_likelihood,same_objective,3,4,0.8
8d39109a608c09102685,4,supervised_likelihood,supervised_likelihood,supervised_likelihood,supervised_likelihood,same_objective,4,5,1.0
8d7c5da67a3fcf71813f,0,supervised_likelihood,supervised_likelihood,supervised_likelihood,supervised_likelihood,same_objective,0,1,0.16666666666666666
8d7c5da67a3fcf71813f,1,supervised_likelihood,supervised_likelihood,supervised_likelihood,supervised_likelihood,same_objective,1,2,0.3333333333333333
8d7c5da67a3fcf71813f,2,supervised_likelihood,supervised_likelihood,supervised_likelihood,supervised_likelihood,same_objective,2,3,0.5
8d7c5da67a3fcf71813f,3,supervised_likelihood,supervised_likelihood,supervised_likelihood,supervised_likelihood,same_objective,3,4,0.6666666666666666
8d7c5da67a3fcf71813f,4,supervised_likelihood,supervised_likelihood,supervised_likelihood,supervised_likelihood,same_objective,4,5,0.8333333333333334
8d7c5da67a3fcf71813f,5,supervised_likelihood,supervised_likelihood,supervised_likelihood,supervised_likelihood,same_objective,5,6,1.0
8db010365ea0ab1d4693,0,supervised_likelihood,supervised_likelihood,supervised_likelihood,supervised_likelihood,same_objective,0,1,0.14285714285714285
8db010365ea0ab1d4693,1,supervised_likelihood,supervised_likelihood,supervised_likelihood,supervised_likelihood,same_objective,1,2,0.2857142857142857
8db010365ea0ab1d4693,2,supervised_likelihood,supervised_likelihood,supervised_likelihood,supervised_likelihood,same_objective,2,3,0.42857142857142855
8db010365ea0ab1d4693,3,supervised_likelihood,supervised_likelihood,supervised_likelihood,supervised_likelihood,same_objective,3,4,0.5714285714285714
8db010365ea0ab1d4693,4,supervised_likelihood,supervised_likelihood,supervised_likelihood,supervised_likelihood,same_objective,4,5,0.7142857142857143
8db010365ea0ab1d4693,5,supervised_likelihood,supervised_likelihood,supervised_likelihood,supervised_likelihood,same_objective,5,6,0.8571428571428571
8db010365ea0ab1d4693,6,supervised_likelihood,supervised_likelihood,supervised_likelihood,supervised_likelihood,same_objective,6,7,1.0
8dcaa5fe04ed1713a403,0,supervised_likelihood,supervised_likelihood,supervised_likelihood,supervised_likelihood,same_objective,0,1,0.2
8dcaa5fe04ed1713a403,1,supervised_likelihood,supervised_likelihood,supervised_likelihood,supervised_likelihood,same_objective,1,2,0.4
8dcaa5fe04ed1713a403,2,supervised_likelihood,supervised_likelihood,supervised_likelihood,supervised_likelihood,same_objective,2,3,0.6
8dcaa5fe04ed1713a403,3,supervised_likelihood,supervised_likelihood,supervised_likelihood,supervised_likelihood,same_objective,3,4,0.8
8dcaa5fe04ed1713a403,4,supervised_likelihood,supervised_likelihood,supervised_likelihood,supervised_likelihood,same_objective,4,5,1.0
8de813c0c1f3defb4817,0,supervised_likelihood,supervised_likelihood,supervised_likelihood,supervised_likelihood,same_objective,0,1,0.14285714285714285
8de813c0c1f3defb4817,1,supervised_likelihood,supervised_likelihood,supervised_likelihood,supervised_likelihood,same_objective,1,2,0.2857142857142857
8de813c0c1f3defb4817,2,supervised_likelihood,supervised_likelihood,supervised_likelihood,supervised_likelihood,same_objective,2,3,0.42857142857142855
8de813c0c1f3defb4817,3,supervised_likelihood,supervised_likelihood,supervised_likelihood,supervised_likelihood,same_objective,3,4,0.5714285714285714
8de813c0c1f3defb4817,4,supervised_likelihood,supervised_likelihood,supervised_likelihood,supervised_likelihood,same_objective,4,5,0.7142857142857143
8de813c0c1f3defb4817,5,supervised_likelihood,supervised_likelihood,supervised_likelihood,supervised_likelihood,same_objective,5,6,0.8571428571428571
8de813c0c1f3defb4817,6,supervised_likelihood,supervised_likelihood,supervised_likelihood,supervised_likelihood,same_objective,6,7,1.0
8e27ac7bd1dcd2268e75,0,supervised_likelihood,supervised_likelihood,supervised_likelihood,supervised_likelihood,same_objective,0,1,1.0
8e37b0dc5a2fd06f65d8,0,supervised_likelihood,supervised_likelihood,supervised_likelihood,supervised_likelihood,same_objective,0,1,0.1111111111111111
8e37b0dc5a2fd06f65d8,1,supervised_likelihood,supervised_likelihood,supervised_likelihood,supervised_likelihood,same_objective,1,2,0.2222222222222222
8e37b0dc5a2fd06f65d8,2,supervised_likelihood,supervised_likelihood,supervised_likelihood,supervised_likelihood,same_objective,2,3,0.3333333333333333
8e37b0dc5a2fd06f65d8,3,supervised_likelihood,supervised_likelihood,supervised_likelihood,supervised_likelihood,same_objective,3,4,0.4444444444444444
8e37b0dc5a2fd06f65d8,4,supervised_likelihood,supervised_likelihood,supervised_likelihood,supervised_likelihood,same_objective,4,5,0.5555555555555556
8e37b0dc5a2fd06f65d8,5,supervised_likelihood,supervised_likelihood,supervised_likelihood,supervised_likelihood,same_objective,5,6,0.6666666666666666
8e37b0dc5a2fd06f65d8,6,supervised_likelihood,supervised_likelihood,supervised_likelihood,supervised_likelihood,same_objective,6,7,0.7777777777777778
8e37b0dc5a2fd06f65d8,7,supervised_likelihood,supervised_likelihood,supervised_likelihood,supervised_likelihood,same_objective,7,8,0.8888888888888888
8e37b0dc5a2fd06f65d8,8,supervised_likelihood,supervised_likelihood,supervised_likelihood,supervised_likelihood,same_objective,8,9,1.0
8ec271ed5fcfc61bbfa8,0,supervised_likelihood,supervised_likelihood,supervised_likelihood,supervised_likelihood,same_objective,0,1,0.25
8ec271ed5fcfc61bbfa8,1,supervised_likelihood,supervised_likelihood,supervised_likelihood,supervised_likelihood,same_objective,1,2,0.5
8ec271ed5fcfc61bbfa8,2,supervised_likelihood,supervised_likelihood,supervised_likelihood,supervised_likelihood,same_objective,2,3,0.75
8ec271ed5fcfc61bbfa8,3,supervised_likelihood,supervised_likelihood,supervised_likelihood,supervised_likelihood,same_objective,3,4,1.0
8ecd2ac65a8c23420f9d,0,supervised_likelihood,supervised_likelihood,supervised_likelihood,supervised_likelihood,same_objective,0,1,0.16666666666666666
8ecd2ac65a8c23420f9d,1,supervised_likelihood,supervised_likelihood,supervised_likelihood,supervised_likelihood,same_objective,1,2,0.3333333333333333
8ecd2ac65a8c23420f9d,2,supervised_likelihood,supervised_likelihood,supervised_likelihood,supervised_likelihood,same_objective,2,3,0.5
8ecd2ac65a8c23420f9d,3,supervised_likelihood,supervised_likelihood,supervised_likelihood,supervised_likelihood,same_objective,3,4,0.6666666666666666
8ecd2ac65a8c23420f9d,4,supervised_likelihood,supervised_likelihood,supervised_likelihood,supervised_likelihood,same_objective,4,5,0.8333333333333334
8ecd2ac65a8c23420f9d,5,supervised_likelihood,supervised_likelihood,supervised_likelihood,supervised_likelihood,same_objective,5,6,1.0
8f3e0247d92004c5a800,0,supervised_likelihood,supervised_likelihood,supervised_likelihood,supervised_likelihood,same_objective,0,1,0.25
8f3e0247d92004c5a800,1,supervised_likelihood,supervised_likelihood,supervised_likelihood,supervised_likelihood,same_objective,1,2,0.5
8f3e0247d92004c5a800,2,supervised_likelihood,supervised_likelihood,supervised_likelihood,supervised_likelihood,same_objective,2,3,0.75
8f3e0247d92004c5a800,3,supervised_likelihood,supervised_likelihood,supervised_likelihood,supervised_likelihood,same_objective,3,4,1.0
8f8526f1f2e491164837,0,supervised_likelihood,supervised_likelihood,supervised_likelihood,supervised_likelihood,same_objective,0,1,0.1
8f8526f1f2e491164837,1,supervised_likelihood,supervised_likelihood,supervised_likelihood,supervised_likelihood,same_objective,1,2,0.2
8f8526f1f2e491164837,2,supervised_likelihood,supervised_likelihood,supervised_likelihood,supervised_likelihood,same_objective,2,3,0.3
8f8526f1f2e491164837,3,supervised_likelihood,supervised_likelihood,supervised_likelihood,supervised_likelihood,same_objective,3,4,0.4
8f8526f1f2e491164837,4,supervised_likelihood,supervised_likelihood,supervised_likelihood,supervised_likelihood,same_objective,4,5,0.5
8f8526f1f2e491164837,5,supervised_likelihood,supervised_likelihood,supervised_likelihood,supervised_likelihood,same_objective,5,6,0.6
8f8526f1f2e491164837,6,supervised_likelihood,supervised_likelihood,supervised_likelihood,supervised_likelihood,same_objective,6,7,0.7
8f8526f1f2e491164837,7,supervised_likelihood,supervised_likelihood,supervised_likelihood,supervised_likelihood,same_objective,7,8,0.8
8f8526f1f2e491164837,8,supervised_likelihood,supervised_likelihood,supervised_likelihood,supervised_likelihood,same_objective,8,9,0.9
8f8526f1f2e491164837,9,supervised_likelihood,supervised_likelihood,supervised_likelihood,supervised_likelihood,same_objective,9,10,1.0
8f9831c7ff88d221992e,0,supervised_likelihood,supervised_likelihood,supervised_likelihood,supervised_likelihood,same_objective,0,1,1.0
902b27c31c84ed1bde14,0,supervised_likelihood,supervised_likelihood,supervised_likelihood,supervised_likelihood,same_objective,0,1,0.25
902b27c31c84ed1bde14,1,supervised_likelihood,supervised_likelihood,supervised_likelihood,supervised_likelihood,same_objective,1,2,0.5
902b27c31c84ed1bde14,2,supervised_likelihood,supervised_likelihood,supervised_likelihood,supervised_likelihood,same_objective,2,3,0.75
902b27c31c84ed1bde14,3,supervised_likelihood,supervised_likelihood,supervised_likelihood,supervised_likelihood,same_objective,3,4,1.0
90741c8d08d9749137da,0,supervised_likelihood,supervised_likelihood,supervised_likelihood,supervised_likelihood,same_objective,0,1,0.14285714285714285
90741c8d08d9749137da,1,supervised_likelihood,supervised_likelihood,supervised_likelihood,supervised_likelihood,same_objective,1,2,0.2857142857142857
90741c8d08d9749137da,2,supervised_likelihood,supervised_likelihood,supervised_likelihood,supervised_likelihood,same_objective,2,3,0.42857142857142855
90741c8d08d9749137da,3,supervised_likelihood,supervised_likelihood,supervised_likelihood,supervised_likelihood,same_objective,3,4,0.5714285714285714
90741c8d08d9749137da,4,supervised_likelihood,supervised_likelihood,supervised_likelihood,supervised_likelihood,same_objective,4,5,0.7142857142857143
90741c8d08d9749137da,5,supervised_likelihood,supervised_likelihood,supervised_likelihood,supervised_likelihood,same_objective,5,6,0.8571428571428571
90741c8d08d9749137da,6,supervised_likelihood,supervised_likelihood,supervised_likelihood,supervised_likelihood,same_objective,6,7,1.0
909d1ec782a112dab8b1,0,supervised_likelihood,supervised_likelihood,supervised_likelihood,supervised_likelihood,same_objective,0,1,0.14285714285714285
909d1ec782a112dab8b1,1,supervised_likelihood,supervised_likelihood,supervised_likelihood,supervised_likelihood,same_objective,1,2,0.2857142857142857
909d1ec782a112dab8b1,2,supervised_likelihood,supervised_likelihood,supervised_likelihood,supervised_likelihood,same_objective,2,3,0.42857142857142855
909d1ec782a112dab8b1,3,supervised_likelihood,supervised_likelihood,supervised_likelihood,supervised_likelihood,same_objective,3,4,0.5714285714285714
909d1ec782a112dab8b1,4,supervised_likelihood,supervised_likelihood,supervised_likelihood,supervised_likelihood,same_objective,4,5,0.7142857142857143
909d1ec782a112dab8b1,5,supervised_likelihood,supervised_likelihood,supervised_likelihood,supervised_likelihood,same_objective,5,6,0.8571428571428571
909d1ec782a112dab8b1,6,supervised_likelihood,supervised_likelihood,supervised_likelihood,supervised_likelihood,same_objective,6,7,1.0
90ba14ad7ce5dbe4f9ea,0,supervised_likelihood,supervised_likelihood,supervised_likelihood,supervised_likelihood,same_objective,0,1,0.25
90ba14ad7ce5dbe4f9ea,1,supervised_likelihood,supervised_likelihood,supervised_likelihood,supervised_likelihood,same_objective,1,2,0.5
90ba14ad7ce5dbe4f9ea,2,supervised_likelihood,supervised_likelihood,supervised_likelihood,supervised_likelihood,same_objective,2,3,0.75
90ba14ad7ce5dbe4f9ea,3,supervised_likelihood,supervised_likelihood,supervised_likelihood,supervised_likelihood,same_objective,3,4,1.0
913ba30e0d2698ddc304,0,supervised_likelihood,supervised_likelihood,supervised_likelihood,supervised_likelihood,same_objective,0,1,0.16666666666666666
913ba30e0d2698ddc304,1,supervised_likelihood,supervised_likelihood,supervised_likelihood,supervised_likelihood,same_objective,1,2,0.3333333333333333
913ba30e0d2698ddc304,2,supervised_likelihood,supervised_likelihood,supervised_likelihood,supervised_likelihood,same_objective,2,3,0.5
913ba30e0d2698ddc304,3,supervised_likelihood,supervised_likelihood,supervised_likelihood,supervised_likelihood,same_objective,3,4,0.6666666666666666
913ba30e0d2698ddc304,4,supervised_likelihood,supervised_likelihood,supervised_likelihood,supervised_likelihood,same_objective,4,5,0.8333333333333334
913ba30e0d2698ddc304,5,supervised_likelihood,supervised_likelihood,supervised_likelihood,supervised_likelihood,same_objective,5,6,1.0
9142b2d330bdd382c5fb,0,supervised_likelihood,supervised_likelihood,supervised_likelihood,supervised_likelihood,same_objective,0,1,0.2
9142b2d330bdd382c5fb,1,supervised_likelihood,supervised_likelihood,supervised_likelihood,supervised_likelihood,same_objective,1,2,0.4
9142b2d330bdd382c5fb,2,supervised_likelihood,supervised_likelihood,supervised_likelihood,supervised_likelihood,same_objective,2,3,0.6
9142b2d330bdd382c5fb,3,supervised_likelihood,supervised_likelihood,supervised_likelihood,supervised_likelihood,same_objective,3,4,0.8
9142b2d330bdd382c5fb,4,supervised_likelihood,supervised_likelihood,supervised_likelihood,supervised_likelihood,same_objective,4,5,1.0
927e5f00feb167549167,0,supervised_likelihood,supervised_likelihood,supervised_likelihood,supervised_likelihood,same_objective,0,1,0.25
927e5f00feb167549167,1,supervised_likelihood,supervised_likelihood,supervised_likelihood,supervised_likelihood,same_objective,1,2,0.5
927e5f00feb167549167,2,supervised_likelihood,supervised_likelihood,supervised_likelihood,supervised_likelihood,same_objective,2,3,0.75
927e5f00feb167549167,3,supervised_likelihood,supervised_likelihood,supervised_likelihood,supervised_likelihood,same_objective,3,4,1.0
92a925e234a6eeea26f8,0,supervised_likelihood,supervised_likelihood,supervised_likelihood,supervised_likelihood,same_objective,0,1,0.25
92a925e234a6eeea26f8,1,supervised_likelihood,supervised_likelihood,supervised_likelihood,supervised_likelihood,same_objective,1,2,0.5
92a925e234a6eeea26f8,2,supervised_likelihood,supervised_likelihood,supervised_likelihood,supervised_likelihood,same_objective,2,3,0.75
92a925e234a6eeea26f8,3,supervised_likelihood,supervised_likelihood,supervised_likelihood,supervised_likelihood,same_objective,3,4,1.0
92ac8545c70cb1bb8df4,0,supervised_likelihood,supervised_likelihood,supervised_likelihood,supervised_likelihood,same_objective,0,1,0.5
92ac8545c70cb1bb8df4,1,supervised_likelihood,supervised_likelihood,supervised_likelihood,supervised_likelihood,same_objective,1,2,1.0
92c16e8eba92996ceca2,0,supervised_likelihood,supervised_likelihood,supervised_likelihood,supervised_likelihood,same_objective,0,1,0.14285714285714285
92c16e8eba92996ceca2,1,supervised_likelihood,supervised_likelihood,supervised_likelihood,supervised_likelihood,same_objective,1,2,0.2857142857142857
92c16e8eba92996ceca2,2,supervised_likelihood,supervised_likelihood,supervised_likelihood,supervised_likelihood,same_objective,2,3,0.42857142857142855
92c16e8eba92996ceca2,3,supervised_likelihood,supervised_likelihood,supervised_likelihood,supervised_likelihood,same_objective,3,4,0.5714285714285714
92c16e8eba92996ceca2,4,supervised_likelihood,supervised_likelihood,supervised_likelihood,supervised_likelihood,same_objective,4,5,0.7142857142857143
92c16e8eba92996ceca2,5,supervised_likelihood,supervised_likelihood,supervised_likelihood,supervised_likelihood,same_objective,5,6,0.8571428571428571
92c16e8eba92996ceca2,6,supervised_likelihood,supervised_likelihood,supervised_likelihood,supervised_likelihood,same_objective,6,7,1.0
93cca4acbfbbde85d909,0,supervised_likelihood,supervised_likelihood,supervised_likelihood,supervised_likelihood,same_objective,0,1,0.5
93cca4acbfbbde85d909,1,supervised_likelihood,supervised_likelihood,supervised_likelihood,supervised_likelihood,same_objective,1,2,1.0
94bd279621f8ab7a0a53,0,supervised_likelihood,supervised_likelihood,supervised_likelihood,supervised_likelihood,same_objective,0,1,0.3333333333333333
94bd279621f8ab7a0a53,1,supervised_likelihood,supervised_likelihood,supervised_likelihood,supervised_likelihood,same_objective,1,2,0.6666666666666666
94bd279621f8ab7a0a53,2,supervised_likelihood,supervised_likelihood,supervised_likelihood,supervised_likelihood,same_objective,2,3,1.0
96596d52f14e5b6681b9,0,supervised_likelihood,supervised_likelihood,supervised_likelihood,supervised_likelihood,same_objective,0,1,0.14285714285714285
96596d52f14e5b6681b9,1,supervised_likelihood,supervised_likelihood,supervised_likelihood,supervised_likelihood,same_objective,1,2,0.2857142857142857
96596d52f14e5b6681b9,2,supervised_likelihood,supervised_likelihood,supervised_likelihood,supervised_likelihood,same_objective,2,3,0.42857142857142855
96596d52f14e5b6681b9,3,supervised_likelihood,supervised_likelihood,supervised_likelihood,supervised_likelihood,same_objective,3,4,0.5714285714285714
96596d52f14e5b6681b9,4,supervised_likelihood,supervised_likelihood,supervised_likelihood,supervised_likelihood,same_objective,4,5,0.7142857142857143
96596d52f14e5b6681b9,5,supervised_likelihood,supervised_likelihood,supervised_likelihood,supervised_likelihood,same_objective,5,6,0.8571428571428571
96596d52f14e5b6681b9,6,supervised_likelihood,supervised_likelihood,supervised_likelihood,supervised_likelihood,same_objective,6,7,1.0
97376e96cb7a50f401a9,0,supervised_likelihood,supervised_likelihood,supervised_likelihood,supervised_likelihood,same_objective,0,1,0.1
97376e96cb7a50f401a9,1,supervised_likelihood,supervised_likelihood,supervised_likelihood,supervised_likelihood,same_objective,1,2,0.2
97376e96cb7a50f401a9,2,supervised_likelihood,supervised_likelihood,supervised_likelihood,supervised_likelihood,same_objective,2,3,0.3
97376e96cb7a50f401a9,3,supervised_likelihood,supervised_likelihood,supervised_likelihood,supervised_likelihood,same_objective,3,4,0.4
97376e96cb7a50f401a9,4,supervised_likelihood,supervised_likelihood,supervised_likelihood,supervised_likelihood,same_objective,4,5,0.5
97376e96cb7a50f401a9,5,supervised_likelihood,supervised_likelihood,supervised_likelihood,supervised_likelihood,same_objective,5,6,0.6
97376e96cb7a50f401a9,6,supervised_likelihood,supervised_likelihood,supervised_likelihood,supervised_likelihood,same_objective,6,7,0.7
97376e96cb7a50f401a9,7,supervised_likelihood,supervised_likelihood,supervised_likelihood,supervised_likelihood,same_objective,7,8,0.8
97376e96cb7a50f401a9,8,supervised_likelihood,supervised_likelihood,supervised_likelihood,supervised_likelihood,same_objective,8,9,0.9
97376e96cb7a50f401a9,9,supervised_likelihood,supervised_likelihood,supervised_likelihood,supervised_likelihood,same_objective,9,10,1.0
9737befe1d53069400f6,0,supervised_likelihood,supervised_likelihood,supervised_likelihood,supervised_likelihood,same_objective,0,1,0.3333333333333333
9737befe1d53069400f6,1,supervised_likelihood,supervised_likelihood,supervised_likelihood,supervised_likelihood,same_objective,1,2,0.6666666666666666
9737befe1d53069400f6,2,supervised_likelihood,supervised_likelihood,supervised_likelihood,supervised_likelihood,same_objective,2,3,1.0
98b1304c79369f791a75,0,supervised_likelihood,supervised_likelihood,supervised_likelihood,supervised_likelihood,same_objective,0,1,0.16666666666666666
98b1304c79369f791a75,1,supervised_likelihood,supervised_likelihood,supervised_likelihood,supervised_likelihood,same_objective,1,2,0.3333333333333333
98b1304c79369f791a75,2,supervised_likelihood,supervised_likelihood,supervised_likelihood,supervised_likelihood,same_objective,2,3,0.5
98b1304c79369f791a75,3,supervised_likelihood,supervised_likelihood,supervised_likelihood,supervised_likelihood,same_objective,3,4,0.6666666666666666
98b1304c79369f791a75,4,supervised_likelihood,supervised_likelihood,supervised_likelihood,supervised_likelihood,same_objective,4,5,0.8333333333333334
98b1304c79369f791a75,5,supervised_likelihood,supervised_likelihood,supervised_likelihood,supervised_likelihood,same_objective,5,6,1.0
98c76494757d4e18daef,0,supervised_likelihood,supervised_likelihood,supervised_likelihood,supervised_likelihood,same_objective,0,1,0.3333333333333333
98c76494757d4e18daef,1,supervised_likelihood,supervised_likelihood,supervised_likelihood,supervised_likelihood,same_objective,1,2,0.6666666666666666
98c76494757d4e18daef,2,supervised_likelihood,supervised_likelihood,supervised_likelihood,supervised_likelihood,same_objective,2,3,1.0
990a90a4131237283b6f,0,supervised_likelihood,supervised_likelihood,supervised_likelihood,supervised_likelihood,same_objective,0,1,0.09090909090909091
990a90a4131237283b6f,1,supervised_likelihood,supervised_likelihood,supervised_likelihood,supervised_likelihood,same_objective,1,2,0.18181818181818182
990a90a4131237283b6f,2,supervised_likelihood,supervised_likelihood,supervised_likelihood,supervised_likelihood,same_objective,2,3,0.2727272727272727
990a90a4131237283b6f,3,supervised_likelihood,supervised_likelihood,supervised_likelihood,supervised_likelihood,same_objective,3,4,0.36363636363636365
990a90a4131237283b6f,4,supervised_likelihood,supervised_likelihood,supervised_likelihood,supervised_likelihood,same_objective,6,7,0.6363636363636364
990a90a4131237283b6f,5,supervised_likelihood,supervised_likelihood,supervised_likelihood,supervised_likelihood,same_objective,7,8,0.7272727272727273
990a90a4131237283b6f,6,supervised_likelihood,supervised_likelihood,supervised_likelihood,supervised_likelihood,same_objective,8,9,0.8181818181818182
990a90a4131237283b6f,7,supervised_likelihood,supervised_likelihood,supervised_likelihood,supervised_likelihood,same_objective,9,10,0.9090909090909091
990a90a4131237283b6f,8,supervised_likelihood,supervised_likelihood,supervised_likelihood,supervised_likelihood,same_objective,10,11,1.0
990fc3cdadedd90a1127,0,supervised_likelihood,supervised_likelihood,supervised_likelihood,supervised_likelihood,same_objective,0,1,0.058823529411764705
990fc3cdadedd90a1127,1,supervised_likelihood,supervised_likelihood,supervised_likelihood,supervised_likelihood,same_objective,1,2,0.11764705882352941
990fc3cdadedd90a1127,2,supervised_likelihood,supervised_likelihood,supervised_likelihood,supervised_likelihood,same_objective,2,3,0.17647058823529413
990fc3cdadedd90a1127,3,supervised_likelihood,supervised_likelihood,supervised_likelihood,supervised_likelihood,same_objective,3,4,0.23529411764705882
990fc3cdadedd90a1127,4,supervised_likelihood,supervised_likelihood,supervised_likelihood,supervised_likelihood,same_objective,4,5,0.29411764705882354
990fc3cdadedd90a1127,5,supervised_likelihood,supervised_likelihood,supervised_likelihood,supervised_likelihood,same_objective,5,6,0.35294117647058826
990fc3cdadedd90a1127,6,supervised_likelihood,supervised_likelihood,supervised_likelihood,supervised_likelihood,same_objective,6,7,0.4117647058823529
990fc3cdadedd90a1127,7,supervised_likelihood,supervised_likelihood,supervised_likelihood,supervised_likelihood,same_objective,7,8,0.47058823529411764
990fc3cdadedd90a1127,8,supervised_likelihood,supervised_likelihood,supervised_likelihood,supervised_likelihood,same_objective,8,9,0.5294117647058824
990fc3cdadedd90a1127,9,supervised_likelihood,supervised_likelihood,supervised_likelihood,supervised_likelihood,same_objective,9,10,0.5882352941176471
990fc3cdadedd90a1127,10,supervised_likelihood,supervised_likelihood,supervised_likelihood,supervised_likelihood,same_objective,10,11,0.6470588235294118
990fc3cdadedd90a1127,11,supervised_likelihood,supervised_likelihood,supervised_likelihood,supervised_likelihood,same_objective,11,12,0.7058823529411765
990fc3cdadedd90a1127,12,supervised_likelihood,supervised_likelihood,supervised_likelihood,supervised_likelihood,same_objective,12,13,0.7647058823529411
990fc3cdadedd90a1127,13,supervised_likelihood,supervised_likelihood,supervised_likelihood,supervised_likelihood,same_objective,13,14,0.8235294117647058
990fc3cdadedd90a1127,14,supervised_likelihood,supervised_likelihood,supervised_likelihood,supervised_likelihood,same_objective,14,15,0.8823529411764706
990fc3cdadedd90a1127,15,supervised_likelihood,supervised_likelihood,supervised_likelihood,supervised_likelihood,same_objective,15,16,0.9411764705882353
995a3fcb8d934aea01e3,0,supervised_likelihood,supervised_likelihood,supervised_likelihood,supervised_likelihood,same_objective,0,1,0.16666666666666666
995a3fcb8d934aea01e3,1,supervised_likelihood,supervised_likelihood,supervised_likelihood,supervised_likelihood,same_objective,1,2,0.3333333333333333
995a3fcb8d934aea01e3,2,supervised_likelihood,supervised_likelihood,supervised_likelihood,supervised_likelihood,same_objective,2,3,0.5
995a3fcb8d934aea01e3,3,supervised_likelihood,supervised_likelihood,supervised_likelihood,supervised_likelihood,same_objective,3,4,0.6666666666666666
995a3fcb8d934aea01e3,4,supervised_likelihood,supervised_likelihood,supervised_likelihood,supervised_likelihood,same_objective,4,5,0.8333333333333334
995a3fcb8d934aea01e3,5,supervised_likelihood,supervised_likelihood,supervised_likelihood,supervised_likelihood,same_objective,5,6,1.0
9977d22d9a7bf433078d,0,supervised_likelihood,supervised_likelihood,supervised_likelihood,supervised_likelihood,same_objective,0,1,0.2
9977d22d9a7bf433078d,1,supervised_likelihood,supervised_likelihood,supervised_likelihood,supervised_likelihood,same_objective,1,2,0.4
9977d22d9a7bf433078d,2,supervised_likelihood,supervised_likelihood,supervised_likelihood,supervised_likelihood,same_objective,2,3,0.6
9977d22d9a7bf433078d,3,supervised_likelihood,supervised_likelihood,supervised_likelihood,supervised_likelihood,same_objective,3,4,0.8
9977d22d9a7bf433078d,4,supervised_likelihood,supervised_likelihood,supervised_likelihood,supervised_likelihood,same_objective,4,5,1.0
99c2dd6640d271b1db63,0,supervised_likelihood,supervised_likelihood,supervised_likelihood,supervised_likelihood,same_objective,0,1,0.16666666666666666
99c2dd6640d271b1db63,1,supervised_likelihood,preference_optimization,supervised_likelihood,preference_dpo,objective_change,1,2,0.3333333333333333
99c2dd6640d271b1db63,2,preference_optimization,supervised_likelihood,preference_dpo,supervised_likelihood,objective_change,2,3,0.5
99c2dd6640d271b1db63,3,supervised_likelihood,supervised_likelihood,supervised_likelihood,supervised_likelihood,same_objective,3,4,0.6666666666666666
99c2dd6640d271b1db63,4,supervised_likelihood,supervised_likelihood,supervised_likelihood,supervised_likelihood,same_objective,4,5,0.8333333333333334
99c2dd6640d271b1db63,5,supervised_likelihood,supervised_likelihood,supervised_likelihood,supervised_likelihood,same_objective,5,6,1.0
99d4fd816d0fa5e44197,0,supervised_likelihood,supervised_likelihood,supervised_likelihood,supervised_likelihood,same_objective,0,1,0.2
99d4fd816d0fa5e44197,1,supervised_likelihood,supervised_likelihood,supervised_likelihood,supervised_likelihood,same_objective,1,2,0.4
99d4fd816d0fa5e44197,2,supervised_likelihood,supervised_likelihood,supervised_likelihood,supervised_likelihood,same_objective,2,3,0.6
99d4fd816d0fa5e44197,3,supervised_likelihood,supervised_likelihood,supervised_likelihood,supervised_likelihood,same_objective,3,4,0.8
99d4fd816d0fa5e44197,4,supervised_likelihood,supervised_likelihood,supervised_likelihood,supervised_likelihood,same_objective,4,5,1.0
9a10326c3e59af22a851,0,supervised_likelihood,supervised_likelihood,supervised_likelihood,supervised_likelihood,same_objective,0,1,0.09090909090909091
9a10326c3e59af22a851,1,supervised_likelihood,supervised_likelihood,supervised_likelihood,supervised_likelihood,same_objective,1,2,0.18181818181818182
9a10326c3e59af22a851,2,supervised_likelihood,supervised_likelihood,supervised_likelihood,supervised_likelihood,same_objective,2,3,0.2727272727272727
9a10326c3e59af22a851,3,supervised_likelihood,supervised_likelihood,supervised_likelihood,supervised_likelihood,same_objective,3,4,0.36363636363636365
9a10326c3e59af22a851,4,supervised_likelihood,supervised_likelihood,supervised_likelihood,supervised_likelihood,same_objective,4,5,0.45454545454545453
9a10326c3e59af22a851,5,supervised_likelihood,supervised_likelihood,supervised_likelihood,supervised_likelihood,same_objective,5,6,0.5454545454545454
9a10326c3e59af22a851,6,supervised_likelihood,supervised_likelihood,supervised_likelihood,supervised_likelihood,same_objective,6,7,0.6363636363636364
9a10326c3e59af22a851,7,supervised_likelihood,supervised_likelihood,supervised_likelihood,supervised_likelihood,same_objective,7,8,0.7272727272727273
9a10326c3e59af22a851,8,supervised_likelihood,supervised_likelihood,supervised_likelihood,supervised_likelihood,same_objective,8,9,0.8181818181818182
9a10326c3e59af22a851,9,supervised_likelihood,supervised_likelihood,supervised_likelihood,supervised_likelihood,same_objective,9,10,0.9090909090909091
9a10326c3e59af22a851,10,supervised_likelihood,supervised_likelihood,supervised_likelihood,supervised_likelihood,same_objective,10,11,1.0
9a68b28c2f4108e28447,0,supervised_likelihood,supervised_likelihood,supervised_likelihood,supervised_likelihood,same_objective,0,1,0.25
9a68b28c2f4108e28447,1,supervised_likelihood,supervised_likelihood,supervised_likelihood,supervised_likelihood,same_objective,1,2,0.5
9a68b28c2f4108e28447,2,supervised_likelihood,supervised_likelihood,supervised_likelihood,supervised_likelihood,same_objective,2,3,0.75
9a68b28c2f4108e28447,3,supervised_likelihood,supervised_likelihood,supervised_likelihood,supervised_likelihood,same_objective,3,4,1.0
9a881b1facba00bf6d74,0,supervised_likelihood,supervised_likelihood,supervised_likelihood,supervised_likelihood,same_objective,0,1,0.16666666666666666
9a881b1facba00bf6d74,1,supervised_likelihood,supervised_likelihood,supervised_likelihood,supervised_likelihood,same_objective,1,2,0.3333333333333333
9aa548edea0c338b58ae,0,supervised_likelihood,supervised_likelihood,supervised_likelihood,supervised_likelihood,same_objective,0,1,0.25
9aa548edea0c338b58ae,1,supervised_likelihood,supervised_likelihood,supervised_likelihood,supervised_likelihood,same_objective,1,2,0.5
9aa548edea0c338b58ae,2,supervised_likelihood,supervised_likelihood,supervised_likelihood,supervised_likelihood,same_objective,2,3,0.75
9aa548edea0c338b58ae,3,supervised_likelihood,supervised_likelihood,supervised_likelihood,supervised_likelihood,same_objective,3,4,1.0
9af02a4a311543f03b10,0,supervised_likelihood,supervised_likelihood,supervised_likelihood,supervised_likelihood,same_objective,0,1,0.125
9af02a4a311543f03b10,1,supervised_likelihood,supervised_likelihood,supervised_likelihood,supervised_likelihood,same_objective,1,2,0.25
9af02a4a311543f03b10,2,supervised_likelihood,supervised_likelihood,supervised_likelihood,supervised_likelihood,same_objective,2,3,0.375
9af02a4a311543f03b10,3,supervised_likelihood,supervised_likelihood,supervised_likelihood,supervised_likelihood,same_objective,3,4,0.5
9af02a4a311543f03b10,4,supervised_likelihood,supervised_likelihood,supervised_likelihood,supervised_likelihood,same_objective,4,5,0.625
9b8e5a185f3bfc1a1855,0,supervised_likelihood,supervised_likelihood,supervised_likelihood,supervised_likelihood,same_objective,0,1,0.25
9b8e5a185f3bfc1a1855,1,supervised_likelihood,supervised_likelihood,supervised_likelihood,supervised_likelihood,same_objective,1,2,0.5
9b8e5a185f3bfc1a1855,2,supervised_likelihood,supervised_likelihood,supervised_likelihood,supervised_likelihood,same_objective,2,3,0.75
9b8e5a185f3bfc1a1855,3,supervised_likelihood,supervised_likelihood,supervised_likelihood,supervised_likelihood,same_objective,3,4,1.0
9bd4b720a4238e38376e,0,supervised_likelihood,supervised_likelihood,supervised_likelihood,supervised_likelihood,same_objective,0,1,0.16666666666666666
9bd4b720a4238e38376e,1,supervised_likelihood,supervised_likelihood,supervised_likelihood,supervised_likelihood,same_objective,1,2,0.3333333333333333
9bd4b720a4238e38376e,2,supervised_likelihood,supervised_likelihood,supervised_likelihood,supervised_likelihood,same_objective,2,3,0.5
9bd4b720a4238e38376e,3,supervised_likelihood,supervised_likelihood,supervised_likelihood,supervised_likelihood,same_objective,3,4,0.6666666666666666
9bd4b720a4238e38376e,4,supervised_likelihood,supervised_likelihood,supervised_likelihood,supervised_likelihood,same_objective,4,5,0.8333333333333334
9bd4b720a4238e38376e,5,supervised_likelihood,supervised_likelihood,supervised_likelihood,supervised_likelihood,same_objective,5,6,1.0
9c02a8827d47d6980bd9,0,supervised_likelihood,supervised_likelihood,supervised_likelihood,supervised_likelihood,same_objective,0,1,1.0
9cf40d80101cf15bea49,0,supervised_likelihood,supervised_likelihood,supervised_likelihood,supervised_likelihood,same_objective,0,1,0.3333333333333333
9cf40d80101cf15bea49,1,supervised_likelihood,supervised_likelihood,supervised_likelihood,supervised_likelihood,same_objective,1,2,0.6666666666666666
9cf40d80101cf15bea49,2,supervised_likelihood,supervised_likelihood,supervised_likelihood,supervised_likelihood,same_objective,2,3,1.0
9d0d7b5bb3330f8a4c10,0,supervised_likelihood,supervised_likelihood,supervised_likelihood,supervised_likelihood,same_objective,0,1,0.3333333333333333
9d0d7b5bb3330f8a4c10,1,supervised_likelihood,supervised_likelihood,supervised_likelihood,supervised_likelihood,same_objective,1,2,0.6666666666666666
9d0d7b5bb3330f8a4c10,2,supervised_likelihood,supervised_likelihood,supervised_likelihood,supervised_likelihood,same_objective,2,3,1.0
9d3d3c9a1955af2ee61b,0,supervised_likelihood,supervised_likelihood,supervised_likelihood,supervised_likelihood,same_objective,0,1,0.16666666666666666
9d3d3c9a1955af2ee61b,1,supervised_likelihood,supervised_likelihood,supervised_likelihood,supervised_likelihood,same_objective,1,2,0.3333333333333333
9d3d3c9a1955af2ee61b,2,supervised_likelihood,supervised_likelihood,supervised_likelihood,supervised_likelihood,same_objective,2,3,0.5
9d3d3c9a1955af2ee61b,3,supervised_likelihood,supervised_likelihood,supervised_likelihood,supervised_likelihood,same_objective,3,4,0.6666666666666666
9d3d3c9a1955af2ee61b,4,supervised_likelihood,supervised_likelihood,supervised_likelihood,supervised_likelihood,same_objective,4,5,0.8333333333333334
9d3d3c9a1955af2ee61b,5,supervised_likelihood,supervised_likelihood,supervised_likelihood,supervised_likelihood,same_objective,5,6,1.0
9d59951fbee0a6a23002,0,supervised_likelihood,supervised_likelihood,supervised_likelihood,supervised_likelihood,same_objective,0,1,0.058823529411764705
9d59951fbee0a6a23002,1,supervised_likelihood,supervised_likelihood,supervised_likelihood,supervised_likelihood,same_objective,1,2,0.11764705882352941
9d59951fbee0a6a23002,2,supervised_likelihood,supervised_likelihood,supervised_likelihood,supervised_likelihood,same_objective,2,3,0.17647058823529413
9d59951fbee0a6a23002,3,supervised_likelihood,supervised_likelihood,supervised_likelihood,supervised_likelihood,same_objective,3,4,0.23529411764705882
9d59951fbee0a6a23002,4,supervised_likelihood,supervised_likelihood,supervised_likelihood,supervised_likelihood,same_objective,4,5,0.29411764705882354
9d59951fbee0a6a23002,5,supervised_likelihood,supervised_likelihood,supervised_likelihood,supervised_likelihood,same_objective,5,6,0.35294117647058826
9d59951fbee0a6a23002,6,supervised_likelihood,supervised_likelihood,supervised_likelihood,supervised_likelihood,same_objective,6,7,0.4117647058823529
9d59951fbee0a6a23002,7,supervised_likelihood,supervised_likelihood,supervised_likelihood,supervised_likelihood,same_objective,7,8,0.47058823529411764
9d59951fbee0a6a23002,8,supervised_likelihood,supervised_likelihood,supervised_likelihood,supervised_likelihood,same_objective,8,9,0.5294117647058824
9d59951fbee0a6a23002,9,supervised_likelihood,supervised_likelihood,supervised_likelihood,supervised_likelihood,same_objective,9,10,0.5882352941176471
9d59951fbee0a6a23002,10,supervised_likelihood,supervised_likelihood,supervised_likelihood,supervised_likelihood,same_objective,10,11,0.6470588235294118
9d59951fbee0a6a23002,11,supervised_likelihood,supervised_likelihood,supervised_likelihood,supervised_likelihood,same_objective,11,12,0.7058823529411765
9d59951fbee0a6a23002,12,supervised_likelihood,supervised_likelihood,supervised_likelihood,supervised_likelihood,same_objective,12,13,0.7647058823529411
9d59951fbee0a6a23002,13,supervised_likelihood,supervised_likelihood,supervised_likelihood,supervised_likelihood,same_objective,13,14,0.8235294117647058
9d59951fbee0a6a23002,14,supervised_likelihood,supervised_likelihood,supervised_likelihood,supervised_likelihood,same_objective,14,15,0.8823529411764706
9d59951fbee0a6a23002,15,supervised_likelihood,supervised_likelihood,supervised_likelihood,supervised_likelihood,same_objective,15,16,0.9411764705882353
9d59951fbee0a6a23002,16,supervised_likelihood,supervised_likelihood,supervised_likelihood,supervised_likelihood,same_objective,16,17,1.0
9d72c2a2bae19fc3ba73,0,supervised_likelihood,supervised_likelihood,supervised_likelihood,supervised_likelihood,same_objective,0,1,0.16666666666666666
9d72c2a2bae19fc3ba73,1,supervised_likelihood,supervised_likelihood,supervised_likelihood,supervised_likelihood,same_objective,1,2,0.3333333333333333
9d72c2a2bae19fc3ba73,2,supervised_likelihood,supervised_likelihood,supervised_likelihood,supervised_likelihood,same_objective,2,3,0.5
9d72c2a2bae19fc3ba73,3,supervised_likelihood,supervised_likelihood,supervised_likelihood,supervised_likelihood,same_objective,3,4,0.6666666666666666
9d72c2a2bae19fc3ba73,4,supervised_likelihood,supervised_likelihood,supervised_likelihood,supervised_likelihood,same_objective,4,5,0.8333333333333334
9d72c2a2bae19fc3ba73,5,supervised_likelihood,supervised_likelihood,supervised_likelihood,supervised_likelihood,same_objective,5,6,1.0
9defee26bdc6bd41fcd3,0,supervised_likelihood,supervised_likelihood,supervised_likelihood,supervised_likelihood,same_objective,0,1,0.3333333333333333
9defee26bdc6bd41fcd3,1,supervised_likelihood,supervised_likelihood,supervised_likelihood,supervised_likelihood,same_objective,1,2,0.6666666666666666
9defee26bdc6bd41fcd3,2,supervised_likelihood,supervised_likelihood,supervised_likelihood,supervised_likelihood,same_objective,2,3,1.0
9e0ad3aa6f994d8bc0b9,0,supervised_likelihood,supervised_likelihood,supervised_likelihood,supervised_likelihood,same_objective,0,1,0.16666666666666666
9e0ad3aa6f994d8bc0b9,1,supervised_likelihood,supervised_likelihood,supervised_likelihood,supervised_likelihood,same_objective,1,2,0.3333333333333333
9e0ad3aa6f994d8bc0b9,2,supervised_likelihood,supervised_likelihood,supervised_likelihood,supervised_likelihood,same_objective,2,3,0.5
9e0ad3aa6f994d8bc0b9,3,supervised_likelihood,supervised_likelihood,supervised_likelihood,supervised_likelihood,same_objective,3,4,0.6666666666666666
9e0ad3aa6f994d8bc0b9,4,supervised_likelihood,supervised_likelihood,supervised_likelihood,supervised_likelihood,same_objective,4,5,0.8333333333333334
9e0ad3aa6f994d8bc0b9,5,supervised_likelihood,supervised_likelihood,supervised_likelihood,supervised_likelihood,same_objective,5,6,1.0
9e6487b9215d4cc80188,0,supervised_likelihood,supervised_likelihood,supervised_likelihood,supervised_likelihood,same_objective,0,1,0.14285714285714285
9e6487b9215d4cc80188,1,supervised_likelihood,supervised_likelihood,supervised_likelihood,supervised_likelihood,same_objective,1,2,0.2857142857142857
9e6487b9215d4cc80188,2,supervised_likelihood,supervised_likelihood,supervised_likelihood,supervised_likelihood,same_objective,2,3,0.42857142857142855
9e6487b9215d4cc80188,3,supervised_likelihood,supervised_likelihood,supervised_likelihood,supervised_likelihood,same_objective,3,4,0.5714285714285714
9e6487b9215d4cc80188,4,supervised_likelihood,supervised_likelihood,supervised_likelihood,supervised_likelihood,same_objective,4,5,0.7142857142857143
9e6487b9215d4cc80188,5,supervised_likelihood,supervised_likelihood,supervised_likelihood,supervised_likelihood,same_objective,5,6,0.8571428571428571
9e6487b9215d4cc80188,6,supervised_likelihood,supervised_likelihood,supervised_likelihood,supervised_likelihood,same_objective,6,7,1.0
9ed0b40437e24713d9bd,0,supervised_likelihood,supervised_likelihood,supervised_likelihood,supervised_likelihood,same_objective,0,1,0.16666666666666666
9ed0b40437e24713d9bd,1,supervised_likelihood,supervised_likelihood,supervised_likelihood,supervised_likelihood,same_objective,1,2,0.3333333333333333
9ed0b40437e24713d9bd,2,supervised_likelihood,supervised_likelihood,supervised_likelihood,supervised_likelihood,same_objective,2,3,0.5
9ed0b40437e24713d9bd,3,supervised_likelihood,supervised_likelihood,supervised_likelihood,supervised_likelihood,same_objective,3,4,0.6666666666666666
9ed0b40437e24713d9bd,4,supervised_likelihood,supervised_likelihood,supervised_likelihood,supervised_likelihood,same_objective,4,5,0.8333333333333334
9ed0b40437e24713d9bd,5,supervised_likelihood,supervised_likelihood,supervised_likelihood,supervised_likelihood,same_objective,5,6,1.0
9f1c9470631843932c21,0,supervised_likelihood,supervised_likelihood,supervised_likelihood,supervised_likelihood,same_objective,0,1,0.16666666666666666
9f1c9470631843932c21,1,supervised_likelihood,supervised_likelihood,supervised_likelihood,supervised_likelihood,same_objective,1,2,0.3333333333333333
9f1c9470631843932c21,2,supervised_likelihood,supervised_likelihood,supervised_likelihood,supervised_likelihood,same_objective,2,3,0.5
9f1c9470631843932c21,3,supervised_likelihood,supervised_likelihood,supervised_likelihood,supervised_likelihood,same_objective,3,4,0.6666666666666666
9f1c9470631843932c21,4,supervised_likelihood,supervised_likelihood,supervised_likelihood,supervised_likelihood,same_objective,4,5,0.8333333333333334
9f1c9470631843932c21,5,supervised_likelihood,supervised_likelihood,supervised_likelihood,supervised_likelihood,same_objective,5,6,1.0
9f37c4036a151eb8a630,0,supervised_likelihood,supervised_likelihood,supervised_likelihood,supervised_likelihood,same_objective,0,1,0.16666666666666666
9f37c4036a151eb8a630,1,supervised_likelihood,supervised_likelihood,supervised_likelihood,supervised_likelihood,same_objective,1,2,0.3333333333333333
9f37c4036a151eb8a630,2,supervised_likelihood,supervised_likelihood,supervised_likelihood,supervised_likelihood,same_objective,2,3,0.5
9f37c4036a151eb8a630,3,supervised_likelihood,supervised_likelihood,supervised_likelihood,supervised_likelihood,same_objective,3,4,0.6666666666666666
9f37c4036a151eb8a630,4,supervised_likelihood,supervised_likelihood,supervised_likelihood,supervised_likelihood,same_objective,4,5,0.8333333333333334
9f37c4036a151eb8a630,5,supervised_likelihood,supervised_likelihood,supervised_likelihood,supervised_likelihood,same_objective,5,6,1.0
9f58d3de737f4c9b5418,0,supervised_likelihood,supervised_likelihood,supervised_likelihood,supervised_likelihood,same_objective,0,1,0.5
9f58d3de737f4c9b5418,1,supervised_likelihood,supervised_likelihood,supervised_likelihood,supervised_likelihood,same_objective,1,2,1.0
a01a372145f5f2e5a3a7,0,supervised_likelihood,supervised_likelihood,supervised_likelihood,supervised_likelihood,same_objective,0,1,0.2
a01a372145f5f2e5a3a7,1,supervised_likelihood,supervised_likelihood,supervised_likelihood,supervised_likelihood,same_objective,1,2,0.4
a01a372145f5f2e5a3a7,2,supervised_likelihood,reward_optimization,supervised_likelihood,reward_grpo,objective_change,2,3,0.6
a01a372145f5f2e5a3a7,3,reward_optimization,reward_optimization,reward_grpo,reward_grpo,same_objective,3,4,0.8
a01a372145f5f2e5a3a7,4,reward_optimization,supervised_likelihood,reward_grpo,supervised_likelihood,objective_change,4,5,1.0
a044ae10711fcd634bf6,0,supervised_likelihood,supervised_likelihood,supervised_likelihood,supervised_likelihood,same_objective,0,1,0.14285714285714285
a044ae10711fcd634bf6,1,supervised_likelihood,supervised_likelihood,supervised_likelihood,supervised_likelihood,same_objective,1,2,0.2857142857142857
a044ae10711fcd634bf6,2,supervised_likelihood,supervised_likelihood,supervised_likelihood,supervised_likelihood,same_objective,2,3,0.42857142857142855
a044ae10711fcd634bf6,3,supervised_likelihood,supervised_likelihood,supervised_likelihood,supervised_likelihood,same_objective,3,4,0.5714285714285714
a044ae10711fcd634bf6,4,supervised_likelihood,supervised_likelihood,supervised_likelihood,supervised_likelihood,same_objective,4,5,0.7142857142857143
a044ae10711fcd634bf6,5,supervised_likelihood,supervised_likelihood,supervised_likelihood,supervised_likelihood,same_objective,5,6,0.8571428571428571
a044ae10711fcd634bf6,6,supervised_likelihood,supervised_likelihood,supervised_likelihood,supervised_likelihood,same_objective,6,7,1.0
a050d8ec646ab1ecd4c4,0,supervised_likelihood,supervised_likelihood,supervised_likelihood,supervised_likelihood,same_objective,0,1,0.25
a050d8ec646ab1ecd4c4,1,supervised_likelihood,supervised_likelihood,supervised_likelihood,supervised_likelihood,same_objective,1,2,0.5
a050d8ec646ab1ecd4c4,2,supervised_likelihood,supervised_likelihood,supervised_likelihood,supervised_likelihood,same_objective,2,3,0.75
a050d8ec646ab1ecd4c4,3,supervised_likelihood,supervised_likelihood,supervised_likelihood,supervised_likelihood,same_objective,3,4,1.0
a0bbcb741dd4ae4c02a2,0,supervised_likelihood,supervised_likelihood,supervised_likelihood,supervised_likelihood,same_objective,0,1,0.14285714285714285
a0bbcb741dd4ae4c02a2,1,supervised_likelihood,supervised_likelihood,supervised_likelihood,supervised_likelihood,same_objective,1,2,0.2857142857142857
a0bbcb741dd4ae4c02a2,2,supervised_likelihood,supervised_likelihood,supervised_likelihood,supervised_likelihood,same_objective,2,3,0.42857142857142855
a0bbcb741dd4ae4c02a2,3,supervised_likelihood,supervised_likelihood,supervised_likelihood,supervised_likelihood,same_objective,3,4,0.5714285714285714
a0bbcb741dd4ae4c02a2,4,supervised_likelihood,supervised_likelihood,supervised_likelihood,supervised_likelihood,same_objective,4,5,0.7142857142857143
a0bbcb741dd4ae4c02a2,5,supervised_likelihood,supervised_likelihood,supervised_likelihood,supervised_likelihood,same_objective,5,6,0.8571428571428571
a0bbcb741dd4ae4c02a2,6,supervised_likelihood,supervised_likelihood,supervised_likelihood,supervised_likelihood,same_objective,6,7,1.0
a0f929f368287a68667b,0,supervised_likelihood,supervised_likelihood,supervised_likelihood,supervised_likelihood,same_objective,0,1,0.16666666666666666
a0f929f368287a68667b,1,supervised_likelihood,supervised_likelihood,supervised_likelihood,supervised_likelihood,same_objective,1,2,0.3333333333333333
a0f929f368287a68667b,2,supervised_likelihood,supervised_likelihood,supervised_likelihood,supervised_likelihood,same_objective,2,3,0.5
a0f929f368287a68667b,3,supervised_likelihood,supervised_likelihood,supervised_likelihood,supervised_likelihood,same_objective,3,4,0.6666666666666666
a0f929f368287a68667b,4,supervised_likelihood,supervised_likelihood,supervised_likelihood,supervised_likelihood,same_objective,4,5,0.8333333333333334
a0f929f368287a68667b,5,supervised_likelihood,supervised_likelihood,supervised_likelihood,supervised_likelihood,same_objective,5,6,1.0
a10d3a9428fa9e29b76d,0,supervised_likelihood,supervised_likelihood,supervised_likelihood,supervised_likelihood,same_objective,0,1,0.16666666666666666
a10d3a9428fa9e29b76d,1,supervised_likelihood,supervised_likelihood,supervised_likelihood,supervised_likelihood,same_objective,1,2,0.3333333333333333
a10d3a9428fa9e29b76d,2,supervised_likelihood,supervised_likelihood,supervised_likelihood,supervised_likelihood,same_objective,2,3,0.5
a10d3a9428fa9e29b76d,3,supervised_likelihood,supervised_likelihood,supervised_likelihood,supervised_likelihood,same_objective,3,4,0.6666666666666666
a10d3a9428fa9e29b76d,4,supervised_likelihood,supervised_likelihood,supervised_likelihood,supervised_likelihood,same_objective,4,5,0.8333333333333334
a127472aeab709a3fee3,0,supervised_likelihood,supervised_likelihood,supervised_likelihood,supervised_likelihood,same_objective,0,1,1.0
a2111e195f4932ac5932,0,supervised_likelihood,supervised_likelihood,supervised_likelihood,supervised_likelihood,same_objective,0,1,0.16666666666666666
a2111e195f4932ac5932,1,supervised_likelihood,supervised_likelihood,supervised_likelihood,supervised_likelihood,same_objective,1,2,0.3333333333333333
a2111e195f4932ac5932,2,supervised_likelihood,supervised_likelihood,supervised_likelihood,supervised_likelihood,same_objective,2,3,0.5
a2111e195f4932ac5932,3,supervised_likelihood,supervised_likelihood,supervised_likelihood,supervised_likelihood,same_objective,3,4,0.6666666666666666
a2111e195f4932ac5932,4,supervised_likelihood,supervised_likelihood,supervised_likelihood,supervised_likelihood,same_objective,4,5,0.8333333333333334
a2111e195f4932ac5932,5,supervised_likelihood,supervised_likelihood,supervised_likelihood,supervised_likelihood,same_objective,5,6,1.0
a24fad55c9b1d59ef254,0,supervised_likelihood,supervised_likelihood,supervised_likelihood,supervised_likelihood,same_objective,0,1,0.1111111111111111
a24fad55c9b1d59ef254,1,supervised_likelihood,supervised_likelihood,supervised_likelihood,supervised_likelihood,same_objective,1,2,0.2222222222222222
a24fad55c9b1d59ef254,2,supervised_likelihood,supervised_likelihood,supervised_likelihood,supervised_likelihood,same_objective,2,3,0.3333333333333333
a24fad55c9b1d59ef254,3,supervised_likelihood,supervised_likelihood,supervised_likelihood,supervised_likelihood,same_objective,3,4,0.4444444444444444
a24fad55c9b1d59ef254,4,supervised_likelihood,supervised_likelihood,supervised_likelihood,supervised_likelihood,same_objective,4,5,0.5555555555555556
a24fad55c9b1d59ef254,5,supervised_likelihood,supervised_likelihood,supervised_likelihood,supervised_likelihood,same_objective,5,6,0.6666666666666666
a24fad55c9b1d59ef254,6,supervised_likelihood,supervised_likelihood,supervised_likelihood,supervised_likelihood,same_objective,6,7,0.7777777777777778
a24fad55c9b1d59ef254,7,supervised_likelihood,supervised_likelihood,supervised_likelihood,supervised_likelihood,same_objective,7,8,0.8888888888888888
a24fad55c9b1d59ef254,8,supervised_likelihood,supervised_likelihood,supervised_likelihood,supervised_likelihood,same_objective,8,9,1.0
a2777ce192467abb8c4d,0,supervised_likelihood,supervised_likelihood,supervised_likelihood,supervised_likelihood,same_objective,0,1,0.3333333333333333
a2777ce192467abb8c4d,1,supervised_likelihood,supervised_likelihood,supervised_likelihood,supervised_likelihood,same_objective,1,2,0.6666666666666666
a2777ce192467abb8c4d,2,supervised_likelihood,supervised_likelihood,supervised_likelihood,supervised_likelihood,same_objective,2,3,1.0
a27fbb3b47c28cb41424,0,supervised_likelihood,supervised_likelihood,supervised_likelihood,supervised_likelihood,same_objective,0,1,0.25
a27fbb3b47c28cb41424,1,supervised_likelihood,supervised_likelihood,supervised_likelihood,supervised_likelihood,same_objective,1,2,0.5
a27fbb3b47c28cb41424,2,supervised_likelihood,supervised_likelihood,supervised_likelihood,supervised_likelihood,same_objective,2,3,0.75
a27fbb3b47c28cb41424,3,supervised_likelihood,supervised_likelihood,supervised_likelihood,supervised_likelihood,same_objective,3,4,1.0
a29c46dd06d2e8483960,0,supervised_likelihood,supervised_likelihood,supervised_likelihood,supervised_likelihood,same_objective,0,1,0.3333333333333333
a29c46dd06d2e8483960,1,supervised_likelihood,supervised_likelihood,supervised_likelihood,supervised_likelihood,same_objective,1,2,0.6666666666666666
a29c46dd06d2e8483960,2,supervised_likelihood,supervised_likelihood,supervised_likelihood,supervised_likelihood,same_objective,2,3,1.0
a2e7436953900548d57c,0,supervised_likelihood,supervised_likelihood,supervised_likelihood,supervised_likelihood,same_objective,0,1,0.25
a2e7436953900548d57c,1,supervised_likelihood,supervised_likelihood,supervised_likelihood,supervised_likelihood,same_objective,1,2,0.5
a2e7436953900548d57c,2,supervised_likelihood,supervised_likelihood,supervised_likelihood,supervised_likelihood,same_objective,2,3,0.75
a2e7436953900548d57c,3,supervised_likelihood,supervised_likelihood,supervised_likelihood,supervised_likelihood,same_objective,3,4,1.0
a3cae5bdd922cbf723be,0,supervised_likelihood,supervised_likelihood,supervised_likelihood,supervised_likelihood,same_objective,0,1,0.3333333333333333
a3cae5bdd922cbf723be,1,supervised_likelihood,supervised_likelihood,supervised_likelihood,supervised_likelihood,same_objective,1,2,0.6666666666666666
a3cae5bdd922cbf723be,2,supervised_likelihood,supervised_likelihood,supervised_likelihood,supervised_likelihood,same_objective,2,3,1.0
a3d005d480f58ae5647a,0,supervised_likelihood,supervised_likelihood,supervised_likelihood,supervised_likelihood,same_objective,0,1,0.5
a3d005d480f58ae5647a,1,supervised_likelihood,supervised_likelihood,supervised_likelihood,supervised_likelihood,same_objective,1,2,1.0
a3f22de8a6c202fbf5ef,0,supervised_likelihood,supervised_likelihood,supervised_likelihood,supervised_likelihood,same_objective,0,1,0.16666666666666666
a3f22de8a6c202fbf5ef,1,supervised_likelihood,supervised_likelihood,supervised_likelihood,supervised_likelihood,same_objective,1,2,0.3333333333333333
a3f22de8a6c202fbf5ef,2,supervised_likelihood,supervised_likelihood,supervised_likelihood,supervised_likelihood,same_objective,2,3,0.5
a3f22de8a6c202fbf5ef,3,supervised_likelihood,supervised_likelihood,supervised_likelihood,supervised_likelihood,same_objective,3,4,0.6666666666666666
a3f22de8a6c202fbf5ef,4,supervised_likelihood,supervised_likelihood,supervised_likelihood,supervised_likelihood,same_objective,4,5,0.8333333333333334
a3f22de8a6c202fbf5ef,5,supervised_likelihood,supervised_likelihood,supervised_likelihood,supervised_likelihood,same_objective,5,6,1.0
a436c040905e06811516,0,supervised_likelihood,supervised_likelihood,supervised_likelihood,supervised_likelihood,same_objective,0,1,0.2
a436c040905e06811516,1,supervised_likelihood,supervised_likelihood,supervised_likelihood,supervised_likelihood,same_objective,1,2,0.4
a436c040905e06811516,2,supervised_likelihood,supervised_likelihood,supervised_likelihood,supervised_likelihood,same_objective,2,3,0.6
a436c040905e06811516,3,supervised_likelihood,supervised_likelihood,supervised_likelihood,supervised_likelihood,same_objective,3,4,0.8
a436c040905e06811516,4,supervised_likelihood,supervised_likelihood,supervised_likelihood,supervised_likelihood,same_objective,4,5,1.0
a4507ec40190061140ce,0,supervised_likelihood,supervised_likelihood,supervised_likelihood,supervised_likelihood,same_objective,0,1,0.3333333333333333
a4507ec40190061140ce,1,supervised_likelihood,supervised_likelihood,supervised_likelihood,supervised_likelihood,same_objective,1,2,0.6666666666666666
a4507ec40190061140ce,2,supervised_likelihood,supervised_likelihood,supervised_likelihood,supervised_likelihood,same_objective,2,3,1.0
a464e30adb424f61aba9,0,supervised_likelihood,supervised_likelihood,supervised_likelihood,supervised_likelihood,same_objective,0,1,0.3333333333333333
a464e30adb424f61aba9,1,supervised_likelihood,supervised_likelihood,supervised_likelihood,supervised_likelihood,same_objective,1,2,0.6666666666666666
a464e30adb424f61aba9,2,supervised_likelihood,supervised_likelihood,supervised_likelihood,supervised_likelihood,same_objective,2,3,1.0
a49f8460ec209ff4428d,0,supervised_likelihood,supervised_likelihood,supervised_likelihood,supervised_likelihood,same_objective,0,1,1.0
a4de3854c74962747af0,0,supervised_likelihood,supervised_likelihood,supervised_likelihood,supervised_likelihood,same_objective,0,1,0.3333333333333333
a4de3854c74962747af0,1,supervised_likelihood,supervised_likelihood,supervised_likelihood,supervised_likelihood,same_objective,1,2,0.6666666666666666
a4de3854c74962747af0,2,supervised_likelihood,supervised_likelihood,supervised_likelihood,supervised_likelihood,same_objective,2,3,1.0
a5b13e066b53dd539892,0,supervised_likelihood,supervised_likelihood,supervised_likelihood,supervised_likelihood,same_objective,0,1,0.16666666666666666
a5b13e066b53dd539892,1,supervised_likelihood,supervised_likelihood,supervised_likelihood,supervised_likelihood,same_objective,1,2,0.3333333333333333
a5b13e066b53dd539892,2,supervised_likelihood,supervised_likelihood,supervised_likelihood,supervised_likelihood,same_objective,2,3,0.5
a5b13e066b53dd539892,3,supervised_likelihood,supervised_likelihood,supervised_likelihood,supervised_likelihood,same_objective,3,4,0.6666666666666666
a5b13e066b53dd539892,4,supervised_likelihood,supervised_likelihood,supervised_likelihood,supervised_likelihood,same_objective,4,5,0.8333333333333334
a5b13e066b53dd539892,5,supervised_likelihood,reward_optimization,supervised_likelihood,reward_grpo,objective_change,5,6,1.0
a5d64c5d6b2d673f7473,0,supervised_likelihood,supervised_likelihood,supervised_likelihood,supervised_likelihood,same_objective,0,1,0.125
a5d64c5d6b2d673f7473,1,supervised_likelihood,supervised_likelihood,supervised_likelihood,supervised_likelihood,same_objective,1,2,0.25
a5d64c5d6b2d673f7473,2,supervised_likelihood,supervised_likelihood,supervised_likelihood,supervised_likelihood,same_objective,2,3,0.375
a5d64c5d6b2d673f7473,3,supervised_likelihood,supervised_likelihood,supervised_likelihood,supervised_likelihood,same_objective,3,4,0.5
a5d64c5d6b2d673f7473,4,supervised_likelihood,supervised_likelihood,supervised_likelihood,supervised_likelihood,same_objective,4,5,0.625
a5d64c5d6b2d673f7473,5,supervised_likelihood,supervised_likelihood,supervised_likelihood,supervised_likelihood,same_objective,5,6,0.75
a5d64c5d6b2d673f7473,6,supervised_likelihood,supervised_likelihood,supervised_likelihood,supervised_likelihood,same_objective,6,7,0.875
a5d64c5d6b2d673f7473,7,supervised_likelihood,supervised_likelihood,supervised_likelihood,supervised_likelihood,same_objective,7,8,1.0
a5d9eb9b2bfc08ea2e92,0,supervised_likelihood,supervised_likelihood,supervised_likelihood,supervised_likelihood,same_objective,0,1,0.14285714285714285
a5d9eb9b2bfc08ea2e92,1,supervised_likelihood,supervised_likelihood,supervised_likelihood,supervised_likelihood,same_objective,1,2,0.2857142857142857
a5d9eb9b2bfc08ea2e92,2,supervised_likelihood,supervised_likelihood,supervised_likelihood,supervised_likelihood,same_objective,2,3,0.42857142857142855
a5d9eb9b2bfc08ea2e92,3,supervised_likelihood,supervised_likelihood,supervised_likelihood,supervised_likelihood,same_objective,3,4,0.5714285714285714
a5d9eb9b2bfc08ea2e92,4,supervised_likelihood,supervised_likelihood,supervised_likelihood,supervised_likelihood,same_objective,4,5,0.7142857142857143
a5d9eb9b2bfc08ea2e92,5,supervised_likelihood,supervised_likelihood,supervised_likelihood,supervised_likelihood,same_objective,5,6,0.8571428571428571
a5d9eb9b2bfc08ea2e92,6,supervised_likelihood,supervised_likelihood,supervised_likelihood,supervised_likelihood,same_objective,6,7,1.0
a61fa09293d4302e07b5,0,supervised_likelihood,supervised_likelihood,supervised_likelihood,supervised_likelihood,same_objective,0,1,0.5
a61fa09293d4302e07b5,1,supervised_likelihood,supervised_likelihood,supervised_likelihood,supervised_likelihood,same_objective,1,2,1.0
a6bb9e7a0d9f27c9de35,0,supervised_likelihood,supervised_likelihood,supervised_likelihood,supervised_likelihood,same_objective,0,1,0.3333333333333333
a6bb9e7a0d9f27c9de35,1,supervised_likelihood,supervised_likelihood,supervised_likelihood,supervised_likelihood,same_objective,1,2,0.6666666666666666
a6bb9e7a0d9f27c9de35,2,supervised_likelihood,supervised_likelihood,supervised_likelihood,supervised_likelihood,same_objective,2,3,1.0
a6de1d800d595f5b877b,0,supervised_likelihood,supervised_likelihood,supervised_likelihood,supervised_likelihood,same_objective,0,1,0.2
a6de1d800d595f5b877b,1,supervised_likelihood,supervised_likelihood,supervised_likelihood,supervised_likelihood,same_objective,1,2,0.4
a6de1d800d595f5b877b,2,supervised_likelihood,supervised_likelihood,supervised_likelihood,supervised_likelihood,same_objective,2,3,0.6
a6de1d800d595f5b877b,3,supervised_likelihood,supervised_likelihood,supervised_likelihood,supervised_likelihood,same_objective,3,4,0.8
a6de1d800d595f5b877b,4,supervised_likelihood,supervised_likelihood,supervised_likelihood,supervised_likelihood,same_objective,4,5,1.0
a6e6762332fac6345303,0,supervised_likelihood,supervised_likelihood,supervised_likelihood,supervised_likelihood,same_objective,0,1,0.25
a6e6762332fac6345303,1,supervised_likelihood,supervised_likelihood,supervised_likelihood,supervised_likelihood,same_objective,1,2,0.5
a6e6762332fac6345303,2,supervised_likelihood,supervised_likelihood,supervised_likelihood,supervised_likelihood,same_objective,2,3,0.75
a6e6762332fac6345303,3,supervised_likelihood,supervised_likelihood,supervised_likelihood,supervised_likelihood,same_objective,3,4,1.0
a7e26b1e9d59b3ca7844,0,supervised_likelihood,supervised_likelihood,supervised_likelihood,supervised_likelihood,same_objective,0,1,0.25
a7e26b1e9d59b3ca7844,1,supervised_likelihood,supervised_likelihood,supervised_likelihood,supervised_likelihood,same_objective,1,2,0.5
a7e26b1e9d59b3ca7844,2,supervised_likelihood,supervised_likelihood,supervised_likelihood,supervised_likelihood,same_objective,2,3,0.75
a7e26b1e9d59b3ca7844,3,supervised_likelihood,supervised_likelihood,supervised_likelihood,supervised_likelihood,same_objective,3,4,1.0
a8619f8ef6deb512670c,0,supervised_likelihood,supervised_likelihood,supervised_likelihood,supervised_likelihood,same_objective,0,1,0.5
a8619f8ef6deb512670c,1,supervised_likelihood,supervised_likelihood,supervised_likelihood,supervised_likelihood,same_objective,1,2,1.0
a870812c88cf525ddfc7,0,supervised_likelihood,supervised_likelihood,supervised_likelihood,supervised_likelihood,same_objective,0,1,0.16666666666666666
a870812c88cf525ddfc7,1,supervised_likelihood,supervised_likelihood,supervised_likelihood,supervised_likelihood,same_objective,1,2,0.3333333333333333
a870812c88cf525ddfc7,2,supervised_likelihood,supervised_likelihood,supervised_likelihood,supervised_likelihood,same_objective,2,3,0.5
a870812c88cf525ddfc7,3,supervised_likelihood,supervised_likelihood,supervised_likelihood,supervised_likelihood,same_objective,3,4,0.6666666666666666
a870812c88cf525ddfc7,4,supervised_likelihood,supervised_likelihood,supervised_likelihood,supervised_likelihood,same_objective,4,5,0.8333333333333334
a870812c88cf525ddfc7,5,supervised_likelihood,supervised_likelihood,supervised_likelihood,supervised_likelihood,same_objective,5,6,1.0
a88782bc9d62ae044785,0,supervised_likelihood,supervised_likelihood,supervised_likelihood,supervised_likelihood,same_objective,0,1,0.5
a88782bc9d62ae044785,1,supervised_likelihood,supervised_likelihood,supervised_likelihood,supervised_likelihood,same_objective,1,2,1.0
a8cf5fed3f0556b45b30,0,supervised_likelihood,supervised_likelihood,supervised_likelihood,supervised_likelihood,same_objective,0,1,0.1
a8cf5fed3f0556b45b30,1,supervised_likelihood,supervised_likelihood,supervised_likelihood,supervised_likelihood,same_objective,1,2,0.2
a8cf5fed3f0556b45b30,2,supervised_likelihood,supervised_likelihood,supervised_likelihood,supervised_likelihood,same_objective,2,3,0.3
a8cf5fed3f0556b45b30,3,supervised_likelihood,supervised_likelihood,supervised_likelihood,supervised_likelihood,same_objective,3,4,0.4
a8cf5fed3f0556b45b30,4,supervised_likelihood,supervised_likelihood,supervised_likelihood,supervised_likelihood,same_objective,4,5,0.5
a8cf5fed3f0556b45b30,5,supervised_likelihood,supervised_likelihood,supervised_likelihood,supervised_likelihood,same_objective,5,6,0.6
a8cf5fed3f0556b45b30,6,supervised_likelihood,supervised_likelihood,supervised_likelihood,supervised_likelihood,same_objective,6,7,0.7
a8cf5fed3f0556b45b30,7,supervised_likelihood,supervised_likelihood,supervised_likelihood,supervised_likelihood,same_objective,7,8,0.8
a8cf5fed3f0556b45b30,8,supervised_likelihood,supervised_likelihood,supervised_likelihood,supervised_likelihood,same_objective,8,9,0.9
a8cf5fed3f0556b45b30,9,supervised_likelihood,supervised_likelihood,supervised_likelihood,supervised_likelihood,same_objective,9,10,1.0
a9a3857dba61a40ad5dc,0,supervised_likelihood,supervised_likelihood,supervised_likelihood,supervised_likelihood,same_objective,0,1,0.14285714285714285
a9a3857dba61a40ad5dc,1,supervised_likelihood,supervised_likelihood,supervised_likelihood,supervised_likelihood,same_objective,1,2,0.2857142857142857
a9a3857dba61a40ad5dc,2,supervised_likelihood,supervised_likelihood,supervised_likelihood,supervised_likelihood,same_objective,2,3,0.42857142857142855
a9a3857dba61a40ad5dc,3,supervised_likelihood,supervised_likelihood,supervised_likelihood,supervised_likelihood,same_objective,3,4,0.5714285714285714
a9a3857dba61a40ad5dc,4,supervised_likelihood,supervised_likelihood,supervised_likelihood,supervised_likelihood,same_objective,4,5,0.7142857142857143
a9a3857dba61a40ad5dc,5,supervised_likelihood,supervised_likelihood,supervised_likelihood,supervised_likelihood,same_objective,5,6,0.8571428571428571
a9a3857dba61a40ad5dc,6,supervised_likelihood,supervised_likelihood,supervised_likelihood,supervised_likelihood,same_objective,6,7,1.0
a9cac75fb3d96c56af70,0,supervised_likelihood,supervised_likelihood,supervised_likelihood,supervised_likelihood,same_objective,0,1,0.2
a9cac75fb3d96c56af70,1,supervised_likelihood,supervised_likelihood,supervised_likelihood,supervised_likelihood,same_objective,1,2,0.4
a9cac75fb3d96c56af70,2,supervised_likelihood,supervised_likelihood,supervised_likelihood,supervised_likelihood,same_objective,2,3,0.6
a9cac75fb3d96c56af70,3,supervised_likelihood,supervised_likelihood,supervised_likelihood,supervised_likelihood,same_objective,3,4,0.8
a9cac75fb3d96c56af70,4,supervised_likelihood,supervised_likelihood,supervised_likelihood,supervised_likelihood,same_objective,4,5,1.0
a9f0c1ffe22262b5bd3c,0,supervised_likelihood,supervised_likelihood,supervised_likelihood,supervised_likelihood,same_objective,0,1,0.3333333333333333
a9f0c1ffe22262b5bd3c,1,supervised_likelihood,supervised_likelihood,supervised_likelihood,supervised_likelihood,same_objective,1,2,0.6666666666666666
a9f0c1ffe22262b5bd3c,2,supervised_likelihood,supervised_likelihood,supervised_likelihood,supervised_likelihood,same_objective,2,3,1.0
a9ffad38d243411cd844,0,supervised_likelihood,supervised_likelihood,supervised_likelihood,supervised_likelihood,same_objective,0,1,1.0
aa0606268bf511b365a1,0,supervised_likelihood,supervised_likelihood,supervised_likelihood,supervised_likelihood,same_objective,0,1,0.5
aa0606268bf511b365a1,1,supervised_likelihood,supervised_likelihood,supervised_likelihood,supervised_likelihood,same_objective,1,2,1.0
aa2cea7b2ecaf62bc75b,0,supervised_likelihood,supervised_likelihood,supervised_likelihood,supervised_likelihood,same_objective,0,1,0.2
aa2cea7b2ecaf62bc75b,1,supervised_likelihood,supervised_likelihood,supervised_likelihood,supervised_likelihood,same_objective,1,2,0.4
aa2cea7b2ecaf62bc75b,2,supervised_likelihood,supervised_likelihood,supervised_likelihood,supervised_likelihood,same_objective,2,3,0.6
aa2cea7b2ecaf62bc75b,3,supervised_likelihood,supervised_likelihood,supervised_likelihood,supervised_likelihood,same_objective,3,4,0.8
aa2cea7b2ecaf62bc75b,4,supervised_likelihood,supervised_likelihood,supervised_likelihood,supervised_likelihood,same_objective,4,5,1.0
aa63c7d388568f79d62e,0,supervised_likelihood,supervised_likelihood,supervised_likelihood,supervised_likelihood,same_objective,0,1,0.125
aa63c7d388568f79d62e,1,supervised_likelihood,supervised_likelihood,supervised_likelihood,supervised_likelihood,same_objective,1,2,0.25
aa63c7d388568f79d62e,2,supervised_likelihood,supervised_likelihood,supervised_likelihood,supervised_likelihood,same_objective,2,3,0.375
aa63c7d388568f79d62e,3,supervised_likelihood,supervised_likelihood,supervised_likelihood,supervised_likelihood,same_objective,3,4,0.5
aa63c7d388568f79d62e,4,supervised_likelihood,supervised_likelihood,supervised_likelihood,supervised_likelihood,same_objective,4,5,0.625
aa63c7d388568f79d62e,5,supervised_likelihood,supervised_likelihood,supervised_likelihood,supervised_likelihood,same_objective,5,6,0.75
aa63c7d388568f79d62e,6,supervised_likelihood,supervised_likelihood,supervised_likelihood,supervised_likelihood,same_objective,6,7,0.875
aa63c7d388568f79d62e,7,supervised_likelihood,supervised_likelihood,supervised_likelihood,supervised_likelihood,same_objective,7,8,1.0
aaf3560a86a1b08f2581,0,supervised_likelihood,supervised_likelihood,supervised_likelihood,supervised_likelihood,same_objective,0,1,0.08333333333333333
aaf3560a86a1b08f2581,1,supervised_likelihood,supervised_likelihood,supervised_likelihood,supervised_likelihood,same_objective,1,2,0.16666666666666666
aaf3560a86a1b08f2581,2,supervised_likelihood,supervised_likelihood,supervised_likelihood,supervised_likelihood,same_objective,2,3,0.25
aaf3560a86a1b08f2581,3,supervised_likelihood,supervised_likelihood,supervised_likelihood,supervised_likelihood,same_objective,3,4,0.3333333333333333
aaf3560a86a1b08f2581,4,supervised_likelihood,supervised_likelihood,supervised_likelihood,supervised_likelihood,same_objective,4,5,0.4166666666666667
aaf3560a86a1b08f2581,5,supervised_likelihood,supervised_likelihood,supervised_likelihood,supervised_likelihood,same_objective,5,6,0.5
aaf3560a86a1b08f2581,6,supervised_likelihood,supervised_likelihood,supervised_likelihood,supervised_likelihood,same_objective,6,7,0.5833333333333334
aaf3560a86a1b08f2581,7,supervised_likelihood,supervised_likelihood,supervised_likelihood,supervised_likelihood,same_objective,7,8,0.6666666666666666
aaf3560a86a1b08f2581,8,supervised_likelihood,supervised_likelihood,supervised_likelihood,supervised_likelihood,same_objective,8,9,0.75
aaf3560a86a1b08f2581,9,supervised_likelihood,supervised_likelihood,supervised_likelihood,supervised_likelihood,same_objective,9,10,0.8333333333333334
aaf3560a86a1b08f2581,10,supervised_likelihood,supervised_likelihood,supervised_likelihood,supervised_likelihood,same_objective,10,11,0.9166666666666666
aaf3560a86a1b08f2581,11,supervised_likelihood,supervised_likelihood,supervised_likelihood,supervised_likelihood,same_objective,11,12,1.0
ab6745d58b385978dbab,0,supervised_likelihood,supervised_likelihood,supervised_likelihood,supervised_likelihood,same_objective,0,1,0.3333333333333333
ab6745d58b385978dbab,1,supervised_likelihood,supervised_likelihood,supervised_likelihood,supervised_likelihood,same_objective,1,2,0.6666666666666666
ab6745d58b385978dbab,2,supervised_likelihood,supervised_likelihood,supervised_likelihood,supervised_likelihood,same_objective,2,3,1.0
ab8604802a6fba90c6bc,0,supervised_likelihood,supervised_likelihood,supervised_likelihood,supervised_likelihood,same_objective,0,1,0.25
ab8604802a6fba90c6bc,1,supervised_likelihood,supervised_likelihood,supervised_likelihood,supervised_likelihood,same_objective,1,2,0.5
ab8604802a6fba90c6bc,2,supervised_likelihood,supervised_likelihood,supervised_likelihood,supervised_likelihood,same_objective,2,3,0.75
ab8604802a6fba90c6bc,3,supervised_likelihood,supervised_likelihood,supervised_likelihood,supervised_likelihood,same_objective,3,4,1.0
abb2b474c72c87ca7eeb,0,supervised_likelihood,supervised_likelihood,supervised_likelihood,supervised_likelihood,same_objective,0,1,0.25
abb2b474c72c87ca7eeb,1,supervised_likelihood,supervised_likelihood,supervised_likelihood,supervised_likelihood,same_objective,1,2,0.5
abb2b474c72c87ca7eeb,2,supervised_likelihood,supervised_likelihood,supervised_likelihood,supervised_likelihood,same_objective,2,3,0.75
abb2b474c72c87ca7eeb,3,supervised_likelihood,supervised_likelihood,supervised_likelihood,supervised_likelihood,same_objective,3,4,1.0
abd46fc42c53f27fde4c,0,supervised_likelihood,supervised_likelihood,supervised_likelihood,supervised_likelihood,same_objective,0,1,0.09090909090909091
abd46fc42c53f27fde4c,1,supervised_likelihood,supervised_likelihood,supervised_likelihood,supervised_likelihood,same_objective,1,2,0.18181818181818182
abd46fc42c53f27fde4c,2,supervised_likelihood,supervised_likelihood,supervised_likelihood,supervised_likelihood,same_objective,2,3,0.2727272727272727
abd46fc42c53f27fde4c,3,supervised_likelihood,supervised_likelihood,supervised_likelihood,supervised_likelihood,same_objective,3,4,0.36363636363636365
abd46fc42c53f27fde4c,4,supervised_likelihood,supervised_likelihood,supervised_likelihood,supervised_likelihood,same_objective,4,5,0.45454545454545453
abd46fc42c53f27fde4c,5,supervised_likelihood,supervised_likelihood,supervised_likelihood,supervised_likelihood,same_objective,5,6,0.5454545454545454
abd46fc42c53f27fde4c,6,supervised_likelihood,supervised_likelihood,supervised_likelihood,supervised_likelihood,same_objective,6,7,0.6363636363636364
abd46fc42c53f27fde4c,7,supervised_likelihood,supervised_likelihood,supervised_likelihood,supervised_likelihood,same_objective,7,8,0.7272727272727273
abd46fc42c53f27fde4c,8,supervised_likelihood,supervised_likelihood,supervised_likelihood,supervised_likelihood,same_objective,8,9,0.8181818181818182
abd46fc42c53f27fde4c,9,supervised_likelihood,supervised_likelihood,supervised_likelihood,supervised_likelihood,same_objective,9,10,0.9090909090909091
abdd0145d9d1b9579ec5,0,supervised_likelihood,supervised_likelihood,supervised_likelihood,supervised_likelihood,same_objective,0,1,0.1111111111111111
abdd0145d9d1b9579ec5,1,supervised_likelihood,supervised_likelihood,supervised_likelihood,supervised_likelihood,same_objective,1,2,0.2222222222222222
abdd0145d9d1b9579ec5,2,supervised_likelihood,supervised_likelihood,supervised_likelihood,supervised_likelihood,same_objective,2,3,0.3333333333333333
abdd0145d9d1b9579ec5,3,supervised_likelihood,supervised_likelihood,supervised_likelihood,supervised_likelihood,same_objective,3,4,0.4444444444444444
abdd0145d9d1b9579ec5,4,supervised_likelihood,supervised_likelihood,supervised_likelihood,supervised_likelihood,same_objective,4,5,0.5555555555555556
abdd0145d9d1b9579ec5,5,supervised_likelihood,supervised_likelihood,supervised_likelihood,supervised_likelihood,same_objective,5,6,0.6666666666666666
abdd0145d9d1b9579ec5,6,supervised_likelihood,supervised_likelihood,supervised_likelihood,supervised_likelihood,same_objective,6,7,0.7777777777777778
abdd0145d9d1b9579ec5,7,supervised_likelihood,supervised_likelihood,supervised_likelihood,supervised_likelihood,same_objective,7,8,0.8888888888888888
abdd0145d9d1b9579ec5,8,supervised_likelihood,supervised_likelihood,supervised_likelihood,supervised_likelihood,same_objective,8,9,1.0
abfd55454b4af4d10af7,0,supervised_likelihood,supervised_likelihood,supervised_likelihood,supervised_likelihood,same_objective,0,1,0.06666666666666667
abfd55454b4af4d10af7,1,supervised_likelihood,supervised_likelihood,supervised_likelihood,supervised_likelihood,same_objective,1,2,0.13333333333333333
abfd55454b4af4d10af7,2,supervised_likelihood,supervised_likelihood,supervised_likelihood,supervised_likelihood,same_objective,2,3,0.2
abfd55454b4af4d10af7,3,supervised_likelihood,supervised_likelihood,supervised_likelihood,supervised_likelihood,same_objective,3,4,0.26666666666666666
abfd55454b4af4d10af7,4,supervised_likelihood,supervised_likelihood,supervised_likelihood,supervised_likelihood,same_objective,4,5,0.3333333333333333
abfd55454b4af4d10af7,5,supervised_likelihood,supervised_likelihood,supervised_likelihood,supervised_likelihood,same_objective,5,6,0.4
abfd55454b4af4d10af7,6,supervised_likelihood,supervised_likelihood,supervised_likelihood,supervised_likelihood,same_objective,6,7,0.4666666666666667
abfd55454b4af4d10af7,7,supervised_likelihood,supervised_likelihood,supervised_likelihood,supervised_likelihood,same_objective,7,8,0.5333333333333333
abfd55454b4af4d10af7,8,supervised_likelihood,supervised_likelihood,supervised_likelihood,supervised_likelihood,same_objective,8,9,0.6
abfd55454b4af4d10af7,9,supervised_likelihood,supervised_likelihood,supervised_likelihood,supervised_likelihood,same_objective,9,10,0.6666666666666666
abfd55454b4af4d10af7,10,supervised_likelihood,supervised_likelihood,supervised_likelihood,supervised_likelihood,same_objective,10,11,0.7333333333333333
abfd55454b4af4d10af7,11,supervised_likelihood,supervised_likelihood,supervised_likelihood,supervised_likelihood,same_objective,11,12,0.8
abfd55454b4af4d10af7,12,supervised_likelihood,supervised_likelihood,supervised_likelihood,supervised_likelihood,same_objective,12,13,0.8666666666666667
abfd55454b4af4d10af7,13,supervised_likelihood,supervised_likelihood,supervised_likelihood,supervised_likelihood,same_objective,13,14,0.9333333333333333
abfd55454b4af4d10af7,14,supervised_likelihood,supervised_likelihood,supervised_likelihood,supervised_likelihood,same_objective,14,15,1.0
abfe27dbede4e8b11f1f,0,supervised_likelihood,supervised_likelihood,supervised_likelihood,supervised_likelihood,same_objective,0,1,0.2
abfe27dbede4e8b11f1f,1,supervised_likelihood,supervised_likelihood,supervised_likelihood,supervised_likelihood,same_objective,1,2,0.4
abfe27dbede4e8b11f1f,2,supervised_likelihood,supervised_likelihood,supervised_likelihood,supervised_likelihood,same_objective,2,3,0.6
abfe27dbede4e8b11f1f,3,supervised_likelihood,supervised_likelihood,supervised_likelihood,supervised_likelihood,same_objective,3,4,0.8
abfe27dbede4e8b11f1f,4,supervised_likelihood,supervised_likelihood,supervised_likelihood,supervised_likelihood,same_objective,4,5,1.0
ac26b69b337eea609b8c,0,supervised_likelihood,supervised_likelihood,supervised_likelihood,supervised_likelihood,same_objective,0,1,1.0
ac2cb6226076974e6b34,0,supervised_likelihood,supervised_likelihood,supervised_likelihood,supervised_likelihood,same_objective,0,1,0.2
ac2cb6226076974e6b34,1,supervised_likelihood,supervised_likelihood,supervised_likelihood,supervised_likelihood,same_objective,1,2,0.4
ac2cb6226076974e6b34,2,supervised_likelihood,supervised_likelihood,supervised_likelihood,supervised_likelihood,same_objective,2,3,0.6
ac2cb6226076974e6b34,3,supervised_likelihood,supervised_likelihood,supervised_likelihood,supervised_likelihood,same_objective,3,4,0.8
ac2cb6226076974e6b34,4,supervised_likelihood,supervised_likelihood,supervised_likelihood,supervised_likelihood,same_objective,4,5,1.0
ac482b6963bfa8f1a463,0,supervised_likelihood,supervised_likelihood,supervised_likelihood,supervised_likelihood,same_objective,0,1,1.0
ad3b7afe0f5e8da062d5,0,supervised_likelihood,supervised_likelihood,supervised_likelihood,supervised_likelihood,same_objective,0,1,0.5
ad3b7afe0f5e8da062d5,1,supervised_likelihood,supervised_likelihood,supervised_likelihood,supervised_likelihood,same_objective,1,2,1.0
ad73302b96d1900c6412,0,supervised_likelihood,supervised_likelihood,supervised_likelihood,supervised_likelihood,same_objective,0,1,0.14285714285714285
ad73302b96d1900c6412,1,supervised_likelihood,supervised_likelihood,supervised_likelihood,supervised_likelihood,same_objective,1,2,0.2857142857142857
ad73302b96d1900c6412,2,supervised_likelihood,supervised_likelihood,supervised_likelihood,supervised_likelihood,same_objective,2,3,0.42857142857142855
ad73302b96d1900c6412,3,supervised_likelihood,supervised_likelihood,supervised_likelihood,supervised_likelihood,same_objective,3,4,0.5714285714285714
ad73302b96d1900c6412,4,supervised_likelihood,supervised_likelihood,supervised_likelihood,supervised_likelihood,same_objective,4,5,0.7142857142857143
ad73302b96d1900c6412,5,supervised_likelihood,supervised_likelihood,supervised_likelihood,supervised_likelihood,same_objective,5,6,0.8571428571428571
ad73302b96d1900c6412,6,supervised_likelihood,supervised_likelihood,supervised_likelihood,supervised_likelihood,same_objective,6,7,1.0
ae0a98d6f59075e968e3,0,supervised_likelihood,supervised_likelihood,supervised_likelihood,supervised_likelihood,same_objective,0,1,0.125
ae0a98d6f59075e968e3,1,supervised_likelihood,supervised_likelihood,supervised_likelihood,supervised_likelihood,same_objective,1,2,0.25
ae0a98d6f59075e968e3,2,supervised_likelihood,supervised_likelihood,supervised_likelihood,supervised_likelihood,same_objective,2,3,0.375
ae0a98d6f59075e968e3,3,supervised_likelihood,supervised_likelihood,supervised_likelihood,supervised_likelihood,same_objective,3,4,0.5
ae0a98d6f59075e968e3,4,supervised_likelihood,supervised_likelihood,supervised_likelihood,supervised_likelihood,same_objective,4,5,0.625
ae0a98d6f59075e968e3,5,supervised_likelihood,supervised_likelihood,supervised_likelihood,supervised_likelihood,same_objective,5,6,0.75
ae0a98d6f59075e968e3,6,supervised_likelihood,supervised_likelihood,supervised_likelihood,supervised_likelihood,same_objective,6,7,0.875
ae0a98d6f59075e968e3,7,supervised_likelihood,supervised_likelihood,supervised_likelihood,supervised_likelihood,same_objective,7,8,1.0
ae43cf72c8c371ff1e35,0,supervised_likelihood,supervised_likelihood,supervised_likelihood,supervised_likelihood,same_objective,0,1,0.5
ae43cf72c8c371ff1e35,1,supervised_likelihood,supervised_likelihood,supervised_likelihood,supervised_likelihood,same_objective,1,2,1.0
ae61b8c09247133f866e,0,supervised_likelihood,supervised_likelihood,supervised_likelihood,supervised_likelihood,same_objective,0,1,0.3333333333333333
ae61b8c09247133f866e,1,supervised_likelihood,supervised_likelihood,supervised_likelihood,supervised_likelihood,same_objective,1,2,0.6666666666666666
ae61b8c09247133f866e,2,supervised_likelihood,supervised_likelihood,supervised_likelihood,supervised_likelihood,same_objective,2,3,1.0
ae9a1590aeeb0f6fb061,0,supervised_likelihood,supervised_likelihood,supervised_likelihood,supervised_likelihood,same_objective,0,1,0.2
ae9a1590aeeb0f6fb061,1,supervised_likelihood,supervised_likelihood,supervised_likelihood,supervised_likelihood,same_objective,1,2,0.4
ae9a1590aeeb0f6fb061,2,supervised_likelihood,supervised_likelihood,supervised_likelihood,supervised_likelihood,same_objective,2,3,0.6
ae9a1590aeeb0f6fb061,3,supervised_likelihood,supervised_likelihood,supervised_likelihood,supervised_likelihood,same_objective,3,4,0.8
ae9a1590aeeb0f6fb061,4,supervised_likelihood,supervised_likelihood,supervised_likelihood,supervised_likelihood,same_objective,4,5,1.0
ae9c94e6151ad05df19f,0,supervised_likelihood,supervised_likelihood,supervised_likelihood,supervised_likelihood,same_objective,0,1,0.2
ae9c94e6151ad05df19f,1,supervised_likelihood,supervised_likelihood,supervised_likelihood,supervised_likelihood,same_objective,1,2,0.4
ae9c94e6151ad05df19f,2,supervised_likelihood,supervised_likelihood,supervised_likelihood,supervised_likelihood,same_objective,2,3,0.6
ae9c94e6151ad05df19f,3,supervised_likelihood,supervised_likelihood,supervised_likelihood,supervised_likelihood,same_objective,3,4,0.8
ae9c94e6151ad05df19f,4,supervised_likelihood,supervised_likelihood,supervised_likelihood,supervised_likelihood,same_objective,4,5,1.0
af14e05dc6b1718030d9,0,supervised_likelihood,supervised_likelihood,supervised_likelihood,supervised_likelihood,same_objective,0,1,0.5
af14e05dc6b1718030d9,1,supervised_likelihood,supervised_likelihood,supervised_likelihood,supervised_likelihood,same_objective,1,2,1.0
af68ee40899a4c975c2d,0,supervised_likelihood,supervised_likelihood,supervised_likelihood,supervised_likelihood,same_objective,0,1,0.125
af68ee40899a4c975c2d,1,supervised_likelihood,supervised_likelihood,supervised_likelihood,supervised_likelihood,same_objective,1,2,0.25
af68ee40899a4c975c2d,2,supervised_likelihood,supervised_likelihood,supervised_likelihood,supervised_likelihood,same_objective,2,3,0.375
af68ee40899a4c975c2d,3,supervised_likelihood,supervised_likelihood,supervised_likelihood,supervised_likelihood,same_objective,3,4,0.5
af68ee40899a4c975c2d,4,supervised_likelihood,supervised_likelihood,supervised_likelihood,supervised_likelihood,same_objective,4,5,0.625
af68ee40899a4c975c2d,5,supervised_likelihood,supervised_likelihood,supervised_likelihood,supervised_likelihood,same_objective,5,6,0.75
af68ee40899a4c975c2d,6,supervised_likelihood,supervised_likelihood,supervised_likelihood,supervised_likelihood,same_objective,6,7,0.875
af68ee40899a4c975c2d,7,supervised_likelihood,supervised_likelihood,supervised_likelihood,supervised_likelihood,same_objective,7,8,1.0
af8baa5000a544e37747,0,supervised_likelihood,supervised_likelihood,supervised_likelihood,supervised_likelihood,same_objective,0,1,0.14285714285714285
af8baa5000a544e37747,1,supervised_likelihood,supervised_likelihood,supervised_likelihood,supervised_likelihood,same_objective,1,2,0.2857142857142857
af8baa5000a544e37747,2,supervised_likelihood,supervised_likelihood,supervised_likelihood,supervised_likelihood,same_objective,2,3,0.42857142857142855
af8baa5000a544e37747,3,supervised_likelihood,supervised_likelihood,supervised_likelihood,supervised_likelihood,same_objective,3,4,0.5714285714285714
af8baa5000a544e37747,4,supervised_likelihood,supervised_likelihood,supervised_likelihood,supervised_likelihood,same_objective,4,5,0.7142857142857143
af8baa5000a544e37747,5,supervised_likelihood,supervised_likelihood,supervised_likelihood,supervised_likelihood,same_objective,5,6,0.8571428571428571
af8baa5000a544e37747,6,supervised_likelihood,supervised_likelihood,supervised_likelihood,supervised_likelihood,same_objective,6,7,1.0
af8ff8b572ef3a454917,0,supervised_likelihood,supervised_likelihood,supervised_likelihood,supervised_likelihood,same_objective,0,1,0.3333333333333333
af8ff8b572ef3a454917,1,supervised_likelihood,supervised_likelihood,supervised_likelihood,supervised_likelihood,same_objective,1,2,0.6666666666666666
af8ff8b572ef3a454917,2,supervised_likelihood,supervised_likelihood,supervised_likelihood,supervised_likelihood,same_objective,2,3,1.0
afdb1e90c3673002ad7e,0,supervised_likelihood,supervised_likelihood,supervised_likelihood,supervised_likelihood,same_objective,0,1,0.3333333333333333
afdb1e90c3673002ad7e,1,supervised_likelihood,supervised_likelihood,supervised_likelihood,supervised_likelihood,same_objective,1,2,0.6666666666666666
afdb1e90c3673002ad7e,2,supervised_likelihood,supervised_likelihood,supervised_likelihood,supervised_likelihood,same_objective,2,3,1.0
b01f786a0ad0956bd11f,0,supervised_likelihood,supervised_likelihood,supervised_likelihood,supervised_likelihood,same_objective,0,1,0.125
b01f786a0ad0956bd11f,1,supervised_likelihood,supervised_likelihood,supervised_likelihood,supervised_likelihood,same_objective,1,2,0.25
b01f786a0ad0956bd11f,2,supervised_likelihood,supervised_likelihood,supervised_likelihood,supervised_likelihood,same_objective,2,3,0.375
b01f786a0ad0956bd11f,3,supervised_likelihood,supervised_likelihood,supervised_likelihood,supervised_likelihood,same_objective,3,4,0.5
b01f786a0ad0956bd11f,4,supervised_likelihood,supervised_likelihood,supervised_likelihood,supervised_likelihood,same_objective,4,5,0.625
b01f786a0ad0956bd11f,5,supervised_likelihood,supervised_likelihood,supervised_likelihood,supervised_likelihood,same_objective,5,6,0.75
b01f786a0ad0956bd11f,6,supervised_likelihood,supervised_likelihood,supervised_likelihood,supervised_likelihood,same_objective,6,7,0.875
b01f786a0ad0956bd11f,7,supervised_likelihood,supervised_likelihood,supervised_likelihood,supervised_likelihood,same_objective,7,8,1.0
b029f18a9933c7d53361,0,supervised_likelihood,supervised_likelihood,supervised_likelihood,supervised_likelihood,same_objective,0,1,0.2
b029f18a9933c7d53361,1,supervised_likelihood,supervised_likelihood,supervised_likelihood,supervised_likelihood,same_objective,1,2,0.4
b029f18a9933c7d53361,2,supervised_likelihood,supervised_likelihood,supervised_likelihood,supervised_likelihood,same_objective,2,3,0.6
b029f18a9933c7d53361,3,supervised_likelihood,supervised_likelihood,supervised_likelihood,supervised_likelihood,same_objective,3,4,0.8
b029f18a9933c7d53361,4,supervised_likelihood,supervised_likelihood,supervised_likelihood,supervised_likelihood,same_objective,4,5,1.0
b15053c2a29a9b21f22e,0,supervised_likelihood,supervised_likelihood,supervised_likelihood,supervised_likelihood,same_objective,0,1,0.14285714285714285
b15053c2a29a9b21f22e,1,supervised_likelihood,supervised_likelihood,supervised_likelihood,supervised_likelihood,same_objective,1,2,0.2857142857142857
b15053c2a29a9b21f22e,2,supervised_likelihood,supervised_likelihood,supervised_likelihood,supervised_likelihood,same_objective,2,3,0.42857142857142855
b15053c2a29a9b21f22e,3,supervised_likelihood,supervised_likelihood,supervised_likelihood,supervised_likelihood,same_objective,3,4,0.5714285714285714
b15053c2a29a9b21f22e,4,supervised_likelihood,supervised_likelihood,supervised_likelihood,supervised_likelihood,same_objective,4,5,0.7142857142857143
b15053c2a29a9b21f22e,5,supervised_likelihood,supervised_likelihood,supervised_likelihood,supervised_likelihood,same_objective,5,6,0.8571428571428571
b15053c2a29a9b21f22e,6,supervised_likelihood,supervised_likelihood,supervised_likelihood,supervised_likelihood,same_objective,6,7,1.0
b152fc3b295f1b8e39f4,0,supervised_likelihood,supervised_likelihood,supervised_likelihood,supervised_likelihood,same_objective,0,1,0.16666666666666666
b152fc3b295f1b8e39f4,1,supervised_likelihood,supervised_likelihood,supervised_likelihood,supervised_likelihood,same_objective,1,2,0.3333333333333333
b152fc3b295f1b8e39f4,2,supervised_likelihood,supervised_likelihood,supervised_likelihood,supervised_likelihood,same_objective,2,3,0.5
b152fc3b295f1b8e39f4,3,supervised_likelihood,reward_optimization,supervised_likelihood,reward_grpo,objective_change,3,4,0.6666666666666666
b152fc3b295f1b8e39f4,4,reward_optimization,supervised_likelihood,reward_grpo,supervised_likelihood,objective_change,4,5,0.8333333333333334
b152fc3b295f1b8e39f4,5,supervised_likelihood,supervised_likelihood,supervised_likelihood,supervised_likelihood,same_objective,5,6,1.0
b19393a369489c9018ec,0,supervised_likelihood,supervised_likelihood,supervised_likelihood,supervised_likelihood,same_objective,0,1,0.25
b19393a369489c9018ec,1,supervised_likelihood,supervised_likelihood,supervised_likelihood,supervised_likelihood,same_objective,1,2,0.5
b19393a369489c9018ec,2,supervised_likelihood,supervised_likelihood,supervised_likelihood,supervised_likelihood,same_objective,2,3,0.75
b19393a369489c9018ec,3,supervised_likelihood,supervised_likelihood,supervised_likelihood,supervised_likelihood,same_objective,3,4,1.0
b194a9e7c82f195e601e,0,supervised_likelihood,supervised_likelihood,supervised_likelihood,supervised_likelihood,same_objective,0,1,0.09090909090909091
b194a9e7c82f195e601e,1,supervised_likelihood,supervised_likelihood,supervised_likelihood,supervised_likelihood,same_objective,1,2,0.18181818181818182
b194a9e7c82f195e601e,2,supervised_likelihood,supervised_likelihood,supervised_likelihood,supervised_likelihood,same_objective,2,3,0.2727272727272727
b194a9e7c82f195e601e,3,supervised_likelihood,supervised_likelihood,supervised_likelihood,supervised_likelihood,same_objective,3,4,0.36363636363636365
b194a9e7c82f195e601e,4,supervised_likelihood,supervised_likelihood,supervised_likelihood,supervised_likelihood,same_objective,4,5,0.45454545454545453
b194a9e7c82f195e601e,5,supervised_likelihood,supervised_likelihood,supervised_likelihood,supervised_likelihood,same_objective,5,6,0.5454545454545454
b194a9e7c82f195e601e,6,supervised_likelihood,supervised_likelihood,supervised_likelihood,supervised_likelihood,same_objective,6,7,0.6363636363636364
b194a9e7c82f195e601e,7,supervised_likelihood,supervised_likelihood,supervised_likelihood,supervised_likelihood,same_objective,7,8,0.7272727272727273
b194a9e7c82f195e601e,8,supervised_likelihood,supervised_likelihood,supervised_likelihood,supervised_likelihood,same_objective,8,9,0.8181818181818182
b194a9e7c82f195e601e,9,supervised_likelihood,supervised_likelihood,supervised_likelihood,supervised_likelihood,same_objective,9,10,0.9090909090909091
b194a9e7c82f195e601e,10,supervised_likelihood,supervised_likelihood,supervised_likelihood,supervised_likelihood,same_objective,10,11,1.0
b1bf9b4f026e7c116b70,0,supervised_likelihood,supervised_likelihood,supervised_likelihood,supervised_likelihood,same_objective,0,1,0.1111111111111111
b1bf9b4f026e7c116b70,1,supervised_likelihood,supervised_likelihood,supervised_likelihood,supervised_likelihood,same_objective,1,2,0.2222222222222222
b1bf9b4f026e7c116b70,2,supervised_likelihood,supervised_likelihood,supervised_likelihood,supervised_likelihood,same_objective,2,3,0.3333333333333333
b1bf9b4f026e7c116b70,3,supervised_likelihood,supervised_likelihood,supervised_likelihood,supervised_likelihood,same_objective,3,4,0.4444444444444444
b1bf9b4f026e7c116b70,4,supervised_likelihood,supervised_likelihood,supervised_likelihood,supervised_likelihood,same_objective,4,5,0.5555555555555556
b1bf9b4f026e7c116b70,5,supervised_likelihood,supervised_likelihood,supervised_likelihood,supervised_likelihood,same_objective,5,6,0.6666666666666666
b1bf9b4f026e7c116b70,6,supervised_likelihood,supervised_likelihood,supervised_likelihood,supervised_likelihood,same_objective,6,7,0.7777777777777778
b1bf9b4f026e7c116b70,7,supervised_likelihood,supervised_likelihood,supervised_likelihood,supervised_likelihood,same_objective,7,8,0.8888888888888888
b1bf9b4f026e7c116b70,8,supervised_likelihood,supervised_likelihood,supervised_likelihood,supervised_likelihood,same_objective,8,9,1.0
b2e1d671b32c1fc71c8f,0,supervised_likelihood,supervised_likelihood,supervised_likelihood,supervised_likelihood,same_objective,0,1,0.3333333333333333
b2e1d671b32c1fc71c8f,1,supervised_likelihood,supervised_likelihood,supervised_likelihood,supervised_likelihood,same_objective,1,2,0.6666666666666666
b2e1d671b32c1fc71c8f,2,supervised_likelihood,supervised_likelihood,supervised_likelihood,supervised_likelihood,same_objective,2,3,1.0
b2ecb124afbc70073ae7,0,supervised_likelihood,supervised_likelihood,supervised_likelihood,supervised_likelihood,same_objective,0,1,0.125
b2ecb124afbc70073ae7,1,supervised_likelihood,supervised_likelihood,supervised_likelihood,supervised_likelihood,same_objective,1,2,0.25
b2ecb124afbc70073ae7,2,supervised_likelihood,supervised_likelihood,supervised_likelihood,supervised_likelihood,same_objective,2,3,0.375
b2ecb124afbc70073ae7,3,supervised_likelihood,supervised_likelihood,supervised_likelihood,supervised_likelihood,same_objective,3,4,0.5
b2ecb124afbc70073ae7,4,supervised_likelihood,supervised_likelihood,supervised_likelihood,supervised_likelihood,same_objective,4,5,0.625
b2ecb124afbc70073ae7,5,supervised_likelihood,supervised_likelihood,supervised_likelihood,supervised_likelihood,same_objective,5,6,0.75
b2ecb124afbc70073ae7,6,supervised_likelihood,supervised_likelihood,supervised_likelihood,supervised_likelihood,same_objective,6,7,0.875
b2ecb124afbc70073ae7,7,supervised_likelihood,supervised_likelihood,supervised_likelihood,supervised_likelihood,same_objective,7,8,1.0
b320a20dba29fc8e95df,0,supervised_likelihood,supervised_likelihood,supervised_likelihood,supervised_likelihood,same_objective,0,1,0.16666666666666666
b320a20dba29fc8e95df,1,supervised_likelihood,supervised_likelihood,supervised_likelihood,supervised_likelihood,same_objective,1,2,0.3333333333333333
b320a20dba29fc8e95df,2,supervised_likelihood,supervised_likelihood,supervised_likelihood,supervised_likelihood,same_objective,2,3,0.5
b351b70ee335ba7f2bc1,0,supervised_likelihood,supervised_likelihood,supervised_likelihood,supervised_likelihood,same_objective,0,1,0.1111111111111111
b351b70ee335ba7f2bc1,1,supervised_likelihood,supervised_likelihood,supervised_likelihood,supervised_likelihood,same_objective,1,2,0.2222222222222222
b351b70ee335ba7f2bc1,2,supervised_likelihood,supervised_likelihood,supervised_likelihood,supervised_likelihood,same_objective,2,3,0.3333333333333333
b351b70ee335ba7f2bc1,3,supervised_likelihood,supervised_likelihood,supervised_likelihood,supervised_likelihood,same_objective,3,4,0.4444444444444444
b351b70ee335ba7f2bc1,4,supervised_likelihood,supervised_likelihood,supervised_likelihood,supervised_likelihood,same_objective,4,5,0.5555555555555556
b351b70ee335ba7f2bc1,5,supervised_likelihood,supervised_likelihood,supervised_likelihood,supervised_likelihood,same_objective,5,6,0.6666666666666666
b351b70ee335ba7f2bc1,6,supervised_likelihood,supervised_likelihood,supervised_likelihood,supervised_likelihood,same_objective,6,7,0.7777777777777778
b351b70ee335ba7f2bc1,7,supervised_likelihood,supervised_likelihood,supervised_likelihood,supervised_likelihood,same_objective,7,8,0.8888888888888888
b351b70ee335ba7f2bc1,8,supervised_likelihood,supervised_likelihood,supervised_likelihood,supervised_likelihood,same_objective,8,9,1.0
b4f3f81a0d236c1bffa8,0,supervised_likelihood,supervised_likelihood,supervised_likelihood,supervised_likelihood,same_objective,0,1,0.2
b4f3f81a0d236c1bffa8,1,supervised_likelihood,supervised_likelihood,supervised_likelihood,supervised_likelihood,same_objective,1,2,0.4
b4f3f81a0d236c1bffa8,2,supervised_likelihood,supervised_likelihood,supervised_likelihood,supervised_likelihood,same_objective,2,3,0.6
b4f3f81a0d236c1bffa8,3,supervised_likelihood,supervised_likelihood,supervised_likelihood,supervised_likelihood,same_objective,3,4,0.8
b4f3f81a0d236c1bffa8,4,supervised_likelihood,supervised_likelihood,supervised_likelihood,supervised_likelihood,same_objective,4,5,1.0
b562115c0d2f4f8dc828,0,supervised_likelihood,supervised_likelihood,supervised_likelihood,supervised_likelihood,same_objective,0,1,0.5
b562115c0d2f4f8dc828,1,supervised_likelihood,supervised_likelihood,supervised_likelihood,supervised_likelihood,same_objective,1,2,1.0
b5cbcf047a2faf05695f,0,supervised_likelihood,supervised_likelihood,supervised_likelihood,supervised_likelihood,same_objective,0,1,0.5
b5cbcf047a2faf05695f,1,supervised_likelihood,supervised_likelihood,supervised_likelihood,supervised_likelihood,same_objective,1,2,1.0
b5f7c3bd3479f99bbd10,0,supervised_likelihood,supervised_likelihood,supervised_likelihood,supervised_likelihood,same_objective,0,1,0.5
b5f7c3bd3479f99bbd10,1,supervised_likelihood,supervised_likelihood,supervised_likelihood,supervised_likelihood,same_objective,1,2,1.0
b6796dccbadd92045fca,0,supervised_likelihood,supervised_likelihood,supervised_likelihood,supervised_likelihood,same_objective,0,1,0.3333333333333333
b6796dccbadd92045fca,1,supervised_likelihood,supervised_likelihood,supervised_likelihood,supervised_likelihood,same_objective,1,2,0.6666666666666666
b6796dccbadd92045fca,2,supervised_likelihood,supervised_likelihood,supervised_likelihood,supervised_likelihood,same_objective,2,3,1.0
b70b484793d306b21166,0,supervised_likelihood,supervised_likelihood,supervised_likelihood,supervised_likelihood,same_objective,0,1,0.125
b70b484793d306b21166,1,supervised_likelihood,supervised_likelihood,supervised_likelihood,supervised_likelihood,same_objective,1,2,0.25
b70b484793d306b21166,2,supervised_likelihood,supervised_likelihood,supervised_likelihood,supervised_likelihood,same_objective,2,3,0.375
b70b484793d306b21166,3,supervised_likelihood,supervised_likelihood,supervised_likelihood,supervised_likelihood,same_objective,3,4,0.5
b70b484793d306b21166,4,supervised_likelihood,supervised_likelihood,supervised_likelihood,supervised_likelihood,same_objective,4,5,0.625
b7405e2a2318b4b12363,0,supervised_likelihood,supervised_likelihood,supervised_likelihood,supervised_likelihood,same_objective,0,1,0.25
b7405e2a2318b4b12363,1,supervised_likelihood,supervised_likelihood,supervised_likelihood,supervised_likelihood,same_objective,1,2,0.5
b7405e2a2318b4b12363,2,supervised_likelihood,supervised_likelihood,supervised_likelihood,supervised_likelihood,same_objective,2,3,0.75
b7405e2a2318b4b12363,3,supervised_likelihood,supervised_likelihood,supervised_likelihood,supervised_likelihood,same_objective,3,4,1.0
b79b15fa25e094fb43fb,0,supervised_likelihood,supervised_likelihood,supervised_likelihood,supervised_likelihood,same_objective,0,1,0.2
b79b15fa25e094fb43fb,1,supervised_likelihood,supervised_likelihood,supervised_likelihood,supervised_likelihood,same_objective,1,2,0.4
b79b15fa25e094fb43fb,2,supervised_likelihood,supervised_likelihood,supervised_likelihood,supervised_likelihood,same_objective,2,3,0.6
b7ac1839ba96a80fb6c9,0,supervised_likelihood,supervised_likelihood,supervised_likelihood,supervised_likelihood,same_objective,0,1,0.125
b7ac1839ba96a80fb6c9,1,supervised_likelihood,supervised_likelihood,supervised_likelihood,supervised_likelihood,same_objective,1,2,0.25
b7ac1839ba96a80fb6c9,2,supervised_likelihood,supervised_likelihood,supervised_likelihood,supervised_likelihood,same_objective,2,3,0.375
b7ac1839ba96a80fb6c9,3,supervised_likelihood,supervised_likelihood,supervised_likelihood,supervised_likelihood,same_objective,3,4,0.5
b7ac1839ba96a80fb6c9,4,supervised_likelihood,supervised_likelihood,supervised_likelihood,supervised_likelihood,same_objective,4,5,0.625
b7ac1839ba96a80fb6c9,5,supervised_likelihood,supervised_likelihood,supervised_likelihood,supervised_likelihood,same_objective,5,6,0.75
b7ac1839ba96a80fb6c9,6,supervised_likelihood,supervised_likelihood,supervised_likelihood,supervised_likelihood,same_objective,6,7,0.875
b7ac1839ba96a80fb6c9,7,supervised_likelihood,supervised_likelihood,supervised_likelihood,supervised_likelihood,same_objective,7,8,1.0
b8635438d0c62a76a569,0,supervised_likelihood,supervised_likelihood,supervised_likelihood,supervised_likelihood,same_objective,0,1,0.3333333333333333
b8635438d0c62a76a569,1,supervised_likelihood,supervised_likelihood,supervised_likelihood,supervised_likelihood,same_objective,1,2,0.6666666666666666
b8635438d0c62a76a569,2,supervised_likelihood,supervised_likelihood,supervised_likelihood,supervised_likelihood,same_objective,2,3,1.0
b8779e0ce8add2949d89,0,supervised_likelihood,supervised_likelihood,supervised_likelihood,supervised_likelihood,same_objective,0,1,0.2
b8779e0ce8add2949d89,1,supervised_likelihood,supervised_likelihood,supervised_likelihood,supervised_likelihood,same_objective,1,2,0.4
b8779e0ce8add2949d89,2,supervised_likelihood,supervised_likelihood,supervised_likelihood,supervised_likelihood,same_objective,2,3,0.6
b8779e0ce8add2949d89,3,supervised_likelihood,supervised_likelihood,supervised_likelihood,supervised_likelihood,same_objective,3,4,0.8
b8779e0ce8add2949d89,4,supervised_likelihood,supervised_likelihood,supervised_likelihood,supervised_likelihood,same_objective,4,5,1.0
b92219e4b21816f9232a,0,supervised_likelihood,supervised_likelihood,supervised_likelihood,supervised_likelihood,same_objective,0,1,0.2
b92219e4b21816f9232a,1,supervised_likelihood,supervised_likelihood,supervised_likelihood,supervised_likelihood,same_objective,1,2,0.4
b92219e4b21816f9232a,2,supervised_likelihood,supervised_likelihood,supervised_likelihood,supervised_likelihood,same_objective,2,3,0.6
b92219e4b21816f9232a,3,supervised_likelihood,supervised_likelihood,supervised_likelihood,supervised_likelihood,same_objective,3,4,0.8
b92219e4b21816f9232a,4,supervised_likelihood,supervised_likelihood,supervised_likelihood,supervised_likelihood,same_objective,4,5,1.0
ba054d56bd384956a48b,0,supervised_likelihood,supervised_likelihood,supervised_likelihood,supervised_likelihood,same_objective,0,1,0.16666666666666666
ba054d56bd384956a48b,1,supervised_likelihood,supervised_likelihood,supervised_likelihood,supervised_likelihood,same_objective,1,2,0.3333333333333333
ba054d56bd384956a48b,2,supervised_likelihood,supervised_likelihood,supervised_likelihood,supervised_likelihood,same_objective,2,3,0.5
ba054d56bd384956a48b,3,supervised_likelihood,supervised_likelihood,supervised_likelihood,supervised_likelihood,same_objective,3,4,0.6666666666666666
ba054d56bd384956a48b,4,supervised_likelihood,supervised_likelihood,supervised_likelihood,supervised_likelihood,same_objective,4,5,0.8333333333333334
ba054d56bd384956a48b,5,supervised_likelihood,supervised_likelihood,supervised_likelihood,supervised_likelihood,same_objective,5,6,1.0
ba3072dd6e2d64315052,0,supervised_likelihood,supervised_likelihood,supervised_likelihood,supervised_likelihood,same_objective,0,1,0.5
ba3072dd6e2d64315052,1,supervised_likelihood,supervised_likelihood,supervised_likelihood,supervised_likelihood,same_objective,1,2,1.0
bacfb573867d5a3bdd10,0,supervised_likelihood,supervised_likelihood,supervised_likelihood,supervised_likelihood,same_objective,0,1,0.1111111111111111
bacfb573867d5a3bdd10,1,supervised_likelihood,supervised_likelihood,supervised_likelihood,supervised_likelihood,same_objective,1,2,0.2222222222222222
bacfb573867d5a3bdd10,2,supervised_likelihood,supervised_likelihood,supervised_likelihood,supervised_likelihood,same_objective,2,3,0.3333333333333333
bacfb573867d5a3bdd10,3,supervised_likelihood,supervised_likelihood,supervised_likelihood,supervised_likelihood,same_objective,3,4,0.4444444444444444
bacfb573867d5a3bdd10,4,supervised_likelihood,supervised_likelihood,supervised_likelihood,supervised_likelihood,same_objective,4,5,0.5555555555555556
bacfb573867d5a3bdd10,5,supervised_likelihood,supervised_likelihood,supervised_likelihood,supervised_likelihood,same_objective,5,6,0.6666666666666666
bacfb573867d5a3bdd10,6,supervised_likelihood,supervised_likelihood,supervised_likelihood,supervised_likelihood,same_objective,6,7,0.7777777777777778
bacfb573867d5a3bdd10,7,supervised_likelihood,supervised_likelihood,supervised_likelihood,supervised_likelihood,same_objective,7,8,0.8888888888888888
bacfb573867d5a3bdd10,8,supervised_likelihood,supervised_likelihood,supervised_likelihood,supervised_likelihood,same_objective,8,9,1.0
baee8f3fdae49153efb8,0,supervised_likelihood,supervised_likelihood,supervised_likelihood,supervised_likelihood,same_objective,0,1,0.25
baee8f3fdae49153efb8,1,supervised_likelihood,supervised_likelihood,supervised_likelihood,supervised_likelihood,same_objective,1,2,0.5
baee8f3fdae49153efb8,2,supervised_likelihood,supervised_likelihood,supervised_likelihood,supervised_likelihood,same_objective,2,3,0.75
baee8f3fdae49153efb8,3,supervised_likelihood,supervised_likelihood,supervised_likelihood,supervised_likelihood,same_objective,3,4,1.0
bb0568b70322a71cca3c,0,supervised_likelihood,supervised_likelihood,supervised_likelihood,supervised_likelihood,same_objective,0,1,0.5
bb0568b70322a71cca3c,1,supervised_likelihood,supervised_likelihood,supervised_likelihood,supervised_likelihood,same_objective,1,2,1.0
bb1c0ea26b0c5bd752b1,0,supervised_likelihood,supervised_likelihood,supervised_likelihood,supervised_likelihood,same_objective,0,1,0.3333333333333333
bb1c0ea26b0c5bd752b1,1,supervised_likelihood,supervised_likelihood,supervised_likelihood,supervised_likelihood,same_objective,1,2,0.6666666666666666
bb1c0ea26b0c5bd752b1,2,supervised_likelihood,supervised_likelihood,supervised_likelihood,supervised_likelihood,same_objective,2,3,1.0
bb71a6a4daeadffc73a1,0,supervised_likelihood,supervised_likelihood,supervised_likelihood,supervised_likelihood,same_objective,0,1,0.3333333333333333
bb71a6a4daeadffc73a1,1,supervised_likelihood,supervised_likelihood,supervised_likelihood,supervised_likelihood,same_objective,1,2,0.6666666666666666
bb71a6a4daeadffc73a1,2,supervised_likelihood,supervised_likelihood,supervised_likelihood,supervised_likelihood,same_objective,2,3,1.0
bb8b3cf4d1f1a1fabf3e,0,supervised_likelihood,supervised_likelihood,supervised_likelihood,supervised_likelihood,same_objective,0,1,0.2
bb8b3cf4d1f1a1fabf3e,1,supervised_likelihood,supervised_likelihood,supervised_likelihood,supervised_likelihood,same_objective,1,2,0.4
bb8b3cf4d1f1a1fabf3e,2,supervised_likelihood,supervised_likelihood,supervised_likelihood,supervised_likelihood,same_objective,2,3,0.6
bb8b3cf4d1f1a1fabf3e,3,supervised_likelihood,supervised_likelihood,supervised_likelihood,supervised_likelihood,same_objective,3,4,0.8
bb8b3cf4d1f1a1fabf3e,4,supervised_likelihood,supervised_likelihood,supervised_likelihood,supervised_likelihood,same_objective,4,5,1.0
bbfd96f658a5511f58c1,0,supervised_likelihood,supervised_likelihood,supervised_likelihood,supervised_likelihood,same_objective,0,1,0.09090909090909091
bbfd96f658a5511f58c1,1,supervised_likelihood,supervised_likelihood,supervised_likelihood,supervised_likelihood,same_objective,1,2,0.18181818181818182
bbfd96f658a5511f58c1,2,supervised_likelihood,supervised_likelihood,supervised_likelihood,supervised_likelihood,same_objective,2,3,0.2727272727272727
bbfd96f658a5511f58c1,3,supervised_likelihood,supervised_likelihood,supervised_likelihood,supervised_likelihood,same_objective,3,4,0.36363636363636365
bbfd96f658a5511f58c1,4,supervised_likelihood,supervised_likelihood,supervised_likelihood,supervised_likelihood,same_objective,4,5,0.45454545454545453
bbfd96f658a5511f58c1,5,supervised_likelihood,supervised_likelihood,supervised_likelihood,supervised_likelihood,same_objective,5,6,0.5454545454545454
bbfd96f658a5511f58c1,6,supervised_likelihood,supervised_likelihood,supervised_likelihood,supervised_likelihood,same_objective,6,7,0.6363636363636364
bbfd96f658a5511f58c1,7,supervised_likelihood,supervised_likelihood,supervised_likelihood,supervised_likelihood,same_objective,7,8,0.7272727272727273
bbfd96f658a5511f58c1,8,supervised_likelihood,supervised_likelihood,supervised_likelihood,supervised_likelihood,same_objective,8,9,0.8181818181818182
bbfd96f658a5511f58c1,9,supervised_likelihood,supervised_likelihood,supervised_likelihood,supervised_likelihood,same_objective,9,10,0.9090909090909091
bbfd96f658a5511f58c1,10,supervised_likelihood,supervised_likelihood,supervised_likelihood,supervised_likelihood,same_objective,10,11,1.0
bc465eaf75bc90cf6e40,0,supervised_likelihood,supervised_likelihood,supervised_likelihood,supervised_likelihood,same_objective,0,1,0.25
bc465eaf75bc90cf6e40,1,supervised_likelihood,supervised_likelihood,supervised_likelihood,supervised_likelihood,same_objective,1,2,0.5
bc465eaf75bc90cf6e40,2,supervised_likelihood,supervised_likelihood,supervised_likelihood,supervised_likelihood,same_objective,2,3,0.75
bc465eaf75bc90cf6e40,3,supervised_likelihood,supervised_likelihood,supervised_likelihood,supervised_likelihood,same_objective,3,4,1.0
bcbc9c970f6dfedacef1,0,supervised_likelihood,supervised_likelihood,supervised_likelihood,supervised_likelihood,same_objective,0,1,1.0
bcc8974e3d4f48a2b0f4,0,supervised_likelihood,supervised_likelihood,supervised_likelihood,supervised_likelihood,same_objective,0,1,0.5
bcc8974e3d4f48a2b0f4,1,supervised_likelihood,supervised_likelihood,supervised_likelihood,supervised_likelihood,same_objective,1,2,1.0
bcdec4420eeb2c197cda,0,supervised_likelihood,supervised_likelihood,supervised_likelihood,supervised_likelihood,same_objective,0,1,0.1111111111111111
bcdec4420eeb2c197cda,1,supervised_likelihood,supervised_likelihood,supervised_likelihood,supervised_likelihood,same_objective,1,2,0.2222222222222222
bcdec4420eeb2c197cda,2,supervised_likelihood,supervised_likelihood,supervised_likelihood,supervised_likelihood,same_objective,2,3,0.3333333333333333
bcdec4420eeb2c197cda,3,supervised_likelihood,supervised_likelihood,supervised_likelihood,supervised_likelihood,same_objective,3,4,0.4444444444444444
bcdec4420eeb2c197cda,4,supervised_likelihood,supervised_likelihood,supervised_likelihood,supervised_likelihood,same_objective,4,5,0.5555555555555556
bcdec4420eeb2c197cda,5,supervised_likelihood,supervised_likelihood,supervised_likelihood,supervised_likelihood,same_objective,5,6,0.6666666666666666
bcdec4420eeb2c197cda,6,supervised_likelihood,supervised_likelihood,supervised_likelihood,supervised_likelihood,same_objective,6,7,0.7777777777777778
bcdec4420eeb2c197cda,7,supervised_likelihood,supervised_likelihood,supervised_likelihood,supervised_likelihood,same_objective,7,8,0.8888888888888888
bcdec4420eeb2c197cda,8,supervised_likelihood,supervised_likelihood,supervised_likelihood,supervised_likelihood,same_objective,8,9,1.0
bd0a7ab48757f53cb148,0,supervised_likelihood,supervised_likelihood,supervised_likelihood,supervised_likelihood,same_objective,0,1,0.16666666666666666
bd0a7ab48757f53cb148,1,supervised_likelihood,supervised_likelihood,supervised_likelihood,supervised_likelihood,same_objective,1,2,0.3333333333333333
bd0a7ab48757f53cb148,2,supervised_likelihood,supervised_likelihood,supervised_likelihood,supervised_likelihood,same_objective,2,3,0.5
bd0a7ab48757f53cb148,3,supervised_likelihood,supervised_likelihood,supervised_likelihood,supervised_likelihood,same_objective,3,4,0.6666666666666666
bd0a7ab48757f53cb148,4,supervised_likelihood,supervised_likelihood,supervised_likelihood,supervised_likelihood,same_objective,4,5,0.8333333333333334
bd0a7ab48757f53cb148,5,supervised_likelihood,supervised_likelihood,supervised_likelihood,supervised_likelihood,same_objective,5,6,1.0
bd145a7bebd406b2d455,0,supervised_likelihood,supervised_likelihood,supervised_likelihood,supervised_likelihood,same_objective,0,1,0.2
bd145a7bebd406b2d455,1,supervised_likelihood,supervised_likelihood,supervised_likelihood,supervised_likelihood,same_objective,1,2,0.4
bd145a7bebd406b2d455,2,supervised_likelihood,supervised_likelihood,supervised_likelihood,supervised_likelihood,same_objective,2,3,0.6
bd145a7bebd406b2d455,3,supervised_likelihood,supervised_likelihood,supervised_likelihood,supervised_likelihood,same_objective,3,4,0.8
bd145a7bebd406b2d455,4,supervised_likelihood,supervised_likelihood,supervised_likelihood,supervised_likelihood,same_objective,4,5,1.0
bdea25c6e9a78a19bd9d,0,supervised_likelihood,supervised_likelihood,supervised_likelihood,supervised_likelihood,same_objective,0,1,0.5
bdea25c6e9a78a19bd9d,1,supervised_likelihood,supervised_likelihood,supervised_likelihood,supervised_likelihood,same_objective,1,2,1.0
be64a04d67c23590f40d,0,supervised_likelihood,supervised_likelihood,supervised_likelihood,supervised_likelihood,same_objective,0,1,0.16666666666666666
be64a04d67c23590f40d,1,supervised_likelihood,supervised_likelihood,supervised_likelihood,supervised_likelihood,same_objective,1,2,0.3333333333333333
be64a04d67c23590f40d,2,supervised_likelihood,supervised_likelihood,supervised_likelihood,supervised_likelihood,same_objective,2,3,0.5
be64a04d67c23590f40d,3,supervised_likelihood,supervised_likelihood,supervised_likelihood,supervised_likelihood,same_objective,3,4,0.6666666666666666
be64a04d67c23590f40d,4,supervised_likelihood,supervised_likelihood,supervised_likelihood,supervised_likelihood,same_objective,4,5,0.8333333333333334
be64a04d67c23590f40d,5,supervised_likelihood,supervised_likelihood,supervised_likelihood,supervised_likelihood,same_objective,5,6,1.0
be68f717b37c4324ed94,0,supervised_likelihood,supervised_likelihood,supervised_likelihood,supervised_likelihood,same_objective,0,1,0.5
be68f717b37c4324ed94,1,supervised_likelihood,supervised_likelihood,supervised_likelihood,supervised_likelihood,same_objective,1,2,1.0
be6cc784beb3f5ea8d24,0,supervised_likelihood,supervised_likelihood,supervised_likelihood,supervised_likelihood,same_objective,0,1,0.2
be6cc784beb3f5ea8d24,1,supervised_likelihood,supervised_likelihood,supervised_likelihood,supervised_likelihood,same_objective,1,2,0.4
be6cc784beb3f5ea8d24,2,supervised_likelihood,supervised_likelihood,supervised_likelihood,supervised_likelihood,same_objective,2,3,0.6
be6cc784beb3f5ea8d24,3,supervised_likelihood,supervised_likelihood,supervised_likelihood,supervised_likelihood,same_objective,3,4,0.8
be6cc784beb3f5ea8d24,4,supervised_likelihood,supervised_likelihood,supervised_likelihood,supervised_likelihood,same_objective,4,5,1.0
bebc07f2a9fca5b5b954,0,supervised_likelihood,supervised_likelihood,supervised_likelihood,supervised_likelihood,same_objective,0,1,0.3333333333333333
bebc07f2a9fca5b5b954,1,supervised_likelihood,supervised_likelihood,supervised_likelihood,supervised_likelihood,same_objective,1,2,0.6666666666666666
bebc07f2a9fca5b5b954,2,supervised_likelihood,supervised_likelihood,supervised_likelihood,supervised_likelihood,same_objective,2,3,1.0
bf1caa206c772d9365e7,0,supervised_likelihood,supervised_likelihood,supervised_likelihood,supervised_likelihood,same_objective,0,1,0.25
bf1caa206c772d9365e7,1,supervised_likelihood,supervised_likelihood,supervised_likelihood,supervised_likelihood,same_objective,1,2,0.5
bf1caa206c772d9365e7,2,supervised_likelihood,supervised_likelihood,supervised_likelihood,supervised_likelihood,same_objective,2,3,0.75
bf1caa206c772d9365e7,3,supervised_likelihood,supervised_likelihood,supervised_likelihood,supervised_likelihood,same_objective,3,4,1.0
bfa97e5a1dbd208782a8,0,supervised_likelihood,supervised_likelihood,supervised_likelihood,supervised_likelihood,same_objective,0,1,0.3333333333333333
bfa97e5a1dbd208782a8,1,supervised_likelihood,supervised_likelihood,supervised_likelihood,supervised_likelihood,same_objective,1,2,0.6666666666666666
bfa97e5a1dbd208782a8,2,supervised_likelihood,supervised_likelihood,supervised_likelihood,supervised_likelihood,same_objective,2,3,1.0
bfd319db50e732e4ef12,0,supervised_likelihood,supervised_likelihood,supervised_likelihood,supervised_likelihood,same_objective,0,1,0.2
bfd319db50e732e4ef12,1,supervised_likelihood,supervised_likelihood,supervised_likelihood,supervised_likelihood,same_objective,1,2,0.4
bfd319db50e732e4ef12,2,supervised_likelihood,supervised_likelihood,supervised_likelihood,supervised_likelihood,same_objective,2,3,0.6
bfd319db50e732e4ef12,3,supervised_likelihood,supervised_likelihood,supervised_likelihood,supervised_likelihood,same_objective,3,4,0.8
bfd319db50e732e4ef12,4,supervised_likelihood,supervised_likelihood,supervised_likelihood,supervised_likelihood,same_objective,4,5,1.0
c0173ea99af4ecee009a,0,supervised_likelihood,supervised_likelihood,supervised_likelihood,supervised_likelihood,same_objective,0,1,0.2
c0173ea99af4ecee009a,1,supervised_likelihood,supervised_likelihood,supervised_likelihood,supervised_likelihood,same_objective,1,2,0.4
c0173ea99af4ecee009a,2,supervised_likelihood,supervised_likelihood,supervised_likelihood,supervised_likelihood,same_objective,2,3,0.6
c0173ea99af4ecee009a,3,supervised_likelihood,supervised_likelihood,supervised_likelihood,supervised_likelihood,same_objective,3,4,0.8
c0173ea99af4ecee009a,4,supervised_likelihood,supervised_likelihood,supervised_likelihood,supervised_likelihood,same_objective,4,5,1.0
c0ad45314cb2192ea42c,0,supervised_likelihood,supervised_likelihood,supervised_likelihood,supervised_likelihood,same_objective,0,1,0.25
c0ad45314cb2192ea42c,1,supervised_likelihood,supervised_likelihood,supervised_likelihood,supervised_likelihood,same_objective,1,2,0.5
c0ad45314cb2192ea42c,2,supervised_likelihood,supervised_likelihood,supervised_likelihood,supervised_likelihood,same_objective,2,3,0.75
c0ad45314cb2192ea42c,3,supervised_likelihood,supervised_likelihood,supervised_likelihood,supervised_likelihood,same_objective,3,4,1.0
c1344fa5726f07303dd1,0,supervised_likelihood,supervised_likelihood,supervised_likelihood,supervised_likelihood,same_objective,0,1,0.1111111111111111
c1344fa5726f07303dd1,1,supervised_likelihood,supervised_likelihood,supervised_likelihood,supervised_likelihood,same_objective,1,2,0.2222222222222222
c1344fa5726f07303dd1,2,supervised_likelihood,supervised_likelihood,supervised_likelihood,supervised_likelihood,same_objective,2,3,0.3333333333333333
c1344fa5726f07303dd1,3,supervised_likelihood,supervised_likelihood,supervised_likelihood,supervised_likelihood,same_objective,3,4,0.4444444444444444
c1344fa5726f07303dd1,4,supervised_likelihood,supervised_likelihood,supervised_likelihood,supervised_likelihood,same_objective,4,5,0.5555555555555556
c1344fa5726f07303dd1,5,supervised_likelihood,supervised_likelihood,supervised_likelihood,supervised_likelihood,same_objective,5,6,0.6666666666666666
c1344fa5726f07303dd1,6,supervised_likelihood,supervised_likelihood,supervised_likelihood,supervised_likelihood,same_objective,6,7,0.7777777777777778
c1344fa5726f07303dd1,7,supervised_likelihood,supervised_likelihood,supervised_likelihood,supervised_likelihood,same_objective,7,8,0.8888888888888888
c1344fa5726f07303dd1,8,supervised_likelihood,supervised_likelihood,supervised_likelihood,supervised_likelihood,same_objective,8,9,1.0
c1994f5c9dc312a105a5,0,supervised_likelihood,supervised_likelihood,supervised_likelihood,supervised_likelihood,same_objective,0,1,1.0
c1ccd55909e1dc5481e7,0,supervised_likelihood,supervised_likelihood,supervised_likelihood,supervised_likelihood,same_objective,0,1,0.25
c1ccd55909e1dc5481e7,1,supervised_likelihood,supervised_likelihood,supervised_likelihood,supervised_likelihood,same_objective,1,2,0.5
c1ccd55909e1dc5481e7,2,supervised_likelihood,supervised_likelihood,supervised_likelihood,supervised_likelihood,same_objective,2,3,0.75
c1ccd55909e1dc5481e7,3,supervised_likelihood,supervised_likelihood,supervised_likelihood,supervised_likelihood,same_objective,3,4,1.0
c288f348f4d68e673e9e,0,supervised_likelihood,supervised_likelihood,supervised_likelihood,supervised_likelihood,same_objective,0,1,0.2
c288f348f4d68e673e9e,1,supervised_likelihood,supervised_likelihood,supervised_likelihood,supervised_likelihood,same_objective,1,2,0.4
c288f348f4d68e673e9e,2,supervised_likelihood,supervised_likelihood,supervised_likelihood,supervised_likelihood,same_objective,2,3,0.6
c288f348f4d68e673e9e,3,supervised_likelihood,supervised_likelihood,supervised_likelihood,supervised_likelihood,same_objective,3,4,0.8
c288f348f4d68e673e9e,4,supervised_likelihood,supervised_likelihood,supervised_likelihood,supervised_likelihood,same_objective,4,5,1.0
c2a5a7bb9cd0cc8e2f64,0,supervised_likelihood,supervised_likelihood,supervised_likelihood,supervised_likelihood,same_objective,0,1,0.1111111111111111
c2a5a7bb9cd0cc8e2f64,1,supervised_likelihood,supervised_likelihood,supervised_likelihood,supervised_likelihood,same_objective,1,2,0.2222222222222222
c2a5a7bb9cd0cc8e2f64,2,supervised_likelihood,supervised_likelihood,supervised_likelihood,supervised_likelihood,same_objective,2,3,0.3333333333333333
c2a5a7bb9cd0cc8e2f64,3,supervised_likelihood,supervised_likelihood,supervised_likelihood,supervised_likelihood,same_objective,3,4,0.4444444444444444
c2a5a7bb9cd0cc8e2f64,4,supervised_likelihood,supervised_likelihood,supervised_likelihood,supervised_likelihood,same_objective,4,5,0.5555555555555556
c2a5a7bb9cd0cc8e2f64,5,supervised_likelihood,supervised_likelihood,supervised_likelihood,supervised_likelihood,same_objective,5,6,0.6666666666666666
c2a5a7bb9cd0cc8e2f64,6,supervised_likelihood,supervised_likelihood,supervised_likelihood,supervised_likelihood,same_objective,6,7,0.7777777777777778
c2a5a7bb9cd0cc8e2f64,7,supervised_likelihood,supervised_likelihood,supervised_likelihood,supervised_likelihood,same_objective,7,8,0.8888888888888888
c2a5a7bb9cd0cc8e2f64,8,supervised_likelihood,supervised_likelihood,supervised_likelihood,supervised_likelihood,same_objective,8,9,1.0
c2c472719c1a1dd339fd,0,supervised_likelihood,supervised_likelihood,supervised_likelihood,supervised_likelihood,same_objective,0,1,1.0
c31b15ecef94c08a52b1,0,supervised_likelihood,supervised_likelihood,supervised_likelihood,supervised_likelihood,same_objective,0,1,1.0
c37430546ccb4de54898,0,supervised_likelihood,supervised_likelihood,supervised_likelihood,supervised_likelihood,same_objective,0,1,0.2
c37430546ccb4de54898,1,supervised_likelihood,supervised_likelihood,supervised_likelihood,supervised_likelihood,same_objective,1,2,0.4
c37430546ccb4de54898,2,supervised_likelihood,supervised_likelihood,supervised_likelihood,supervised_likelihood,same_objective,2,3,0.6
c37430546ccb4de54898,3,supervised_likelihood,supervised_likelihood,supervised_likelihood,supervised_likelihood,same_objective,3,4,0.8
c37430546ccb4de54898,4,supervised_likelihood,supervised_likelihood,supervised_likelihood,supervised_likelihood,same_objective,4,5,1.0
c379a7fe303adb19b6a2,0,supervised_likelihood,supervised_likelihood,supervised_likelihood,supervised_likelihood,same_objective,0,1,0.1111111111111111
c379a7fe303adb19b6a2,1,supervised_likelihood,supervised_likelihood,supervised_likelihood,supervised_likelihood,same_objective,1,2,0.2222222222222222
c379a7fe303adb19b6a2,2,supervised_likelihood,supervised_likelihood,supervised_likelihood,supervised_likelihood,same_objective,2,3,0.3333333333333333
c379a7fe303adb19b6a2,3,supervised_likelihood,supervised_likelihood,supervised_likelihood,supervised_likelihood,same_objective,3,4,0.4444444444444444
c379a7fe303adb19b6a2,4,supervised_likelihood,supervised_likelihood,supervised_likelihood,supervised_likelihood,same_objective,4,5,0.5555555555555556
c379a7fe303adb19b6a2,5,supervised_likelihood,supervised_likelihood,supervised_likelihood,supervised_likelihood,same_objective,5,6,0.6666666666666666
c379a7fe303adb19b6a2,6,supervised_likelihood,supervised_likelihood,supervised_likelihood,supervised_likelihood,same_objective,6,7,0.7777777777777778
c379a7fe303adb19b6a2,7,supervised_likelihood,supervised_likelihood,supervised_likelihood,supervised_likelihood,same_objective,7,8,0.8888888888888888
c379a7fe303adb19b6a2,8,supervised_likelihood,supervised_likelihood,supervised_likelihood,supervised_likelihood,same_objective,8,9,1.0
c3d185eab3e78e8245f4,0,supervised_likelihood,supervised_likelihood,supervised_likelihood,supervised_likelihood,same_objective,0,1,0.1111111111111111
c3d185eab3e78e8245f4,1,supervised_likelihood,supervised_likelihood,supervised_likelihood,supervised_likelihood,same_objective,1,2,0.2222222222222222
c3d185eab3e78e8245f4,2,supervised_likelihood,supervised_likelihood,supervised_likelihood,supervised_likelihood,same_objective,2,3,0.3333333333333333
c3d185eab3e78e8245f4,3,supervised_likelihood,supervised_likelihood,supervised_likelihood,supervised_likelihood,same_objective,3,4,0.4444444444444444
c3d185eab3e78e8245f4,4,supervised_likelihood,supervised_likelihood,supervised_likelihood,supervised_likelihood,same_objective,4,5,0.5555555555555556
c3d185eab3e78e8245f4,5,supervised_likelihood,supervised_likelihood,supervised_likelihood,supervised_likelihood,same_objective,5,6,0.6666666666666666
c3d185eab3e78e8245f4,6,supervised_likelihood,supervised_likelihood,supervised_likelihood,supervised_likelihood,same_objective,6,7,0.7777777777777778
c3d185eab3e78e8245f4,7,supervised_likelihood,supervised_likelihood,supervised_likelihood,supervised_likelihood,same_objective,7,8,0.8888888888888888
c3d185eab3e78e8245f4,8,supervised_likelihood,supervised_likelihood,supervised_likelihood,supervised_likelihood,same_objective,8,9,1.0
c3de83cd5f7a3357399e,0,supervised_likelihood,supervised_likelihood,supervised_likelihood,supervised_likelihood,same_objective,0,1,0.2
c3de83cd5f7a3357399e,1,supervised_likelihood,supervised_likelihood,supervised_likelihood,supervised_likelihood,same_objective,1,2,0.4
c3de83cd5f7a3357399e,2,supervised_likelihood,supervised_likelihood,supervised_likelihood,supervised_likelihood,same_objective,2,3,0.6
c3de83cd5f7a3357399e,3,supervised_likelihood,supervised_likelihood,supervised_likelihood,supervised_likelihood,same_objective,3,4,0.8
c3de83cd5f7a3357399e,4,supervised_likelihood,supervised_likelihood,supervised_likelihood,supervised_likelihood,same_objective,4,5,1.0
c3e6becc702e0670d6f6,0,supervised_likelihood,supervised_likelihood,supervised_likelihood,supervised_likelihood,same_objective,0,1,0.25
c3e6becc702e0670d6f6,1,supervised_likelihood,supervised_likelihood,supervised_likelihood,supervised_likelihood,same_objective,1,2,0.5
c3e6becc702e0670d6f6,2,supervised_likelihood,supervised_likelihood,supervised_likelihood,supervised_likelihood,same_objective,2,3,0.75
c3e6becc702e0670d6f6,3,supervised_likelihood,supervised_likelihood,supervised_likelihood,supervised_likelihood,same_objective,3,4,1.0
c40b56a87b6c5bc5858c,0,supervised_likelihood,supervised_likelihood,supervised_likelihood,supervised_likelihood,same_objective,0,1,0.125
c40b56a87b6c5bc5858c,1,supervised_likelihood,supervised_likelihood,supervised_likelihood,supervised_likelihood,same_objective,1,2,0.25
c40b56a87b6c5bc5858c,2,supervised_likelihood,supervised_likelihood,supervised_likelihood,supervised_likelihood,same_objective,2,3,0.375
c40b56a87b6c5bc5858c,3,supervised_likelihood,supervised_likelihood,supervised_likelihood,supervised_likelihood,same_objective,3,4,0.5
c40b56a87b6c5bc5858c,4,supervised_likelihood,supervised_likelihood,supervised_likelihood,supervised_likelihood,same_objective,4,5,0.625
c40b56a87b6c5bc5858c,5,supervised_likelihood,supervised_likelihood,supervised_likelihood,supervised_likelihood,same_objective,5,6,0.75
c40b56a87b6c5bc5858c,6,supervised_likelihood,supervised_likelihood,supervised_likelihood,supervised_likelihood,same_objective,6,7,0.875
c40b56a87b6c5bc5858c,7,supervised_likelihood,supervised_likelihood,supervised_likelihood,supervised_likelihood,same_objective,7,8,1.0
c4da5f1559435e09f650,0,supervised_likelihood,supervised_likelihood,supervised_likelihood,supervised_likelihood,same_objective,0,1,1.0
c4f6ad127464889465da,0,supervised_likelihood,supervised_likelihood,supervised_likelihood,supervised_likelihood,same_objective,0,1,0.16666666666666666
c4f6ad127464889465da,1,supervised_likelihood,supervised_likelihood,supervised_likelihood,supervised_likelihood,same_objective,1,2,0.3333333333333333
c4f6ad127464889465da,2,supervised_likelihood,supervised_likelihood,supervised_likelihood,supervised_likelihood,same_objective,2,3,0.5
c4f6ad127464889465da,3,supervised_likelihood,supervised_likelihood,supervised_likelihood,supervised_likelihood,same_objective,3,4,0.6666666666666666
c4f6ad127464889465da,4,supervised_likelihood,supervised_likelihood,supervised_likelihood,supervised_likelihood,same_objective,4,5,0.8333333333333334
c4f6ad127464889465da,5,supervised_likelihood,supervised_likelihood,supervised_likelihood,supervised_likelihood,same_objective,5,6,1.0
c51755a751f0aa40ec82,0,supervised_likelihood,supervised_likelihood,supervised_likelihood,supervised_likelihood,same_objective,0,1,0.14285714285714285
c51755a751f0aa40ec82,1,supervised_likelihood,supervised_likelihood,supervised_likelihood,supervised_likelihood,same_objective,1,2,0.2857142857142857
c51755a751f0aa40ec82,2,supervised_likelihood,supervised_likelihood,supervised_likelihood,supervised_likelihood,same_objective,2,3,0.42857142857142855
c51755a751f0aa40ec82,3,supervised_likelihood,supervised_likelihood,supervised_likelihood,supervised_likelihood,same_objective,3,4,0.5714285714285714
c51755a751f0aa40ec82,4,supervised_likelihood,supervised_likelihood,supervised_likelihood,supervised_likelihood,same_objective,4,5,0.7142857142857143
c51755a751f0aa40ec82,5,supervised_likelihood,supervised_likelihood,supervised_likelihood,supervised_likelihood,same_objective,5,6,0.8571428571428571
c51755a751f0aa40ec82,6,supervised_likelihood,supervised_likelihood,supervised_likelihood,supervised_likelihood,same_objective,6,7,1.0
c58297d68790f407c3ce,0,supervised_likelihood,supervised_likelihood,supervised_likelihood,supervised_likelihood,same_objective,0,1,1.0
c582fd71355562d2ba28,0,supervised_likelihood,supervised_likelihood,supervised_likelihood,supervised_likelihood,same_objective,0,1,0.125
c582fd71355562d2ba28,1,supervised_likelihood,supervised_likelihood,supervised_likelihood,supervised_likelihood,same_objective,1,2,0.25
c582fd71355562d2ba28,2,supervised_likelihood,supervised_likelihood,supervised_likelihood,supervised_likelihood,same_objective,2,3,0.375
c582fd71355562d2ba28,3,supervised_likelihood,supervised_likelihood,supervised_likelihood,supervised_likelihood,same_objective,3,4,0.5
c582fd71355562d2ba28,4,supervised_likelihood,supervised_likelihood,supervised_likelihood,supervised_likelihood,same_objective,4,5,0.625
c582fd71355562d2ba28,5,supervised_likelihood,supervised_likelihood,supervised_likelihood,supervised_likelihood,same_objective,5,6,0.75
c582fd71355562d2ba28,6,supervised_likelihood,supervised_likelihood,supervised_likelihood,supervised_likelihood,same_objective,6,7,0.875
c582fd71355562d2ba28,7,supervised_likelihood,supervised_likelihood,supervised_likelihood,supervised_likelihood,same_objective,7,8,1.0
c5945cd1a615bed5a9b2,0,supervised_likelihood,supervised_likelihood,supervised_likelihood,supervised_likelihood,same_objective,0,1,0.5
c5945cd1a615bed5a9b2,1,supervised_likelihood,supervised_likelihood,supervised_likelihood,supervised_likelihood,same_objective,1,2,1.0
c6209d127d40db491cc8,0,supervised_likelihood,supervised_likelihood,supervised_likelihood,supervised_likelihood,same_objective,0,1,0.25
c6209d127d40db491cc8,1,supervised_likelihood,supervised_likelihood,supervised_likelihood,supervised_likelihood,same_objective,1,2,0.5
c6209d127d40db491cc8,2,supervised_likelihood,supervised_likelihood,supervised_likelihood,supervised_likelihood,same_objective,2,3,0.75
c6209d127d40db491cc8,3,supervised_likelihood,supervised_likelihood,supervised_likelihood,supervised_likelihood,same_objective,3,4,1.0
c6405e2d42d75ef3de85,0,supervised_likelihood,supervised_likelihood,supervised_likelihood,supervised_likelihood,same_objective,0,1,0.3333333333333333
c6405e2d42d75ef3de85,1,supervised_likelihood,supervised_likelihood,supervised_likelihood,supervised_likelihood,same_objective,1,2,0.6666666666666666
c6405e2d42d75ef3de85,2,supervised_likelihood,supervised_likelihood,supervised_likelihood,supervised_likelihood,same_objective,2,3,1.0
c6a53618e40d8d2bf1ba,0,supervised_likelihood,supervised_likelihood,supervised_likelihood,supervised_likelihood,same_objective,0,1,0.2
c6a53618e40d8d2bf1ba,1,supervised_likelihood,supervised_likelihood,supervised_likelihood,supervised_likelihood,same_objective,1,2,0.4
c6a53618e40d8d2bf1ba,2,supervised_likelihood,supervised_likelihood,supervised_likelihood,supervised_likelihood,same_objective,2,3,0.6
c6a53618e40d8d2bf1ba,3,supervised_likelihood,supervised_likelihood,supervised_likelihood,supervised_likelihood,same_objective,3,4,0.8
c6a53618e40d8d2bf1ba,4,supervised_likelihood,supervised_likelihood,supervised_likelihood,supervised_likelihood,same_objective,4,5,1.0
c7deaf85fac872e850c7,0,supervised_likelihood,supervised_likelihood,supervised_likelihood,supervised_likelihood,same_objective,0,1,1.0
c7f18274d5eae161a339,0,supervised_likelihood,supervised_likelihood,supervised_likelihood,supervised_likelihood,same_objective,0,1,0.037037037037037035
c7f18274d5eae161a339,1,supervised_likelihood,supervised_likelihood,supervised_likelihood,supervised_likelihood,same_objective,1,2,0.07407407407407407
c7f18274d5eae161a339,2,supervised_likelihood,supervised_likelihood,supervised_likelihood,supervised_likelihood,same_objective,2,3,0.1111111111111111
c7f18274d5eae161a339,3,supervised_likelihood,supervised_likelihood,supervised_likelihood,supervised_likelihood,same_objective,3,4,0.14814814814814814
c7f18274d5eae161a339,4,supervised_likelihood,supervised_likelihood,supervised_likelihood,supervised_likelihood,same_objective,4,5,0.18518518518518517
c7f18274d5eae161a339,5,supervised_likelihood,supervised_likelihood,supervised_likelihood,supervised_likelihood,same_objective,5,6,0.2222222222222222
c7f18274d5eae161a339,6,supervised_likelihood,supervised_likelihood,supervised_likelihood,supervised_likelihood,same_objective,6,7,0.25925925925925924
c7f18274d5eae161a339,7,supervised_likelihood,supervised_likelihood,supervised_likelihood,supervised_likelihood,same_objective,7,8,0.2962962962962963
c7f18274d5eae161a339,8,supervised_likelihood,supervised_likelihood,supervised_likelihood,supervised_likelihood,same_objective,8,9,0.3333333333333333
c7f18274d5eae161a339,9,supervised_likelihood,supervised_likelihood,supervised_likelihood,supervised_likelihood,same_objective,9,10,0.37037037037037035
c7f18274d5eae161a339,10,supervised_likelihood,supervised_likelihood,supervised_likelihood,supervised_likelihood,same_objective,10,11,0.4074074074074074
c7f18274d5eae161a339,11,supervised_likelihood,supervised_likelihood,supervised_likelihood,supervised_likelihood,same_objective,11,12,0.4444444444444444
c7f18274d5eae161a339,12,supervised_likelihood,preference_optimization,supervised_likelihood,preference_dpo,objective_change,12,13,0.48148148148148145
c7f18274d5eae161a339,13,preference_optimization,preference_optimization,preference_dpo,preference_dpo,same_objective,13,14,0.5185185185185185
c7f18274d5eae161a339,14,preference_optimization,preference_optimization,preference_dpo,preference_dpo,same_objective,14,15,0.5555555555555556
c7f18274d5eae161a339,15,preference_optimization,preference_optimization,preference_dpo,preference_dpo,same_objective,15,16,0.5925925925925926
c7f18274d5eae161a339,16,preference_optimization,preference_optimization,preference_dpo,preference_dpo,same_objective,16,17,0.6296296296296297
c7f18274d5eae161a339,17,preference_optimization,preference_optimization,preference_dpo,preference_dpo,same_objective,17,18,0.6666666666666666
c7f18274d5eae161a339,18,preference_optimization,preference_optimization,preference_dpo,preference_dpo,same_objective,18,19,0.7037037037037037
c7f18274d5eae161a339,19,preference_optimization,preference_optimization,preference_dpo,preference_dpo,same_objective,19,20,0.7407407407407407
c7f18274d5eae161a339,20,preference_optimization,preference_optimization,preference_dpo,preference_dpo,same_objective,20,21,0.7777777777777778
c7f18274d5eae161a339,21,preference_optimization,preference_optimization,preference_dpo,preference_dpo,same_objective,21,22,0.8148148148148148
c7f18274d5eae161a339,22,preference_optimization,preference_optimization,preference_dpo,preference_dpo,same_objective,22,23,0.8518518518518519
c7f18274d5eae161a339,23,preference_optimization,preference_optimization,preference_dpo,preference_dpo,same_objective,23,24,0.8888888888888888
c7f18274d5eae161a339,24,preference_optimization,preference_optimization,preference_dpo,preference_dpo,same_objective,24,25,0.9259259259259259
c7f18274d5eae161a339,25,preference_optimization,preference_optimization,preference_dpo,preference_dpo,same_objective,25,26,0.9629629629629629
c7f18274d5eae161a339,26,preference_optimization,preference_optimization,preference_dpo,preference_dpo,same_objective,26,27,1.0
c7ff2a60936d7ae971f9,0,supervised_likelihood,supervised_likelihood,supervised_likelihood,supervised_likelihood,same_objective,0,1,0.25
c7ff2a60936d7ae971f9,1,supervised_likelihood,supervised_likelihood,supervised_likelihood,supervised_likelihood,same_objective,1,2,0.5
c7ff2a60936d7ae971f9,2,supervised_likelihood,supervised_likelihood,supervised_likelihood,supervised_likelihood,same_objective,2,3,0.75
c7ff2a60936d7ae971f9,3,supervised_likelihood,supervised_likelihood,supervised_likelihood,supervised_likelihood,same_objective,3,4,1.0
c82e73dac29f1e985875,0,supervised_likelihood,supervised_likelihood,supervised_likelihood,supervised_likelihood,same_objective,0,1,1.0
c8763176f284f5ef9a55,0,supervised_likelihood,supervised_likelihood,supervised_likelihood,supervised_likelihood,same_objective,0,1,0.3333333333333333
c8763176f284f5ef9a55,1,supervised_likelihood,supervised_likelihood,supervised_likelihood,supervised_likelihood,same_objective,1,2,0.6666666666666666
c8763176f284f5ef9a55,2,supervised_likelihood,supervised_likelihood,supervised_likelihood,supervised_likelihood,same_objective,2,3,1.0
c8c2d4f8f3b120e3c429,0,supervised_likelihood,supervised_likelihood,supervised_likelihood,supervised_likelihood,same_objective,0,1,0.25
c8c2d4f8f3b120e3c429,1,supervised_likelihood,supervised_likelihood,supervised_likelihood,supervised_likelihood,same_objective,1,2,0.5
c8c2d4f8f3b120e3c429,2,supervised_likelihood,supervised_likelihood,supervised_likelihood,supervised_likelihood,same_objective,2,3,0.75
c8c2d4f8f3b120e3c429,3,supervised_likelihood,supervised_likelihood,supervised_likelihood,supervised_likelihood,same_objective,3,4,1.0
c8c860a123171cd35a6d,0,supervised_likelihood,supervised_likelihood,supervised_likelihood,supervised_likelihood,same_objective,0,1,0.3333333333333333
c8c860a123171cd35a6d,1,supervised_likelihood,supervised_likelihood,supervised_likelihood,supervised_likelihood,same_objective,1,2,0.6666666666666666
c8c860a123171cd35a6d,2,supervised_likelihood,supervised_likelihood,supervised_likelihood,supervised_likelihood,same_objective,2,3,1.0
c8fd5fbb5f110a978afb,0,supervised_likelihood,supervised_likelihood,supervised_likelihood,supervised_likelihood,same_objective,0,1,0.5
c8fd5fbb5f110a978afb,1,supervised_likelihood,supervised_likelihood,supervised_likelihood,supervised_likelihood,same_objective,1,2,1.0
c91d2d0d2293a44a61a0,0,supervised_likelihood,supervised_likelihood,supervised_likelihood,supervised_likelihood,same_objective,0,1,0.2
c91d2d0d2293a44a61a0,1,supervised_likelihood,supervised_likelihood,supervised_likelihood,supervised_likelihood,same_objective,1,2,0.4
c91d2d0d2293a44a61a0,2,supervised_likelihood,supervised_likelihood,supervised_likelihood,supervised_likelihood,same_objective,2,3,0.6
c91d2d0d2293a44a61a0,3,supervised_likelihood,supervised_likelihood,supervised_likelihood,supervised_likelihood,same_objective,3,4,0.8
c91d2d0d2293a44a61a0,4,supervised_likelihood,supervised_likelihood,supervised_likelihood,supervised_likelihood,same_objective,4,5,1.0
c92715d6498b09655b26,0,supervised_likelihood,supervised_likelihood,supervised_likelihood,supervised_likelihood,same_objective,0,1,0.1
c92715d6498b09655b26,1,supervised_likelihood,supervised_likelihood,supervised_likelihood,supervised_likelihood,same_objective,1,2,0.2
c92715d6498b09655b26,2,supervised_likelihood,supervised_likelihood,supervised_likelihood,supervised_likelihood,same_objective,2,3,0.3
c92715d6498b09655b26,3,supervised_likelihood,preference_optimization,supervised_likelihood,preference_dpo,objective_change,3,4,0.4
c92715d6498b09655b26,4,preference_optimization,preference_optimization,preference_dpo,preference_dpo,same_objective,4,5,0.5
c92715d6498b09655b26,5,preference_optimization,supervised_likelihood,preference_dpo,supervised_likelihood,objective_change,5,6,0.6
c92715d6498b09655b26,6,supervised_likelihood,preference_optimization,supervised_likelihood,preference_dpo,objective_change,6,7,0.7
c92715d6498b09655b26,7,preference_optimization,preference_optimization,preference_dpo,preference_dpo,same_objective,7,8,0.8
c92715d6498b09655b26,8,preference_optimization,preference_optimization,preference_dpo,preference_dpo,same_objective,8,9,0.9
c92715d6498b09655b26,9,preference_optimization,preference_optimization,preference_dpo,preference_dpo,same_objective,9,10,1.0
c9df0c527fdf9044f2ef,0,supervised_likelihood,supervised_likelihood,supervised_likelihood,supervised_likelihood,same_objective,0,1,0.125
c9df0c527fdf9044f2ef,1,supervised_likelihood,supervised_likelihood,supervised_likelihood,supervised_likelihood,same_objective,1,2,0.25
c9df0c527fdf9044f2ef,2,supervised_likelihood,supervised_likelihood,supervised_likelihood,supervised_likelihood,same_objective,2,3,0.375
c9df0c527fdf9044f2ef,3,supervised_likelihood,supervised_likelihood,supervised_likelihood,supervised_likelihood,same_objective,3,4,0.5
c9df0c527fdf9044f2ef,4,supervised_likelihood,supervised_likelihood,supervised_likelihood,supervised_likelihood,same_objective,4,5,0.625
c9df0c527fdf9044f2ef,5,supervised_likelihood,supervised_likelihood,supervised_likelihood,supervised_likelihood,same_objective,5,6,0.75
c9df0c527fdf9044f2ef,6,supervised_likelihood,supervised_likelihood,supervised_likelihood,supervised_likelihood,same_objective,6,7,0.875
c9df0c527fdf9044f2ef,7,supervised_likelihood,supervised_likelihood,supervised_likelihood,supervised_likelihood,same_objective,7,8,1.0
c9e40ef6d87301db62b6,0,supervised_likelihood,supervised_likelihood,supervised_likelihood,supervised_likelihood,same_objective,0,1,0.5
c9e40ef6d87301db62b6,1,supervised_likelihood,supervised_likelihood,supervised_likelihood,supervised_likelihood,same_objective,1,2,1.0
ca44e8a85541428d3cc5,0,supervised_likelihood,supervised_likelihood,supervised_likelihood,supervised_likelihood,same_objective,0,1,0.2
ca44e8a85541428d3cc5,1,supervised_likelihood,supervised_likelihood,supervised_likelihood,supervised_likelihood,same_objective,1,2,0.4
ca44e8a85541428d3cc5,2,supervised_likelihood,supervised_likelihood,supervised_likelihood,supervised_likelihood,same_objective,2,3,0.6
ca44e8a85541428d3cc5,3,supervised_likelihood,supervised_likelihood,supervised_likelihood,supervised_likelihood,same_objective,3,4,0.8
ca44e8a85541428d3cc5,4,supervised_likelihood,supervised_likelihood,supervised_likelihood,supervised_likelihood,same_objective,4,5,1.0
ca6d75b69e1786b64e2e,0,supervised_likelihood,supervised_likelihood,supervised_likelihood,supervised_likelihood,same_objective,0,1,0.058823529411764705
ca6d75b69e1786b64e2e,1,supervised_likelihood,supervised_likelihood,supervised_likelihood,supervised_likelihood,same_objective,1,2,0.11764705882352941
ca6d75b69e1786b64e2e,2,supervised_likelihood,supervised_likelihood,supervised_likelihood,supervised_likelihood,same_objective,2,3,0.17647058823529413
ca6d75b69e1786b64e2e,3,supervised_likelihood,supervised_likelihood,supervised_likelihood,supervised_likelihood,same_objective,3,4,0.23529411764705882
ca6d75b69e1786b64e2e,4,supervised_likelihood,supervised_likelihood,supervised_likelihood,supervised_likelihood,same_objective,4,5,0.29411764705882354
ca6d75b69e1786b64e2e,5,supervised_likelihood,supervised_likelihood,supervised_likelihood,supervised_likelihood,same_objective,5,6,0.35294117647058826
ca6d75b69e1786b64e2e,6,supervised_likelihood,supervised_likelihood,supervised_likelihood,supervised_likelihood,same_objective,6,7,0.4117647058823529
ca6d75b69e1786b64e2e,7,supervised_likelihood,supervised_likelihood,supervised_likelihood,supervised_likelihood,same_objective,7,8,0.47058823529411764
ca6d75b69e1786b64e2e,8,supervised_likelihood,supervised_likelihood,supervised_likelihood,supervised_likelihood,same_objective,8,9,0.5294117647058824
ca6d75b69e1786b64e2e,9,supervised_likelihood,supervised_likelihood,supervised_likelihood,supervised_likelihood,same_objective,9,10,0.5882352941176471
ca6d75b69e1786b64e2e,10,supervised_likelihood,supervised_likelihood,supervised_likelihood,supervised_likelihood,same_objective,10,11,0.6470588235294118
ca6d75b69e1786b64e2e,11,supervised_likelihood,supervised_likelihood,supervised_likelihood,supervised_likelihood,same_objective,11,12,0.7058823529411765
ca6d75b69e1786b64e2e,12,supervised_likelihood,supervised_likelihood,supervised_likelihood,supervised_likelihood,same_objective,12,13,0.7647058823529411
ca6d75b69e1786b64e2e,13,supervised_likelihood,supervised_likelihood,supervised_likelihood,supervised_likelihood,same_objective,13,14,0.8235294117647058
ca6d75b69e1786b64e2e,14,supervised_likelihood,supervised_likelihood,supervised_likelihood,supervised_likelihood,same_objective,14,15,0.8823529411764706
ca6d75b69e1786b64e2e,15,supervised_likelihood,supervised_likelihood,supervised_likelihood,supervised_likelihood,same_objective,15,16,0.9411764705882353
ca6d75b69e1786b64e2e,16,supervised_likelihood,supervised_likelihood,supervised_likelihood,supervised_likelihood,same_objective,16,17,1.0
cacf6771a66ff83399d6,0,supervised_likelihood,supervised_likelihood,supervised_likelihood,supervised_likelihood,same_objective,0,1,0.125
cacf6771a66ff83399d6,1,supervised_likelihood,supervised_likelihood,supervised_likelihood,supervised_likelihood,same_objective,1,2,0.25
cacf6771a66ff83399d6,2,supervised_likelihood,supervised_likelihood,supervised_likelihood,supervised_likelihood,same_objective,2,3,0.375
cacf6771a66ff83399d6,3,supervised_likelihood,supervised_likelihood,supervised_likelihood,supervised_likelihood,same_objective,3,4,0.5
cacf6771a66ff83399d6,4,supervised_likelihood,supervised_likelihood,supervised_likelihood,supervised_likelihood,same_objective,4,5,0.625
cacf6771a66ff83399d6,5,supervised_likelihood,supervised_likelihood,supervised_likelihood,supervised_likelihood,same_objective,5,6,0.75
cacf6771a66ff83399d6,6,supervised_likelihood,supervised_likelihood,supervised_likelihood,supervised_likelihood,same_objective,6,7,0.875
cacf6771a66ff83399d6,7,supervised_likelihood,supervised_likelihood,supervised_likelihood,supervised_likelihood,same_objective,7,8,1.0
cb61566e5123eaa033fc,0,supervised_likelihood,supervised_likelihood,supervised_likelihood,supervised_likelihood,same_objective,0,1,0.16666666666666666
cb61566e5123eaa033fc,1,supervised_likelihood,supervised_likelihood,supervised_likelihood,supervised_likelihood,same_objective,1,2,0.3333333333333333
cb61566e5123eaa033fc,2,supervised_likelihood,supervised_likelihood,supervised_likelihood,supervised_likelihood,same_objective,2,3,0.5
cb61566e5123eaa033fc,3,supervised_likelihood,supervised_likelihood,supervised_likelihood,supervised_likelihood,same_objective,3,4,0.6666666666666666
cb61566e5123eaa033fc,4,supervised_likelihood,supervised_likelihood,supervised_likelihood,supervised_likelihood,same_objective,4,5,0.8333333333333334
cb61566e5123eaa033fc,5,supervised_likelihood,supervised_likelihood,supervised_likelihood,supervised_likelihood,same_objective,5,6,1.0
cb6db2167c84cd760a74,0,supervised_likelihood,supervised_likelihood,supervised_likelihood,supervised_likelihood,same_objective,0,1,1.0
cb96abd4d00ac544c5d7,0,reward_optimization,reward_optimization,reward_grpo,reward_grpo,same_objective,0,1,0.25
cb96abd4d00ac544c5d7,1,reward_optimization,reward_optimization,reward_grpo,reward_grpo,same_objective,1,2,0.5
cb96abd4d00ac544c5d7,2,reward_optimization,reward_optimization,reward_grpo,reward_grpo,same_objective,2,3,0.75
cb96abd4d00ac544c5d7,3,reward_optimization,reward_optimization,reward_grpo,reward_grpo,same_objective,3,4,1.0
cbc4594b2e4eb479231b,0,supervised_likelihood,supervised_likelihood,supervised_likelihood,supervised_likelihood,same_objective,0,1,0.1
cbc4594b2e4eb479231b,1,supervised_likelihood,supervised_likelihood,supervised_likelihood,supervised_likelihood,same_objective,1,2,0.2
cbc4594b2e4eb479231b,2,supervised_likelihood,supervised_likelihood,supervised_likelihood,supervised_likelihood,same_objective,2,3,0.3
cbc4594b2e4eb479231b,3,supervised_likelihood,supervised_likelihood,supervised_likelihood,supervised_likelihood,same_objective,3,4,0.4
cbc4594b2e4eb479231b,4,supervised_likelihood,supervised_likelihood,supervised_likelihood,supervised_likelihood,same_objective,4,5,0.5
cbc4594b2e4eb479231b,5,supervised_likelihood,supervised_likelihood,supervised_likelihood,supervised_likelihood,same_objective,5,6,0.6
cbc4594b2e4eb479231b,6,supervised_likelihood,supervised_likelihood,supervised_likelihood,supervised_likelihood,same_objective,6,7,0.7
cbc4594b2e4eb479231b,7,supervised_likelihood,supervised_likelihood,supervised_likelihood,supervised_likelihood,same_objective,7,8,0.8
cbc4594b2e4eb479231b,8,supervised_likelihood,supervised_likelihood,supervised_likelihood,supervised_likelihood,same_objective,8,9,0.9
cbc4594b2e4eb479231b,9,supervised_likelihood,supervised_likelihood,supervised_likelihood,supervised_likelihood,same_objective,9,10,1.0
cbcfc7983f723224d2bf,0,supervised_likelihood,supervised_likelihood,supervised_likelihood,supervised_likelihood,same_objective,0,1,0.16666666666666666
cbcfc7983f723224d2bf,1,supervised_likelihood,supervised_likelihood,supervised_likelihood,supervised_likelihood,same_objective,1,2,0.3333333333333333
cbcfc7983f723224d2bf,2,supervised_likelihood,supervised_likelihood,supervised_likelihood,supervised_likelihood,same_objective,2,3,0.5
cbcfc7983f723224d2bf,3,supervised_likelihood,supervised_likelihood,supervised_likelihood,supervised_likelihood,same_objective,3,4,0.6666666666666666
cbcfc7983f723224d2bf,4,supervised_likelihood,supervised_likelihood,supervised_likelihood,supervised_likelihood,same_objective,4,5,0.8333333333333334
cbcfc7983f723224d2bf,5,supervised_likelihood,supervised_likelihood,supervised_likelihood,supervised_likelihood,same_objective,5,6,1.0
ccf3bf844c6af937b16a,0,supervised_likelihood,supervised_likelihood,supervised_likelihood,supervised_likelihood,same_objective,0,1,0.5
ccf3bf844c6af937b16a,1,supervised_likelihood,supervised_likelihood,supervised_likelihood,supervised_likelihood,same_objective,1,2,1.0
cd3ef7b7dbef6577723b,0,supervised_likelihood,supervised_likelihood,supervised_likelihood,supervised_likelihood,same_objective,0,1,0.25
cd4c2f08af4a34d34b61,0,supervised_likelihood,supervised_likelihood,supervised_likelihood,supervised_likelihood,same_objective,0,1,0.3333333333333333
cd4c2f08af4a34d34b61,1,supervised_likelihood,supervised_likelihood,supervised_likelihood,supervised_likelihood,same_objective,1,2,0.6666666666666666
cd4c2f08af4a34d34b61,2,supervised_likelihood,supervised_likelihood,supervised_likelihood,supervised_likelihood,same_objective,2,3,1.0
ce55cc16f334499deb0d,0,supervised_likelihood,supervised_likelihood,supervised_likelihood,supervised_likelihood,same_objective,0,1,0.2
ce55cc16f334499deb0d,1,supervised_likelihood,supervised_likelihood,supervised_likelihood,supervised_likelihood,same_objective,1,2,0.4
ce55cc16f334499deb0d,2,supervised_likelihood,supervised_likelihood,supervised_likelihood,supervised_likelihood,same_objective,2,3,0.6
ce55cc16f334499deb0d,3,supervised_likelihood,supervised_likelihood,supervised_likelihood,supervised_likelihood,same_objective,3,4,0.8
ce55cc16f334499deb0d,4,supervised_likelihood,supervised_likelihood,supervised_likelihood,supervised_likelihood,same_objective,4,5,1.0
ce67516f098d63241e48,0,supervised_likelihood,supervised_likelihood,supervised_likelihood,supervised_likelihood,same_objective,0,1,0.125
ce67516f098d63241e48,1,supervised_likelihood,supervised_likelihood,supervised_likelihood,supervised_likelihood,same_objective,1,2,0.25
ce67516f098d63241e48,2,supervised_likelihood,supervised_likelihood,supervised_likelihood,supervised_likelihood,same_objective,2,3,0.375
ce67516f098d63241e48,3,supervised_likelihood,supervised_likelihood,supervised_likelihood,supervised_likelihood,same_objective,3,4,0.5
ce67516f098d63241e48,4,supervised_likelihood,supervised_likelihood,supervised_likelihood,supervised_likelihood,same_objective,4,5,0.625
ce67516f098d63241e48,5,supervised_likelihood,supervised_likelihood,supervised_likelihood,supervised_likelihood,same_objective,5,6,0.75
ce67516f098d63241e48,6,supervised_likelihood,supervised_likelihood,supervised_likelihood,supervised_likelihood,same_objective,6,7,0.875
ce67516f098d63241e48,7,supervised_likelihood,supervised_likelihood,supervised_likelihood,supervised_likelihood,same_objective,7,8,1.0
ce933b5e55fba94029a6,0,supervised_likelihood,supervised_likelihood,supervised_likelihood,supervised_likelihood,same_objective,0,1,0.2
ce933b5e55fba94029a6,1,supervised_likelihood,supervised_likelihood,supervised_likelihood,supervised_likelihood,same_objective,1,2,0.4
ce933b5e55fba94029a6,2,supervised_likelihood,supervised_likelihood,supervised_likelihood,supervised_likelihood,same_objective,2,3,0.6
ce933b5e55fba94029a6,3,supervised_likelihood,supervised_likelihood,supervised_likelihood,supervised_likelihood,same_objective,3,4,0.8
ce933b5e55fba94029a6,4,supervised_likelihood,supervised_likelihood,supervised_likelihood,supervised_likelihood,same_objective,4,5,1.0
ce9b4334ad4c3409e970,0,supervised_likelihood,supervised_likelihood,supervised_likelihood,supervised_likelihood,same_objective,2,3,0.75
ce9b4334ad4c3409e970,1,supervised_likelihood,supervised_likelihood,supervised_likelihood,supervised_likelihood,same_objective,3,4,1.0
cedfbb5837ef23a85f6c,0,supervised_likelihood,supervised_likelihood,supervised_likelihood,supervised_likelihood,same_objective,0,1,0.5
cedfbb5837ef23a85f6c,1,supervised_likelihood,supervised_likelihood,supervised_likelihood,supervised_likelihood,same_objective,1,2,1.0
cf4300272db576a97417,0,supervised_likelihood,supervised_likelihood,supervised_likelihood,supervised_likelihood,same_objective,0,1,0.5
cf4300272db576a97417,1,supervised_likelihood,supervised_likelihood,supervised_likelihood,supervised_likelihood,same_objective,1,2,1.0
cf5932d62996547c56e2,0,supervised_likelihood,supervised_likelihood,supervised_likelihood,supervised_likelihood,same_objective,0,1,0.25
cf5932d62996547c56e2,1,supervised_likelihood,supervised_likelihood,supervised_likelihood,supervised_likelihood,same_objective,1,2,0.5
cf5932d62996547c56e2,2,supervised_likelihood,supervised_likelihood,supervised_likelihood,supervised_likelihood,same_objective,2,3,0.75
cf5932d62996547c56e2,3,supervised_likelihood,supervised_likelihood,supervised_likelihood,supervised_likelihood,same_objective,3,4,1.0
cfdd8de7384656ab6121,0,supervised_likelihood,supervised_likelihood,supervised_likelihood,supervised_likelihood,same_objective,0,1,0.3333333333333333
cfdd8de7384656ab6121,1,supervised_likelihood,supervised_likelihood,supervised_likelihood,supervised_likelihood,same_objective,1,2,0.6666666666666666
cfdd8de7384656ab6121,2,supervised_likelihood,supervised_likelihood,supervised_likelihood,supervised_likelihood,same_objective,2,3,1.0
d0273aeeb8721a58f9a5,0,supervised_likelihood,supervised_likelihood,supervised_likelihood,supervised_likelihood,same_objective,0,1,0.5
d0273aeeb8721a58f9a5,1,supervised_likelihood,supervised_likelihood,supervised_likelihood,supervised_likelihood,same_objective,1,2,1.0
d0804b4e2d030990bed5,0,supervised_likelihood,supervised_likelihood,supervised_likelihood,supervised_likelihood,same_objective,0,1,1.0
d0defd396f23fc87b067,0,supervised_likelihood,supervised_likelihood,supervised_likelihood,supervised_likelihood,same_objective,0,1,0.14285714285714285
d0defd396f23fc87b067,1,supervised_likelihood,supervised_likelihood,supervised_likelihood,supervised_likelihood,same_objective,1,2,0.2857142857142857
d0defd396f23fc87b067,2,supervised_likelihood,supervised_likelihood,supervised_likelihood,supervised_likelihood,same_objective,2,3,0.42857142857142855
d0defd396f23fc87b067,3,supervised_likelihood,supervised_likelihood,supervised_likelihood,supervised_likelihood,same_objective,3,4,0.5714285714285714
d0defd396f23fc87b067,4,supervised_likelihood,supervised_likelihood,supervised_likelihood,supervised_likelihood,same_objective,4,5,0.7142857142857143
d0defd396f23fc87b067,5,supervised_likelihood,supervised_likelihood,supervised_likelihood,supervised_likelihood,same_objective,5,6,0.8571428571428571
d0defd396f23fc87b067,6,supervised_likelihood,supervised_likelihood,supervised_likelihood,supervised_likelihood,same_objective,6,7,1.0
d0ee0a4cbbedc891481a,0,supervised_likelihood,supervised_likelihood,supervised_likelihood,supervised_likelihood,same_objective,0,1,0.16666666666666666
d0ee0a4cbbedc891481a,1,supervised_likelihood,supervised_likelihood,supervised_likelihood,supervised_likelihood,same_objective,1,2,0.3333333333333333
d0ee0a4cbbedc891481a,2,supervised_likelihood,supervised_likelihood,supervised_likelihood,supervised_likelihood,same_objective,2,3,0.5
d0ee0a4cbbedc891481a,3,supervised_likelihood,supervised_likelihood,supervised_likelihood,supervised_likelihood,same_objective,3,4,0.6666666666666666
d0ee0a4cbbedc891481a,4,supervised_likelihood,supervised_likelihood,supervised_likelihood,supervised_likelihood,same_objective,4,5,0.8333333333333334
d0ee0a4cbbedc891481a,5,supervised_likelihood,supervised_likelihood,supervised_likelihood,supervised_likelihood,same_objective,5,6,1.0
d143a4b18adc021066b9,0,supervised_likelihood,supervised_likelihood,supervised_likelihood,supervised_likelihood,same_objective,0,1,0.5
d143a4b18adc021066b9,1,supervised_likelihood,supervised_likelihood,supervised_likelihood,supervised_likelihood,same_objective,1,2,1.0
d1629b9eb6499d115d95,0,supervised_likelihood,supervised_likelihood,supervised_likelihood,supervised_likelihood,same_objective,0,1,0.09090909090909091
d1629b9eb6499d115d95,1,supervised_likelihood,supervised_likelihood,supervised_likelihood,supervised_likelihood,same_objective,1,2,0.18181818181818182
d1629b9eb6499d115d95,2,supervised_likelihood,supervised_likelihood,supervised_likelihood,supervised_likelihood,same_objective,2,3,0.2727272727272727
d1629b9eb6499d115d95,3,supervised_likelihood,supervised_likelihood,supervised_likelihood,supervised_likelihood,same_objective,3,4,0.36363636363636365
d1629b9eb6499d115d95,4,supervised_likelihood,supervised_likelihood,supervised_likelihood,supervised_likelihood,same_objective,4,5,0.45454545454545453
d1629b9eb6499d115d95,5,supervised_likelihood,supervised_likelihood,supervised_likelihood,supervised_likelihood,same_objective,5,6,0.5454545454545454
d1629b9eb6499d115d95,6,supervised_likelihood,supervised_likelihood,supervised_likelihood,supervised_likelihood,same_objective,6,7,0.6363636363636364
d1629b9eb6499d115d95,7,supervised_likelihood,supervised_likelihood,supervised_likelihood,supervised_likelihood,same_objective,7,8,0.7272727272727273
d1629b9eb6499d115d95,8,supervised_likelihood,supervised_likelihood,supervised_likelihood,supervised_likelihood,same_objective,8,9,0.8181818181818182
d1629b9eb6499d115d95,9,supervised_likelihood,supervised_likelihood,supervised_likelihood,supervised_likelihood,same_objective,9,10,0.9090909090909091
d1629b9eb6499d115d95,10,supervised_likelihood,supervised_likelihood,supervised_likelihood,supervised_likelihood,same_objective,10,11,1.0
d19d4db3025c43f47ead,0,supervised_likelihood,supervised_likelihood,supervised_likelihood,supervised_likelihood,same_objective,0,1,0.3333333333333333
d19d4db3025c43f47ead,1,supervised_likelihood,supervised_likelihood,supervised_likelihood,supervised_likelihood,same_objective,1,2,0.6666666666666666
d19d4db3025c43f47ead,2,supervised_likelihood,supervised_likelihood,supervised_likelihood,supervised_likelihood,same_objective,2,3,1.0
d2c55d14c6c6f7a863a9,0,supervised_likelihood,supervised_likelihood,supervised_likelihood,supervised_likelihood,same_objective,0,1,0.047619047619047616
d2c55d14c6c6f7a863a9,1,supervised_likelihood,supervised_likelihood,supervised_likelihood,supervised_likelihood,same_objective,1,2,0.09523809523809523
d2c55d14c6c6f7a863a9,2,supervised_likelihood,supervised_likelihood,supervised_likelihood,supervised_likelihood,same_objective,2,3,0.14285714285714285
d2c55d14c6c6f7a863a9,3,supervised_likelihood,supervised_likelihood,supervised_likelihood,supervised_likelihood,same_objective,3,4,0.19047619047619047
d2c55d14c6c6f7a863a9,4,supervised_likelihood,supervised_likelihood,supervised_likelihood,supervised_likelihood,same_objective,4,5,0.23809523809523808
d2c55d14c6c6f7a863a9,5,supervised_likelihood,supervised_likelihood,supervised_likelihood,supervised_likelihood,same_objective,5,6,0.2857142857142857
d2c55d14c6c6f7a863a9,6,supervised_likelihood,supervised_likelihood,supervised_likelihood,supervised_likelihood,same_objective,6,7,0.3333333333333333
d2c55d14c6c6f7a863a9,7,supervised_likelihood,supervised_likelihood,supervised_likelihood,supervised_likelihood,same_objective,7,8,0.38095238095238093
d2c55d14c6c6f7a863a9,8,supervised_likelihood,supervised_likelihood,supervised_likelihood,supervised_likelihood,same_objective,8,9,0.42857142857142855
d2c55d14c6c6f7a863a9,9,supervised_likelihood,supervised_likelihood,supervised_likelihood,supervised_likelihood,same_objective,9,10,0.47619047619047616
d2c55d14c6c6f7a863a9,10,supervised_likelihood,supervised_likelihood,supervised_likelihood,supervised_likelihood,same_objective,10,11,0.5238095238095238
d2c55d14c6c6f7a863a9,11,supervised_likelihood,supervised_likelihood,supervised_likelihood,supervised_likelihood,same_objective,11,12,0.5714285714285714
d2c55d14c6c6f7a863a9,12,supervised_likelihood,supervised_likelihood,supervised_likelihood,supervised_likelihood,same_objective,12,13,0.6190476190476191
d2c55d14c6c6f7a863a9,13,supervised_likelihood,supervised_likelihood,supervised_likelihood,supervised_likelihood,same_objective,13,14,0.6666666666666666
d2c55d14c6c6f7a863a9,14,supervised_likelihood,supervised_likelihood,supervised_likelihood,supervised_likelihood,same_objective,14,15,0.7142857142857143
d2c55d14c6c6f7a863a9,15,supervised_likelihood,supervised_likelihood,supervised_likelihood,supervised_likelihood,same_objective,15,16,0.7619047619047619
d2c55d14c6c6f7a863a9,16,supervised_likelihood,supervised_likelihood,supervised_likelihood,supervised_likelihood,same_objective,16,17,0.8095238095238095
d2c55d14c6c6f7a863a9,17,supervised_likelihood,supervised_likelihood,supervised_likelihood,supervised_likelihood,same_objective,17,18,0.8571428571428571
d2c55d14c6c6f7a863a9,18,supervised_likelihood,supervised_likelihood,supervised_likelihood,supervised_likelihood,same_objective,18,19,0.9047619047619048
d2c55d14c6c6f7a863a9,19,supervised_likelihood,supervised_likelihood,supervised_likelihood,supervised_likelihood,same_objective,19,20,0.9523809523809523
d2c55d14c6c6f7a863a9,20,supervised_likelihood,supervised_likelihood,supervised_likelihood,supervised_likelihood,same_objective,20,21,1.0
d31d1544c6da66f86697,0,supervised_likelihood,supervised_likelihood,supervised_likelihood,supervised_likelihood,same_objective,0,1,0.3333333333333333
d31d1544c6da66f86697,1,supervised_likelihood,supervised_likelihood,supervised_likelihood,supervised_likelihood,same_objective,1,2,0.6666666666666666
d31d1544c6da66f86697,2,supervised_likelihood,supervised_likelihood,supervised_likelihood,supervised_likelihood,same_objective,2,3,1.0
d40acf82aa3637ec7f80,0,supervised_likelihood,supervised_likelihood,supervised_likelihood,supervised_likelihood,same_objective,0,1,0.5
d40acf82aa3637ec7f80,1,supervised_likelihood,supervised_likelihood,supervised_likelihood,supervised_likelihood,same_objective,1,2,1.0
d44c0d2eb1982bd64e9f,0,supervised_likelihood,supervised_likelihood,supervised_likelihood,supervised_likelihood,same_objective,0,1,1.0
d4a6c52f9e39918ce560,0,supervised_likelihood,supervised_likelihood,supervised_likelihood,supervised_likelihood,same_objective,0,1,0.08333333333333333
d4a6c52f9e39918ce560,1,supervised_likelihood,supervised_likelihood,supervised_likelihood,supervised_likelihood,same_objective,1,2,0.16666666666666666
d4a6c52f9e39918ce560,2,supervised_likelihood,supervised_likelihood,supervised_likelihood,supervised_likelihood,same_objective,2,3,0.25
d4a6c52f9e39918ce560,3,supervised_likelihood,supervised_likelihood,supervised_likelihood,supervised_likelihood,same_objective,3,4,0.3333333333333333
d4a6c52f9e39918ce560,4,supervised_likelihood,supervised_likelihood,supervised_likelihood,supervised_likelihood,same_objective,4,5,0.4166666666666667
d4a6c52f9e39918ce560,5,supervised_likelihood,supervised_likelihood,supervised_likelihood,supervised_likelihood,same_objective,5,6,0.5
d4a6c52f9e39918ce560,6,supervised_likelihood,supervised_likelihood,supervised_likelihood,supervised_likelihood,same_objective,6,7,0.5833333333333334
d4a6c52f9e39918ce560,7,supervised_likelihood,supervised_likelihood,supervised_likelihood,supervised_likelihood,same_objective,7,8,0.6666666666666666
d4a6c52f9e39918ce560,8,supervised_likelihood,supervised_likelihood,supervised_likelihood,supervised_likelihood,same_objective,8,9,0.75
d4a6c52f9e39918ce560,9,supervised_likelihood,supervised_likelihood,supervised_likelihood,supervised_likelihood,same_objective,9,10,0.8333333333333334
d4a6c52f9e39918ce560,10,supervised_likelihood,supervised_likelihood,supervised_likelihood,supervised_likelihood,same_objective,10,11,0.9166666666666666
d4a6c52f9e39918ce560,11,supervised_likelihood,supervised_likelihood,supervised_likelihood,supervised_likelihood,same_objective,11,12,1.0
d4fae16eae537f28cb87,0,supervised_likelihood,supervised_likelihood,supervised_likelihood,supervised_likelihood,same_objective,0,1,0.3333333333333333
d4fae16eae537f28cb87,1,supervised_likelihood,supervised_likelihood,supervised_likelihood,supervised_likelihood,same_objective,1,2,0.6666666666666666
d4fae16eae537f28cb87,2,supervised_likelihood,supervised_likelihood,supervised_likelihood,supervised_likelihood,same_objective,2,3,1.0
d5b65920962cdbea191e,0,supervised_likelihood,supervised_likelihood,supervised_likelihood,supervised_likelihood,same_objective,0,1,1.0
d5b886f73ba4e218b3d2,0,supervised_likelihood,supervised_likelihood,supervised_likelihood,supervised_likelihood,same_objective,0,1,0.1111111111111111
d5b886f73ba4e218b3d2,1,supervised_likelihood,supervised_likelihood,supervised_likelihood,supervised_likelihood,same_objective,1,2,0.2222222222222222
d5b886f73ba4e218b3d2,2,supervised_likelihood,supervised_likelihood,supervised_likelihood,supervised_likelihood,same_objective,2,3,0.3333333333333333
d5b886f73ba4e218b3d2,3,supervised_likelihood,supervised_likelihood,supervised_likelihood,supervised_likelihood,same_objective,3,4,0.4444444444444444
d5b886f73ba4e218b3d2,4,supervised_likelihood,supervised_likelihood,supervised_likelihood,supervised_likelihood,same_objective,4,5,0.5555555555555556
d5b886f73ba4e218b3d2,5,supervised_likelihood,supervised_likelihood,supervised_likelihood,supervised_likelihood,same_objective,5,6,0.6666666666666666
d5b886f73ba4e218b3d2,6,supervised_likelihood,supervised_likelihood,supervised_likelihood,supervised_likelihood,same_objective,6,7,0.7777777777777778
d5b886f73ba4e218b3d2,7,supervised_likelihood,supervised_likelihood,supervised_likelihood,supervised_likelihood,same_objective,7,8,0.8888888888888888
d5b886f73ba4e218b3d2,8,supervised_likelihood,supervised_likelihood,supervised_likelihood,supervised_likelihood,same_objective,8,9,1.0
d69289d8420a00ac5aff,0,supervised_likelihood,supervised_likelihood,supervised_likelihood,supervised_likelihood,same_objective,0,1,0.125
d69289d8420a00ac5aff,1,supervised_likelihood,supervised_likelihood,supervised_likelihood,supervised_likelihood,same_objective,1,2,0.25
d69289d8420a00ac5aff,2,supervised_likelihood,supervised_likelihood,supervised_likelihood,supervised_likelihood,same_objective,2,3,0.375
d69289d8420a00ac5aff,3,supervised_likelihood,supervised_likelihood,supervised_likelihood,supervised_likelihood,same_objective,3,4,0.5
d69289d8420a00ac5aff,4,supervised_likelihood,supervised_likelihood,supervised_likelihood,supervised_likelihood,same_objective,4,5,0.625
d74917705d48363101de,0,supervised_likelihood,supervised_likelihood,supervised_likelihood,supervised_likelihood,same_objective,0,1,0.5
d74917705d48363101de,1,supervised_likelihood,supervised_likelihood,supervised_likelihood,supervised_likelihood,same_objective,1,2,1.0
d761ac9d4feb39b475f9,0,supervised_likelihood,supervised_likelihood,supervised_likelihood,supervised_likelihood,same_objective,0,1,0.3333333333333333
d761ac9d4feb39b475f9,1,supervised_likelihood,supervised_likelihood,supervised_likelihood,supervised_likelihood,same_objective,1,2,0.6666666666666666
d761ac9d4feb39b475f9,2,supervised_likelihood,supervised_likelihood,supervised_likelihood,supervised_likelihood,same_objective,2,3,1.0
d87a97aca00dba8e13be,0,supervised_likelihood,supervised_likelihood,supervised_likelihood,supervised_likelihood,same_objective,0,1,0.5
d87a97aca00dba8e13be,1,supervised_likelihood,supervised_likelihood,supervised_likelihood,supervised_likelihood,same_objective,1,2,1.0
da3a1e8014f1a62dbac9,0,supervised_likelihood,supervised_likelihood,supervised_likelihood,supervised_likelihood,same_objective,0,1,0.2
da3a1e8014f1a62dbac9,1,supervised_likelihood,supervised_likelihood,supervised_likelihood,supervised_likelihood,same_objective,1,2,0.4
da3a1e8014f1a62dbac9,2,supervised_likelihood,supervised_likelihood,supervised_likelihood,supervised_likelihood,same_objective,2,3,0.6
da3a1e8014f1a62dbac9,3,supervised_likelihood,supervised_likelihood,supervised_likelihood,supervised_likelihood,same_objective,3,4,0.8
da3a1e8014f1a62dbac9,4,supervised_likelihood,supervised_likelihood,supervised_likelihood,supervised_likelihood,same_objective,4,5,1.0
daaf371157d44108cd07,0,supervised_likelihood,supervised_likelihood,supervised_likelihood,supervised_likelihood,same_objective,0,1,0.2
daaf371157d44108cd07,1,supervised_likelihood,supervised_likelihood,supervised_likelihood,supervised_likelihood,same_objective,1,2,0.4
daaf371157d44108cd07,2,supervised_likelihood,supervised_likelihood,supervised_likelihood,supervised_likelihood,same_objective,2,3,0.6
daaf371157d44108cd07,3,supervised_likelihood,supervised_likelihood,supervised_likelihood,supervised_likelihood,same_objective,3,4,0.8
daaf371157d44108cd07,4,supervised_likelihood,supervised_likelihood,supervised_likelihood,supervised_likelihood,same_objective,4,5,1.0
dabb39928c3a03affe03,0,supervised_likelihood,supervised_likelihood,supervised_likelihood,supervised_likelihood,same_objective,0,1,0.3333333333333333
dabb39928c3a03affe03,1,supervised_likelihood,supervised_likelihood,supervised_likelihood,supervised_likelihood,same_objective,1,2,0.6666666666666666
dabb39928c3a03affe03,2,supervised_likelihood,supervised_likelihood,supervised_likelihood,supervised_likelihood,same_objective,2,3,1.0
dabd17aa601738197f26,0,supervised_likelihood,supervised_likelihood,supervised_likelihood,supervised_likelihood,same_objective,0,1,0.14285714285714285
dabd17aa601738197f26,1,supervised_likelihood,supervised_likelihood,supervised_likelihood,supervised_likelihood,same_objective,1,2,0.2857142857142857
dabd17aa601738197f26,2,supervised_likelihood,supervised_likelihood,supervised_likelihood,supervised_likelihood,same_objective,2,3,0.42857142857142855
dabd17aa601738197f26,3,supervised_likelihood,supervised_likelihood,supervised_likelihood,supervised_likelihood,same_objective,3,4,0.5714285714285714
dabd17aa601738197f26,4,supervised_likelihood,supervised_likelihood,supervised_likelihood,supervised_likelihood,same_objective,4,5,0.7142857142857143
dabd17aa601738197f26,5,supervised_likelihood,supervised_likelihood,supervised_likelihood,supervised_likelihood,same_objective,5,6,0.8571428571428571
dabd17aa601738197f26,6,supervised_likelihood,supervised_likelihood,supervised_likelihood,supervised_likelihood,same_objective,6,7,1.0
db6582263d766162006c,0,supervised_likelihood,supervised_likelihood,supervised_likelihood,supervised_likelihood,same_objective,0,1,0.1
db6582263d766162006c,1,supervised_likelihood,supervised_likelihood,supervised_likelihood,supervised_likelihood,same_objective,1,2,0.2
db6582263d766162006c,2,supervised_likelihood,supervised_likelihood,supervised_likelihood,supervised_likelihood,same_objective,2,3,0.3
db6582263d766162006c,3,supervised_likelihood,supervised_likelihood,supervised_likelihood,supervised_likelihood,same_objective,3,4,0.4
db6582263d766162006c,4,supervised_likelihood,supervised_likelihood,supervised_likelihood,supervised_likelihood,same_objective,4,5,0.5
db6582263d766162006c,5,supervised_likelihood,supervised_likelihood,supervised_likelihood,supervised_likelihood,same_objective,5,6,0.6
db6582263d766162006c,6,supervised_likelihood,supervised_likelihood,supervised_likelihood,supervised_likelihood,same_objective,6,7,0.7
db6582263d766162006c,7,supervised_likelihood,supervised_likelihood,supervised_likelihood,supervised_likelihood,same_objective,7,8,0.8
db6582263d766162006c,8,supervised_likelihood,supervised_likelihood,supervised_likelihood,supervised_likelihood,same_objective,8,9,0.9
db6582263d766162006c,9,supervised_likelihood,supervised_likelihood,supervised_likelihood,supervised_likelihood,same_objective,9,10,1.0
dbc13d0548526ec675bf,0,supervised_likelihood,supervised_likelihood,supervised_likelihood,supervised_likelihood,same_objective,0,1,0.5
dbc13d0548526ec675bf,1,supervised_likelihood,supervised_likelihood,supervised_likelihood,supervised_likelihood,same_objective,1,2,1.0
dc09452f8b6da66d3bd8,0,supervised_likelihood,supervised_likelihood,supervised_likelihood,supervised_likelihood,same_objective,0,1,0.3333333333333333
dc09452f8b6da66d3bd8,1,supervised_likelihood,supervised_likelihood,supervised_likelihood,supervised_likelihood,same_objective,1,2,0.6666666666666666
dc09452f8b6da66d3bd8,2,supervised_likelihood,supervised_likelihood,supervised_likelihood,supervised_likelihood,same_objective,2,3,1.0
dc38ee5ec99e9a322b95,0,supervised_likelihood,supervised_likelihood,supervised_likelihood,supervised_likelihood,same_objective,0,1,0.3333333333333333
dc38ee5ec99e9a322b95,1,supervised_likelihood,supervised_likelihood,supervised_likelihood,supervised_likelihood,same_objective,1,2,0.6666666666666666
dc38ee5ec99e9a322b95,2,supervised_likelihood,supervised_likelihood,supervised_likelihood,supervised_likelihood,same_objective,2,3,1.0
dc8e23c9da4d8ff97c9b,0,supervised_likelihood,supervised_likelihood,supervised_likelihood,supervised_likelihood,same_objective,0,1,0.2
dc8e23c9da4d8ff97c9b,1,supervised_likelihood,supervised_likelihood,supervised_likelihood,supervised_likelihood,same_objective,1,2,0.4
dc8e23c9da4d8ff97c9b,2,supervised_likelihood,supervised_likelihood,supervised_likelihood,supervised_likelihood,same_objective,2,3,0.6
dc8e23c9da4d8ff97c9b,3,supervised_likelihood,supervised_likelihood,supervised_likelihood,supervised_likelihood,same_objective,3,4,0.8
dc8e23c9da4d8ff97c9b,4,supervised_likelihood,supervised_likelihood,supervised_likelihood,supervised_likelihood,same_objective,4,5,1.0
dd0175dc11cb84ac4744,0,supervised_likelihood,supervised_likelihood,supervised_likelihood,supervised_likelihood,same_objective,0,1,0.16666666666666666
dd0175dc11cb84ac4744,1,supervised_likelihood,supervised_likelihood,supervised_likelihood,supervised_likelihood,same_objective,1,2,0.3333333333333333
dd0175dc11cb84ac4744,2,supervised_likelihood,supervised_likelihood,supervised_likelihood,supervised_likelihood,same_objective,2,3,0.5
dd0175dc11cb84ac4744,3,supervised_likelihood,supervised_likelihood,supervised_likelihood,supervised_likelihood,same_objective,3,4,0.6666666666666666
dd0175dc11cb84ac4744,4,supervised_likelihood,supervised_likelihood,supervised_likelihood,supervised_likelihood,same_objective,4,5,0.8333333333333334
dd0175dc11cb84ac4744,5,supervised_likelihood,supervised_likelihood,supervised_likelihood,supervised_likelihood,same_objective,5,6,1.0
dd7a76f5e72fa8bdb49a,0,supervised_likelihood,supervised_likelihood,supervised_likelihood,supervised_likelihood,same_objective,0,1,0.5
dd7a76f5e72fa8bdb49a,1,supervised_likelihood,supervised_likelihood,supervised_likelihood,supervised_likelihood,same_objective,1,2,1.0
ddccb0bc964be0950f96,0,supervised_likelihood,supervised_likelihood,supervised_likelihood,supervised_likelihood,same_objective,0,1,1.0
dddebb9964010b68380b,0,supervised_likelihood,supervised_likelihood,supervised_likelihood,supervised_likelihood,same_objective,0,1,0.25
dddebb9964010b68380b,1,supervised_likelihood,supervised_likelihood,supervised_likelihood,supervised_likelihood,same_objective,1,2,0.5
dddebb9964010b68380b,2,supervised_likelihood,supervised_likelihood,supervised_likelihood,supervised_likelihood,same_objective,2,3,0.75
dddebb9964010b68380b,3,supervised_likelihood,supervised_likelihood,supervised_likelihood,supervised_likelihood,same_objective,3,4,1.0
de3168aa0c59fecdd925,0,supervised_likelihood,supervised_likelihood,supervised_likelihood,supervised_likelihood,same_objective,0,1,0.5
de3168aa0c59fecdd925,1,supervised_likelihood,supervised_likelihood,supervised_likelihood,supervised_likelihood,same_objective,1,2,1.0
dec321a2e3dee6a1075f,0,supervised_likelihood,supervised_likelihood,supervised_likelihood,supervised_likelihood,same_objective,0,1,0.5
dec321a2e3dee6a1075f,1,supervised_likelihood,supervised_likelihood,supervised_likelihood,supervised_likelihood,same_objective,1,2,1.0
deca66aef211e7551a2b,0,supervised_likelihood,supervised_likelihood,supervised_likelihood,supervised_likelihood,same_objective,0,1,0.3333333333333333
deca66aef211e7551a2b,1,supervised_likelihood,supervised_likelihood,supervised_likelihood,supervised_likelihood,same_objective,1,2,0.6666666666666666
deca66aef211e7551a2b,2,supervised_likelihood,supervised_likelihood,supervised_likelihood,supervised_likelihood,same_objective,2,3,1.0
defd5576da90ab919f94,0,supervised_likelihood,supervised_likelihood,supervised_likelihood,supervised_likelihood,same_objective,0,1,0.3333333333333333
defd5576da90ab919f94,1,supervised_likelihood,supervised_likelihood,supervised_likelihood,supervised_likelihood,same_objective,1,2,0.6666666666666666
defd5576da90ab919f94,2,supervised_likelihood,supervised_likelihood,supervised_likelihood,supervised_likelihood,same_objective,2,3,1.0
df40a6660663efb2bec7,0,reward_optimization,supervised_likelihood,reward_grpo,supervised_likelihood,objective_change,0,1,0.3333333333333333
df40a6660663efb2bec7,1,supervised_likelihood,supervised_likelihood,supervised_likelihood,supervised_likelihood,same_objective,1,2,0.6666666666666666
df40a6660663efb2bec7,2,supervised_likelihood,supervised_likelihood,supervised_likelihood,supervised_likelihood,same_objective,2,3,1.0
df954bc4e758f6284ed7,0,supervised_likelihood,supervised_likelihood,supervised_likelihood,supervised_likelihood,same_objective,0,1,1.0
dfe1a63488a00ac93d94,0,supervised_likelihood,supervised_likelihood,supervised_likelihood,supervised_likelihood,same_objective,0,1,0.25
dfe1a63488a00ac93d94,1,supervised_likelihood,supervised_likelihood,supervised_likelihood,supervised_likelihood,same_objective,1,2,0.5
dfe1a63488a00ac93d94,2,supervised_likelihood,supervised_likelihood,supervised_likelihood,supervised_likelihood,same_objective,2,3,0.75
dfe1a63488a00ac93d94,3,supervised_likelihood,supervised_likelihood,supervised_likelihood,supervised_likelihood,same_objective,3,4,1.0
dfff79beb1999b015cdc,0,supervised_likelihood,supervised_likelihood,supervised_likelihood,supervised_likelihood,same_objective,0,1,0.2
dfff79beb1999b015cdc,1,supervised_likelihood,supervised_likelihood,supervised_likelihood,supervised_likelihood,same_objective,1,2,0.4
dfff79beb1999b015cdc,2,supervised_likelihood,supervised_likelihood,supervised_likelihood,supervised_likelihood,same_objective,2,3,0.6
dfff79beb1999b015cdc,3,supervised_likelihood,supervised_likelihood,supervised_likelihood,supervised_likelihood,same_objective,3,4,0.8
dfff79beb1999b015cdc,4,supervised_likelihood,supervised_likelihood,supervised_likelihood,supervised_likelihood,same_objective,4,5,1.0
e0afcbfc6610eb6403df,0,supervised_likelihood,supervised_likelihood,supervised_likelihood,supervised_likelihood,same_objective,0,1,0.14285714285714285
e0afcbfc6610eb6403df,1,supervised_likelihood,supervised_likelihood,supervised_likelihood,supervised_likelihood,same_objective,1,2,0.2857142857142857
e0afcbfc6610eb6403df,2,supervised_likelihood,supervised_likelihood,supervised_likelihood,supervised_likelihood,same_objective,2,3,0.42857142857142855
e0afcbfc6610eb6403df,3,supervised_likelihood,supervised_likelihood,supervised_likelihood,supervised_likelihood,same_objective,3,4,0.5714285714285714
e0afcbfc6610eb6403df,4,supervised_likelihood,supervised_likelihood,supervised_likelihood,supervised_likelihood,same_objective,4,5,0.7142857142857143
e0afcbfc6610eb6403df,5,supervised_likelihood,supervised_likelihood,supervised_likelihood,supervised_likelihood,same_objective,5,6,0.8571428571428571
e0afcbfc6610eb6403df,6,supervised_likelihood,supervised_likelihood,supervised_likelihood,supervised_likelihood,same_objective,6,7,1.0
e22c2569a65f7958e477,0,supervised_likelihood,supervised_likelihood,supervised_likelihood,supervised_likelihood,same_objective,0,1,0.3333333333333333
e22c2569a65f7958e477,1,supervised_likelihood,supervised_likelihood,supervised_likelihood,supervised_likelihood,same_objective,1,2,0.6666666666666666
e22c2569a65f7958e477,2,supervised_likelihood,supervised_likelihood,supervised_likelihood,supervised_likelihood,same_objective,2,3,1.0
e241d671fa8669b066d4,0,supervised_likelihood,supervised_likelihood,supervised_likelihood,supervised_likelihood,same_objective,0,1,0.5
e241d671fa8669b066d4,1,supervised_likelihood,supervised_likelihood,supervised_likelihood,supervised_likelihood,same_objective,1,2,1.0
e39eb83a037b82e19780,0,supervised_likelihood,supervised_likelihood,supervised_likelihood,supervised_likelihood,same_objective,0,1,0.25
e39eb83a037b82e19780,1,supervised_likelihood,supervised_likelihood,supervised_likelihood,supervised_likelihood,same_objective,1,2,0.5
e39eb83a037b82e19780,2,supervised_likelihood,supervised_likelihood,supervised_likelihood,supervised_likelihood,same_objective,2,3,0.75
e39eb83a037b82e19780,3,supervised_likelihood,supervised_likelihood,supervised_likelihood,supervised_likelihood,same_objective,3,4,1.0
e41526bc3c691f8d1367,0,supervised_likelihood,supervised_likelihood,supervised_likelihood,supervised_likelihood,same_objective,0,1,0.5
e41526bc3c691f8d1367,1,supervised_likelihood,supervised_likelihood,supervised_likelihood,supervised_likelihood,same_objective,1,2,1.0
e47d598fe620a3efa3a5,0,supervised_likelihood,supervised_likelihood,supervised_likelihood,supervised_likelihood,same_objective,0,1,0.25
e47d598fe620a3efa3a5,1,supervised_likelihood,supervised_likelihood,supervised_likelihood,supervised_likelihood,same_objective,1,2,0.5
e47d598fe620a3efa3a5,2,supervised_likelihood,supervised_likelihood,supervised_likelihood,supervised_likelihood,same_objective,2,3,0.75
e47d598fe620a3efa3a5,3,supervised_likelihood,supervised_likelihood,supervised_likelihood,supervised_likelihood,same_objective,3,4,1.0
e49cd0c6909e69fd36d8,0,supervised_likelihood,supervised_likelihood,supervised_likelihood,supervised_likelihood,same_objective,0,1,0.25
e49cd0c6909e69fd36d8,1,supervised_likelihood,supervised_likelihood,supervised_likelihood,supervised_likelihood,same_objective,1,2,0.5
e49cd0c6909e69fd36d8,2,supervised_likelihood,supervised_likelihood,supervised_likelihood,supervised_likelihood,same_objective,2,3,0.75
e49cd0c6909e69fd36d8,3,supervised_likelihood,supervised_likelihood,supervised_likelihood,supervised_likelihood,same_objective,3,4,1.0
e4b8abfb24ac72e8cd73,0,supervised_likelihood,supervised_likelihood,supervised_likelihood,supervised_likelihood,same_objective,0,1,0.14285714285714285
e4b8abfb24ac72e8cd73,1,supervised_likelihood,supervised_likelihood,supervised_likelihood,supervised_likelihood,same_objective,1,2,0.2857142857142857
e4b8abfb24ac72e8cd73,2,supervised_likelihood,supervised_likelihood,supervised_likelihood,supervised_likelihood,same_objective,2,3,0.42857142857142855
e4b8abfb24ac72e8cd73,3,supervised_likelihood,supervised_likelihood,supervised_likelihood,supervised_likelihood,same_objective,3,4,0.5714285714285714
e4b8abfb24ac72e8cd73,4,supervised_likelihood,supervised_likelihood,supervised_likelihood,supervised_likelihood,same_objective,4,5,0.7142857142857143
e4b8abfb24ac72e8cd73,5,supervised_likelihood,supervised_likelihood,supervised_likelihood,supervised_likelihood,same_objective,5,6,0.8571428571428571
e4b8abfb24ac72e8cd73,6,supervised_likelihood,supervised_likelihood,supervised_likelihood,supervised_likelihood,same_objective,6,7,1.0
e57ca9dbbcfe51ebf5d0,0,supervised_likelihood,supervised_likelihood,supervised_likelihood,supervised_likelihood,same_objective,0,1,0.16666666666666666
e57ca9dbbcfe51ebf5d0,1,supervised_likelihood,supervised_likelihood,supervised_likelihood,supervised_likelihood,same_objective,1,2,0.3333333333333333
e57ca9dbbcfe51ebf5d0,2,supervised_likelihood,supervised_likelihood,supervised_likelihood,supervised_likelihood,same_objective,2,3,0.5
e57ca9dbbcfe51ebf5d0,3,supervised_likelihood,supervised_likelihood,supervised_likelihood,supervised_likelihood,same_objective,3,4,0.6666666666666666
e57ca9dbbcfe51ebf5d0,4,supervised_likelihood,supervised_likelihood,supervised_likelihood,supervised_likelihood,same_objective,4,5,0.8333333333333334
e57ca9dbbcfe51ebf5d0,5,supervised_likelihood,supervised_likelihood,supervised_likelihood,supervised_likelihood,same_objective,5,6,1.0
e5ed6bd2b47b42b80e63,0,supervised_likelihood,supervised_likelihood,supervised_likelihood,supervised_likelihood,same_objective,0,1,0.2
e5ed6bd2b47b42b80e63,1,supervised_likelihood,supervised_likelihood,supervised_likelihood,supervised_likelihood,same_objective,1,2,0.4
e5ed6bd2b47b42b80e63,2,supervised_likelihood,supervised_likelihood,supervised_likelihood,supervised_likelihood,same_objective,2,3,0.6
e5ed6bd2b47b42b80e63,3,supervised_likelihood,supervised_likelihood,supervised_likelihood,supervised_likelihood,same_objective,3,4,0.8
e5ed6bd2b47b42b80e63,4,supervised_likelihood,supervised_likelihood,supervised_likelihood,supervised_likelihood,same_objective,4,5,1.0
e5fa61008b82229bb421,0,supervised_likelihood,supervised_likelihood,supervised_likelihood,supervised_likelihood,same_objective,0,1,0.1111111111111111
e5fa61008b82229bb421,1,supervised_likelihood,supervised_likelihood,supervised_likelihood,supervised_likelihood,same_objective,1,2,0.2222222222222222
e5fa61008b82229bb421,2,supervised_likelihood,supervised_likelihood,supervised_likelihood,supervised_likelihood,same_objective,2,3,0.3333333333333333
e5fa61008b82229bb421,3,supervised_likelihood,supervised_likelihood,supervised_likelihood,supervised_likelihood,same_objective,3,4,0.4444444444444444
e5fa61008b82229bb421,4,supervised_likelihood,supervised_likelihood,supervised_likelihood,supervised_likelihood,same_objective,4,5,0.5555555555555556
e5fa61008b82229bb421,5,supervised_likelihood,supervised_likelihood,supervised_likelihood,supervised_likelihood,same_objective,5,6,0.6666666666666666
e5fa61008b82229bb421,6,supervised_likelihood,supervised_likelihood,supervised_likelihood,supervised_likelihood,same_objective,6,7,0.7777777777777778
e5fa61008b82229bb421,7,supervised_likelihood,supervised_likelihood,supervised_likelihood,supervised_likelihood,same_objective,7,8,0.8888888888888888
e5fa61008b82229bb421,8,supervised_likelihood,supervised_likelihood,supervised_likelihood,supervised_likelihood,same_objective,8,9,1.0
e6d0ba15c2e834314613,0,supervised_likelihood,supervised_likelihood,supervised_likelihood,supervised_likelihood,same_objective,0,1,0.14285714285714285
e6d0ba15c2e834314613,1,supervised_likelihood,supervised_likelihood,supervised_likelihood,supervised_likelihood,same_objective,1,2,0.2857142857142857
e6d0ba15c2e834314613,2,supervised_likelihood,supervised_likelihood,supervised_likelihood,supervised_likelihood,same_objective,2,3,0.42857142857142855
e6d0ba15c2e834314613,3,supervised_likelihood,supervised_likelihood,supervised_likelihood,supervised_likelihood,same_objective,3,4,0.5714285714285714
e6d0ba15c2e834314613,4,supervised_likelihood,supervised_likelihood,supervised_likelihood,supervised_likelihood,same_objective,4,5,0.7142857142857143
e6d0ba15c2e834314613,5,supervised_likelihood,supervised_likelihood,supervised_likelihood,supervised_likelihood,same_objective,5,6,0.8571428571428571
e6d0ba15c2e834314613,6,supervised_likelihood,supervised_likelihood,supervised_likelihood,supervised_likelihood,same_objective,6,7,1.0
e6fbd3baf63edf89903f,0,supervised_likelihood,supervised_likelihood,supervised_likelihood,supervised_likelihood,same_objective,0,1,0.1111111111111111
e6fbd3baf63edf89903f,1,supervised_likelihood,supervised_likelihood,supervised_likelihood,supervised_likelihood,same_objective,1,2,0.2222222222222222
e6fbd3baf63edf89903f,2,supervised_likelihood,supervised_likelihood,supervised_likelihood,supervised_likelihood,same_objective,2,3,0.3333333333333333
e6fbd3baf63edf89903f,3,supervised_likelihood,supervised_likelihood,supervised_likelihood,supervised_likelihood,same_objective,3,4,0.4444444444444444
e6fbd3baf63edf89903f,4,supervised_likelihood,supervised_likelihood,supervised_likelihood,supervised_likelihood,same_objective,4,5,0.5555555555555556
e6fbd3baf63edf89903f,5,supervised_likelihood,supervised_likelihood,supervised_likelihood,supervised_likelihood,same_objective,5,6,0.6666666666666666
e7011216f37c9873ebd4,0,supervised_likelihood,supervised_likelihood,supervised_likelihood,supervised_likelihood,same_objective,0,1,0.08333333333333333
e7011216f37c9873ebd4,1,supervised_likelihood,supervised_likelihood,supervised_likelihood,supervised_likelihood,same_objective,1,2,0.16666666666666666
e7011216f37c9873ebd4,2,supervised_likelihood,supervised_likelihood,supervised_likelihood,supervised_likelihood,same_objective,2,3,0.25
e7011216f37c9873ebd4,3,supervised_likelihood,supervised_likelihood,supervised_likelihood,supervised_likelihood,same_objective,3,4,0.3333333333333333
e7011216f37c9873ebd4,4,supervised_likelihood,supervised_likelihood,supervised_likelihood,supervised_likelihood,same_objective,4,5,0.4166666666666667
e7011216f37c9873ebd4,5,supervised_likelihood,supervised_likelihood,supervised_likelihood,supervised_likelihood,same_objective,5,6,0.5
e7011216f37c9873ebd4,6,supervised_likelihood,supervised_likelihood,supervised_likelihood,supervised_likelihood,same_objective,6,7,0.5833333333333334
e7011216f37c9873ebd4,7,supervised_likelihood,supervised_likelihood,supervised_likelihood,supervised_likelihood,same_objective,7,8,0.6666666666666666
e7011216f37c9873ebd4,8,supervised_likelihood,supervised_likelihood,supervised_likelihood,supervised_likelihood,same_objective,8,9,0.75
e7011216f37c9873ebd4,9,supervised_likelihood,supervised_likelihood,supervised_likelihood,supervised_likelihood,same_objective,9,10,0.8333333333333334
e7011216f37c9873ebd4,10,supervised_likelihood,supervised_likelihood,supervised_likelihood,supervised_likelihood,same_objective,10,11,0.9166666666666666
e7011216f37c9873ebd4,11,supervised_likelihood,supervised_likelihood,supervised_likelihood,supervised_likelihood,same_objective,11,12,1.0
e71416deff6fac37de88,0,supervised_likelihood,supervised_likelihood,supervised_likelihood,supervised_likelihood,same_objective,0,1,0.14285714285714285
e71416deff6fac37de88,1,supervised_likelihood,supervised_likelihood,supervised_likelihood,supervised_likelihood,same_objective,1,2,0.2857142857142857
e71416deff6fac37de88,2,supervised_likelihood,supervised_likelihood,supervised_likelihood,supervised_likelihood,same_objective,2,3,0.42857142857142855
e71416deff6fac37de88,3,supervised_likelihood,supervised_likelihood,supervised_likelihood,supervised_likelihood,same_objective,3,4,0.5714285714285714
e71416deff6fac37de88,4,supervised_likelihood,supervised_likelihood,supervised_likelihood,supervised_likelihood,same_objective,4,5,0.7142857142857143
e71416deff6fac37de88,5,supervised_likelihood,supervised_likelihood,supervised_likelihood,supervised_likelihood,same_objective,5,6,0.8571428571428571
e71416deff6fac37de88,6,supervised_likelihood,supervised_likelihood,supervised_likelihood,supervised_likelihood,same_objective,6,7,1.0
e7c2db23d58cd9b67cc7,0,supervised_likelihood,supervised_likelihood,supervised_likelihood,supervised_likelihood,same_objective,0,1,0.3333333333333333
e7c2db23d58cd9b67cc7,1,supervised_likelihood,supervised_likelihood,supervised_likelihood,supervised_likelihood,same_objective,1,2,0.6666666666666666
e7c2db23d58cd9b67cc7,2,supervised_likelihood,supervised_likelihood,supervised_likelihood,supervised_likelihood,same_objective,2,3,1.0
e89cb6718219ae7bdb19,0,supervised_likelihood,supervised_likelihood,supervised_likelihood,supervised_likelihood,same_objective,0,1,0.2
e89cb6718219ae7bdb19,1,supervised_likelihood,supervised_likelihood,supervised_likelihood,supervised_likelihood,same_objective,1,2,0.4
e89cb6718219ae7bdb19,2,supervised_likelihood,supervised_likelihood,supervised_likelihood,supervised_likelihood,same_objective,2,3,0.6
e89cb6718219ae7bdb19,3,supervised_likelihood,supervised_likelihood,supervised_likelihood,supervised_likelihood,same_objective,3,4,0.8
e89cb6718219ae7bdb19,4,supervised_likelihood,supervised_likelihood,supervised_likelihood,supervised_likelihood,same_objective,4,5,1.0
e8a8e9e04bffadfaa36a,0,supervised_likelihood,supervised_likelihood,supervised_likelihood,supervised_likelihood,same_objective,0,1,0.125
e8a8e9e04bffadfaa36a,1,supervised_likelihood,supervised_likelihood,supervised_likelihood,supervised_likelihood,same_objective,1,2,0.25
e8a8e9e04bffadfaa36a,2,supervised_likelihood,supervised_likelihood,supervised_likelihood,supervised_likelihood,same_objective,2,3,0.375
e8a8e9e04bffadfaa36a,3,supervised_likelihood,supervised_likelihood,supervised_likelihood,supervised_likelihood,same_objective,3,4,0.5
e8a8e9e04bffadfaa36a,4,supervised_likelihood,supervised_likelihood,supervised_likelihood,supervised_likelihood,same_objective,4,5,0.625
e8a8e9e04bffadfaa36a,5,supervised_likelihood,supervised_likelihood,supervised_likelihood,supervised_likelihood,same_objective,5,6,0.75
e8a8e9e04bffadfaa36a,6,supervised_likelihood,supervised_likelihood,supervised_likelihood,supervised_likelihood,same_objective,6,7,0.875
e8a8e9e04bffadfaa36a,7,supervised_likelihood,supervised_likelihood,supervised_likelihood,supervised_likelihood,same_objective,7,8,1.0
e8f925511b5dafd808bf,0,supervised_likelihood,supervised_likelihood,supervised_likelihood,supervised_likelihood,same_objective,0,1,1.0
e8fd1b726a45babdfed2,0,supervised_likelihood,supervised_likelihood,supervised_likelihood,supervised_likelihood,same_objective,0,1,1.0
e932afca42a53c36c0eb,0,supervised_likelihood,supervised_likelihood,supervised_likelihood,supervised_likelihood,same_objective,0,1,1.0
e9b1c0754e466cd6929b,0,supervised_likelihood,supervised_likelihood,supervised_likelihood,supervised_likelihood,same_objective,0,1,0.25
e9b1c0754e466cd6929b,1,supervised_likelihood,supervised_likelihood,supervised_likelihood,supervised_likelihood,same_objective,1,2,0.5
e9b1c0754e466cd6929b,2,supervised_likelihood,supervised_likelihood,supervised_likelihood,supervised_likelihood,same_objective,2,3,0.75
e9b1c0754e466cd6929b,3,supervised_likelihood,supervised_likelihood,supervised_likelihood,supervised_likelihood,same_objective,3,4,1.0
ea162abd4a9fa119c96c,0,supervised_likelihood,supervised_likelihood,supervised_likelihood,supervised_likelihood,same_objective,0,1,0.5
ea162abd4a9fa119c96c,1,supervised_likelihood,supervised_likelihood,supervised_likelihood,supervised_likelihood,same_objective,1,2,1.0
ea9053fd7702ffe9b248,0,supervised_likelihood,supervised_likelihood,supervised_likelihood,supervised_likelihood,same_objective,0,1,0.125
ea9053fd7702ffe9b248,1,supervised_likelihood,supervised_likelihood,supervised_likelihood,supervised_likelihood,same_objective,1,2,0.25
ea9053fd7702ffe9b248,2,supervised_likelihood,supervised_likelihood,supervised_likelihood,supervised_likelihood,same_objective,2,3,0.375
ea9053fd7702ffe9b248,3,supervised_likelihood,supervised_likelihood,supervised_likelihood,supervised_likelihood,same_objective,3,4,0.5
ea9053fd7702ffe9b248,4,supervised_likelihood,supervised_likelihood,supervised_likelihood,supervised_likelihood,same_objective,4,5,0.625
ea9053fd7702ffe9b248,5,supervised_likelihood,supervised_likelihood,supervised_likelihood,supervised_likelihood,same_objective,5,6,0.75
ea9053fd7702ffe9b248,6,supervised_likelihood,supervised_likelihood,supervised_likelihood,supervised_likelihood,same_objective,6,7,0.875
ea9053fd7702ffe9b248,7,supervised_likelihood,supervised_likelihood,supervised_likelihood,supervised_likelihood,same_objective,7,8,1.0
eae908aaa03ea1f5ca02,0,supervised_likelihood,supervised_likelihood,supervised_likelihood,supervised_likelihood,same_objective,0,1,0.5
eae908aaa03ea1f5ca02,1,supervised_likelihood,supervised_likelihood,supervised_likelihood,supervised_likelihood,same_objective,1,2,1.0
eb0a4f6e0e569ed133e6,0,supervised_likelihood,supervised_likelihood,supervised_likelihood,supervised_likelihood,same_objective,0,1,0.5
eb0a4f6e0e569ed133e6,1,supervised_likelihood,supervised_likelihood,supervised_likelihood,supervised_likelihood,same_objective,1,2,1.0
eb48326a2399557962c4,0,supervised_likelihood,supervised_likelihood,supervised_likelihood,supervised_likelihood,same_objective,0,1,0.5
eb48326a2399557962c4,1,supervised_likelihood,supervised_likelihood,supervised_likelihood,supervised_likelihood,same_objective,1,2,1.0
eb5d9387b540ea3fd168,0,supervised_likelihood,supervised_likelihood,supervised_likelihood,supervised_likelihood,same_objective,0,1,0.2
eb5d9387b540ea3fd168,1,supervised_likelihood,supervised_likelihood,supervised_likelihood,supervised_likelihood,same_objective,1,2,0.4
eb5d9387b540ea3fd168,2,supervised_likelihood,supervised_likelihood,supervised_likelihood,supervised_likelihood,same_objective,2,3,0.6
eb5d9387b540ea3fd168,3,supervised_likelihood,supervised_likelihood,supervised_likelihood,supervised_likelihood,same_objective,3,4,0.8
eb5d9387b540ea3fd168,4,supervised_likelihood,supervised_likelihood,supervised_likelihood,supervised_likelihood,same_objective,4,5,1.0
eb6370c9c1a7cc1de0db,0,supervised_likelihood,supervised_likelihood,supervised_likelihood,supervised_likelihood,same_objective,0,1,1.0
eb7bd758a7a6aa4d9f1b,0,supervised_likelihood,supervised_likelihood,supervised_likelihood,supervised_likelihood,same_objective,0,1,0.3333333333333333
ec20a781999315e09d6f,0,supervised_likelihood,supervised_likelihood,supervised_likelihood,supervised_likelihood,same_objective,0,1,0.16666666666666666
ec20a781999315e09d6f,1,supervised_likelihood,supervised_likelihood,supervised_likelihood,supervised_likelihood,same_objective,1,2,0.3333333333333333
ec20a781999315e09d6f,2,supervised_likelihood,supervised_likelihood,supervised_likelihood,supervised_likelihood,same_objective,2,3,0.5
ec20a781999315e09d6f,3,supervised_likelihood,supervised_likelihood,supervised_likelihood,supervised_likelihood,same_objective,3,4,0.6666666666666666
ec20a781999315e09d6f,4,supervised_likelihood,supervised_likelihood,supervised_likelihood,supervised_likelihood,same_objective,4,5,0.8333333333333334
ec20a781999315e09d6f,5,supervised_likelihood,supervised_likelihood,supervised_likelihood,supervised_likelihood,same_objective,5,6,1.0
ec5ee8c85ad1515600e9,0,supervised_likelihood,supervised_likelihood,supervised_likelihood,supervised_likelihood,same_objective,0,1,0.25
ec5ee8c85ad1515600e9,1,supervised_likelihood,supervised_likelihood,supervised_likelihood,supervised_likelihood,same_objective,1,2,0.5
ec5ee8c85ad1515600e9,2,supervised_likelihood,supervised_likelihood,supervised_likelihood,supervised_likelihood,same_objective,2,3,0.75
ec5ee8c85ad1515600e9,3,supervised_likelihood,supervised_likelihood,supervised_likelihood,supervised_likelihood,same_objective,3,4,1.0
eceb1dcf04b350e42b46,0,supervised_likelihood,supervised_likelihood,supervised_likelihood,supervised_likelihood,same_objective,0,1,0.2
eceb1dcf04b350e42b46,1,supervised_likelihood,supervised_likelihood,supervised_likelihood,supervised_likelihood,same_objective,1,2,0.4
eceb1dcf04b350e42b46,2,supervised_likelihood,supervised_likelihood,supervised_likelihood,supervised_likelihood,same_objective,2,3,0.6
eceb1dcf04b350e42b46,3,supervised_likelihood,supervised_likelihood,supervised_likelihood,supervised_likelihood,same_objective,3,4,0.8
eceb1dcf04b350e42b46,4,supervised_likelihood,supervised_likelihood,supervised_likelihood,supervised_likelihood,same_objective,4,5,1.0
ed66f79f40dd32aabe33,0,supervised_likelihood,supervised_likelihood,supervised_likelihood,supervised_likelihood,same_objective,0,1,0.1
ed66f79f40dd32aabe33,1,supervised_likelihood,supervised_likelihood,supervised_likelihood,supervised_likelihood,same_objective,1,2,0.2
ed66f79f40dd32aabe33,2,supervised_likelihood,supervised_likelihood,supervised_likelihood,supervised_likelihood,same_objective,2,3,0.3
ed66f79f40dd32aabe33,3,supervised_likelihood,supervised_likelihood,supervised_likelihood,supervised_likelihood,same_objective,3,4,0.4
ed66f79f40dd32aabe33,4,supervised_likelihood,supervised_likelihood,supervised_likelihood,supervised_likelihood,same_objective,4,5,0.5
ed66f79f40dd32aabe33,5,supervised_likelihood,supervised_likelihood,supervised_likelihood,supervised_likelihood,same_objective,5,6,0.6
ed66f79f40dd32aabe33,6,supervised_likelihood,supervised_likelihood,supervised_likelihood,supervised_likelihood,same_objective,6,7,0.7
ed66f79f40dd32aabe33,7,supervised_likelihood,supervised_likelihood,supervised_likelihood,supervised_likelihood,same_objective,7,8,0.8
ed66f79f40dd32aabe33,8,supervised_likelihood,supervised_likelihood,supervised_likelihood,supervised_likelihood,same_objective,8,9,0.9
ed66f79f40dd32aabe33,9,supervised_likelihood,supervised_likelihood,supervised_likelihood,supervised_likelihood,same_objective,9,10,1.0
ed95d6da4018715b4113,0,supervised_likelihood,supervised_likelihood,supervised_likelihood,supervised_likelihood,same_objective,0,1,1.0
edacfcc3e7315acb3406,0,supervised_likelihood,supervised_likelihood,supervised_likelihood,supervised_likelihood,same_objective,0,1,0.2
edacfcc3e7315acb3406,1,supervised_likelihood,supervised_likelihood,supervised_likelihood,supervised_likelihood,same_objective,1,2,0.4
edacfcc3e7315acb3406,2,supervised_likelihood,supervised_likelihood,supervised_likelihood,supervised_likelihood,same_objective,2,3,0.6
edacfcc3e7315acb3406,3,supervised_likelihood,supervised_likelihood,supervised_likelihood,supervised_likelihood,same_objective,3,4,0.8
edacfcc3e7315acb3406,4,supervised_likelihood,supervised_likelihood,supervised_likelihood,supervised_likelihood,same_objective,4,5,1.0
ee1ca44ab736614f2d8b,0,supervised_likelihood,supervised_likelihood,supervised_likelihood,supervised_likelihood,same_objective,0,1,0.08333333333333333
ee1ca44ab736614f2d8b,1,supervised_likelihood,supervised_likelihood,supervised_likelihood,supervised_likelihood,same_objective,1,2,0.16666666666666666
ee1ca44ab736614f2d8b,2,supervised_likelihood,supervised_likelihood,supervised_likelihood,supervised_likelihood,same_objective,2,3,0.25
ee1ca44ab736614f2d8b,3,supervised_likelihood,supervised_likelihood,supervised_likelihood,supervised_likelihood,same_objective,3,4,0.3333333333333333
ee1ca44ab736614f2d8b,4,supervised_likelihood,supervised_likelihood,supervised_likelihood,supervised_likelihood,same_objective,4,5,0.4166666666666667
ee7eb0ece5a0545960cf,0,supervised_likelihood,supervised_likelihood,supervised_likelihood,supervised_likelihood,same_objective,0,1,0.14285714285714285
ee7eb0ece5a0545960cf,1,supervised_likelihood,supervised_likelihood,supervised_likelihood,supervised_likelihood,same_objective,1,2,0.2857142857142857
ee7eb0ece5a0545960cf,2,supervised_likelihood,supervised_likelihood,supervised_likelihood,supervised_likelihood,same_objective,2,3,0.42857142857142855
ee7eb0ece5a0545960cf,3,supervised_likelihood,supervised_likelihood,supervised_likelihood,supervised_likelihood,same_objective,3,4,0.5714285714285714
ee7eb0ece5a0545960cf,4,supervised_likelihood,supervised_likelihood,supervised_likelihood,supervised_likelihood,same_objective,4,5,0.7142857142857143
ee7eb0ece5a0545960cf,5,supervised_likelihood,supervised_likelihood,supervised_likelihood,supervised_likelihood,same_objective,5,6,0.8571428571428571
ee7eb0ece5a0545960cf,6,supervised_likelihood,supervised_likelihood,supervised_likelihood,supervised_likelihood,same_objective,6,7,1.0
eefc41f8e2a44c9649ca,0,supervised_likelihood,supervised_likelihood,supervised_likelihood,supervised_likelihood,same_objective,0,1,1.0
ef84b8ed668aff55ce6a,0,supervised_likelihood,supervised_likelihood,supervised_likelihood,supervised_likelihood,same_objective,0,1,0.3333333333333333
ef84b8ed668aff55ce6a,1,supervised_likelihood,supervised_likelihood,supervised_likelihood,supervised_likelihood,same_objective,1,2,0.6666666666666666
ef84b8ed668aff55ce6a,2,supervised_likelihood,supervised_likelihood,supervised_likelihood,supervised_likelihood,same_objective,2,3,1.0
efa7d0e99b670610a63c,0,supervised_likelihood,supervised_likelihood,supervised_likelihood,supervised_likelihood,same_objective,0,1,0.3333333333333333
efa7d0e99b670610a63c,1,supervised_likelihood,supervised_likelihood,supervised_likelihood,supervised_likelihood,same_objective,1,2,0.6666666666666666
efa7d0e99b670610a63c,2,supervised_likelihood,supervised_likelihood,supervised_likelihood,supervised_likelihood,same_objective,2,3,1.0
f03af52c7106214a9130,0,supervised_likelihood,supervised_likelihood,supervised_likelihood,supervised_likelihood,same_objective,0,1,0.3333333333333333
f03af52c7106214a9130,1,supervised_likelihood,supervised_likelihood,supervised_likelihood,supervised_likelihood,same_objective,1,2,0.6666666666666666
f03af52c7106214a9130,2,supervised_likelihood,supervised_likelihood,supervised_likelihood,supervised_likelihood,same_objective,2,3,1.0
f05ee3b066a2c7c4c9ea,0,supervised_likelihood,supervised_likelihood,supervised_likelihood,supervised_likelihood,same_objective,0,1,0.2
f05ee3b066a2c7c4c9ea,1,supervised_likelihood,supervised_likelihood,supervised_likelihood,supervised_likelihood,same_objective,1,2,0.4
f05ee3b066a2c7c4c9ea,2,supervised_likelihood,supervised_likelihood,supervised_likelihood,supervised_likelihood,same_objective,2,3,0.6
f05ee3b066a2c7c4c9ea,3,supervised_likelihood,supervised_likelihood,supervised_likelihood,supervised_likelihood,same_objective,3,4,0.8
f05ee3b066a2c7c4c9ea,4,supervised_likelihood,supervised_likelihood,supervised_likelihood,supervised_likelihood,same_objective,4,5,1.0
f07ceb79cab28099d79d,0,supervised_likelihood,supervised_likelihood,supervised_likelihood,supervised_likelihood,same_objective,0,1,1.0
f0e386edef6e490e03cd,0,supervised_likelihood,supervised_likelihood,supervised_likelihood,supervised_likelihood,same_objective,0,1,1.0
f141c2fdafc3a9e9e178,0,supervised_likelihood,supervised_likelihood,supervised_likelihood,supervised_likelihood,same_objective,0,1,0.5
f141c2fdafc3a9e9e178,1,supervised_likelihood,supervised_likelihood,supervised_likelihood,supervised_likelihood,same_objective,1,2,1.0
f14320a7fa6f4ddec5aa,0,supervised_likelihood,supervised_likelihood,supervised_likelihood,supervised_likelihood,same_objective,0,1,0.25
f14320a7fa6f4ddec5aa,1,supervised_likelihood,supervised_likelihood,supervised_likelihood,supervised_likelihood,same_objective,1,2,0.5
f14320a7fa6f4ddec5aa,2,supervised_likelihood,supervised_likelihood,supervised_likelihood,supervised_likelihood,same_objective,2,3,0.75
f14320a7fa6f4ddec5aa,3,supervised_likelihood,supervised_likelihood,supervised_likelihood,supervised_likelihood,same_objective,3,4,1.0
f1695e1f6aaf4037717f,0,supervised_likelihood,supervised_likelihood,supervised_likelihood,supervised_likelihood,same_objective,0,1,0.25
f1695e1f6aaf4037717f,1,supervised_likelihood,supervised_likelihood,supervised_likelihood,supervised_likelihood,same_objective,1,2,0.5
f1695e1f6aaf4037717f,2,supervised_likelihood,supervised_likelihood,supervised_likelihood,supervised_likelihood,same_objective,2,3,0.75
f1695e1f6aaf4037717f,3,supervised_likelihood,supervised_likelihood,supervised_likelihood,supervised_likelihood,same_objective,3,4,1.0
f16a42c7c7b98faa1700,0,supervised_likelihood,supervised_likelihood,supervised_likelihood,supervised_likelihood,same_objective,0,1,0.3333333333333333
f16a42c7c7b98faa1700,1,supervised_likelihood,supervised_likelihood,supervised_likelihood,supervised_likelihood,same_objective,1,2,0.6666666666666666
f16a42c7c7b98faa1700,2,supervised_likelihood,supervised_likelihood,supervised_likelihood,supervised_likelihood,same_objective,2,3,1.0
f1e26c8609c10c2854b2,0,supervised_likelihood,supervised_likelihood,supervised_likelihood,supervised_likelihood,same_objective,0,1,0.5
f1e26c8609c10c2854b2,1,supervised_likelihood,supervised_likelihood,supervised_likelihood,supervised_likelihood,same_objective,1,2,1.0
f238cc6e254dbfedb0a5,0,supervised_likelihood,supervised_likelihood,supervised_likelihood,supervised_likelihood,same_objective,0,1,0.16666666666666666
f238cc6e254dbfedb0a5,1,supervised_likelihood,supervised_likelihood,supervised_likelihood,supervised_likelihood,same_objective,1,2,0.3333333333333333
f238cc6e254dbfedb0a5,2,supervised_likelihood,supervised_likelihood,supervised_likelihood,supervised_likelihood,same_objective,2,3,0.5
f238cc6e254dbfedb0a5,3,supervised_likelihood,supervised_likelihood,supervised_likelihood,supervised_likelihood,same_objective,3,4,0.6666666666666666
f238cc6e254dbfedb0a5,4,supervised_likelihood,supervised_likelihood,supervised_likelihood,supervised_likelihood,same_objective,4,5,0.8333333333333334
f238cc6e254dbfedb0a5,5,supervised_likelihood,supervised_likelihood,supervised_likelihood,supervised_likelihood,same_objective,5,6,1.0
f271c315098a15ea4ae6,0,supervised_likelihood,supervised_likelihood,supervised_likelihood,supervised_likelihood,same_objective,0,1,0.5
f271c315098a15ea4ae6,1,supervised_likelihood,supervised_likelihood,supervised_likelihood,supervised_likelihood,same_objective,1,2,1.0
f2789d689c85a0051f77,0,supervised_likelihood,supervised_likelihood,supervised_likelihood,supervised_likelihood,same_objective,0,1,0.25
f2789d689c85a0051f77,1,supervised_likelihood,supervised_likelihood,supervised_likelihood,supervised_likelihood,same_objective,1,2,0.5
f2789d689c85a0051f77,2,supervised_likelihood,supervised_likelihood,supervised_likelihood,supervised_likelihood,same_objective,2,3,0.75
f2789d689c85a0051f77,3,supervised_likelihood,supervised_likelihood,supervised_likelihood,supervised_likelihood,same_objective,3,4,1.0
f28efacd83129c146a2e,0,supervised_likelihood,supervised_likelihood,supervised_likelihood,supervised_likelihood,same_objective,0,1,0.06666666666666667
f28efacd83129c146a2e,1,supervised_likelihood,supervised_likelihood,supervised_likelihood,supervised_likelihood,same_objective,1,2,0.13333333333333333
f28efacd83129c146a2e,2,supervised_likelihood,supervised_likelihood,supervised_likelihood,supervised_likelihood,same_objective,2,3,0.2
f28efacd83129c146a2e,3,supervised_likelihood,supervised_likelihood,supervised_likelihood,supervised_likelihood,same_objective,3,4,0.26666666666666666
f28efacd83129c146a2e,4,supervised_likelihood,supervised_likelihood,supervised_likelihood,supervised_likelihood,same_objective,4,5,0.3333333333333333
f28efacd83129c146a2e,5,supervised_likelihood,supervised_likelihood,supervised_likelihood,supervised_likelihood,same_objective,5,6,0.4
f28efacd83129c146a2e,6,supervised_likelihood,supervised_likelihood,supervised_likelihood,supervised_likelihood,same_objective,6,7,0.4666666666666667
f28efacd83129c146a2e,7,supervised_likelihood,supervised_likelihood,supervised_likelihood,supervised_likelihood,same_objective,7,8,0.5333333333333333
f28efacd83129c146a2e,8,supervised_likelihood,supervised_likelihood,supervised_likelihood,supervised_likelihood,same_objective,8,9,0.6
f28efacd83129c146a2e,9,supervised_likelihood,supervised_likelihood,supervised_likelihood,supervised_likelihood,same_objective,9,10,0.6666666666666666
f28efacd83129c146a2e,10,supervised_likelihood,supervised_likelihood,supervised_likelihood,supervised_likelihood,same_objective,10,11,0.7333333333333333
f28efacd83129c146a2e,11,supervised_likelihood,supervised_likelihood,supervised_likelihood,supervised_likelihood,same_objective,11,12,0.8
f28efacd83129c146a2e,12,supervised_likelihood,supervised_likelihood,supervised_likelihood,supervised_likelihood,same_objective,12,13,0.8666666666666667
f28efacd83129c146a2e,13,supervised_likelihood,supervised_likelihood,supervised_likelihood,supervised_likelihood,same_objective,13,14,0.9333333333333333
f28efacd83129c146a2e,14,supervised_likelihood,supervised_likelihood,supervised_likelihood,supervised_likelihood,same_objective,14,15,1.0
f29128791049617f8272,0,supervised_likelihood,supervised_likelihood,supervised_likelihood,supervised_likelihood,same_objective,0,1,0.2
f29128791049617f8272,1,supervised_likelihood,supervised_likelihood,supervised_likelihood,supervised_likelihood,same_objective,1,2,0.4
f29128791049617f8272,2,supervised_likelihood,supervised_likelihood,supervised_likelihood,supervised_likelihood,same_objective,2,3,0.6
f29128791049617f8272,3,supervised_likelihood,supervised_likelihood,supervised_likelihood,supervised_likelihood,same_objective,3,4,0.8
f29128791049617f8272,4,supervised_likelihood,supervised_likelihood,supervised_likelihood,supervised_likelihood,same_objective,4,5,1.0
f329771171bd932a8726,0,supervised_likelihood,supervised_likelihood,supervised_likelihood,supervised_likelihood,same_objective,0,1,0.5
f329771171bd932a8726,1,supervised_likelihood,supervised_likelihood,supervised_likelihood,supervised_likelihood,same_objective,1,2,1.0
f3bbc13afe5d5c99a668,0,supervised_likelihood,supervised_likelihood,supervised_likelihood,supervised_likelihood,same_objective,0,1,0.058823529411764705
f3bbc13afe5d5c99a668,1,supervised_likelihood,supervised_likelihood,supervised_likelihood,supervised_likelihood,same_objective,1,2,0.11764705882352941
f3bbc13afe5d5c99a668,2,supervised_likelihood,supervised_likelihood,supervised_likelihood,supervised_likelihood,same_objective,2,3,0.17647058823529413
f3bbc13afe5d5c99a668,3,supervised_likelihood,supervised_likelihood,supervised_likelihood,supervised_likelihood,same_objective,3,4,0.23529411764705882
f3bbc13afe5d5c99a668,4,supervised_likelihood,supervised_likelihood,supervised_likelihood,supervised_likelihood,same_objective,4,5,0.29411764705882354
f3bbc13afe5d5c99a668,5,supervised_likelihood,supervised_likelihood,supervised_likelihood,supervised_likelihood,same_objective,5,6,0.35294117647058826
f3bbc13afe5d5c99a668,6,supervised_likelihood,supervised_likelihood,supervised_likelihood,supervised_likelihood,same_objective,6,7,0.4117647058823529
f3bbc13afe5d5c99a668,7,supervised_likelihood,supervised_likelihood,supervised_likelihood,supervised_likelihood,same_objective,7,8,0.47058823529411764
f3bbc13afe5d5c99a668,8,supervised_likelihood,supervised_likelihood,supervised_likelihood,supervised_likelihood,same_objective,8,9,0.5294117647058824
f3bbc13afe5d5c99a668,9,supervised_likelihood,supervised_likelihood,supervised_likelihood,supervised_likelihood,same_objective,9,10,0.5882352941176471
f3bbc13afe5d5c99a668,10,supervised_likelihood,supervised_likelihood,supervised_likelihood,supervised_likelihood,same_objective,10,11,0.6470588235294118
f3bbc13afe5d5c99a668,11,supervised_likelihood,supervised_likelihood,supervised_likelihood,supervised_likelihood,same_objective,11,12,0.7058823529411765
f3bbc13afe5d5c99a668,12,supervised_likelihood,supervised_likelihood,supervised_likelihood,supervised_likelihood,same_objective,12,13,0.7647058823529411
f3bbc13afe5d5c99a668,13,supervised_likelihood,supervised_likelihood,supervised_likelihood,supervised_likelihood,same_objective,13,14,0.8235294117647058
f3bbc13afe5d5c99a668,14,supervised_likelihood,supervised_likelihood,supervised_likelihood,supervised_likelihood,same_objective,14,15,0.8823529411764706
f3bbc13afe5d5c99a668,15,supervised_likelihood,supervised_likelihood,supervised_likelihood,supervised_likelihood,same_objective,15,16,0.9411764705882353
f3bbc13afe5d5c99a668,16,supervised_likelihood,supervised_likelihood,supervised_likelihood,supervised_likelihood,same_objective,16,17,1.0
f4b1cf1248d84021b717,0,supervised_likelihood,supervised_likelihood,supervised_likelihood,supervised_likelihood,same_objective,0,1,0.3333333333333333
f4b1cf1248d84021b717,1,supervised_likelihood,supervised_likelihood,supervised_likelihood,supervised_likelihood,same_objective,1,2,0.6666666666666666
f4b1cf1248d84021b717,2,supervised_likelihood,supervised_likelihood,supervised_likelihood,supervised_likelihood,same_objective,2,3,1.0
f4c67d518347ecc16421,0,supervised_likelihood,supervised_likelihood,supervised_likelihood,supervised_likelihood,same_objective,0,1,0.14285714285714285
f4c67d518347ecc16421,1,supervised_likelihood,supervised_likelihood,supervised_likelihood,supervised_likelihood,same_objective,1,2,0.2857142857142857
f4c67d518347ecc16421,2,supervised_likelihood,supervised_likelihood,supervised_likelihood,supervised_likelihood,same_objective,2,3,0.42857142857142855
f4c67d518347ecc16421,3,supervised_likelihood,supervised_likelihood,supervised_likelihood,supervised_likelihood,same_objective,3,4,0.5714285714285714
f4dba707c2517ab8fd88,0,supervised_likelihood,supervised_likelihood,supervised_likelihood,supervised_likelihood,same_objective,0,1,0.25
f4dba707c2517ab8fd88,1,supervised_likelihood,supervised_likelihood,supervised_likelihood,supervised_likelihood,same_objective,1,2,0.5
f4dba707c2517ab8fd88,2,supervised_likelihood,supervised_likelihood,supervised_likelihood,supervised_likelihood,same_objective,2,3,0.75
f4dba707c2517ab8fd88,3,supervised_likelihood,supervised_likelihood,supervised_likelihood,supervised_likelihood,same_objective,3,4,1.0
f4df2c9198d98c9f47d8,0,supervised_likelihood,supervised_likelihood,supervised_likelihood,supervised_likelihood,same_objective,0,1,0.14285714285714285
f4df2c9198d98c9f47d8,1,supervised_likelihood,supervised_likelihood,supervised_likelihood,supervised_likelihood,same_objective,1,2,0.2857142857142857
f4df2c9198d98c9f47d8,2,supervised_likelihood,supervised_likelihood,supervised_likelihood,supervised_likelihood,same_objective,2,3,0.42857142857142855
f4df2c9198d98c9f47d8,3,supervised_likelihood,supervised_likelihood,supervised_likelihood,supervised_likelihood,same_objective,3,4,0.5714285714285714
f4df2c9198d98c9f47d8,4,supervised_likelihood,supervised_likelihood,supervised_likelihood,supervised_likelihood,same_objective,4,5,0.7142857142857143
f4df2c9198d98c9f47d8,5,supervised_likelihood,supervised_likelihood,supervised_likelihood,supervised_likelihood,same_objective,5,6,0.8571428571428571
f4df2c9198d98c9f47d8,6,supervised_likelihood,supervised_likelihood,supervised_likelihood,supervised_likelihood,same_objective,6,7,1.0
f53b3a17db9d955aa826,0,supervised_likelihood,supervised_likelihood,supervised_likelihood,supervised_likelihood,same_objective,0,1,0.25
f53b3a17db9d955aa826,1,supervised_likelihood,supervised_likelihood,supervised_likelihood,supervised_likelihood,same_objective,1,2,0.5
f53b3a17db9d955aa826,2,supervised_likelihood,supervised_likelihood,supervised_likelihood,supervised_likelihood,same_objective,2,3,0.75
f53b3a17db9d955aa826,3,supervised_likelihood,supervised_likelihood,supervised_likelihood,supervised_likelihood,same_objective,3,4,1.0
f5bfab579a1000600c89,0,supervised_likelihood,supervised_likelihood,supervised_likelihood,supervised_likelihood,same_objective,0,1,0.25
f5bfab579a1000600c89,1,supervised_likelihood,supervised_likelihood,supervised_likelihood,supervised_likelihood,same_objective,1,2,0.5
f5bfab579a1000600c89,2,supervised_likelihood,supervised_likelihood,supervised_likelihood,supervised_likelihood,same_objective,2,3,0.75
f5bfab579a1000600c89,3,supervised_likelihood,supervised_likelihood,supervised_likelihood,supervised_likelihood,same_objective,3,4,1.0
f64a20d6f6d3e6ed405c,0,supervised_likelihood,supervised_likelihood,supervised_likelihood,supervised_likelihood,same_objective,0,1,0.3333333333333333
f64a20d6f6d3e6ed405c,1,supervised_likelihood,supervised_likelihood,supervised_likelihood,supervised_likelihood,same_objective,1,2,0.6666666666666666
f64a20d6f6d3e6ed405c,2,supervised_likelihood,supervised_likelihood,supervised_likelihood,supervised_likelihood,same_objective,2,3,1.0
f64c42817de401056a36,0,supervised_likelihood,supervised_likelihood,supervised_likelihood,supervised_likelihood,same_objective,0,1,0.16666666666666666
f64c42817de401056a36,1,supervised_likelihood,supervised_likelihood,supervised_likelihood,supervised_likelihood,same_objective,1,2,0.3333333333333333
f64c42817de401056a36,2,supervised_likelihood,supervised_likelihood,supervised_likelihood,supervised_likelihood,same_objective,2,3,0.5
f64c42817de401056a36,3,supervised_likelihood,supervised_likelihood,supervised_likelihood,supervised_likelihood,same_objective,3,4,0.6666666666666666
f64c42817de401056a36,4,supervised_likelihood,supervised_likelihood,supervised_likelihood,supervised_likelihood,same_objective,4,5,0.8333333333333334
f64c42817de401056a36,5,supervised_likelihood,supervised_likelihood,supervised_likelihood,supervised_likelihood,same_objective,5,6,1.0
f653209d60751a4299ae,0,supervised_likelihood,supervised_likelihood,supervised_likelihood,supervised_likelihood,same_objective,0,1,0.1111111111111111
f653209d60751a4299ae,1,supervised_likelihood,supervised_likelihood,supervised_likelihood,supervised_likelihood,same_objective,1,2,0.2222222222222222
f653209d60751a4299ae,2,supervised_likelihood,supervised_likelihood,supervised_likelihood,supervised_likelihood,same_objective,2,3,0.3333333333333333
f653209d60751a4299ae,3,supervised_likelihood,supervised_likelihood,supervised_likelihood,supervised_likelihood,same_objective,3,4,0.4444444444444444
f653209d60751a4299ae,4,supervised_likelihood,supervised_likelihood,supervised_likelihood,supervised_likelihood,same_objective,4,5,0.5555555555555556
f653209d60751a4299ae,5,supervised_likelihood,supervised_likelihood,supervised_likelihood,supervised_likelihood,same_objective,5,6,0.6666666666666666
f653209d60751a4299ae,6,supervised_likelihood,supervised_likelihood,supervised_likelihood,supervised_likelihood,same_objective,6,7,0.7777777777777778
f653209d60751a4299ae,7,supervised_likelihood,supervised_likelihood,supervised_likelihood,supervised_likelihood,same_objective,7,8,0.8888888888888888
f653209d60751a4299ae,8,supervised_likelihood,supervised_likelihood,supervised_likelihood,supervised_likelihood,same_objective,8,9,1.0
f762b8f2c273b487f6be,0,supervised_likelihood,supervised_likelihood,supervised_likelihood,supervised_likelihood,same_objective,0,1,0.2
f762b8f2c273b487f6be,1,supervised_likelihood,supervised_likelihood,supervised_likelihood,supervised_likelihood,same_objective,1,2,0.4
f762b8f2c273b487f6be,2,supervised_likelihood,supervised_likelihood,supervised_likelihood,supervised_likelihood,same_objective,2,3,0.6
f762b8f2c273b487f6be,3,supervised_likelihood,supervised_likelihood,supervised_likelihood,supervised_likelihood,same_objective,3,4,0.8
f762b8f2c273b487f6be,4,supervised_likelihood,supervised_likelihood,supervised_likelihood,supervised_likelihood,same_objective,4,5,1.0
f7b8aba93fdd18b1c734,0,supervised_likelihood,supervised_likelihood,supervised_likelihood,supervised_likelihood,same_objective,0,1,0.09090909090909091
f7b8aba93fdd18b1c734,1,supervised_likelihood,supervised_likelihood,supervised_likelihood,supervised_likelihood,same_objective,1,2,0.18181818181818182
f7b8aba93fdd18b1c734,2,supervised_likelihood,supervised_likelihood,supervised_likelihood,supervised_likelihood,same_objective,2,3,0.2727272727272727
f7b8aba93fdd18b1c734,3,supervised_likelihood,supervised_likelihood,supervised_likelihood,supervised_likelihood,same_objective,3,4,0.36363636363636365
f7b8aba93fdd18b1c734,4,supervised_likelihood,supervised_likelihood,supervised_likelihood,supervised_likelihood,same_objective,4,5,0.45454545454545453
f7b8aba93fdd18b1c734,5,supervised_likelihood,supervised_likelihood,supervised_likelihood,supervised_likelihood,same_objective,5,6,0.5454545454545454
f7b8aba93fdd18b1c734,6,supervised_likelihood,supervised_likelihood,supervised_likelihood,supervised_likelihood,same_objective,6,7,0.6363636363636364
f7b8aba93fdd18b1c734,7,supervised_likelihood,supervised_likelihood,supervised_likelihood,supervised_likelihood,same_objective,7,8,0.7272727272727273
f7b8aba93fdd18b1c734,8,supervised_likelihood,supervised_likelihood,supervised_likelihood,supervised_likelihood,same_objective,8,9,0.8181818181818182
f7b8aba93fdd18b1c734,9,supervised_likelihood,supervised_likelihood,supervised_likelihood,supervised_likelihood,same_objective,9,10,0.9090909090909091
f7b8aba93fdd18b1c734,10,supervised_likelihood,supervised_likelihood,supervised_likelihood,supervised_likelihood,same_objective,10,11,1.0
f8a3727710873b4c6abe,0,supervised_likelihood,supervised_likelihood,supervised_likelihood,supervised_likelihood,same_objective,0,1,1.0
f97944f55961f2d22b77,0,supervised_likelihood,supervised_likelihood,supervised_likelihood,supervised_likelihood,same_objective,0,1,0.3333333333333333
f97944f55961f2d22b77,1,supervised_likelihood,supervised_likelihood,supervised_likelihood,supervised_likelihood,same_objective,1,2,0.6666666666666666
f97944f55961f2d22b77,2,supervised_likelihood,supervised_likelihood,supervised_likelihood,supervised_likelihood,same_objective,2,3,1.0
f991d6cf74ce7fd591df,0,supervised_likelihood,supervised_likelihood,supervised_likelihood,supervised_likelihood,same_objective,0,1,0.25
f991d6cf74ce7fd591df,1,supervised_likelihood,supervised_likelihood,supervised_likelihood,supervised_likelihood,same_objective,1,2,0.5
fa16208ad6d5a989d3f4,0,supervised_likelihood,supervised_likelihood,supervised_likelihood,supervised_likelihood,same_objective,0,1,0.14285714285714285
fa16208ad6d5a989d3f4,1,supervised_likelihood,supervised_likelihood,supervised_likelihood,supervised_likelihood,same_objective,1,2,0.2857142857142857
fa16208ad6d5a989d3f4,2,supervised_likelihood,supervised_likelihood,supervised_likelihood,supervised_likelihood,same_objective,2,3,0.42857142857142855
fa16208ad6d5a989d3f4,3,supervised_likelihood,supervised_likelihood,supervised_likelihood,supervised_likelihood,same_objective,3,4,0.5714285714285714
fa16208ad6d5a989d3f4,4,supervised_likelihood,supervised_likelihood,supervised_likelihood,supervised_likelihood,same_objective,4,5,0.7142857142857143
fa16208ad6d5a989d3f4,5,supervised_likelihood,supervised_likelihood,supervised_likelihood,supervised_likelihood,same_objective,5,6,0.8571428571428571
fa16208ad6d5a989d3f4,6,supervised_likelihood,supervised_likelihood,supervised_likelihood,supervised_likelihood,same_objective,6,7,1.0
fa96ef9428dcaf125db2,0,supervised_likelihood,supervised_likelihood,supervised_likelihood,supervised_likelihood,same_objective,0,1,0.3333333333333333
fa96ef9428dcaf125db2,1,supervised_likelihood,supervised_likelihood,supervised_likelihood,supervised_likelihood,same_objective,1,2,0.6666666666666666
fa96ef9428dcaf125db2,2,supervised_likelihood,supervised_likelihood,supervised_likelihood,supervised_likelihood,same_objective,2,3,1.0
fb974a28197c71bb9c25,0,supervised_likelihood,supervised_likelihood,supervised_likelihood,supervised_likelihood,same_objective,0,1,0.25
fb974a28197c71bb9c25,1,supervised_likelihood,supervised_likelihood,supervised_likelihood,supervised_likelihood,same_objective,1,2,0.5
fb974a28197c71bb9c25,2,supervised_likelihood,supervised_likelihood,supervised_likelihood,supervised_likelihood,same_objective,2,3,0.75
fb974a28197c71bb9c25,3,supervised_likelihood,supervised_likelihood,supervised_likelihood,supervised_likelihood,same_objective,3,4,1.0
fbc8d2f0f0559f9b4fba,0,supervised_likelihood,supervised_likelihood,supervised_likelihood,supervised_likelihood,same_objective,0,1,0.25
fbc8d2f0f0559f9b4fba,1,supervised_likelihood,supervised_likelihood,supervised_likelihood,supervised_likelihood,same_objective,1,2,0.5
fbc8d2f0f0559f9b4fba,2,supervised_likelihood,supervised_likelihood,supervised_likelihood,supervised_likelihood,same_objective,2,3,0.75
fbc8d2f0f0559f9b4fba,3,supervised_likelihood,supervised_likelihood,supervised_likelihood,supervised_likelihood,same_objective,3,4,1.0
fbe20054b50e27c4beb8,0,supervised_likelihood,supervised_likelihood,supervised_likelihood,supervised_likelihood,same_objective,0,1,0.2
fbe20054b50e27c4beb8,1,supervised_likelihood,supervised_likelihood,supervised_likelihood,supervised_likelihood,same_objective,1,2,0.4
fbe20054b50e27c4beb8,2,supervised_likelihood,supervised_likelihood,supervised_likelihood,supervised_likelihood,same_objective,2,3,0.6
fbe20054b50e27c4beb8,3,supervised_likelihood,supervised_likelihood,supervised_likelihood,supervised_likelihood,same_objective,3,4,0.8
fbe20054b50e27c4beb8,4,supervised_likelihood,supervised_likelihood,supervised_likelihood,supervised_likelihood,same_objective,4,5,1.0
fca6908afd9ce35c3b28,0,supervised_likelihood,supervised_likelihood,supervised_likelihood,supervised_likelihood,same_objective,0,1,0.5
fca6908afd9ce35c3b28,1,supervised_likelihood,supervised_likelihood,supervised_likelihood,supervised_likelihood,same_objective,1,2,1.0
fcb6011e7afdd73777e5,0,supervised_likelihood,supervised_likelihood,supervised_likelihood,supervised_likelihood,same_objective,0,1,0.06666666666666667
fcb6011e7afdd73777e5,1,supervised_likelihood,supervised_likelihood,supervised_likelihood,supervised_likelihood,same_objective,1,2,0.13333333333333333
fcb6011e7afdd73777e5,2,supervised_likelihood,supervised_likelihood,supervised_likelihood,supervised_likelihood,same_objective,2,3,0.2
fcb6011e7afdd73777e5,3,supervised_likelihood,supervised_likelihood,supervised_likelihood,supervised_likelihood,same_objective,3,4,0.26666666666666666
fcb6011e7afdd73777e5,4,supervised_likelihood,supervised_likelihood,supervised_likelihood,supervised_likelihood,same_objective,4,5,0.3333333333333333
fcb6011e7afdd73777e5,5,supervised_likelihood,supervised_likelihood,supervised_likelihood,supervised_likelihood,same_objective,5,6,0.4
fcb6011e7afdd73777e5,6,supervised_likelihood,supervised_likelihood,supervised_likelihood,supervised_likelihood,same_objective,6,7,0.4666666666666667
fcb6011e7afdd73777e5,7,supervised_likelihood,supervised_likelihood,supervised_likelihood,supervised_likelihood,same_objective,7,8,0.5333333333333333
fcb6011e7afdd73777e5,8,supervised_likelihood,supervised_likelihood,supervised_likelihood,supervised_likelihood,same_objective,8,9,0.6
fcb6011e7afdd73777e5,9,supervised_likelihood,supervised_likelihood,supervised_likelihood,supervised_likelihood,same_objective,9,10,0.6666666666666666
fcb6011e7afdd73777e5,10,supervised_likelihood,supervised_likelihood,supervised_likelihood,supervised_likelihood,same_objective,10,11,0.7333333333333333
fcb6011e7afdd73777e5,11,supervised_likelihood,supervised_likelihood,supervised_likelihood,supervised_likelihood,same_objective,11,12,0.8
fcb6011e7afdd73777e5,12,supervised_likelihood,supervised_likelihood,supervised_likelihood,supervised_likelihood,same_objective,12,13,0.8666666666666667
fcb6011e7afdd73777e5,13,supervised_likelihood,supervised_likelihood,supervised_likelihood,supervised_likelihood,same_objective,13,14,0.9333333333333333
fcb6011e7afdd73777e5,14,supervised_likelihood,supervised_likelihood,supervised_likelihood,supervised_likelihood,same_objective,14,15,1.0
fccc1efa8e64e63def79,0,supervised_likelihood,supervised_likelihood,supervised_likelihood,supervised_likelihood,same_objective,0,1,0.16666666666666666
fccc1efa8e64e63def79,1,supervised_likelihood,supervised_likelihood,supervised_likelihood,supervised_likelihood,same_objective,1,2,0.3333333333333333
fccc1efa8e64e63def79,2,supervised_likelihood,supervised_likelihood,supervised_likelihood,supervised_likelihood,same_objective,2,3,0.5
fccc1efa8e64e63def79,3,supervised_likelihood,supervised_likelihood,supervised_likelihood,supervised_likelihood,same_objective,3,4,0.6666666666666666
fccc1efa8e64e63def79,4,supervised_likelihood,supervised_likelihood,supervised_likelihood,supervised_likelihood,same_objective,4,5,0.8333333333333334
fccc1efa8e64e63def79,5,supervised_likelihood,supervised_likelihood,supervised_likelihood,supervised_likelihood,same_objective,5,6,1.0
fd1e29f5b1c1fe077010,0,supervised_likelihood,supervised_likelihood,supervised_likelihood,supervised_likelihood,same_objective,0,1,0.3333333333333333
fd1e29f5b1c1fe077010,1,supervised_likelihood,supervised_likelihood,supervised_likelihood,supervised_likelihood,same_objective,1,2,0.6666666666666666
fd1e29f5b1c1fe077010,2,supervised_likelihood,supervised_likelihood,supervised_likelihood,supervised_likelihood,same_objective,2,3,1.0
fd34050a2a20399437a0,0,supervised_likelihood,supervised_likelihood,supervised_likelihood,supervised_likelihood,same_objective,0,1,1.0
fd5d860f397007cd556e,0,supervised_likelihood,supervised_likelihood,supervised_likelihood,supervised_likelihood,same_objective,0,1,0.14285714285714285
fd5d860f397007cd556e,1,supervised_likelihood,supervised_likelihood,supervised_likelihood,supervised_likelihood,same_objective,1,2,0.2857142857142857
fd5d860f397007cd556e,2,supervised_likelihood,supervised_likelihood,supervised_likelihood,supervised_likelihood,same_objective,2,3,0.42857142857142855
fd5d860f397007cd556e,3,supervised_likelihood,supervised_likelihood,supervised_likelihood,supervised_likelihood,same_objective,3,4,0.5714285714285714
fd5d860f397007cd556e,4,supervised_likelihood,supervised_likelihood,supervised_likelihood,supervised_likelihood,same_objective,4,5,0.7142857142857143
fd5d860f397007cd556e,5,supervised_likelihood,supervised_likelihood,supervised_likelihood,supervised_likelihood,same_objective,5,6,0.8571428571428571
fd5d860f397007cd556e,6,supervised_likelihood,supervised_likelihood,supervised_likelihood,supervised_likelihood,same_objective,6,7,1.0
fd70e0137d94d31acfdc,0,supervised_likelihood,supervised_likelihood,supervised_likelihood,supervised_likelihood,same_objective,0,1,0.5
fd70e0137d94d31acfdc,1,supervised_likelihood,supervised_likelihood,supervised_likelihood,supervised_likelihood,same_objective,1,2,1.0
fd771e33065b54fe5db4,0,supervised_likelihood,supervised_likelihood,supervised_likelihood,supervised_likelihood,same_objective,0,1,0.1
fd771e33065b54fe5db4,1,supervised_likelihood,supervised_likelihood,supervised_likelihood,supervised_likelihood,same_objective,1,2,0.2
fd771e33065b54fe5db4,2,supervised_likelihood,supervised_likelihood,supervised_likelihood,supervised_likelihood,same_objective,2,3,0.3
fd771e33065b54fe5db4,3,supervised_likelihood,supervised_likelihood,supervised_likelihood,supervised_likelihood,same_objective,3,4,0.4
fd771e33065b54fe5db4,4,supervised_likelihood,supervised_likelihood,supervised_likelihood,supervised_likelihood,same_objective,4,5,0.5
fd771e33065b54fe5db4,5,supervised_likelihood,supervised_likelihood,supervised_likelihood,supervised_likelihood,same_objective,7,8,0.8
fd771e33065b54fe5db4,6,supervised_likelihood,supervised_likelihood,supervised_likelihood,supervised_likelihood,same_objective,8,9,0.9
fd771e33065b54fe5db4,7,supervised_likelihood,supervised_likelihood,supervised_likelihood,supervised_likelihood,same_objective,9,10,1.0
fd8c2ea66c84ee421944,0,supervised_likelihood,supervised_likelihood,supervised_likelihood,supervised_likelihood,same_objective,0,1,0.5
fd8c2ea66c84ee421944,1,supervised_likelihood,supervised_likelihood,supervised_likelihood,supervised_likelihood,same_objective,1,2,1.0
fd9547d16656aafd3a85,0,supervised_likelihood,supervised_likelihood,supervised_likelihood,supervised_likelihood,same_objective,0,1,0.1111111111111111
fd9547d16656aafd3a85,1,supervised_likelihood,supervised_likelihood,supervised_likelihood,supervised_likelihood,same_objective,1,2,0.2222222222222222
fd9547d16656aafd3a85,2,supervised_likelihood,supervised_likelihood,supervised_likelihood,supervised_likelihood,same_objective,2,3,0.3333333333333333
fd9547d16656aafd3a85,3,supervised_likelihood,supervised_likelihood,supervised_likelihood,supervised_likelihood,same_objective,3,4,0.4444444444444444
fd9547d16656aafd3a85,4,supervised_likelihood,supervised_likelihood,supervised_likelihood,supervised_likelihood,same_objective,4,5,0.5555555555555556
fd9547d16656aafd3a85,5,supervised_likelihood,supervised_likelihood,supervised_likelihood,supervised_likelihood,same_objective,5,6,0.6666666666666666
fe03a41c9d8a693599e6,0,supervised_likelihood,supervised_likelihood,supervised_likelihood,supervised_likelihood,same_objective,0,1,1.0
fe69ff52f9b665c5ba9e,0,supervised_likelihood,supervised_likelihood,supervised_likelihood,supervised_likelihood,same_objective,0,1,1.0
fedca2655c2962fc78c4,0,supervised_likelihood,supervised_likelihood,supervised_likelihood,supervised_likelihood,same_objective,0,1,0.16666666666666666
fedca2655c2962fc78c4,1,supervised_likelihood,supervised_likelihood,supervised_likelihood,supervised_likelihood,same_objective,1,2,0.3333333333333333
fedca2655c2962fc78c4,2,supervised_likelihood,supervised_likelihood,supervised_likelihood,supervised_likelihood,same_objective,2,3,0.5
fedca2655c2962fc78c4,3,supervised_likelihood,supervised_likelihood,supervised_likelihood,supervised_likelihood,same_objective,3,4,0.6666666666666666
fedca2655c2962fc78c4,4,supervised_likelihood,supervised_likelihood,supervised_likelihood,supervised_likelihood,same_objective,4,5,0.8333333333333334
fedca2655c2962fc78c4,5,supervised_likelihood,supervised_likelihood,supervised_likelihood,supervised_likelihood,same_objective,5,6,1.0
ff47c944aa73c9798f52,0,supervised_likelihood,supervised_likelihood,supervised_likelihood,supervised_likelihood,same_objective,0,1,0.5
ff47c944aa73c9798f52,1,supervised_likelihood,supervised_likelihood,supervised_likelihood,supervised_likelihood,same_objective,1,2,1.0
ffa26f761cacfa3b970e,0,supervised_likelihood,supervised_likelihood,supervised_likelihood,supervised_likelihood,same_objective,0,1,0.25
ffa26f761cacfa3b970e,1,supervised_likelihood,supervised_likelihood,supervised_likelihood,supervised_likelihood,same_objective,1,2,0.5
ffa26f761cacfa3b970e,2,supervised_likelihood,supervised_likelihood,supervised_likelihood,supervised_likelihood,same_objective,2,3,0.75
ffa26f761cacfa3b970e,3,supervised_likelihood,supervised_likelihood,supervised_likelihood,supervised_likelihood,same_objective,3,4,1.0
ffdb3d07a9de72cb57dd,0,supervised_likelihood,supervised_likelihood,supervised_likelihood,supervised_likelihood,same_objective,0,1,0.3333333333333333
ffdb3d07a9de72cb57dd,1,supervised_likelihood,supervised_likelihood,supervised_likelihood,supervised_likelihood,same_objective,1,2,0.6666666666666666
ffdb3d07a9de72cb57dd,2,supervised_likelihood,supervised_likelihood,supervised_likelihood,supervised_likelihood,same_objective,2,3,1.0
ffe185115ee4245e3adb,0,supervised_likelihood,supervised_likelihood,supervised_likelihood,supervised_likelihood,same_objective,0,1,1.0
ffe3fd7816be3df93fad,0,supervised_likelihood,supervised_likelihood,supervised_likelihood,supervised_likelihood,same_objective,0,1,0.125
ffe3fd7816be3df93fad,1,supervised_likelihood,supervised_likelihood,supervised_likelihood,supervised_likelihood,same_objective,1,2,0.25
ffe3fd7816be3df93fad,2,supervised_likelihood,supervised_likelihood,supervised_likelihood,supervised_likelihood,same_objective,2,3,0.375
ffe3fd7816be3df93fad,3,supervised_likelihood,supervised_likelihood,supervised_likelihood,supervised_likelihood,same_objective,3,4,0.5
ffe3fd7816be3df93fad,4,supervised_likelihood,supervised_likelihood,supervised_likelihood,supervised_likelihood,same_objective,4,5,0.625
ffe3fd7816be3df93fad,5,supervised_likelihood,supervised_likelihood,supervised_likelihood,supervised_likelihood,same_objective,5,6,0.75
ffe3fd7816be3df93fad,6,supervised_likelihood,supervised_likelihood,supervised_likelihood,supervised_likelihood,same_objective,6,7,0.875
ffe3fd7816be3df93fad,7,supervised_likelihood,supervised_likelihood,supervised_likelihood,supervised_likelihood,same_objective,7,8,1.0
