Loading tokenizer...
Loading tokenizer...
<|im_end|> token ID: 151645
Loading datasets...
<|im_end|> token ID: 151645
Loading datasets...
Loading tokenizer...
<|im_end|> token ID: 151645
Loading datasets...
Loading tokenizer...

Generating train split: 0 examples [00:00, ? examples/s]
Generating train split: 3378 examples [00:00, 23358.58 examples/s]<|im_end|> token ID: 151645
Loading datasets...

Generating train split: 6780 examples [00:00, 24162.08 examples/s]
Generating train split: 10183 examples [00:00, 24220.65 examples/s]
Generating train split: 13602 examples [00:00, 23956.30 examples/s]
Generating train split: 17004 examples [00:00, 23376.19 examples/s]
Generating train split: 20362 examples [00:00, 23559.48 examples/s]
Generating train split: 23805 examples [00:00, 23917.27 examples/s]
Generating train split: 27233 examples [00:01, 24171.12 examples/s]
Generating train split: 30668 examples [00:01, 23136.99 examples/s]
Generating train split: 34055 examples [00:01, 23343.15 examples/s]
Generating train split: 37454 examples [00:01, 23700.76 examples/s]
Generating train split: 40840 examples [00:01, 23809.32 examples/s]
Generating train split: 43679 examples [00:01, 23894.55 examples/s]
Generating train split: 43679 examples [00:01, 23689.08 examples/s]

Generating validation split: 0 examples [00:00, ? examples/s]
Generating validation split: 200 examples [00:00, 8324.67 examples/s]
Train size: 43679
Val size: 200
Train size: 43679
Val size: 200

Sample formatted text (first 500 chars):
<|im_start|>user
Solve the following math problem step by step.
The last line of your response should be of the form "ANSWER: $ANSWER" (without quotes) where $ANSWER is the answer to the problem.

For a positive integer  $k$ , define the sequence  $\{a_n\}_{n\ge 0}$  such that  $a_0=1$  and for all positive integers  $n$ ,  $a_n$  is the smallest positive integer greater than  $a_{n-1}$  for which  $a_n\equiv ka_{n-1}\pmod {2017}$ . What is the number of positive integers  $1\le k\le 2016$  for 

Last 200 chars:
lusion:**
   - The number of positive integers \( k \) such that \( k^{2016} \equiv 1 \pmod{2017} \) is \( \phi(2016) = 288 \).

The final answer is \( \boxed{288} \).
</think>

ANSWER: 288<|im_end|>


<|im_end|> appears 2 times in tokenized sample
Total tokens: 1131

Loading model...

Sample formatted text (first 500 chars):
<|im_start|>user
Solve the following math problem step by step.
The last line of your response should be of the form "ANSWER: $ANSWER" (without quotes) where $ANSWER is the answer to the problem.

For a positive integer  $k$ , define the sequence  $\{a_n\}_{n\ge 0}$  such that  $a_0=1$  and for all positive integers  $n$ ,  $a_n$  is the smallest positive integer greater than  $a_{n-1}$  for which  $a_n\equiv ka_{n-1}\pmod {2017}$ . What is the number of positive integers  $1\le k\le 2016$  for 

Last 200 chars:
lusion:**
   - The number of positive integers \( k \) such that \( k^{2016} \equiv 1 \pmod{2017} \) is \( \phi(2016) = 288 \).

The final answer is \( \boxed{288} \).
</think>

ANSWER: 288<|im_end|>


<|im_end|> appears 2 times in tokenized sample
Total tokens: 1131

Loading model...
`torch_dtype` is deprecated! Use `dtype` instead!
`torch_dtype` is deprecated! Use `dtype` instead!
Train size: 43679
Val size: 200

Sample formatted text (first 500 chars):
<|im_start|>user
Solve the following math problem step by step.
The last line of your response should be of the form "ANSWER: $ANSWER" (without quotes) where $ANSWER is the answer to the problem.

For a positive integer  $k$ , define the sequence  $\{a_n\}_{n\ge 0}$  such that  $a_0=1$  and for all positive integers  $n$ ,  $a_n$  is the smallest positive integer greater than  $a_{n-1}$  for which  $a_n\equiv ka_{n-1}\pmod {2017}$ . What is the number of positive integers  $1\le k\le 2016$  for 

Last 200 chars:
lusion:**
   - The number of positive integers \( k \) such that \( k^{2016} \equiv 1 \pmod{2017} \) is \( \phi(2016) = 288 \).

The final answer is \( \boxed{288} \).
</think>

ANSWER: 288<|im_end|>


<|im_end|> appears 2 times in tokenized sample
Total tokens: 1131

Loading model...
`torch_dtype` is deprecated! Use `dtype` instead!
Train size: 43679
Val size: 200

Sample formatted text (first 500 chars):
<|im_start|>user
Solve the following math problem step by step.
The last line of your response should be of the form "ANSWER: $ANSWER" (without quotes) where $ANSWER is the answer to the problem.

For a positive integer  $k$ , define the sequence  $\{a_n\}_{n\ge 0}$  such that  $a_0=1$  and for all positive integers  $n$ ,  $a_n$  is the smallest positive integer greater than  $a_{n-1}$  for which  $a_n\equiv ka_{n-1}\pmod {2017}$ . What is the number of positive integers  $1\le k\le 2016$  for 

Last 200 chars:
lusion:**
   - The number of positive integers \( k \) such that \( k^{2016} \equiv 1 \pmod{2017} \) is \( \phi(2016) = 288 \).

The final answer is \( \boxed{288} \).
</think>

ANSWER: 288<|im_end|>


<|im_end|> appears 2 times in tokenized sample
Total tokens: 1131

Loading model...
`torch_dtype` is deprecated! Use `dtype` instead!

Tokenizing train dataset:   0%|          | 0/43679 [00:00<?, ? examples/s]
Tokenizing train dataset:   0%|          | 31/43679 [00:00<02:28, 293.83 examples/s]
Tokenizing train dataset:   0%|          | 69/43679 [00:00<02:10, 334.46 examples/s]
Tokenizing train dataset:   0%|          | 103/43679 [00:00<02:13, 326.55 examples/s]
Tokenizing train dataset:   0%|          | 141/43679 [00:00<02:06, 344.18 examples/s]
Tokenizing train dataset:   0%|          | 190/43679 [00:00<02:10, 333.18 examples/s]
Tokenizing train dataset:   1%|          | 225/43679 [00:00<02:09, 335.41 examples/s]
Tokenizing train dataset:   1%|          | 264/43679 [00:00<02:04, 350.00 examples/s]
Tokenizing train dataset:   1%|          | 302/43679 [00:00<02:01, 356.68 examples/s]
Tokenizing train dataset:   1%|          | 338/43679 [00:00<02:01, 355.81 examples/s]
Tokenizing train dataset:   1%|          | 374/43679 [00:01<02:02, 353.86 examples/s]
Tokenizing train dataset:   1%|          | 428/43679 [00:01<02:02, 352.23 examples/s]
Tokenizing train dataset:   1%|          | 465/43679 [00:01<02:02, 353.57 examples/s]
Tokenizing train dataset:   1%|          | 516/43679 [00:01<02:04, 346.10 examples/s]
Tokenizing train dataset:   1%|▏         | 552/43679 [00:01<02:04, 345.07 examples/s]
Tokenizing train dataset:   1%|▏         | 591/43679 [00:01<02:01, 354.34 examples/s]
Tokenizing train dataset:   1%|▏         | 627/43679 [00:01<02:02, 350.91 examples/s]
Tokenizing train dataset:   2%|▏         | 665/43679 [00:01<02:01, 354.99 examples/s]
Tokenizing train dataset:   2%|▏         | 702/43679 [00:02<02:00, 356.06 examples/s]
Tokenizing train dataset:   2%|▏         | 741/43679 [00:02<01:57, 364.29 examples/s]
Tokenizing train dataset:   2%|▏         | 796/43679 [00:02<01:58, 361.48 examples/s]
Tokenizing train dataset:   2%|▏         | 848/43679 [00:02<02:01, 352.05 examples/s]
Tokenizing train dataset:   2%|▏         | 900/43679 [00:02<02:04, 343.36 examples/s]
Tokenizing train dataset:   2%|▏         | 938/43679 [00:02<02:01, 350.60 examples/s]
Tokenizing train dataset:   2%|▏         | 974/43679 [00:02<02:02, 350.01 examples/s]
Tokenizing train dataset:   2%|▏         | 1017/43679 [00:03<02:54, 244.47 examples/s]
Tokenizing train dataset:   2%|▏         | 1050/43679 [00:03<02:44, 259.56 examples/s]
Tokenizing train dataset:   2%|▏         | 1080/43679 [00:03<02:39, 267.04 examples/s]
Tokenizing train dataset:   3%|▎         | 1120/43679 [00:03<02:24, 293.58 examples/s]
Tokenizing train dataset:   3%|▎         | 1154/43679 [00:03<02:20, 302.11 examples/s]
Tokenizing train dataset:   3%|▎         | 1187/43679 [00:03<02:18, 306.26 examples/s]
Tokenizing train dataset:   3%|▎         | 1224/43679 [00:03<02:11, 322.03 examples/s]
Tokenizing train dataset:   3%|▎         | 1260/43679 [00:03<02:08, 329.77 examples/s]
Tokenizing train dataset:   3%|▎         | 1295/43679 [00:03<02:08, 329.36 examples/s]
Tokenizing train dataset:   3%|▎         | 1330/43679 [00:04<02:08, 328.33 examples/s]
Tokenizing train dataset:   3%|▎         | 1365/43679 [00:04<02:08, 328.60 examples/s]
Tokenizing train dataset:   3%|▎         | 1401/43679 [00:04<02:07, 331.36 examples/s]
Tokenizing train dataset:   3%|▎         | 1449/43679 [00:04<02:09, 325.15 examples/s]
Tokenizing train dataset:   3%|▎         | 1484/43679 [00:04<02:07, 330.35 examples/s]
Tokenizing train dataset:   4%|▎         | 1535/43679 [00:04<02:07, 329.61 examples/s]
Tokenizing train dataset:   4%|▎         | 1583/43679 [00:04<01:55, 365.25 examples/s]
Tokenizing train dataset:   4%|▍         | 1653/43679 [00:04<01:32, 452.77 examples/s]
Tokenizing train dataset:   4%|▍         | 1722/43679 [00:04<01:21, 516.79 examples/s]
Tokenizing train dataset:   4%|▍         | 1796/43679 [00:05<01:12, 576.15 examples/s]
Tokenizing train dataset:   4%|▍         | 1869/43679 [00:05<01:07, 619.93 examples/s]
Tokenizing train dataset:   4%|▍         | 1942/43679 [00:05<01:04, 648.31 examples/s]
Tokenizing train dataset:   5%|▍         | 2035/43679 [00:05<01:13, 563.87 examples/s]
Tokenizing train dataset:   5%|▍         | 2106/43679 [00:05<01:09, 595.21 examples/s]
Tokenizing train dataset:   5%|▍         | 2172/43679 [00:05<01:07, 611.33 examples/s]
Tokenizing train dataset:   5%|▌         | 2240/43679 [00:05<01:06, 627.49 examples/s]
Tokenizing train dataset:   5%|▌         | 2312/43679 [00:05<01:03, 651.61 examples/s]
Tokenizing train dataset:   5%|▌         | 2381/43679 [00:05<01:02, 661.61 examples/s]
Tokenizing train dataset:   6%|▌         | 2449/43679 [00:06<01:02, 662.41 examples/s]
Tokenizing train dataset:   6%|▌         | 2517/43679 [00:06<01:01, 665.38 examples/s]
Tokenizing train dataset:   6%|▌         | 2587/43679 [00:06<01:01, 672.81 examples/s]
Tokenizing train dataset:   6%|▌         | 2660/43679 [00:06<00:59, 684.70 examples/s]
Tokenizing train dataset:   6%|▋         | 2731/43679 [00:06<00:59, 689.66 examples/s]
Tokenizing train dataset:   6%|▋         | 2801/43679 [00:06<00:59, 688.49 examples/s]
Tokenizing train dataset:   7%|▋         | 2871/43679 [00:06<00:59, 687.51 examples/s]
Tokenizing train dataset:   7%|▋         | 2948/43679 [00:06<00:57, 709.31 examples/s]
Tokenizing train dataset:   7%|▋         | 3039/43679 [00:06<01:07, 603.24 examples/s]
Tokenizing train dataset:   7%|▋         | 3113/43679 [00:07<01:04, 633.26 examples/s]
Tokenizing train dataset:   7%|▋         | 3186/43679 [00:07<01:01, 657.36 examples/s]
Tokenizing train dataset:   8%|▊         | 3286/43679 [00:07<01:01, 657.74 examples/s]
Tokenizing train dataset:   8%|▊         | 3357/43679 [00:07<01:00, 667.37 examples/s]
Tokenizing train dataset:   8%|▊         | 3426/43679 [00:07<01:00, 669.72 examples/s]
Tokenizing train dataset:   8%|▊         | 3498/43679 [00:07<00:59, 676.39 examples/s]
Tokenizing train dataset:   8%|▊         | 3567/43679 [00:07<00:59, 678.39 examples/s]
Tokenizing train dataset:   8%|▊         | 3672/43679 [00:07<00:58, 681.06 examples/s]
Tokenizing train dataset:   9%|▊         | 3744/43679 [00:07<00:57, 689.82 examples/s]
Tokenizing train dataset:   9%|▊         | 3820/43679 [00:08<00:56, 703.57 examples/s]
Tokenizing train dataset:   9%|▉         | 3891/43679 [00:08<00:56, 704.25 examples/s]
Tokenizing train dataset:   9%|▉         | 3962/43679 [00:08<00:56, 702.32 examples/s]
Tokenizing train dataset:   9%|▉         | 4037/43679 [00:08<01:07, 590.50 examples/s]
Tokenizing train dataset:   9%|▉         | 4106/43679 [00:08<01:04, 614.05 examples/s]
Tokenizing train dataset:  10%|▉         | 4179/43679 [00:08<01:01, 641.22 examples/s]
Tokenizing train dataset:  10%|▉         | 4251/43679 [00:08<00:59, 660.83 examples/s]
Tokenizing train dataset:  10%|▉         | 4325/43679 [00:08<00:57, 681.88 examples/s]
Tokenizing train dataset:  10%|█         | 4395/43679 [00:08<00:57, 685.03 examples/s]
Tokenizing train dataset:  10%|█         | 4500/43679 [00:09<00:56, 687.65 examples/s]
Tokenizing train dataset:  10%|█         | 4574/43679 [00:09<00:55, 698.32 examples/s]
Tokenizing train dataset:  11%|█         | 4679/43679 [00:09<00:55, 697.27 examples/s]
Tokenizing train dataset:  11%|█         | 4754/43679 [00:09<00:54, 709.13 examples/s]
Tokenizing train dataset:  11%|█         | 4859/43679 [00:09<00:55, 703.12 examples/s]
Tokenizing train dataset:  11%|█▏        | 4959/43679 [00:09<00:56, 689.32 examples/s]
Tokenizing train dataset:  12%|█▏        | 5030/43679 [00:09<01:06, 582.34 examples/s]
Tokenizing train dataset:  12%|█▏        | 5098/43679 [00:10<01:04, 602.01 examples/s]
Tokenizing train dataset:  12%|█▏        | 5170/43679 [00:10<01:01, 626.94 examples/s]
Tokenizing train dataset:  12%|█▏        | 5251/43679 [00:10<00:57, 668.19 examples/s]
Tokenizing train dataset:  12%|█▏        | 5323/43679 [00:10<00:56, 678.25 examples/s]
Tokenizing train dataset:  12%|█▏        | 5397/43679 [00:10<00:55, 686.41 examples/s]
Tokenizing train dataset:  13%|█▎        | 5470/43679 [00:10<00:54, 697.03 examples/s]
Tokenizing train dataset:  13%|█▎        | 5541/43679 [00:10<00:54, 698.06 examples/s]
Tokenizing train dataset:  13%|█▎        | 5613/43679 [00:10<00:54, 701.21 examples/s]
Tokenizing train dataset:  13%|█▎        | 5685/43679 [00:10<00:54, 702.61 examples/s]
Tokenizing train dataset:  13%|█▎        | 5759/43679 [00:10<00:53, 711.76 examples/s]
Tokenizing train dataset:  13%|█▎        | 5833/43679 [00:11<00:52, 715.94 examples/s]
Tokenizing train dataset:  14%|█▎        | 5940/43679 [00:11<00:52, 712.22 examples/s]
Tokenizing train dataset:  14%|█▍        | 6031/43679 [00:11<01:03, 590.84 examples/s]
Tokenizing train dataset:  14%|█▍        | 6099/43679 [00:11<01:01, 608.86 examples/s]
Tokenizing train dataset:  14%|█▍        | 6172/43679 [00:11<00:59, 633.93 examples/s]
Tokenizing train dataset:  14%|█▍        | 6241/43679 [00:11<00:58, 644.89 examples/s]
Tokenizing train dataset:  14%|█▍        | 6312/43679 [00:11<00:56, 659.51 examples/s]
Tokenizing train dataset:  15%|█▍        | 6408/43679 [00:12<00:57, 649.94 examples/s]
Tokenizing train dataset:  15%|█▍        | 6483/43679 [00:12<00:55, 674.23 examples/s]
Tokenizing train dataset:  15%|█▌        | 6591/43679 [00:12<00:54, 686.63 examples/s]
Tokenizing train dataset:  15%|█▌        | 6664/43679 [00:12<00:53, 691.40 examples/s]
Tokenizing train dataset:  15%|█▌        | 6737/43679 [00:12<00:52, 698.79 examples/s]
Tokenizing train dataset:  16%|█▌        | 6844/43679 [00:12<00:52, 698.47 examples/s]
Tokenizing train dataset:  16%|█▌        | 6952/43679 [00:12<00:52, 703.13 examples/s]
Tokenizing train dataset:  16%|█▌        | 7034/43679 [00:12<01:01, 596.83 examples/s]
Tokenizing train dataset:  16%|█▋        | 7102/43679 [00:13<00:59, 614.28 examples/s]
Tokenizing train dataset:  16%|█▋        | 7180/43679 [00:13<00:56, 649.10 examples/s]
Tokenizing train dataset:  17%|█▋        | 7253/43679 [00:13<00:54, 665.70 examples/s]
Tokenizing train dataset:  17%|█▋        | 7322/43679 [00:13<00:54, 669.56 examples/s]
Tokenizing train dataset:  17%|█▋        | 7391/43679 [00:13<00:53, 672.81 examples/s]
Tokenizing train dataset:  17%|█▋        | 7465/43679 [00:13<00:52, 689.62 examples/s]
Tokenizing train dataset:  17%|█▋        | 7535/43679 [00:13<00:52, 688.72 examples/s]
Tokenizing train dataset:  17%|█▋        | 7605/43679 [00:13<00:52, 691.10 examples/s]
Tokenizing train dataset:  18%|█▊        | 7713/43679 [00:13<00:51, 698.16 examples/s]
Tokenizing train dataset:  18%|█▊        | 7788/43679 [00:14<00:50, 709.69 examples/s]
Tokenizing train dataset:  18%|█▊        | 7867/43679 [00:14<00:49, 727.72 examples/s]
Tokenizing train dataset:  18%|█▊        | 7948/43679 [00:14<00:48, 744.02 examples/s]
Tokenizing train dataset:  18%|█▊        | 8035/43679 [00:14<00:58, 611.62 examples/s]
Tokenizing train dataset:  19%|█▊        | 8103/43679 [00:14<00:56, 626.18 examples/s]
Tokenizing train dataset:  19%|█▊        | 8175/43679 [00:14<00:54, 648.13 examples/s]
Tokenizing train dataset:  19%|█▉        | 8244/43679 [00:14<00:54, 654.52 examples/s]
Tokenizing train dataset:  19%|█▉        | 8347/43679 [00:14<00:53, 660.74 examples/s]
Tokenizing train dataset:  19%|█▉        | 8416/43679 [00:14<00:52, 665.80 examples/s]
Tokenizing train dataset:  19%|█▉        | 8485/43679 [00:15<00:52, 669.33 examples/s]
Tokenizing train dataset:  20%|█▉        | 8554/43679 [00:15<00:52, 673.06 examples/s]
Tokenizing train dataset:  20%|█▉        | 8625/43679 [00:15<00:51, 680.90 examples/s]
Tokenizing train dataset:  20%|█▉        | 8694/43679 [00:15<00:51, 678.69 examples/s]
Tokenizing train dataset:  20%|██        | 8764/43679 [00:15<00:51, 677.17 examples/s]
Tokenizing train dataset:  20%|██        | 8869/43679 [00:15<00:50, 682.64 examples/s]
Tokenizing train dataset:  21%|██        | 8971/43679 [00:15<00:51, 674.59 examples/s]
Tokenizing train dataset:  21%|██        | 9065/43679 [00:16<01:00, 570.83 examples/s]
Tokenizing train dataset:  21%|██        | 9135/43679 [00:16<00:57, 596.51 examples/s]
Tokenizing train dataset:  21%|██        | 9211/43679 [00:16<00:54, 631.25 examples/s]
Tokenizing train dataset:  21%|██        | 9279/43679 [00:16<00:53, 640.04 examples/s]
Tokenizing train dataset:  21%|██▏       | 9356/43679 [00:16<00:51, 671.47 examples/s]
Tokenizing train dataset:  22%|██▏       | 9430/43679 [00:16<00:49, 686.94 examples/s]
Tokenizing train dataset:  22%|██▏       | 9537/43679 [00:16<00:49, 690.90 examples/s]
Tokenizing train dataset:  22%|██▏       | 9610/43679 [00:16<00:48, 697.56 examples/s]
Tokenizing train dataset:  22%|██▏       | 9682/43679 [00:16<00:48, 699.92 examples/s]
Tokenizing train dataset:  22%|██▏       | 9755/43679 [00:16<00:48, 704.05 examples/s]
Tokenizing train dataset:  23%|██▎       | 9832/43679 [00:17<00:47, 720.13 examples/s]
Tokenizing train dataset:  23%|██▎       | 9909/43679 [00:17<00:46, 727.39 examples/s]
Tokenizing train dataset:  23%|██▎       | 9988/43679 [00:17<00:45, 744.33 examples/s]
Tokenizing train dataset:  23%|██▎       | 10069/43679 [00:17<00:55, 606.41 examples/s]
Tokenizing train dataset:  23%|██▎       | 10137/43679 [00:17<00:53, 622.35 examples/s]
Tokenizing train dataset:  23%|██▎       | 10209/43679 [00:17<00:52, 643.62 examples/s]
Tokenizing train dataset:  24%|██▎       | 10287/43679 [00:17<00:49, 679.29 examples/s]
Tokenizing train dataset:  24%|██▍       | 10394/43679 [00:17<00:48, 687.03 examples/s]
Tokenizing train dataset:  24%|██▍       | 10497/43679 [00:18<00:48, 684.51 examples/s]
Tokenizing train dataset:  24%|██▍       | 10571/43679 [00:18<00:47, 693.48 examples/s]
Tokenizing train dataset:  24%|██▍       | 10644/43679 [00:18<00:47, 698.00 examples/s]
Tokenizing train dataset:  25%|██▍       | 10750/43679 [00:18<00:47, 697.65 examples/s]
Tokenizing train dataset:  25%|██▍       | 10825/43679 [00:18<00:46, 708.29 examples/s]
Tokenizing train dataset:  25%|██▍       | 10900/43679 [00:18<00:45, 717.36 examples/s]
Tokenizing train dataset:  25%|██▌       | 11000/43679 [00:18<00:53, 606.29 examples/s]
Tokenizing train dataset:  25%|██▌       | 11072/43679 [00:18<00:51, 632.05 examples/s]
Tokenizing train dataset:  26%|██▌       | 11142/43679 [00:19<00:50, 644.12 examples/s]
Tokenizing train dataset:  26%|██▌       | 11213/43679 [00:19<00:49, 658.59 examples/s]
Tokenizing train dataset:  26%|██▌       | 11284/43679 [00:19<00:48, 667.75 examples/s]
Tokenizing train dataset:  26%|██▌       | 11362/43679 [00:19<00:46, 695.28 examples/s]
Tokenizing train dataset:  26%|██▌       | 11434/43679 [00:19<00:46, 695.72 examples/s]
Tokenizing train dataset:  26%|██▋       | 11509/43679 [00:19<00:45, 708.71 examples/s]
Tokenizing train dataset:  27%|██▋       | 11615/43679 [00:19<00:45, 704.79 examples/s]
Tokenizing train dataset:  27%|██▋       | 11722/43679 [00:19<00:45, 701.08 examples/s]
Tokenizing train dataset:  27%|██▋       | 11797/43679 [00:19<00:44, 708.58 examples/s]
Tokenizing train dataset:  27%|██▋       | 11905/43679 [00:20<00:44, 709.37 examples/s]
Tokenizing train dataset:  27%|██▋       | 12000/43679 [00:20<00:52, 605.90 examples/s]
Tokenizing train dataset:  28%|██▊       | 12074/43679 [00:20<00:49, 634.54 examples/s]
Tokenizing train dataset:  28%|██▊       | 12145/43679 [00:20<00:48, 649.83 examples/s]
Tokenizing train dataset:  28%|██▊       | 12213/43679 [00:20<00:47, 655.62 examples/s]
Tokenizing train dataset:  28%|██▊       | 12281/43679 [00:20<00:47, 659.25 examples/s]
Tokenizing train dataset:  28%|██▊       | 12349/43679 [00:20<00:47, 662.13 examples/s]
Tokenizing train dataset:  28%|██▊       | 12420/43679 [00:20<00:46, 672.96 examples/s]
Tokenizing train dataset:  29%|██▊       | 12520/43679 [00:21<00:46, 666.95 examples/s]
Tokenizing train dataset:  29%|██▉       | 12594/43679 [00:21<00:45, 683.19 examples/s]
Tokenizing train dataset:  29%|██▉       | 12666/43679 [00:21<00:44, 692.92 examples/s]
Tokenizing train dataset:  29%|██▉       | 12741/43679 [00:21<00:43, 706.16 examples/s]
Tokenizing train dataset:  29%|██▉       | 12818/43679 [00:21<00:42, 722.15 examples/s]
Tokenizing train dataset:  30%|██▉       | 12892/43679 [00:21<00:42, 722.09 examples/s]
Tokenizing train dataset:  30%|██▉       | 12998/43679 [00:21<00:43, 711.86 examples/s]
Tokenizing train dataset:  30%|██▉       | 13070/43679 [00:21<00:51, 591.28 examples/s]
Tokenizing train dataset:  30%|███       | 13138/43679 [00:22<00:49, 611.73 examples/s]
Tokenizing train dataset:  30%|███       | 13206/43679 [00:22<00:48, 627.33 examples/s]
Tokenizing train dataset:  30%|███       | 13285/43679 [00:22<00:45, 664.76 examples/s]
Tokenizing train dataset:  31%|███       | 13361/43679 [00:22<00:44, 684.26 examples/s]
Tokenizing train dataset:  31%|███       | 13436/43679 [00:22<00:43, 700.61 examples/s]
Tokenizing train dataset:  31%|███       | 13540/43679 [00:22<00:43, 692.76 examples/s]
Tokenizing train dataset:  31%|███       | 13614/43679 [00:22<00:42, 703.71 examples/s]
Tokenizing train dataset:  31%|███▏      | 13693/43679 [00:22<00:41, 720.31 examples/s]
Tokenizing train dataset:  32%|███▏      | 13799/43679 [00:22<00:42, 710.95 examples/s]
Tokenizing train dataset:  32%|███▏      | 13874/43679 [00:23<00:41, 719.44 examples/s]
Tokenizing train dataset:  32%|███▏      | 13983/43679 [00:23<00:41, 719.68 examples/s]
Tokenizing train dataset:  32%|███▏      | 14067/43679 [00:23<00:49, 596.96 examples/s]
Tokenizing train dataset:  32%|███▏      | 14140/43679 [00:23<00:47, 624.24 examples/s]
Tokenizing train dataset:  33%|███▎      | 14212/43679 [00:23<00:45, 645.95 examples/s]
Tokenizing train dataset:  33%|███▎      | 14282/43679 [00:23<00:44, 658.09 examples/s]
Tokenizing train dataset:  33%|███▎      | 14356/43679 [00:23<00:43, 677.00 examples/s]
Tokenizing train dataset:  33%|███▎      | 14427/43679 [00:23<00:42, 684.04 examples/s]
Tokenizing train dataset:  33%|███▎      | 14529/43679 [00:24<00:43, 676.04 examples/s]
Tokenizing train dataset:  33%|███▎      | 14601/43679 [00:24<00:42, 683.68 examples/s]
Tokenizing train dataset:  34%|███▎      | 14695/43679 [00:24<00:43, 660.18 examples/s]
Tokenizing train dataset:  34%|███▍      | 14767/43679 [00:24<00:42, 673.66 examples/s]
Tokenizing train dataset:  34%|███▍      | 14838/43679 [00:24<00:42, 679.71 examples/s]
Tokenizing train dataset:  34%|███▍      | 14914/43679 [00:24<00:41, 698.47 examples/s]
Tokenizing train dataset:  34%|███▍      | 14992/43679 [00:24<00:40, 716.72 examples/s]
Tokenizing train dataset:  34%|███▍      | 15069/43679 [00:24<00:48, 588.08 examples/s]
Tokenizing train dataset:  35%|███▍      | 15138/43679 [00:25<00:46, 611.02 examples/s]
Tokenizing train dataset:  35%|███▍      | 15212/43679 [00:25<00:44, 641.21 examples/s]
Tokenizing train dataset:  35%|███▍      | 15282/43679 [00:25<00:43, 652.20 examples/s]
Tokenizing train dataset:  35%|███▌      | 15384/43679 [00:25<00:43, 657.34 examples/s]
Tokenizing train dataset:  35%|███▌      | 15455/43679 [00:25<00:42, 667.14 examples/s]
Tokenizing train dataset:  36%|███▌      | 15527/43679 [00:25<00:41, 678.83 examples/s]
Tokenizing train dataset:  36%|███▌      | 15602/43679 [00:25<00:40, 694.59 examples/s]
Tokenizing train dataset:  36%|███▌      | 15677/43679 [00:25<00:39, 707.71 examples/s]
Tokenizing train dataset:  36%|███▌      | 15754/43679 [00:25<00:38, 722.41 examples/s]
Tokenizing train dataset:  36%|███▋      | 15862/43679 [00:26<00:38, 716.05 examples/s]
Tokenizing train dataset:  37%|███▋      | 15968/43679 [00:26<00:39, 708.36 examples/s]
Tokenizing train dataset:  37%|███▋      | 16072/43679 [00:26<00:44, 615.39 examples/s]
Tokenizing train dataset:  37%|███▋      | 16139/43679 [00:26<00:43, 626.44 examples/s]
Tokenizing train dataset:  37%|███▋      | 16215/43679 [00:26<00:41, 655.60 examples/s]
Tokenizing train dataset:  37%|███▋      | 16286/43679 [00:26<00:41, 665.71 examples/s]
Tokenizing train dataset:  37%|███▋      | 16357/43679 [00:26<00:40, 673.04 examples/s]
Tokenizing train dataset:  38%|███▊      | 16428/43679 [00:26<00:40, 679.03 examples/s]
Tokenizing train dataset:  38%|███▊      | 16499/43679 [00:27<00:39, 685.08 examples/s]
Tokenizing train dataset:  38%|███▊      | 16570/43679 [00:27<00:39, 690.28 examples/s]
Tokenizing train dataset:  38%|███▊      | 16674/43679 [00:27<00:39, 688.24 examples/s]
Tokenizing train dataset:  38%|███▊      | 16774/43679 [00:27<00:39, 679.05 examples/s]
Tokenizing train dataset:  39%|███▊      | 16848/43679 [00:27<00:38, 693.12 examples/s]
Tokenizing train dataset:  39%|███▊      | 16923/43679 [00:27<00:37, 705.07 examples/s]
Tokenizing train dataset:  39%|███▉      | 17000/43679 [00:27<00:45, 583.13 examples/s]
Tokenizing train dataset:  39%|███▉      | 17063/43679 [00:27<00:44, 593.22 examples/s]
Tokenizing train dataset:  39%|███▉      | 17129/43679 [00:28<00:43, 606.58 examples/s]
Tokenizing train dataset:  39%|███▉      | 17203/43679 [00:28<00:41, 638.62 examples/s]
Tokenizing train dataset:  40%|███▉      | 17269/43679 [00:28<00:41, 642.69 examples/s]
Tokenizing train dataset:  40%|███▉      | 17335/43679 [00:28<00:40, 644.53 examples/s]
Tokenizing train dataset:  40%|███▉      | 17408/43679 [00:28<00:39, 666.51 examples/s]
Tokenizing train dataset:  40%|████      | 17477/43679 [00:28<00:39, 668.07 examples/s]
Tokenizing train dataset:  40%|████      | 17551/43679 [00:28<00:38, 685.23 examples/s]
Tokenizing train dataset:  40%|████      | 17624/43679 [00:28<00:37, 696.27 examples/s]
Tokenizing train dataset:  41%|████      | 17721/43679 [00:28<00:38, 675.22 examples/s]
Tokenizing train dataset:  41%|████      | 17801/43679 [00:28<00:36, 706.43 examples/s]
Tokenizing train dataset:  41%|████      | 17907/43679 [00:29<00:36, 703.61 examples/s]
Tokenizing train dataset:  41%|████      | 17978/43679 [00:29<00:36, 702.28 examples/s]
Tokenizing train dataset:  41%|████▏     | 18066/43679 [00:29<00:43, 584.83 examples/s]
Tokenizing train dataset:  42%|████▏     | 18161/43679 [00:29<00:42, 598.00 examples/s]
Tokenizing train dataset:  42%|████▏     | 18236/43679 [00:29<00:40, 631.33 examples/s]
Tokenizing train dataset:  42%|████▏     | 18307/43679 [00:29<00:39, 648.81 examples/s]
Tokenizing train dataset:  42%|████▏     | 18380/43679 [00:29<00:37, 666.88 examples/s]
Tokenizing train dataset:  42%|████▏     | 18449/43679 [00:30<00:37, 669.93 examples/s]
Tokenizing train dataset:  42%|████▏     | 18520/43679 [00:30<00:37, 678.36 examples/s]
Tokenizing train dataset:  43%|████▎     | 18589/43679 [00:30<00:36, 678.33 examples/s]
Tokenizing train dataset:  43%|████▎     | 18662/43679 [00:30<00:36, 692.16 examples/s]
Tokenizing train dataset:  43%|████▎     | 18769/43679 [00:30<00:35, 694.36 examples/s]
Tokenizing train dataset:  43%|████▎     | 18844/43679 [00:30<00:35, 705.43 examples/s]
Tokenizing train dataset:  43%|████▎     | 18917/43679 [00:30<00:34, 710.60 examples/s]
Tokenizing train dataset:  43%|████▎     | 18991/43679 [00:30<00:34, 716.86 examples/s]
Tokenizing train dataset:  44%|████▎     | 19072/43679 [00:30<00:41, 592.10 examples/s]
Tokenizing train dataset:  44%|████▍     | 19139/43679 [00:31<00:40, 608.65 examples/s]
Tokenizing train dataset:  44%|████▍     | 19207/43679 [00:31<00:39, 623.30 examples/s]
Tokenizing train dataset:  44%|████▍     | 19282/43679 [00:31<00:37, 655.70 examples/s]
Tokenizing train dataset:  44%|████▍     | 19356/43679 [00:31<00:36, 673.46 examples/s]
Tokenizing train dataset:  44%|████▍     | 19430/43679 [00:31<00:35, 690.21 examples/s]
Tokenizing train dataset:  45%|████▍     | 19533/43679 [00:31<00:35, 682.90 examples/s]
Tokenizing train dataset:  45%|████▍     | 19604/43679 [00:31<00:34, 688.03 examples/s]
Tokenizing train dataset:  45%|████▌     | 19674/43679 [00:31<00:34, 687.91 examples/s]
Tokenizing train dataset:  45%|████▌     | 19745/43679 [00:31<00:34, 690.01 examples/s]
Tokenizing train dataset:  45%|████▌     | 19850/43679 [00:32<00:34, 689.15 examples/s]
Tokenizing train dataset:  46%|████▌     | 19953/43679 [00:32<00:34, 682.10 examples/s]
Tokenizing train dataset:  46%|████▌     | 20034/43679 [00:32<00:40, 578.59 examples/s]
Tokenizing train dataset:  46%|████▌     | 20103/43679 [00:32<00:39, 601.61 examples/s]
Tokenizing train dataset:  46%|████▌     | 20179/43679 [00:32<00:36, 637.40 examples/s]
Tokenizing train dataset:  46%|████▋     | 20253/43679 [00:32<00:35, 660.95 examples/s]
Tokenizing train dataset:  47%|████▋     | 20353/43679 [00:32<00:35, 658.87 examples/s]
Tokenizing train dataset:  47%|████▋     | 20421/43679 [00:32<00:35, 662.66 examples/s]
Tokenizing train dataset:  47%|████▋     | 20525/43679 [00:33<00:34, 669.07 examples/s]
Tokenizing train dataset:  47%|████▋     | 20601/43679 [00:33<00:33, 687.19 examples/s]
Tokenizing train dataset:  47%|████▋     | 20701/43679 [00:33<00:33, 677.32 examples/s]
Tokenizing train dataset:  48%|████▊     | 20779/43679 [00:33<00:32, 696.19 examples/s]
Tokenizing train dataset:  48%|████▊     | 20854/43679 [00:33<00:32, 705.03 examples/s]
Tokenizing train dataset:  48%|████▊     | 20926/43679 [00:33<00:32, 706.27 examples/s]
Tokenizing train dataset:  48%|████▊     | 20999/43679 [00:33<00:31, 710.92 examples/s]
Tokenizing train dataset:  48%|████▊     | 21073/43679 [00:33<00:38, 586.71 examples/s]
Tokenizing train dataset:  48%|████▊     | 21147/43679 [00:34<00:36, 623.56 examples/s]
Tokenizing train dataset:  49%|████▊     | 21224/43679 [00:34<00:34, 658.19 examples/s]
Tokenizing train dataset:  49%|████▉     | 21298/43679 [00:34<00:33, 672.72 examples/s]
Tokenizing train dataset:  49%|████▉     | 21369/43679 [00:34<00:33, 674.85 examples/s]
Tokenizing train dataset:  49%|████▉     | 21438/43679 [00:34<00:32, 677.39 examples/s]
Tokenizing train dataset:  49%|████▉     | 21513/43679 [00:34<00:31, 696.31 examples/s]
Tokenizing train dataset:  49%|████▉     | 21587/43679 [00:34<00:31, 705.00 examples/s]
Tokenizing train dataset:  50%|████▉     | 21694/43679 [00:34<00:31, 706.05 examples/s]
Tokenizing train dataset:  50%|████▉     | 21774/43679 [00:34<00:30, 722.65 examples/s]
Tokenizing train dataset:  50%|█████     | 21848/43679 [00:35<00:30, 722.40 examples/s]
Tokenizing train dataset:  50%|█████     | 21922/43679 [00:35<00:29, 726.46 examples/s]
Tokenizing train dataset:  50%|█████     | 21996/43679 [00:35<00:29, 727.91 examples/s]
Tokenizing train dataset:  51%|█████     | 22071/43679 [00:35<00:36, 594.40 examples/s]
Tokenizing train dataset:  51%|█████     | 22143/43679 [00:35<00:34, 622.73 examples/s]
Tokenizing train dataset:  51%|█████     | 22217/43679 [00:35<00:32, 651.67 examples/s]
Tokenizing train dataset:  51%|█████     | 22285/43679 [00:35<00:32, 654.44 examples/s]
Tokenizing train dataset:  51%|█████     | 22359/43679 [00:35<00:31, 675.85 examples/s]
Tokenizing train dataset:  51%|█████▏    | 22430/43679 [00:35<00:31, 683.25 examples/s]
Tokenizing train dataset:  52%|█████▏    | 22502/43679 [00:36<00:30, 691.17 examples/s]
Tokenizing train dataset:  52%|█████▏    | 22607/43679 [00:36<00:30, 693.89 examples/s]
Tokenizing train dataset:  52%|█████▏    | 22680/43679 [00:36<00:29, 700.81 examples/s]
Tokenizing train dataset:  52%|█████▏    | 22756/43679 [00:36<00:29, 713.21 examples/s]
Tokenizing train dataset:  52%|█████▏    | 22830/43679 [00:36<00:29, 716.63 examples/s]
Tokenizing train dataset:  52%|█████▏    | 22907/43679 [00:36<00:28, 730.80 examples/s]
Tokenizing train dataset:  53%|█████▎    | 22987/43679 [00:36<00:27, 744.25 examples/s]
Tokenizing train dataset:  53%|█████▎    | 23070/43679 [00:36<00:33, 612.02 examples/s]
Tokenizing train dataset:  53%|█████▎    | 23170/43679 [00:37<00:32, 626.47 examples/s]
Tokenizing train dataset:  53%|█████▎    | 23271/43679 [00:37<00:31, 640.02 examples/s]
Tokenizing train dataset:  53%|█████▎    | 23341/43679 [00:37<00:31, 651.93 examples/s]
Tokenizing train dataset:  54%|█████▎    | 23412/43679 [00:37<00:30, 664.62 examples/s]
Tokenizing train dataset:  54%|█████▍    | 23483/43679 [00:37<00:29, 673.37 examples/s]
Tokenizing train dataset:  54%|█████▍    | 23554/43679 [00:37<00:29, 680.24 examples/s]
Tokenizing train dataset:  54%|█████▍    | 23627/43679 [00:37<00:29, 690.85 examples/s]
Tokenizing train dataset:  54%|█████▍    | 23701/43679 [00:37<00:28, 703.84 examples/s]
Tokenizing train dataset:  54%|█████▍    | 23776/43679 [00:37<00:27, 715.32 examples/s]
Tokenizing train dataset:  55%|█████▍    | 23885/43679 [00:38<00:27, 714.58 examples/s]
Tokenizing train dataset:  55%|█████▍    | 23993/43679 [00:38<00:27, 712.55 examples/s]
Tokenizing train dataset:  55%|█████▌    | 24065/43679 [00:38<00:32, 595.04 examples/s]
Tokenizing train dataset:  55%|█████▌    | 24135/43679 [00:38<00:31, 616.71 examples/s]
Tokenizing train dataset:  55%|█████▌    | 24205/43679 [00:38<00:30, 635.96 examples/s]
Tokenizing train dataset:  56%|█████▌    | 24277/43679 [00:38<00:29, 655.49 examples/s]
Tokenizing train dataset:  56%|█████▌    | 24347/43679 [00:38<00:29, 665.98 examples/s]
Tokenizing train dataset:  56%|█████▌    | 24418/43679 [00:38<00:28, 672.75 examples/s]
Tokenizing train dataset:  56%|█████▌    | 24489/43679 [00:39<00:28, 680.17 examples/s]
Tokenizing train dataset:  56%|█████▋    | 24592/43679 [00:39<00:28, 679.37 examples/s]
Tokenizing train dataset:  56%|█████▋    | 24662/43679 [00:39<00:27, 681.23 examples/s]
Tokenizing train dataset:  57%|█████▋    | 24735/43679 [00:39<00:27, 691.24 examples/s]
Tokenizing train dataset:  57%|█████▋    | 24810/43679 [00:39<00:26, 702.99 examples/s]
Tokenizing train dataset:  57%|█████▋    | 24881/43679 [00:39<00:26, 701.65 examples/s]
Tokenizing train dataset:  57%|█████▋    | 24954/43679 [00:39<00:26, 707.79 examples/s]
Tokenizing train dataset:  57%|█████▋    | 25037/43679 [00:39<00:31, 587.21 examples/s]
Tokenizing train dataset:  57%|█████▋    | 25104/43679 [00:39<00:30, 604.38 examples/s]
Tokenizing train dataset:  58%|█████▊    | 25179/43679 [00:40<00:29, 637.37 examples/s]
Tokenizing train dataset:  58%|█████▊    | 25249/43679 [00:40<00:28, 649.50 examples/s]
Tokenizing train dataset:  58%|█████▊    | 25348/43679 [00:40<00:28, 652.23 examples/s]
Tokenizing train dataset:  58%|█████▊    | 25420/43679 [00:40<00:27, 668.04 examples/s]
Tokenizing train dataset:  58%|█████▊    | 25491/43679 [00:40<00:27, 672.94 examples/s]
Tokenizing train dataset:  59%|█████▊    | 25567/43679 [00:40<00:26, 694.18 examples/s]
Tokenizing train dataset:  59%|█████▊    | 25647/43679 [00:40<00:25, 720.74 examples/s]
Tokenizing train dataset:  59%|█████▉    | 25725/43679 [00:40<00:24, 732.86 examples/s]
Tokenizing train dataset:  59%|█████▉    | 25831/43679 [00:40<00:24, 720.22 examples/s]
Tokenizing train dataset:  59%|█████▉    | 25936/43679 [00:41<00:25, 709.38 examples/s]
Tokenizing train dataset:  60%|█████▉    | 26034/43679 [00:41<00:28, 616.80 examples/s]
Tokenizing train dataset:  60%|█████▉    | 26107/43679 [00:41<00:27, 639.88 examples/s]
Tokenizing train dataset:  60%|█████▉    | 26181/43679 [00:41<00:26, 658.84 examples/s]
Tokenizing train dataset:  60%|██████    | 26283/43679 [00:41<00:26, 661.70 examples/s]
Tokenizing train dataset:  60%|██████    | 26388/43679 [00:41<00:25, 670.06 examples/s]
Tokenizing train dataset:  61%|██████    | 26458/43679 [00:41<00:25, 674.13 examples/s]
Tokenizing train dataset:  61%|██████    | 26531/43679 [00:42<00:25, 685.50 examples/s]
Tokenizing train dataset:  61%|██████    | 26608/43679 [00:42<00:24, 704.98 examples/s]
Tokenizing train dataset:  61%|██████    | 26714/43679 [00:42<00:24, 699.91 examples/s]
Tokenizing train dataset:  61%|██████▏   | 26789/43679 [00:42<00:23, 708.51 examples/s]
Tokenizing train dataset:  62%|██████▏   | 26895/43679 [00:42<00:23, 706.80 examples/s]
Tokenizing train dataset:  62%|██████▏   | 26970/43679 [00:42<00:23, 714.73 examples/s]
Tokenizing train dataset:  62%|██████▏   | 27073/43679 [00:42<00:26, 615.27 examples/s]
Tokenizing train dataset:  62%|██████▏   | 27147/43679 [00:42<00:25, 640.05 examples/s]
Tokenizing train dataset:  62%|██████▏   | 27219/43679 [00:43<00:25, 657.19 examples/s]
Tokenizing train dataset:  63%|██████▎   | 27314/43679 [00:43<00:25, 648.61 examples/s]
Tokenizing train dataset:  63%|██████▎   | 27383/43679 [00:43<00:24, 656.38 examples/s]
Tokenizing train dataset:  63%|██████▎   | 27455/43679 [00:43<00:24, 670.91 examples/s]
Tokenizing train dataset:  63%|██████▎   | 27528/43679 [00:43<00:23, 684.59 examples/s]
Tokenizing train dataset:  63%|██████▎   | 27600/43679 [00:43<00:23, 691.99 examples/s]
Tokenizing train dataset:  63%|██████▎   | 27701/43679 [00:43<00:23, 679.39 examples/s]
Tokenizing train dataset:  64%|██████▎   | 27778/43679 [00:43<00:22, 698.88 examples/s]
Tokenizing train dataset:  64%|██████▍   | 27852/43679 [00:43<00:22, 707.18 examples/s]
Tokenizing train dataset:  64%|██████▍   | 27927/43679 [00:44<00:21, 718.07 examples/s]
Tokenizing train dataset:  64%|██████▍   | 28000/43679 [00:44<00:25, 610.12 examples/s]
Tokenizing train dataset:  64%|██████▍   | 28074/43679 [00:44<00:24, 642.86 examples/s]
Tokenizing train dataset:  64%|██████▍   | 28150/43679 [00:44<00:23, 670.67 examples/s]
Tokenizing train dataset:  65%|██████▍   | 28221/43679 [00:44<00:22, 680.18 examples/s]
Tokenizing train dataset:  65%|██████▍   | 28329/43679 [00:44<00:22, 690.85 examples/s]
Tokenizing train dataset:  65%|██████▌   | 28426/43679 [00:44<00:22, 672.56 examples/s]
Tokenizing train dataset:  65%|██████▌   | 28495/43679 [00:44<00:22, 675.64 examples/s]
Tokenizing train dataset:  65%|██████▌   | 28593/43679 [00:45<00:22, 663.31 examples/s]
Tokenizing train dataset:  66%|██████▌   | 28665/43679 [00:45<00:22, 676.09 examples/s]
Tokenizing train dataset:  66%|██████▌   | 28739/43679 [00:45<00:21, 689.92 examples/s]
Tokenizing train dataset:  66%|██████▌   | 28813/43679 [00:45<00:21, 702.07 examples/s]
Tokenizing train dataset:  66%|██████▌   | 28894/43679 [00:45<00:20, 730.32 examples/s]
Tokenizing train dataset:  66%|██████▋   | 29000/43679 [00:45<00:23, 619.47 examples/s]
Tokenizing train dataset:  67%|██████▋   | 29102/43679 [00:45<00:22, 634.99 examples/s]
Tokenizing train dataset:  67%|██████▋   | 29177/43679 [00:45<00:21, 660.07 examples/s]
Tokenizing train dataset:  67%|██████▋   | 29252/43679 [00:46<00:21, 681.96 examples/s]
Tokenizing train dataset:  67%|██████▋   | 29325/43679 [00:46<00:20, 688.40 examples/s]
Tokenizing train dataset:  67%|██████▋   | 29400/43679 [00:46<00:20, 699.97 examples/s]
Tokenizing train dataset:  67%|██████▋   | 29474/43679 [00:46<00:20, 707.95 examples/s]
Tokenizing train dataset:  68%|██████▊   | 29550/43679 [00:46<00:19, 721.49 examples/s]
Tokenizing train dataset:  68%|██████▊   | 29623/43679 [00:46<00:19, 720.27 examples/s]
Tokenizing train dataset:  68%|██████▊   | 29733/43679 [00:46<00:19, 720.77 examples/s]
Tokenizing train dataset:  68%|██████▊   | 29840/43679 [00:46<00:19, 715.10 examples/s]
Tokenizing train dataset:  69%|██████▊   | 29950/43679 [00:47<00:19, 716.18 examples/s]
Tokenizing train dataset:  69%|██████▉   | 30036/43679 [00:47<00:21, 625.14 examples/s]
Tokenizing train dataset:  69%|██████▉   | 30103/43679 [00:47<00:21, 632.54 examples/s]
Tokenizing train dataset:  69%|██████▉   | 30169/43679 [00:47<00:21, 634.89 examples/s]
Tokenizing train dataset:  69%|██████▉   | 30237/43679 [00:47<00:20, 644.17 examples/s]
Tokenizing train dataset:  69%|██████▉   | 30309/43679 [00:47<00:20, 663.42 examples/s]
Tokenizing train dataset:  70%|██████▉   | 30382/43679 [00:47<00:19, 678.24 examples/s]
Tokenizing train dataset:  70%|██████▉   | 30454/43679 [00:47<00:19, 688.01 examples/s]
Tokenizing train dataset:  70%|██████▉   | 30529/43679 [00:47<00:18, 703.96 examples/s]
Tokenizing train dataset:  70%|███████   | 30603/43679 [00:48<00:18, 709.78 examples/s]
Tokenizing train dataset:  70%|███████   | 30710/43679 [00:48<00:18, 709.37 examples/s]
Tokenizing train dataset:  70%|███████   | 30785/43679 [00:48<00:17, 716.66 examples/s]
Tokenizing train dataset:  71%|███████   | 30893/43679 [00:48<00:17, 713.85 examples/s]
Tokenizing train dataset:  71%|███████   | 31000/43679 [00:48<00:20, 607.00 examples/s]
Tokenizing train dataset:  71%|███████   | 31071/43679 [00:48<00:20, 627.39 examples/s]
Tokenizing train dataset:  71%|███████▏  | 31141/43679 [00:48<00:19, 640.87 examples/s]
Tokenizing train dataset:  71%|███████▏  | 31210/43679 [00:48<00:19, 648.27 examples/s]
Tokenizing train dataset:  72%|███████▏  | 31282/43679 [00:49<00:18, 665.92 examples/s]
Tokenizing train dataset:  72%|███████▏  | 31380/43679 [00:49<00:18, 659.20 examples/s]
Tokenizing train dataset:  72%|███████▏  | 31456/43679 [00:49<00:17, 682.74 examples/s]
Tokenizing train dataset:  72%|███████▏  | 31553/43679 [00:49<00:18, 666.43 examples/s]
Tokenizing train dataset:  72%|███████▏  | 31625/43679 [00:49<00:17, 676.25 examples/s]
Tokenizing train dataset:  73%|███████▎  | 31728/43679 [00:49<00:17, 676.76 examples/s]
Tokenizing train dataset:  73%|███████▎  | 31800/43679 [00:49<00:17, 685.85 examples/s]
Tokenizing train dataset:  73%|███████▎  | 31903/43679 [00:49<00:17, 684.17 examples/s]
Tokenizing train dataset:  73%|███████▎  | 31976/43679 [00:50<00:16, 692.65 examples/s]
Tokenizing train dataset:  73%|███████▎  | 32070/43679 [00:50<00:19, 590.60 examples/s]
Tokenizing train dataset:  74%|███████▎  | 32140/43679 [00:50<00:18, 612.45 examples/s]
Tokenizing train dataset:  74%|███████▎  | 32212/43679 [00:50<00:18, 636.78 examples/s]
Tokenizing train dataset:  74%|███████▍  | 32281/43679 [00:50<00:17, 646.97 examples/s]
Tokenizing train dataset:  74%|███████▍  | 32356/43679 [00:50<00:16, 672.22 examples/s]
Tokenizing train dataset:  74%|███████▍  | 32434/43679 [00:50<00:16, 699.25 examples/s]
Tokenizing train dataset:  74%|███████▍  | 32538/43679 [00:50<00:16, 692.17 examples/s]
Tokenizing train dataset:  75%|███████▍  | 32609/43679 [00:51<00:15, 694.46 examples/s]
Tokenizing train dataset:  75%|███████▍  | 32710/43679 [00:51<00:16, 684.59 examples/s]
Tokenizing train dataset:  75%|███████▌  | 32781/43679 [00:51<00:15, 688.54 examples/s]
Tokenizing train dataset:  75%|███████▌  | 32885/43679 [00:51<00:15, 685.36 examples/s]
Tokenizing train dataset:  75%|███████▌  | 32961/43679 [00:51<00:15, 700.16 examples/s]
Tokenizing train dataset:  76%|███████▌  | 33034/43679 [00:51<00:18, 587.71 examples/s]
Tokenizing train dataset:  76%|███████▌  | 33108/43679 [00:51<00:17, 620.52 examples/s]
Tokenizing train dataset:  76%|███████▌  | 33177/43679 [00:51<00:16, 636.73 examples/s]
Tokenizing train dataset:  76%|███████▌  | 33248/43679 [00:52<00:15, 652.89 examples/s]
Tokenizing train dataset:  76%|███████▋  | 33321/43679 [00:52<00:15, 670.94 examples/s]
Tokenizing train dataset:  77%|███████▋  | 33419/43679 [00:52<00:15, 662.70 examples/s]
Tokenizing train dataset:  77%|███████▋  | 33493/43679 [00:52<00:14, 679.82 examples/s]
Tokenizing train dataset:  77%|███████▋  | 33598/43679 [00:52<00:14, 683.52 examples/s]
Tokenizing train dataset:  77%|███████▋  | 33669/43679 [00:52<00:14, 687.75 examples/s]
Tokenizing train dataset:  77%|███████▋  | 33740/43679 [00:52<00:14, 688.75 examples/s]
Tokenizing train dataset:  77%|███████▋  | 33814/43679 [00:52<00:14, 701.08 examples/s]
Tokenizing train dataset:  78%|███████▊  | 33889/43679 [00:52<00:13, 712.39 examples/s]
Tokenizing train dataset:  78%|███████▊  | 33999/43679 [00:53<00:13, 717.42 examples/s]
Tokenizing train dataset:  78%|███████▊  | 34072/43679 [00:53<00:15, 601.34 examples/s]
Tokenizing train dataset:  78%|███████▊  | 34142/43679 [00:53<00:15, 621.75 examples/s]
Tokenizing train dataset:  78%|███████▊  | 34207/43679 [00:53<00:15, 626.95 examples/s]
Tokenizing train dataset:  78%|███████▊  | 34276/43679 [00:53<00:14, 641.21 examples/s]
Tokenizing train dataset:  79%|███████▊  | 34351/43679 [00:53<00:14, 665.47 examples/s]
Tokenizing train dataset:  79%|███████▉  | 34420/43679 [00:53<00:13, 669.82 examples/s]
Tokenizing train dataset:  79%|███████▉  | 34489/43679 [00:53<00:13, 672.46 examples/s]
Tokenizing train dataset:  79%|███████▉  | 34594/43679 [00:54<00:13, 681.03 examples/s]
Tokenizing train dataset:  79%|███████▉  | 34669/43679 [00:54<00:12, 695.52 examples/s]
Tokenizing train dataset:  80%|███████▉  | 34742/43679 [00:54<00:12, 700.83 examples/s]
Tokenizing train dataset:  80%|███████▉  | 34817/43679 [00:54<00:12, 711.34 examples/s]
Tokenizing train dataset:  80%|███████▉  | 34894/43679 [00:54<00:12, 726.26 examples/s]
Tokenizing train dataset:  80%|████████  | 34998/43679 [00:54<00:12, 711.09 examples/s]
Tokenizing train dataset:  80%|████████  | 35097/43679 [00:54<00:14, 589.41 examples/s]
Tokenizing train dataset:  81%|████████  | 35168/43679 [00:54<00:13, 614.59 examples/s]
Tokenizing train dataset:  81%|████████  | 35267/43679 [00:55<00:13, 626.03 examples/s]
Tokenizing train dataset:  81%|████████  | 35338/43679 [00:55<00:12, 642.33 examples/s]
Tokenizing train dataset:  81%|████████  | 35408/43679 [00:55<00:12, 652.95 examples/s]
Tokenizing train dataset:  81%|████████▏ | 35508/43679 [00:55<00:12, 654.64 examples/s]
Tokenizing train dataset:  82%|████████▏ | 35611/43679 [00:55<00:12, 662.09 examples/s]
Tokenizing train dataset:  82%|████████▏ | 35680/43679 [00:55<00:12, 663.24 examples/s]
Tokenizing train dataset:  82%|████████▏ | 35752/43679 [00:55<00:11, 674.72 examples/s]
Tokenizing train dataset:  82%|████████▏ | 35825/43679 [00:55<00:11, 684.67 examples/s]
Tokenizing train dataset:  82%|████████▏ | 35899/43679 [00:56<00:11, 696.87 examples/s]
Tokenizing train dataset:  82%|████████▏ | 35973/43679 [00:56<00:10, 705.49 examples/s]
Tokenizing train dataset:  83%|████████▎ | 36067/43679 [00:56<00:12, 587.79 examples/s]
Tokenizing train dataset:  83%|████████▎ | 36137/43679 [00:56<00:12, 612.06 examples/s]
Tokenizing train dataset:  83%|████████▎ | 36206/43679 [00:56<00:11, 630.76 examples/s]
Tokenizing train dataset:  83%|████████▎ | 36274/43679 [00:56<00:11, 641.81 examples/s]
Tokenizing train dataset:  83%|████████▎ | 36344/43679 [00:56<00:11, 656.99 examples/s]
Tokenizing train dataset:  83%|████████▎ | 36412/43679 [00:56<00:11, 660.09 examples/s]
Tokenizing train dataset:  84%|████████▎ | 36485/43679 [00:56<00:10, 678.54 examples/s]
Tokenizing train dataset:  84%|████████▎ | 36554/43679 [00:57<00:10, 678.46 examples/s]
Tokenizing train dataset:  84%|████████▍ | 36630/43679 [00:57<00:10, 692.58 examples/s]
Tokenizing train dataset:  84%|████████▍ | 36700/43679 [00:57<00:10, 689.29 examples/s]
Tokenizing train dataset:  84%|████████▍ | 36770/43679 [00:57<00:10, 688.48 examples/s]
Tokenizing train dataset:  84%|████████▍ | 36843/43679 [00:57<00:09, 695.23 examples/s]
Tokenizing train dataset:  85%|████████▍ | 36946/43679 [00:57<00:09, 689.28 examples/s]
Tokenizing train dataset:  85%|████████▍ | 37035/43679 [00:57<00:11, 574.78 examples/s]
Tokenizing train dataset:  85%|████████▍ | 37107/43679 [00:57<00:10, 605.06 examples/s]
Tokenizing train dataset:  85%|████████▌ | 37174/43679 [00:58<00:10, 617.81 examples/s]
Tokenizing train dataset:  85%|████████▌ | 37246/43679 [00:58<00:10, 641.87 examples/s]
Tokenizing train dataset:  85%|████████▌ | 37321/43679 [00:58<00:09, 668.20 examples/s]
Tokenizing train dataset:  86%|████████▌ | 37391/43679 [00:58<00:09, 674.47 examples/s]
Tokenizing train dataset:  86%|████████▌ | 37463/43679 [00:58<00:09, 681.93 examples/s]
Tokenizing train dataset:  86%|████████▌ | 37563/43679 [00:58<00:09, 671.87 examples/s]
Tokenizing train dataset:  86%|████████▌ | 37637/43679 [00:58<00:08, 684.89 examples/s]
Tokenizing train dataset:  86%|████████▋ | 37709/43679 [00:58<00:08, 688.08 examples/s]
Tokenizing train dataset:  87%|████████▋ | 37788/43679 [00:58<00:08, 713.75 examples/s]
Tokenizing train dataset:  87%|████████▋ | 37894/43679 [00:59<00:08, 710.03 examples/s]
Tokenizing train dataset:  87%|████████▋ | 37968/43679 [00:59<00:07, 715.73 examples/s]
Tokenizing train dataset:  87%|████████▋ | 38066/43679 [00:59<00:09, 599.76 examples/s]
Tokenizing train dataset:  87%|████████▋ | 38134/43679 [00:59<00:08, 616.45 examples/s]
Tokenizing train dataset:  88%|████████▊ | 38236/43679 [00:59<00:08, 633.29 examples/s]
Tokenizing train dataset:  88%|████████▊ | 38303/43679 [00:59<00:08, 637.21 examples/s]
Tokenizing train dataset:  88%|████████▊ | 38374/43679 [00:59<00:08, 653.63 examples/s]
Tokenizing train dataset:  88%|████████▊ | 38448/43679 [00:59<00:07, 673.38 examples/s]
Tokenizing train dataset:  88%|████████▊ | 38524/43679 [01:00<00:07, 693.24 examples/s]
Tokenizing train dataset:  88%|████████▊ | 38630/43679 [01:00<00:07, 695.55 examples/s]
Tokenizing train dataset:  89%|████████▊ | 38738/43679 [01:00<00:07, 700.31 examples/s]
Tokenizing train dataset:  89%|████████▉ | 38815/43679 [01:00<00:06, 717.08 examples/s]
Tokenizing train dataset:  89%|████████▉ | 38891/43679 [01:00<00:06, 724.78 examples/s]
Tokenizing train dataset:  89%|████████▉ | 38993/43679 [01:00<00:06, 702.11 examples/s]
Tokenizing train dataset:  89%|████████▉ | 39071/43679 [01:00<00:07, 595.41 examples/s]
Tokenizing train dataset:  90%|████████▉ | 39145/43679 [01:00<00:07, 624.13 examples/s]
Tokenizing train dataset:  90%|████████▉ | 39217/43679 [01:01<00:06, 646.43 examples/s]
Tokenizing train dataset:  90%|█████████ | 39319/43679 [01:01<00:06, 655.89 examples/s]
Tokenizing train dataset:  90%|█████████ | 39387/43679 [01:01<00:06, 658.01 examples/s]
Tokenizing train dataset:  90%|█████████ | 39456/43679 [01:01<00:06, 664.26 examples/s]
Tokenizing train dataset:  90%|█████████ | 39528/43679 [01:01<00:06, 675.38 examples/s]
Tokenizing train dataset:  91%|█████████ | 39601/43679 [01:01<00:05, 688.94 examples/s]
Tokenizing train dataset:  91%|█████████ | 39677/43679 [01:01<00:05, 705.99 examples/s]
Tokenizing train dataset:  91%|█████████ | 39752/43679 [01:01<00:05, 716.08 examples/s]
Tokenizing train dataset:  91%|█████████ | 39829/43679 [01:01<00:05, 726.41 examples/s]
Tokenizing train dataset:  91%|█████████▏| 39932/43679 [01:02<00:05, 707.49 examples/s]
Tokenizing train dataset:  92%|█████████▏| 40035/43679 [01:02<00:05, 607.34 examples/s]
Tokenizing train dataset:  92%|█████████▏| 40100/43679 [01:02<00:05, 614.32 examples/s]
Tokenizing train dataset:  92%|█████████▏| 40165/43679 [01:02<00:05, 621.38 examples/s]
Tokenizing train dataset:  92%|█████████▏| 40260/43679 [01:02<00:05, 620.39 examples/s]
Tokenizing train dataset:  92%|█████████▏| 40330/43679 [01:02<00:05, 636.47 examples/s]
Tokenizing train dataset:  93%|█████████▎| 40427/43679 [01:02<00:05, 636.16 examples/s]
Tokenizing train dataset:  93%|█████████▎| 40495/43679 [01:03<00:04, 645.78 examples/s]
Tokenizing train dataset:  93%|█████████▎| 40575/43679 [01:03<00:04, 682.03 examples/s]
Tokenizing train dataset:  93%|█████████▎| 40646/43679 [01:03<00:04, 689.19 examples/s]
Tokenizing train dataset:  93%|█████████▎| 40716/43679 [01:03<00:04, 689.74 examples/s]
Tokenizing train dataset:  93%|█████████▎| 40791/43679 [01:03<00:04, 704.33 examples/s]
Tokenizing train dataset:  94%|█████████▎| 40898/43679 [01:03<00:03, 703.93 examples/s]
Tokenizing train dataset:  94%|█████████▍| 40970/43679 [01:03<00:03, 705.50 examples/s]
Tokenizing train dataset:  94%|█████████▍| 41076/43679 [01:03<00:04, 612.32 examples/s]
Tokenizing train dataset:  94%|█████████▍| 41144/43679 [01:03<00:04, 625.73 examples/s]
Tokenizing train dataset:  94%|█████████▍| 41210/43679 [01:04<00:03, 631.66 examples/s]
Tokenizing train dataset:  95%|█████████▍| 41283/43679 [01:04<00:03, 655.79 examples/s]
Tokenizing train dataset:  95%|█████████▍| 41351/43679 [01:04<00:03, 660.10 examples/s]
Tokenizing train dataset:  95%|█████████▍| 41428/43679 [01:04<00:03, 689.12 examples/s]
Tokenizing train dataset:  95%|█████████▌| 41500/43679 [01:04<00:03, 695.86 examples/s]
Tokenizing train dataset:  95%|█████████▌| 41573/43679 [01:04<00:03, 701.20 examples/s]
Tokenizing train dataset:  95%|█████████▌| 41683/43679 [01:04<00:02, 708.80 examples/s]
Tokenizing train dataset:  96%|█████████▌| 41756/43679 [01:04<00:02, 710.79 examples/s]
Tokenizing train dataset:  96%|█████████▌| 41860/43679 [01:04<00:02, 702.45 examples/s]
Tokenizing train dataset:  96%|█████████▌| 41969/43679 [01:05<00:02, 706.31 examples/s]
Tokenizing train dataset:  96%|█████████▋| 42073/43679 [01:05<00:02, 615.86 examples/s]
Tokenizing train dataset:  96%|█████████▋| 42142/43679 [01:05<00:02, 629.77 examples/s]
Tokenizing train dataset:  97%|█████████▋| 42208/43679 [01:05<00:02, 634.31 examples/s]
Tokenizing train dataset:  97%|█████████▋| 42278/43679 [01:05<00:02, 648.00 examples/s]
Tokenizing train dataset:  97%|█████████▋| 42346/43679 [01:05<00:02, 654.51 examples/s]
Tokenizing train dataset:  97%|█████████▋| 42419/43679 [01:05<00:01, 672.89 examples/s]
Tokenizing train dataset:  97%|█████████▋| 42489/43679 [01:05<00:01, 675.78 examples/s]
Tokenizing train dataset:  97%|█████████▋| 42561/43679 [01:06<00:01, 684.48 examples/s]
Tokenizing train dataset:  98%|█████████▊| 42635/43679 [01:06<00:01, 696.45 examples/s]
Tokenizing train dataset:  98%|█████████▊| 42740/43679 [01:06<00:01, 695.67 examples/s]
Tokenizing train dataset:  98%|█████████▊| 42817/43679 [01:06<00:01, 709.85 examples/s]
Tokenizing train dataset:  98%|█████████▊| 42894/43679 [01:06<00:01, 724.12 examples/s]
Tokenizing train dataset:  98%|█████████▊| 42971/43679 [01:06<00:00, 734.80 examples/s]
Tokenizing train dataset:  99%|█████████▊| 43067/43679 [01:06<00:01, 602.03 examples/s]
Tokenizing train dataset:  99%|█████████▉| 43141/43679 [01:06<00:00, 632.73 examples/s]
Tokenizing train dataset:  99%|█████████▉| 43215/43679 [01:07<00:00, 658.21 examples/s]
Tokenizing train dataset:  99%|█████████▉| 43285/43679 [01:07<00:00, 665.96 examples/s]
Tokenizing train dataset:  99%|█████████▉| 43357/43679 [01:07<00:00, 678.68 examples/s]
Tokenizing train dataset:  99%|█████████▉| 43460/43679 [01:07<00:00, 673.48 examples/s]
Tokenizing train dataset: 100%|█████████▉| 43532/43679 [01:07<00:00, 682.33 examples/s]
Tokenizing train dataset: 100%|█████████▉| 43606/43679 [01:07<00:00, 694.41 examples/s]
Tokenizing train dataset: 100%|██████████| 43679/43679 [01:07<00:00, 596.49 examples/s]
Tokenizing train dataset: 100%|██████████| 43679/43679 [01:07<00:00, 644.40 examples/s]

Packing train dataset:   0%|          | 0/43679 [00:00<?, ? examples/s]
Packing train dataset:   5%|▍         | 2000/43679 [00:00<00:02, 17027.04 examples/s]
Packing train dataset:  14%|█▎        | 6000/43679 [00:00<00:01, 22226.06 examples/s]
Packing train dataset:  23%|██▎       | 10000/43679 [00:00<00:01, 23907.58 examples/s]
Packing train dataset:  32%|███▏      | 14000/43679 [00:00<00:01, 24748.81 examples/s]
Packing train dataset:  41%|████      | 18000/43679 [00:00<00:01, 24905.15 examples/s]
Packing train dataset:  50%|█████     | 22000/43679 [00:00<00:00, 24460.72 examples/s]
Packing train dataset:  60%|█████▉    | 26000/43679 [00:01<00:00, 24885.32 examples/s]
Packing train dataset:  69%|██████▊   | 30000/43679 [00:01<00:00, 25328.80 examples/s]
Packing train dataset:  78%|███████▊  | 34000/43679 [00:01<00:00, 25519.92 examples/s]
Packing train dataset:  87%|████████▋ | 38000/43679 [00:01<00:00, 25734.40 examples/s]
Packing train dataset:  96%|█████████▌| 42000/43679 [00:01<00:00, 25813.66 examples/s]
Packing train dataset: 100%|██████████| 43679/43679 [00:01<00:00, 24860.65 examples/s]

Tokenizing eval dataset:   0%|          | 0/200 [00:00<?, ? examples/s]
Tokenizing eval dataset:  22%|██▏       | 43/200 [00:00<00:00, 419.11 examples/s]
Tokenizing eval dataset:  50%|█████     | 101/200 [00:00<00:00, 393.84 examples/s]
Tokenizing eval dataset:  71%|███████   | 142/200 [00:00<00:00, 397.51 examples/s]
Tokenizing eval dataset:  91%|█████████ | 182/200 [00:00<00:00, 394.78 examples/s]
Tokenizing eval dataset: 100%|██████████| 200/200 [00:00<00:00, 370.28 examples/s]

Packing eval dataset:   0%|          | 0/200 [00:00<?, ? examples/s]
Packing eval dataset: 100%|██████████| 200/200 [00:00<00:00, 11325.55 examples/s]
Detected kernel version 3.10.0, which is below the recommended minimum of 5.5.0; this can cause the process to hang. It is recommended to upgrade the kernel to the minimum version or higher.
Starting training...
The tokenizer has new PAD/BOS/EOS tokens that differ from the model config and generation config. The model config and generation config were aligned accordingly, being updated with the tokenizer's values. Updated tokens: {'bos_token_id': None, 'pad_token_id': 151643}.
Starting training...
The tokenizer has new PAD/BOS/EOS tokens that differ from the model config and generation config. The model config and generation config were aligned accordingly, being updated with the tokenizer's values. Updated tokens: {'bos_token_id': None, 'pad_token_id': 151643}.
Starting training...
Starting training...
The tokenizer has new PAD/BOS/EOS tokens that differ from the model config and generation config. The model config and generation config were aligned accordingly, being updated with the tokenizer's values. Updated tokens: {'bos_token_id': None, 'pad_token_id': 151643}.
The tokenizer has new PAD/BOS/EOS tokens that differ from the model config and generation config. The model config and generation config were aligned accordingly, being updated with the tokenizer's values. Updated tokens: {'bos_token_id': None, 'pad_token_id': 151643}.

  0%|          | 0/1680 [00:00<?, ?it/s]
  0%|          | 1/1680 [00:04<1:57:46,  4.21s/it]
  0%|          | 2/1680 [00:07<1:46:39,  3.81s/it]
  0%|          | 3/1680 [00:11<1:43:01,  3.69s/it]
  0%|          | 4/1680 [00:14<1:41:27,  3.63s/it]
  0%|          | 5/1680 [00:18<1:40:16,  3.59s/it]
  0%|          | 6/1680 [00:21<1:39:35,  3.57s/it]
  0%|          | 7/1680 [00:25<1:39:11,  3.56s/it]
  0%|          | 8/1680 [00:28<1:39:08,  3.56s/it]
  1%|          | 9/1680 [00:33<1:44:09,  3.74s/it]
  1%|          | 10/1680 [00:36<1:42:32,  3.68s/it]
  1%|          | 11/1680 [00:40<1:41:13,  3.64s/it]
  1%|          | 12/1680 [00:43<1:40:08,  3.60s/it]
  1%|          | 13/1680 [00:47<1:39:27,  3.58s/it]
  1%|          | 14/1680 [00:50<1:39:20,  3.58s/it]
  1%|          | 15/1680 [00:54<1:39:04,  3.57s/it]
  1%|          | 16/1680 [00:57<1:38:45,  3.56s/it]
  1%|          | 17/1680 [01:01<1:41:20,  3.66s/it]
  1%|          | 18/1680 [01:05<1:40:19,  3.62s/it]
  1%|          | 19/1680 [01:08<1:39:40,  3.60s/it]
  1%|          | 20/1680 [01:12<1:38:50,  3.57s/it]
  1%|▏         | 21/1680 [01:15<1:38:35,  3.57s/it]
  1%|▏         | 22/1680 [01:19<1:38:11,  3.55s/it]
  1%|▏         | 23/1680 [01:23<1:38:02,  3.55s/it]
  1%|▏         | 24/1680 [01:26<1:37:45,  3.54s/it]
  1%|▏         | 25/1680 [01:30<1:37:33,  3.54s/it]
                                                   
{'loss': 0.7757, 'grad_norm': 1.609375, 'learning_rate': 2.3529411764705884e-05, 'entropy': 0.6957381111383438, 'num_tokens': 3225233.0, 'mean_token_accuracy': 0.8115570133924485, 'epoch': 0.07}

  1%|▏         | 25/1680 [01:30<1:37:33,  3.54s/it]
  2%|▏         | 26/1680 [01:33<1:40:26,  3.64s/it]
  2%|▏         | 27/1680 [01:37<1:39:32,  3.61s/it]
  2%|▏         | 28/1680 [01:41<1:39:06,  3.60s/it]
  2%|▏         | 29/1680 [01:44<1:39:02,  3.60s/it]
  2%|▏         | 30/1680 [01:48<1:38:37,  3.59s/it]
  2%|▏         | 31/1680 [01:51<1:38:10,  3.57s/it]
  2%|▏         | 32/1680 [01:55<1:38:00,  3.57s/it]
  2%|▏         | 33/1680 [01:58<1:37:52,  3.57s/it]
  2%|▏         | 34/1680 [02:02<1:37:47,  3.56s/it]
  2%|▏         | 35/1680 [02:06<1:40:15,  3.66s/it]
  2%|▏         | 36/1680 [02:09<1:39:15,  3.62s/it]
  2%|▏         | 37/1680 [02:13<1:38:37,  3.60s/it]
  2%|▏         | 38/1680 [02:16<1:38:02,  3.58s/it]
  2%|▏         | 39/1680 [02:20<1:37:33,  3.57s/it]
  2%|▏         | 40/1680 [02:24<1:37:18,  3.56s/it]
  2%|▏         | 41/1680 [02:27<1:37:16,  3.56s/it]
  2%|▎         | 42/1680 [02:31<1:39:51,  3.66s/it]
  3%|▎         | 43/1680 [02:34<1:38:44,  3.62s/it]
  3%|▎         | 44/1680 [02:38<1:37:55,  3.59s/it]
  3%|▎         | 45/1680 [02:42<1:37:20,  3.57s/it]
  3%|▎         | 46/1680 [02:45<1:37:14,  3.57s/it]
  3%|▎         | 47/1680 [02:49<1:37:07,  3.57s/it]
  3%|▎         | 48/1680 [02:52<1:36:37,  3.55s/it]
  3%|▎         | 49/1680 [02:56<1:36:25,  3.55s/it]
  3%|▎         | 50/1680 [02:59<1:36:12,  3.54s/it]
                                                   
{'loss': 0.5781, 'grad_norm': 0.8125, 'learning_rate': 4.803921568627452e-05, 'entropy': 0.5946955072879792, 'num_tokens': 6455489.0, 'mean_token_accuracy': 0.8385391581058502, 'epoch': 0.15}

  3%|▎         | 50/1680 [02:59<1:36:12,  3.54s/it]
  3%|▎         | 51/1680 [03:03<1:36:00,  3.54s/it]
  3%|▎         | 52/1680 [03:07<1:38:21,  3.62s/it]
  3%|▎         | 53/1680 [03:10<1:37:31,  3.60s/it]
  3%|▎         | 54/1680 [03:14<1:37:05,  3.58s/it]
  3%|▎         | 55/1680 [03:17<1:36:41,  3.57s/it]
  3%|▎         | 56/1680 [03:21<1:36:17,  3.56s/it]
  3%|▎         | 57/1680 [03:24<1:36:03,  3.55s/it]
  3%|▎         | 58/1680 [03:28<1:36:04,  3.55s/it]
  4%|▎         | 59/1680 [03:31<1:36:01,  3.55s/it]
  4%|▎         | 60/1680 [03:35<1:38:30,  3.65s/it]
  4%|▎         | 61/1680 [03:39<1:37:55,  3.63s/it]
  4%|▎         | 62/1680 [03:42<1:37:23,  3.61s/it]
  4%|▍         | 63/1680 [03:46<1:36:59,  3.60s/it]
  4%|▍         | 64/1680 [03:50<1:36:41,  3.59s/it]
  4%|▍         | 65/1680 [03:53<1:36:19,  3.58s/it]
  4%|▍         | 66/1680 [03:57<1:36:18,  3.58s/it]
  4%|▍         | 67/1680 [04:00<1:36:21,  3.58s/it]
  4%|▍         | 68/1680 [04:04<1:38:41,  3.67s/it]
  4%|▍         | 69/1680 [04:08<1:37:50,  3.64s/it]
  4%|▍         | 70/1680 [04:11<1:37:29,  3.63s/it]
  4%|▍         | 71/1680 [04:15<1:37:02,  3.62s/it]
  4%|▍         | 72/1680 [04:19<1:36:38,  3.61s/it]
  4%|▍         | 73/1680 [04:22<1:36:34,  3.61s/it]
  4%|▍         | 74/1680 [04:26<1:35:58,  3.59s/it]
  4%|▍         | 75/1680 [04:29<1:35:42,  3.58s/it]
                                                   
{'loss': 0.5437, 'grad_norm': 0.703125, 'learning_rate': 4.997541036656146e-05, 'entropy': 0.5512904843688011, 'num_tokens': 9687385.0, 'mean_token_accuracy': 0.8430015003681183, 'epoch': 0.22}

  4%|▍         | 75/1680 [04:29<1:35:42,  3.58s/it]
  5%|▍         | 76/1680 [04:33<1:35:42,  3.58s/it]
  5%|▍         | 77/1680 [04:36<1:35:42,  3.58s/it]
  5%|▍         | 78/1680 [04:41<1:39:55,  3.74s/it]
  5%|▍         | 79/1680 [04:44<1:38:20,  3.69s/it]
  5%|▍         | 80/1680 [04:48<1:37:21,  3.65s/it]
  5%|▍         | 81/1680 [04:51<1:36:48,  3.63s/it]
  5%|▍         | 82/1680 [04:55<1:36:21,  3.62s/it]
  5%|▍         | 83/1680 [04:58<1:35:51,  3.60s/it]
  5%|▌         | 84/1680 [05:02<1:35:24,  3.59s/it]
  5%|▌         | 85/1680 [05:05<1:35:06,  3.58s/it]
  5%|▌         | 86/1680 [05:10<1:40:23,  3.78s/it]
  5%|▌         | 87/1680 [05:13<1:38:27,  3.71s/it]
  5%|▌         | 88/1680 [05:17<1:37:11,  3.66s/it]
  5%|▌         | 89/1680 [05:20<1:36:09,  3.63s/it]
  5%|▌         | 90/1680 [05:24<1:35:34,  3.61s/it]
  5%|▌         | 91/1680 [05:28<1:35:11,  3.59s/it]
  5%|▌         | 92/1680 [05:31<1:34:56,  3.59s/it]
  6%|▌         | 93/1680 [05:35<1:36:13,  3.64s/it]
  6%|▌         | 94/1680 [05:39<1:39:38,  3.77s/it]
  6%|▌         | 95/1680 [05:42<1:38:05,  3.71s/it]
  6%|▌         | 96/1680 [05:46<1:36:50,  3.67s/it]
  6%|▌         | 97/1680 [05:50<1:35:59,  3.64s/it]
  6%|▌         | 98/1680 [05:53<1:35:25,  3.62s/it]
  6%|▌         | 99/1680 [05:57<1:35:22,  3.62s/it]
  6%|▌         | 100/1680 [06:00<1:34:44,  3.60s/it]
                                                    
{'loss': 0.5297, 'grad_norm': 0.6875, 'learning_rate': 4.9892961525031426e-05, 'entropy': 0.5335809212923049, 'num_tokens': 12920293.0, 'mean_token_accuracy': 0.8462190288305282, 'epoch': 0.3}

  6%|▌         | 100/1680 [06:00<1:34:44,  3.60s/it]
  6%|▌         | 101/1680 [06:04<1:34:22,  3.59s/it]
  6%|▌         | 102/1680 [06:07<1:34:08,  3.58s/it]
  6%|▌         | 103/1680 [06:11<1:36:41,  3.68s/it]
  6%|▌         | 104/1680 [06:15<1:35:33,  3.64s/it]
  6%|▋         | 105/1680 [06:18<1:34:40,  3.61s/it]
  6%|▋         | 106/1680 [06:22<1:34:09,  3.59s/it]
  6%|▋         | 107/1680 [06:26<1:33:31,  3.57s/it]
  6%|▋         | 108/1680 [06:29<1:33:07,  3.55s/it]
  6%|▋         | 109/1680 [06:33<1:33:07,  3.56s/it]
  7%|▋         | 110/1680 [06:36<1:32:47,  3.55s/it]
  7%|▋         | 111/1680 [06:40<1:32:52,  3.55s/it]
  7%|▋         | 112/1680 [06:44<1:37:09,  3.72s/it]
  7%|▋         | 113/1680 [06:47<1:35:50,  3.67s/it]
  7%|▋         | 114/1680 [06:51<1:34:44,  3.63s/it]
  7%|▋         | 115/1680 [06:54<1:34:02,  3.61s/it]
  7%|▋         | 116/1680 [06:58<1:33:26,  3.58s/it]
  7%|▋         | 117/1680 [07:02<1:33:15,  3.58s/it]
  7%|▋         | 118/1680 [07:05<1:32:51,  3.57s/it]
  7%|▋         | 119/1680 [07:09<1:32:35,  3.56s/it]
  7%|▋         | 120/1680 [07:13<1:35:05,  3.66s/it]
  7%|▋         | 121/1680 [07:16<1:34:22,  3.63s/it]
  7%|▋         | 122/1680 [07:20<1:33:41,  3.61s/it]
  7%|▋         | 123/1680 [07:23<1:33:01,  3.58s/it]
  7%|▋         | 124/1680 [07:27<1:32:43,  3.58s/it]
  7%|▋         | 125/1680 [07:30<1:32:28,  3.57s/it]
                                                    
{'loss': 0.5294, 'grad_norm': 0.62109375, 'learning_rate': 4.975265913095488e-05, 'entropy': 0.5307184311747551, 'num_tokens': 16151258.0, 'mean_token_accuracy': 0.8465678185224533, 'epoch': 0.37}

  7%|▋         | 125/1680 [07:30<1:32:28,  3.57s/it]
  8%|▊         | 126/1680 [07:34<1:32:21,  3.57s/it]
  8%|▊         | 127/1680 [07:37<1:32:16,  3.57s/it]
  8%|▊         | 128/1680 [07:41<1:32:06,  3.56s/it]
  8%|▊         | 129/1680 [07:45<1:34:47,  3.67s/it]
  8%|▊         | 130/1680 [07:48<1:34:04,  3.64s/it]
  8%|▊         | 131/1680 [07:52<1:33:33,  3.62s/it]
  8%|▊         | 132/1680 [07:56<1:33:08,  3.61s/it]
  8%|▊         | 133/1680 [07:59<1:32:34,  3.59s/it]
  8%|▊         | 134/1680 [08:03<1:32:01,  3.57s/it]
  8%|▊         | 135/1680 [08:06<1:31:59,  3.57s/it]
  8%|▊         | 136/1680 [08:10<1:31:30,  3.56s/it]
  8%|▊         | 137/1680 [08:13<1:31:31,  3.56s/it]
  8%|▊         | 138/1680 [08:17<1:34:13,  3.67s/it]
  8%|▊         | 139/1680 [08:21<1:33:19,  3.63s/it]
  8%|▊         | 140/1680 [08:24<1:33:01,  3.62s/it]
  8%|▊         | 141/1680 [08:28<1:32:38,  3.61s/it]
  8%|▊         | 142/1680 [08:32<1:31:59,  3.59s/it]
  9%|▊         | 143/1680 [08:35<1:31:46,  3.58s/it]
  9%|▊         | 144/1680 [08:39<1:31:36,  3.58s/it]
  9%|▊         | 145/1680 [08:43<1:35:06,  3.72s/it]
  9%|▊         | 146/1680 [08:46<1:34:04,  3.68s/it]
  9%|▉         | 147/1680 [08:50<1:33:08,  3.65s/it]
  9%|▉         | 148/1680 [08:53<1:32:19,  3.62s/it]
  9%|▉         | 149/1680 [08:57<1:31:43,  3.59s/it]
  9%|▉         | 150/1680 [09:01<1:31:27,  3.59s/it]
                                                    
{'loss': 0.5205, 'grad_norm': 0.66015625, 'learning_rate': 4.955482926011512e-05, 'entropy': 0.5201736772060395, 'num_tokens': 19387660.0, 'mean_token_accuracy': 0.8479771375656128, 'epoch': 0.45}

  9%|▉         | 150/1680 [09:01<1:31:27,  3.59s/it]
  9%|▉         | 151/1680 [09:04<1:31:06,  3.58s/it]
  9%|▉         | 152/1680 [09:08<1:31:21,  3.59s/it]
  9%|▉         | 153/1680 [09:11<1:31:07,  3.58s/it]
  9%|▉         | 154/1680 [09:15<1:30:53,  3.57s/it]
  9%|▉         | 155/1680 [09:19<1:32:58,  3.66s/it]
  9%|▉         | 156/1680 [09:22<1:32:21,  3.64s/it]
  9%|▉         | 157/1680 [09:26<1:31:46,  3.62s/it]
  9%|▉         | 158/1680 [09:29<1:31:35,  3.61s/it]
  9%|▉         | 159/1680 [09:33<1:31:11,  3.60s/it]
 10%|▉         | 160/1680 [09:37<1:30:38,  3.58s/it]
 10%|▉         | 161/1680 [09:40<1:30:26,  3.57s/it]
 10%|▉         | 162/1680 [09:44<1:30:31,  3.58s/it]
 10%|▉         | 163/1680 [09:48<1:34:15,  3.73s/it]
 10%|▉         | 164/1680 [09:51<1:33:12,  3.69s/it]
 10%|▉         | 165/1680 [09:55<1:32:11,  3.65s/it]
 10%|▉         | 166/1680 [09:59<1:31:38,  3.63s/it]
 10%|▉         | 167/1680 [10:02<1:31:03,  3.61s/it]
 10%|█         | 168/1680 [10:06<1:30:40,  3.60s/it]
 10%|█         | 169/1680 [10:09<1:30:30,  3.59s/it]
 10%|█         | 170/1680 [10:13<1:30:34,  3.60s/it]
 10%|█         | 171/1680 [10:17<1:32:59,  3.70s/it]
 10%|█         | 172/1680 [10:20<1:31:58,  3.66s/it]
 10%|█         | 173/1680 [10:24<1:31:14,  3.63s/it]
 10%|█         | 174/1680 [10:27<1:30:21,  3.60s/it]
 10%|█         | 175/1680 [10:31<1:29:49,  3.58s/it]
                                                    
{'loss': 0.519, 'grad_norm': 0.6171875, 'learning_rate': 4.929993168748976e-05, 'entropy': 0.5195680469274521, 'num_tokens': 22623546.0, 'mean_token_accuracy': 0.848750205039978, 'epoch': 0.52}

 10%|█         | 175/1680 [10:31<1:29:49,  3.58s/it]
 10%|█         | 176/1680 [10:34<1:29:24,  3.57s/it]
 11%|█         | 177/1680 [10:38<1:29:30,  3.57s/it]
 11%|█         | 178/1680 [10:42<1:29:18,  3.57s/it]
 11%|█         | 179/1680 [10:45<1:29:08,  3.56s/it]
 11%|█         | 180/1680 [10:49<1:28:58,  3.56s/it]
 11%|█         | 181/1680 [10:53<1:31:18,  3.65s/it]
 11%|█         | 182/1680 [10:56<1:30:15,  3.62s/it]
 11%|█         | 183/1680 [11:00<1:29:43,  3.60s/it]
 11%|█         | 184/1680 [11:03<1:29:35,  3.59s/it]
 11%|█         | 185/1680 [11:07<1:29:19,  3.58s/it]
 11%|█         | 186/1680 [11:10<1:29:05,  3.58s/it]
 11%|█         | 187/1680 [11:14<1:28:46,  3.57s/it]
 11%|█         | 188/1680 [11:18<1:28:38,  3.56s/it]
 11%|█▏        | 189/1680 [11:21<1:31:27,  3.68s/it]
 11%|█▏        | 190/1680 [11:25<1:30:37,  3.65s/it]
 11%|█▏        | 191/1680 [11:29<1:29:57,  3.63s/it]
 11%|█▏        | 192/1680 [11:32<1:29:14,  3.60s/it]
 11%|█▏        | 193/1680 [11:36<1:28:48,  3.58s/it]
 12%|█▏        | 194/1680 [11:39<1:28:34,  3.58s/it]
 12%|█▏        | 195/1680 [11:43<1:28:34,  3.58s/it]
 12%|█▏        | 196/1680 [11:46<1:28:22,  3.57s/it]
 12%|█▏        | 197/1680 [11:50<1:30:31,  3.66s/it]
 12%|█▏        | 198/1680 [11:54<1:29:46,  3.63s/it]
 12%|█▏        | 199/1680 [11:57<1:28:58,  3.60s/it]
 12%|█▏        | 200/1680 [12:01<1:28:33,  3.59s/it]
                                                    
{'loss': 0.5191, 'grad_norm': 0.640625, 'learning_rate': 4.8988558818691014e-05, 'entropy': 0.5180216911435127, 'num_tokens': 25857556.0, 'mean_token_accuracy': 0.8484982979297638, 'epoch': 0.6}

 12%|█▏        | 200/1680 [12:01<1:28:33,  3.59s/it]
 12%|█▏        | 201/1680 [12:04<1:28:19,  3.58s/it]
 12%|█▏        | 202/1680 [12:08<1:28:18,  3.58s/it]
 12%|█▏        | 203/1680 [12:12<1:27:56,  3.57s/it]
 12%|█▏        | 204/1680 [12:15<1:27:42,  3.57s/it]
 12%|█▏        | 205/1680 [12:19<1:27:45,  3.57s/it]
 12%|█▏        | 206/1680 [12:23<1:31:06,  3.71s/it]
 12%|█▏        | 207/1680 [12:26<1:30:09,  3.67s/it]
 12%|█▏        | 208/1680 [12:30<1:29:22,  3.64s/it]
 12%|█▏        | 209/1680 [12:33<1:28:25,  3.61s/it]
 12%|█▎        | 210/1680 [12:37<1:27:56,  3.59s/it]
 13%|█▎        | 211/1680 [12:41<1:27:57,  3.59s/it]
 13%|█▎        | 212/1680 [12:44<1:27:24,  3.57s/it]
 13%|█▎        | 213/1680 [12:48<1:27:19,  3.57s/it]
 13%|█▎        | 214/1680 [12:51<1:27:16,  3.57s/it]
 13%|█▎        | 215/1680 [12:56<1:32:23,  3.78s/it]
 13%|█▎        | 216/1680 [12:59<1:30:36,  3.71s/it]
 13%|█▎        | 217/1680 [13:03<1:29:21,  3.66s/it]
 13%|█▎        | 218/1680 [13:06<1:28:20,  3.63s/it]
 13%|█▎        | 219/1680 [13:10<1:27:44,  3.60s/it]
 13%|█▎        | 220/1680 [13:13<1:27:21,  3.59s/it]
 13%|█▎        | 221/1680 [13:17<1:27:08,  3.58s/it]
 13%|█▎        | 222/1680 [13:20<1:26:48,  3.57s/it]
 13%|█▎        | 223/1680 [13:24<1:30:24,  3.72s/it]
 13%|█▎        | 224/1680 [13:28<1:29:09,  3.67s/it]
 13%|█▎        | 225/1680 [13:32<1:28:20,  3.64s/it]
                                                    
{'loss': 0.519, 'grad_norm': 0.59375, 'learning_rate': 4.8621434313160056e-05, 'entropy': 0.518289387524128, 'num_tokens': 29089142.0, 'mean_token_accuracy': 0.8482041174173355, 'epoch': 0.67}

 13%|█▎        | 225/1680 [13:32<1:28:20,  3.64s/it]
 13%|█▎        | 226/1680 [13:35<1:27:32,  3.61s/it]
 14%|█▎        | 227/1680 [13:39<1:26:50,  3.59s/it]
 14%|█▎        | 228/1680 [13:42<1:26:45,  3.58s/it]
 14%|█▎        | 229/1680 [13:46<1:26:26,  3.57s/it]
 14%|█▎        | 230/1680 [13:49<1:26:22,  3.57s/it]
 14%|█▍        | 231/1680 [13:53<1:26:13,  3.57s/it]
 14%|█▍        | 232/1680 [13:57<1:28:53,  3.68s/it]
 14%|█▍        | 233/1680 [14:00<1:27:50,  3.64s/it]
 14%|█▍        | 234/1680 [14:04<1:27:02,  3.61s/it]
 14%|█▍        | 235/1680 [14:08<1:26:33,  3.59s/it]
 14%|█▍        | 236/1680 [14:11<1:26:13,  3.58s/it]
 14%|█▍        | 237/1680 [14:15<1:26:10,  3.58s/it]
 14%|█▍        | 238/1680 [14:18<1:26:00,  3.58s/it]
 14%|█▍        | 239/1680 [14:22<1:25:51,  3.58s/it]
 14%|█▍        | 240/1680 [14:25<1:25:38,  3.57s/it]
 14%|█▍        | 241/1680 [14:29<1:28:05,  3.67s/it]
 14%|█▍        | 242/1680 [14:33<1:26:59,  3.63s/it]
 14%|█▍        | 243/1680 [14:36<1:26:32,  3.61s/it]
 15%|█▍        | 244/1680 [14:40<1:26:07,  3.60s/it]
 15%|█▍        | 245/1680 [14:43<1:25:32,  3.58s/it]
 15%|█▍        | 246/1680 [14:47<1:25:02,  3.56s/it]
 15%|█▍        | 247/1680 [14:51<1:25:02,  3.56s/it]
 15%|█▍        | 248/1680 [14:54<1:27:18,  3.66s/it]
 15%|█▍        | 249/1680 [14:58<1:26:43,  3.64s/it]
 15%|█▍        | 250/1680 [15:02<1:26:09,  3.61s/it]
                                                    
{'loss': 0.5181, 'grad_norm': 0.60546875, 'learning_rate': 4.8199411402315356e-05, 'entropy': 0.5171457383036614, 'num_tokens': 32316072.0, 'mean_token_accuracy': 0.8486135035753251, 'epoch': 0.74}

 15%|█▍        | 250/1680 [15:02<1:26:09,  3.61s/it]
 15%|█▍        | 251/1680 [15:05<1:25:41,  3.60s/it]
 15%|█▌        | 252/1680 [15:09<1:25:18,  3.58s/it]
 15%|█▌        | 253/1680 [15:12<1:24:59,  3.57s/it]
 15%|█▌        | 254/1680 [15:16<1:24:55,  3.57s/it]
 15%|█▌        | 255/1680 [15:19<1:24:43,  3.57s/it]
 15%|█▌        | 256/1680 [15:23<1:24:29,  3.56s/it]
 15%|█▌        | 257/1680 [15:26<1:24:20,  3.56s/it]
 15%|█▌        | 258/1680 [15:30<1:26:35,  3.65s/it]
 15%|█▌        | 259/1680 [15:34<1:25:54,  3.63s/it]
 15%|█▌        | 260/1680 [15:37<1:25:21,  3.61s/it]
 16%|█▌        | 261/1680 [15:41<1:24:57,  3.59s/it]
 16%|█▌        | 262/1680 [15:45<1:24:53,  3.59s/it]
 16%|█▌        | 263/1680 [15:48<1:24:46,  3.59s/it]
 16%|█▌        | 264/1680 [15:52<1:24:36,  3.59s/it]
 16%|█▌        | 265/1680 [15:55<1:24:19,  3.58s/it]
 16%|█▌        | 266/1680 [15:59<1:26:29,  3.67s/it]
 16%|█▌        | 267/1680 [16:03<1:25:34,  3.63s/it]
 16%|█▌        | 268/1680 [16:06<1:24:57,  3.61s/it]
 16%|█▌        | 269/1680 [16:10<1:24:40,  3.60s/it]
 16%|█▌        | 270/1680 [16:14<1:24:29,  3.60s/it]
 16%|█▌        | 271/1680 [16:17<1:24:17,  3.59s/it]
 16%|█▌        | 272/1680 [16:21<1:24:02,  3.58s/it]
 16%|█▋        | 273/1680 [16:24<1:23:55,  3.58s/it]
 16%|█▋        | 274/1680 [16:28<1:26:08,  3.68s/it]
 16%|█▋        | 275/1680 [16:32<1:25:05,  3.63s/it]
                                                    
{'loss': 0.5118, 'grad_norm': 0.59765625, 'learning_rate': 4.7723470906563666e-05, 'entropy': 0.5105356708168983, 'num_tokens': 35552768.0, 'mean_token_accuracy': 0.8502237522602081, 'epoch': 0.82}

 16%|█▋        | 275/1680 [16:32<1:25:05,  3.63s/it]
 16%|█▋        | 276/1680 [16:35<1:24:36,  3.62s/it]
 16%|█▋        | 277/1680 [16:39<1:24:15,  3.60s/it]
 17%|█▋        | 278/1680 [16:42<1:23:55,  3.59s/it]
 17%|█▋        | 279/1680 [16:46<1:23:50,  3.59s/it]
 17%|█▋        | 280/1680 [16:50<1:23:35,  3.58s/it]
 17%|█▋        | 281/1680 [16:53<1:23:32,  3.58s/it]
 17%|█▋        | 282/1680 [16:57<1:23:29,  3.58s/it]
 17%|█▋        | 283/1680 [17:00<1:23:15,  3.58s/it]
 17%|█▋        | 284/1680 [17:04<1:26:36,  3.72s/it]
 17%|█▋        | 285/1680 [17:08<1:25:26,  3.67s/it]
 17%|█▋        | 286/1680 [17:11<1:24:40,  3.64s/it]
 17%|█▋        | 287/1680 [17:15<1:24:04,  3.62s/it]
 17%|█▋        | 288/1680 [17:19<1:23:29,  3.60s/it]
 17%|█▋        | 289/1680 [17:22<1:22:54,  3.58s/it]
 17%|█▋        | 290/1680 [17:26<1:22:48,  3.57s/it]
 17%|█▋        | 291/1680 [17:29<1:22:38,  3.57s/it]
 17%|█▋        | 292/1680 [17:33<1:25:55,  3.71s/it]
 17%|█▋        | 293/1680 [17:37<1:24:45,  3.67s/it]
 18%|█▊        | 294/1680 [17:40<1:23:53,  3.63s/it]
 18%|█▊        | 295/1680 [17:44<1:23:21,  3.61s/it]
 18%|█▊        | 296/1680 [17:47<1:22:45,  3.59s/it]
 18%|█▊        | 297/1680 [17:51<1:22:23,  3.57s/it]
 18%|█▊        | 298/1680 [17:55<1:22:21,  3.58s/it]
 18%|█▊        | 299/1680 [17:58<1:22:26,  3.58s/it]
 18%|█▊        | 300/1680 [18:02<1:25:32,  3.72s/it]
                                                    
{'loss': 0.5132, 'grad_norm': 0.6328125, 'learning_rate': 4.71947189557824e-05, 'entropy': 0.5126219350099563, 'num_tokens': 38790934.0, 'mean_token_accuracy': 0.8494341337680816, 'epoch': 0.89}

 18%|█▊        | 300/1680 [18:02<1:25:32,  3.72s/it]

  0%|          | 0/7 [00:00<?, ?it/s][A

 29%|██▊       | 2/7 [00:00<00:00,  7.35it/s][A

 43%|████▎     | 3/7 [00:00<00:00,  5.24it/s][A

 57%|█████▋    | 4/7 [00:00<00:00,  4.56it/s][A

 71%|███████▏  | 5/7 [00:01<00:00,  4.24it/s][A

 86%|████████▌ | 6/7 [00:01<00:00,  4.06it/s][A

100%|██████████| 7/7 [00:01<00:00,  3.51it/s][A
                                                    

                                             
[A{'eval_loss': 0.5352708697319031, 'eval_runtime': 2.1927, 'eval_samples_per_second': 22.347, 'eval_steps_per_second': 3.192, 'eval_entropy': 0.5263224967888424, 'eval_num_tokens': 38790934.0, 'eval_mean_token_accuracy': 0.84556496994836, 'epoch': 0.89}

 18%|█▊        | 300/1680 [18:04<1:25:32,  3.72s/it]

100%|██████████| 7/7 [00:01<00:00,  3.51it/s][A

                                             [A
 18%|█▊        | 301/1680 [18:19<2:57:22,  7.72s/it]
 18%|█▊        | 302/1680 [18:23<2:28:43,  6.48s/it]
 18%|█▊        | 303/1680 [18:26<2:08:21,  5.59s/it]
 18%|█▊        | 304/1680 [18:30<1:54:20,  4.99s/it]
 18%|█▊        | 305/1680 [18:34<1:44:31,  4.56s/it]
 18%|█▊        | 306/1680 [18:37<1:37:32,  4.26s/it]
 18%|█▊        | 307/1680 [18:41<1:32:35,  4.05s/it]
 18%|█▊        | 308/1680 [18:45<1:31:52,  4.02s/it]
 18%|█▊        | 309/1680 [18:48<1:30:30,  3.96s/it]
 18%|█▊        | 310/1680 [18:52<1:28:07,  3.86s/it]
 19%|█▊        | 311/1680 [18:56<1:26:15,  3.78s/it]
 19%|█▊        | 312/1680 [18:59<1:24:42,  3.72s/it]
 19%|█▊        | 313/1680 [19:03<1:23:36,  3.67s/it]
 19%|█▊        | 314/1680 [19:06<1:22:46,  3.64s/it]
 19%|█▉        | 315/1680 [19:10<1:22:22,  3.62s/it]
 19%|█▉        | 316/1680 [19:13<1:21:47,  3.60s/it]
 19%|█▉        | 317/1680 [19:17<1:24:04,  3.70s/it]
 19%|█▉        | 318/1680 [19:21<1:24:27,  3.72s/it]
 19%|█▉        | 319/1680 [19:25<1:23:22,  3.68s/it]
 19%|█▉        | 320/1680 [19:28<1:22:45,  3.65s/it]
 19%|█▉        | 321/1680 [19:32<1:22:08,  3.63s/it]
 19%|█▉        | 322/1680 [19:35<1:21:48,  3.61s/it]
 19%|█▉        | 323/1680 [19:39<1:21:23,  3.60s/it]
 19%|█▉        | 324/1680 [19:43<1:21:13,  3.59s/it]
 19%|█▉        | 325/1680 [19:47<1:24:22,  3.74s/it]
                                                    
{'loss': 0.5071, 'grad_norm': 0.67578125, 'learning_rate': 4.6614384418571145e-05, 'entropy': 0.5058796787261963, 'num_tokens': 42027408.0, 'mean_token_accuracy': 0.8512927454710006, 'epoch': 0.97}

 19%|█▉        | 325/1680 [19:47<1:24:22,  3.74s/it]
 19%|█▉        | 326/1680 [19:51<1:25:17,  3.78s/it]
 19%|█▉        | 327/1680 [19:54<1:23:54,  3.72s/it]
 20%|█▉        | 328/1680 [19:58<1:22:52,  3.68s/it]
 20%|█▉        | 329/1680 [20:01<1:22:10,  3.65s/it]
 20%|█▉        | 330/1680 [20:05<1:21:36,  3.63s/it]
 20%|█▉        | 331/1680 [20:08<1:20:54,  3.60s/it]
 20%|█▉        | 332/1680 [20:12<1:20:30,  3.58s/it]
 20%|█▉        | 333/1680 [20:16<1:23:09,  3.70s/it]
 20%|█▉        | 334/1680 [20:19<1:22:02,  3.66s/it]
 20%|█▉        | 335/1680 [20:23<1:21:17,  3.63s/it]
 20%|██        | 336/1680 [20:27<1:21:25,  3.64s/it]
 20%|██        | 337/1680 [20:31<1:23:00,  3.71s/it]
 20%|██        | 338/1680 [20:34<1:22:25,  3.68s/it]
 20%|██        | 339/1680 [20:38<1:21:47,  3.66s/it]
 20%|██        | 340/1680 [20:41<1:21:39,  3.66s/it]
 20%|██        | 341/1680 [20:46<1:25:30,  3.83s/it]
 20%|██        | 342/1680 [20:50<1:27:19,  3.92s/it]
 20%|██        | 343/1680 [20:53<1:25:00,  3.82s/it]
 20%|██        | 344/1680 [20:57<1:23:28,  3.75s/it]
 21%|██        | 345/1680 [21:01<1:22:29,  3.71s/it]
 21%|██        | 346/1680 [21:04<1:21:57,  3.69s/it]
 21%|██        | 347/1680 [21:08<1:21:33,  3.67s/it]
 21%|██        | 348/1680 [21:11<1:21:01,  3.65s/it]
 21%|██        | 349/1680 [21:15<1:20:59,  3.65s/it]
 21%|██        | 350/1680 [21:19<1:20:38,  3.64s/it]
                                                    
{'loss': 0.4994, 'grad_norm': 0.640625, 'learning_rate': 4.5983816046246964e-05, 'entropy': 0.49941343158483503, 'num_tokens': 45164532.0, 'mean_token_accuracy': 0.8535813122987748, 'epoch': 1.04}

 21%|██        | 350/1680 [21:19<1:20:38,  3.64s/it]
 21%|██        | 351/1680 [21:23<1:23:53,  3.79s/it]
 21%|██        | 352/1680 [21:26<1:22:44,  3.74s/it]
 21%|██        | 353/1680 [21:30<1:21:53,  3.70s/it]
 21%|██        | 354/1680 [21:34<1:21:22,  3.68s/it]
 21%|██        | 355/1680 [21:37<1:21:03,  3.67s/it]
 21%|██        | 356/1680 [21:41<1:20:44,  3.66s/it]
 21%|██▏       | 357/1680 [21:45<1:20:27,  3.65s/it]
 21%|██▏       | 358/1680 [21:48<1:20:13,  3.64s/it]
 21%|██▏       | 359/1680 [21:52<1:19:48,  3.62s/it]
 21%|██▏       | 360/1680 [21:56<1:23:12,  3.78s/it]
 21%|██▏       | 361/1680 [22:00<1:21:56,  3.73s/it]
 22%|██▏       | 362/1680 [22:03<1:21:09,  3.69s/it]
 22%|██▏       | 363/1680 [22:07<1:20:35,  3.67s/it]
 22%|██▏       | 364/1680 [22:10<1:20:15,  3.66s/it]
 22%|██▏       | 365/1680 [22:14<1:19:49,  3.64s/it]
 22%|██▏       | 366/1680 [22:18<1:19:30,  3.63s/it]
 22%|██▏       | 367/1680 [22:22<1:23:05,  3.80s/it]
 22%|██▏       | 368/1680 [22:26<1:25:06,  3.89s/it]
 22%|██▏       | 369/1680 [22:30<1:23:17,  3.81s/it]
 22%|██▏       | 370/1680 [22:33<1:21:51,  3.75s/it]
 22%|██▏       | 371/1680 [22:37<1:20:36,  3.69s/it]
 22%|██▏       | 372/1680 [22:40<1:19:50,  3.66s/it]
 22%|██▏       | 373/1680 [22:44<1:19:27,  3.65s/it]
 22%|██▏       | 374/1680 [22:48<1:19:19,  3.64s/it]
 22%|██▏       | 375/1680 [22:51<1:18:53,  3.63s/it]
                                                    
{'loss': 0.4843, 'grad_norm': 0.6640625, 'learning_rate': 4.530447933822126e-05, 'entropy': 0.4840551325678825, 'num_tokens': 48397537.0, 'mean_token_accuracy': 0.856945407986641, 'epoch': 1.12}

 22%|██▏       | 375/1680 [22:51<1:18:53,  3.63s/it]
 22%|██▏       | 376/1680 [22:55<1:18:41,  3.62s/it]
 22%|██▏       | 377/1680 [22:59<1:22:03,  3.78s/it]
 22%|██▎       | 378/1680 [23:03<1:21:05,  3.74s/it]
 23%|██▎       | 379/1680 [23:06<1:20:12,  3.70s/it]
 23%|██▎       | 380/1680 [23:10<1:19:28,  3.67s/it]
 23%|██▎       | 381/1680 [23:13<1:19:06,  3.65s/it]
 23%|██▎       | 382/1680 [23:17<1:18:47,  3.64s/it]
 23%|██▎       | 383/1680 [23:21<1:18:40,  3.64s/it]
 23%|██▎       | 384/1680 [23:24<1:18:35,  3.64s/it]
 23%|██▎       | 385/1680 [23:28<1:22:03,  3.80s/it]
 23%|██▎       | 386/1680 [23:32<1:20:47,  3.75s/it]
 23%|██▎       | 387/1680 [23:36<1:19:51,  3.71s/it]
 23%|██▎       | 388/1680 [23:39<1:19:09,  3.68s/it]
 23%|██▎       | 389/1680 [23:43<1:18:45,  3.66s/it]
 23%|██▎       | 390/1680 [23:47<1:18:27,  3.65s/it]
 23%|██▎       | 391/1680 [23:50<1:18:04,  3.63s/it]
 23%|██▎       | 392/1680 [23:54<1:17:39,  3.62s/it]
 23%|██▎       | 393/1680 [23:58<1:23:29,  3.89s/it]
 23%|██▎       | 394/1680 [24:02<1:21:37,  3.81s/it]
 24%|██▎       | 395/1680 [24:05<1:20:11,  3.74s/it]
 24%|██▎       | 396/1680 [24:09<1:19:19,  3.71s/it]
 24%|██▎       | 397/1680 [24:13<1:18:27,  3.67s/it]
 24%|██▎       | 398/1680 [24:16<1:18:11,  3.66s/it]
 24%|██▍       | 399/1680 [24:20<1:17:49,  3.65s/it]
 24%|██▍       | 400/1680 [24:24<1:17:40,  3.64s/it]
                                                    
{'loss': 0.4814, 'grad_norm': 0.609375, 'learning_rate': 4.457795313604307e-05, 'entropy': 0.48192054450511934, 'num_tokens': 51630397.0, 'mean_token_accuracy': 0.8573372519016266, 'epoch': 1.19}

 24%|██▍       | 400/1680 [24:24<1:17:40,  3.64s/it]
 24%|██▍       | 401/1680 [24:27<1:17:02,  3.61s/it]
 24%|██▍       | 402/1680 [24:31<1:16:36,  3.60s/it]
 24%|██▍       | 403/1680 [24:35<1:18:36,  3.69s/it]
 24%|██▍       | 404/1680 [24:38<1:17:37,  3.65s/it]
 24%|██▍       | 405/1680 [24:42<1:17:03,  3.63s/it]
 24%|██▍       | 406/1680 [24:45<1:16:28,  3.60s/it]
 24%|██▍       | 407/1680 [24:49<1:16:11,  3.59s/it]
 24%|██▍       | 408/1680 [24:52<1:15:48,  3.58s/it]
 24%|██▍       | 409/1680 [24:56<1:15:32,  3.57s/it]
 24%|██▍       | 410/1680 [24:59<1:15:34,  3.57s/it]
 24%|██▍       | 411/1680 [25:03<1:17:47,  3.68s/it]
 25%|██▍       | 412/1680 [25:07<1:17:08,  3.65s/it]
 25%|██▍       | 413/1680 [25:11<1:16:31,  3.62s/it]
 25%|██▍       | 414/1680 [25:14<1:16:10,  3.61s/it]
 25%|██▍       | 415/1680 [25:18<1:15:51,  3.60s/it]
 25%|██▍       | 416/1680 [25:21<1:15:35,  3.59s/it]
 25%|██▍       | 417/1680 [25:25<1:15:32,  3.59s/it]
 25%|██▍       | 418/1680 [25:28<1:15:20,  3.58s/it]
 25%|██▍       | 419/1680 [25:33<1:19:11,  3.77s/it]
 25%|██▌       | 420/1680 [25:36<1:17:55,  3.71s/it]
 25%|██▌       | 421/1680 [25:40<1:16:59,  3.67s/it]
 25%|██▌       | 422/1680 [25:43<1:16:30,  3.65s/it]
 25%|██▌       | 423/1680 [25:47<1:15:52,  3.62s/it]
 25%|██▌       | 424/1680 [25:51<1:15:31,  3.61s/it]
 25%|██▌       | 425/1680 [25:54<1:15:07,  3.59s/it]
                                                    
{'loss': 0.4811, 'grad_norm': 0.640625, 'learning_rate': 4.380592595402484e-05, 'entropy': 0.48186216086149214, 'num_tokens': 54867107.0, 'mean_token_accuracy': 0.8573405832052231, 'epoch': 1.26}

 25%|██▌       | 425/1680 [25:54<1:15:07,  3.59s/it]
 25%|██▌       | 426/1680 [25:58<1:14:54,  3.58s/it]
 25%|██▌       | 427/1680 [26:01<1:14:39,  3.58s/it]
 25%|██▌       | 428/1680 [26:05<1:16:47,  3.68s/it]
 26%|██▌       | 429/1680 [26:09<1:16:06,  3.65s/it]
 26%|██▌       | 430/1680 [26:12<1:15:33,  3.63s/it]
 26%|██▌       | 431/1680 [26:16<1:14:49,  3.59s/it]
 26%|██▌       | 432/1680 [26:19<1:14:31,  3.58s/it]
 26%|██▌       | 433/1680 [26:23<1:14:21,  3.58s/it]
 26%|██▌       | 434/1680 [26:26<1:14:19,  3.58s/it]
 26%|██▌       | 435/1680 [26:30<1:14:07,  3.57s/it]
 26%|██▌       | 436/1680 [26:34<1:13:56,  3.57s/it]
 26%|██▌       | 437/1680 [26:37<1:15:51,  3.66s/it]
 26%|██▌       | 438/1680 [26:41<1:15:07,  3.63s/it]
 26%|██▌       | 439/1680 [26:45<1:14:33,  3.60s/it]
 26%|██▌       | 440/1680 [26:48<1:14:00,  3.58s/it]
 26%|██▋       | 441/1680 [26:52<1:13:51,  3.58s/it]
 26%|██▋       | 442/1680 [26:55<1:13:45,  3.57s/it]
 26%|██▋       | 443/1680 [26:59<1:13:33,  3.57s/it]
 26%|██▋       | 444/1680 [27:02<1:13:28,  3.57s/it]
 26%|██▋       | 445/1680 [27:06<1:16:48,  3.73s/it]
 27%|██▋       | 446/1680 [27:10<1:15:45,  3.68s/it]
 27%|██▋       | 447/1680 [27:14<1:15:04,  3.65s/it]
 27%|██▋       | 448/1680 [27:17<1:14:27,  3.63s/it]
 27%|██▋       | 449/1680 [27:21<1:13:52,  3.60s/it]
 27%|██▋       | 450/1680 [27:24<1:13:26,  3.58s/it]
                                                    
{'loss': 0.4774, 'grad_norm': 0.6953125, 'learning_rate': 4.299019205497846e-05, 'entropy': 0.47713567346334457, 'num_tokens': 58103614.0, 'mean_token_accuracy': 0.8586011433601379, 'epoch': 1.34}

 27%|██▋       | 450/1680 [27:24<1:13:26,  3.58s/it]
 27%|██▋       | 451/1680 [27:28<1:13:13,  3.57s/it]
 27%|██▋       | 452/1680 [27:31<1:13:10,  3.58s/it]
 27%|██▋       | 453/1680 [27:35<1:13:10,  3.58s/it]
 27%|██▋       | 454/1680 [27:39<1:15:05,  3.68s/it]
 27%|██▋       | 455/1680 [27:42<1:14:19,  3.64s/it]
 27%|██▋       | 456/1680 [27:46<1:13:48,  3.62s/it]
 27%|██▋       | 457/1680 [27:50<1:13:22,  3.60s/it]
 27%|██▋       | 458/1680 [27:53<1:13:04,  3.59s/it]
 27%|██▋       | 459/1680 [27:57<1:12:47,  3.58s/it]
 27%|██▋       | 460/1680 [28:00<1:12:34,  3.57s/it]
 27%|██▋       | 461/1680 [28:04<1:12:15,  3.56s/it]
 28%|██▊       | 462/1680 [28:07<1:12:10,  3.56s/it]
 28%|██▊       | 463/1680 [28:11<1:14:16,  3.66s/it]
 28%|██▊       | 464/1680 [28:15<1:13:22,  3.62s/it]
 28%|██▊       | 465/1680 [28:18<1:12:48,  3.60s/it]
 28%|██▊       | 466/1680 [28:22<1:12:29,  3.58s/it]
 28%|██▊       | 467/1680 [28:25<1:12:08,  3.57s/it]
 28%|██▊       | 468/1680 [28:29<1:11:55,  3.56s/it]
 28%|██▊       | 469/1680 [28:32<1:11:52,  3.56s/it]
 28%|██▊       | 470/1680 [28:36<1:13:34,  3.65s/it]
 28%|██▊       | 471/1680 [28:40<1:14:25,  3.69s/it]
 28%|██▊       | 472/1680 [28:44<1:13:26,  3.65s/it]
 28%|██▊       | 473/1680 [28:47<1:12:39,  3.61s/it]
 28%|██▊       | 474/1680 [28:51<1:12:15,  3.59s/it]
 28%|██▊       | 475/1680 [28:54<1:11:55,  3.58s/it]
                                                    
{'loss': 0.4837, 'grad_norm': 0.640625, 'learning_rate': 4.2132647280182005e-05, 'entropy': 0.4835277917981148, 'num_tokens': 61322160.0, 'mean_token_accuracy': 0.8570885062217712, 'epoch': 1.41}

 28%|██▊       | 475/1680 [28:54<1:11:55,  3.58s/it]
 28%|██▊       | 476/1680 [28:58<1:11:54,  3.58s/it]
 28%|██▊       | 477/1680 [29:01<1:11:34,  3.57s/it]
 28%|██▊       | 478/1680 [29:05<1:11:39,  3.58s/it]
 29%|██▊       | 479/1680 [29:09<1:11:32,  3.57s/it]
 29%|██▊       | 480/1680 [29:12<1:13:19,  3.67s/it]
 29%|██▊       | 481/1680 [29:16<1:12:31,  3.63s/it]
 29%|██▊       | 482/1680 [29:20<1:12:01,  3.61s/it]
 29%|██▉       | 483/1680 [29:23<1:11:48,  3.60s/it]
 29%|██▉       | 484/1680 [29:27<1:11:32,  3.59s/it]
 29%|██▉       | 485/1680 [29:30<1:11:21,  3.58s/it]
 29%|██▉       | 486/1680 [29:34<1:11:11,  3.58s/it]
 29%|██▉       | 487/1680 [29:37<1:11:08,  3.58s/it]
 29%|██▉       | 488/1680 [29:41<1:13:13,  3.69s/it]
 29%|██▉       | 489/1680 [29:45<1:12:22,  3.65s/it]
 29%|██▉       | 490/1680 [29:48<1:11:43,  3.62s/it]
 29%|██▉       | 491/1680 [29:52<1:11:39,  3.62s/it]
 29%|██▉       | 492/1680 [29:56<1:11:18,  3.60s/it]
 29%|██▉       | 493/1680 [29:59<1:11:00,  3.59s/it]
 29%|██▉       | 494/1680 [30:03<1:10:44,  3.58s/it]
 29%|██▉       | 495/1680 [30:06<1:10:32,  3.57s/it]
 30%|██▉       | 496/1680 [30:11<1:14:07,  3.76s/it]
 30%|██▉       | 497/1680 [30:14<1:13:02,  3.70s/it]
 30%|██▉       | 498/1680 [30:18<1:11:56,  3.65s/it]
 30%|██▉       | 499/1680 [30:21<1:11:23,  3.63s/it]
 30%|██▉       | 500/1680 [30:25<1:10:59,  3.61s/it]
                                                    
{'loss': 0.4831, 'grad_norm': 0.640625, 'learning_rate': 4.123528464326863e-05, 'entropy': 0.4828541737794876, 'num_tokens': 64558471.0, 'mean_token_accuracy': 0.8569583469629287, 'epoch': 1.49}

 30%|██▉       | 500/1680 [30:25<1:10:59,  3.61s/it]
 30%|██▉       | 501/1680 [30:28<1:10:31,  3.59s/it]
 30%|██▉       | 502/1680 [30:32<1:10:22,  3.58s/it]
 30%|██▉       | 503/1680 [30:35<1:10:11,  3.58s/it]
 30%|███       | 504/1680 [30:39<1:09:59,  3.57s/it]
 30%|███       | 505/1680 [30:43<1:09:46,  3.56s/it]
 30%|███       | 506/1680 [30:46<1:11:51,  3.67s/it]
 30%|███       | 507/1680 [30:50<1:11:05,  3.64s/it]
 30%|███       | 508/1680 [30:54<1:10:33,  3.61s/it]
 30%|███       | 509/1680 [30:57<1:10:09,  3.59s/it]
 30%|███       | 510/1680 [31:01<1:09:53,  3.58s/it]
 30%|███       | 511/1680 [31:04<1:09:32,  3.57s/it]
 30%|███       | 512/1680 [31:08<1:09:22,  3.56s/it]
 31%|███       | 513/1680 [31:11<1:09:14,  3.56s/it]
 31%|███       | 514/1680 [31:15<1:11:03,  3.66s/it]
 31%|███       | 515/1680 [31:19<1:10:35,  3.64s/it]
 31%|███       | 516/1680 [31:22<1:10:09,  3.62s/it]
 31%|███       | 517/1680 [31:26<1:09:51,  3.60s/it]
 31%|███       | 518/1680 [31:30<1:09:32,  3.59s/it]
 31%|███       | 519/1680 [31:33<1:09:19,  3.58s/it]
 31%|███       | 520/1680 [31:37<1:09:07,  3.58s/it]
 31%|███       | 521/1680 [31:40<1:09:00,  3.57s/it]
 31%|███       | 522/1680 [31:44<1:13:10,  3.79s/it]
 31%|███       | 523/1680 [31:48<1:11:56,  3.73s/it]
 31%|███       | 524/1680 [31:52<1:11:00,  3.69s/it]
 31%|███▏      | 525/1680 [31:55<1:10:17,  3.65s/it]
                                                    
{'loss': 0.4821, 'grad_norm': 0.64453125, 'learning_rate': 4.030018969827805e-05, 'entropy': 0.4822112685441971, 'num_tokens': 67797649.0, 'mean_token_accuracy': 0.857051705121994, 'epoch': 1.56}

 31%|███▏      | 525/1680 [31:55<1:10:17,  3.65s/it]
 31%|███▏      | 526/1680 [31:59<1:09:40,  3.62s/it]
 31%|███▏      | 527/1680 [32:02<1:09:08,  3.60s/it]
 31%|███▏      | 528/1680 [32:06<1:08:42,  3.58s/it]
 31%|███▏      | 529/1680 [32:09<1:08:44,  3.58s/it]
 32%|███▏      | 530/1680 [32:13<1:08:38,  3.58s/it]
 32%|███▏      | 531/1680 [32:17<1:12:03,  3.76s/it]
 32%|███▏      | 532/1680 [32:21<1:11:02,  3.71s/it]
 32%|███▏      | 533/1680 [32:24<1:10:13,  3.67s/it]
 32%|███▏      | 534/1680 [32:28<1:09:37,  3.65s/it]
 32%|███▏      | 535/1680 [32:32<1:09:02,  3.62s/it]
 32%|███▏      | 536/1680 [32:35<1:08:33,  3.60s/it]
 32%|███▏      | 537/1680 [32:39<1:08:28,  3.59s/it]
 32%|███▏      | 538/1680 [32:42<1:08:13,  3.58s/it]
 32%|███▏      | 539/1680 [32:46<1:08:07,  3.58s/it]
 32%|███▏      | 540/1680 [32:50<1:10:24,  3.71s/it]
 32%|███▏      | 541/1680 [32:53<1:09:35,  3.67s/it]
 32%|███▏      | 542/1680 [32:57<1:08:52,  3.63s/it]
 32%|███▏      | 543/1680 [33:01<1:08:44,  3.63s/it]
 32%|███▏      | 544/1680 [33:04<1:08:28,  3.62s/it]
 32%|███▏      | 545/1680 [33:08<1:08:21,  3.61s/it]
 32%|███▎      | 546/1680 [33:11<1:08:01,  3.60s/it]
 33%|███▎      | 547/1680 [33:15<1:08:01,  3.60s/it]
 33%|███▎      | 548/1680 [33:19<1:12:17,  3.83s/it]
 33%|███▎      | 549/1680 [33:23<1:10:52,  3.76s/it]
 33%|███▎      | 550/1680 [33:26<1:09:47,  3.71s/it]
                                                    
{'loss': 0.4862, 'grad_norm': 0.61328125, 'learning_rate': 3.932953569263528e-05, 'entropy': 0.4861932197213173, 'num_tokens': 71026558.0, 'mean_token_accuracy': 0.856703034043312, 'epoch': 1.64}

 33%|███▎      | 550/1680 [33:26<1:09:47,  3.71s/it]
 33%|███▎      | 551/1680 [33:30<1:09:02,  3.67s/it]
 33%|███▎      | 552/1680 [33:34<1:08:21,  3.64s/it]
 33%|███▎      | 553/1680 [33:37<1:08:07,  3.63s/it]
 33%|███▎      | 554/1680 [33:41<1:07:54,  3.62s/it]
 33%|███▎      | 555/1680 [33:44<1:07:41,  3.61s/it]
 33%|███▎      | 556/1680 [33:48<1:07:36,  3.61s/it]
 33%|███▎      | 557/1680 [33:52<1:10:40,  3.78s/it]
 33%|███▎      | 558/1680 [33:56<1:09:37,  3.72s/it]
 33%|███▎      | 559/1680 [33:59<1:08:54,  3.69s/it]
 33%|███▎      | 560/1680 [34:03<1:08:26,  3.67s/it]
 33%|███▎      | 561/1680 [34:07<1:07:43,  3.63s/it]
 33%|███▎      | 562/1680 [34:10<1:07:21,  3.62s/it]
 34%|███▎      | 563/1680 [34:14<1:06:59,  3.60s/it]
 34%|███▎      | 564/1680 [34:17<1:07:04,  3.61s/it]
 34%|███▎      | 565/1680 [34:21<1:06:45,  3.59s/it]
 34%|███▎      | 566/1680 [34:25<1:08:12,  3.67s/it]
 34%|███▍      | 567/1680 [34:28<1:07:28,  3.64s/it]
 34%|███▍      | 568/1680 [34:32<1:06:49,  3.61s/it]
 34%|███▍      | 569/1680 [34:35<1:06:33,  3.59s/it]
 34%|███▍      | 570/1680 [34:39<1:06:19,  3.58s/it]
 34%|███▍      | 571/1680 [34:43<1:06:08,  3.58s/it]
 34%|███▍      | 572/1680 [34:46<1:05:54,  3.57s/it]
 34%|███▍      | 573/1680 [34:50<1:07:53,  3.68s/it]
 34%|███▍      | 574/1680 [34:54<1:09:49,  3.79s/it]
 34%|███▍      | 575/1680 [34:58<1:08:31,  3.72s/it]
                                                    
{'loss': 0.4875, 'grad_norm': 0.60546875, 'learning_rate': 3.832557851632205e-05, 'entropy': 0.4873573595285416, 'num_tokens': 74256948.0, 'mean_token_accuracy': 0.8558525735139847, 'epoch': 1.71}

 34%|███▍      | 575/1680 [34:58<1:08:31,  3.72s/it]
 34%|███▍      | 576/1680 [35:01<1:07:31,  3.67s/it]
 34%|███▍      | 577/1680 [35:05<1:06:57,  3.64s/it]
 34%|███▍      | 578/1680 [35:08<1:06:40,  3.63s/it]
 34%|███▍      | 579/1680 [35:12<1:06:10,  3.61s/it]
 35%|███▍      | 580/1680 [35:15<1:06:09,  3.61s/it]
 35%|███▍      | 581/1680 [35:19<1:06:03,  3.61s/it]
 35%|███▍      | 582/1680 [35:23<1:05:47,  3.59s/it]
 35%|███▍      | 583/1680 [35:27<1:07:31,  3.69s/it]
 35%|███▍      | 584/1680 [35:30<1:06:55,  3.66s/it]
 35%|███▍      | 585/1680 [35:34<1:06:24,  3.64s/it]
 35%|███▍      | 586/1680 [35:37<1:06:09,  3.63s/it]
 35%|███▍      | 587/1680 [35:41<1:05:53,  3.62s/it]
 35%|███▌      | 588/1680 [35:45<1:05:37,  3.61s/it]
 35%|███▌      | 589/1680 [35:48<1:05:18,  3.59s/it]
 35%|███▌      | 590/1680 [35:52<1:04:59,  3.58s/it]
 35%|███▌      | 591/1680 [35:56<1:06:43,  3.68s/it]
 35%|███▌      | 592/1680 [35:59<1:05:51,  3.63s/it]
 35%|███▌      | 593/1680 [36:03<1:05:23,  3.61s/it]
 35%|███▌      | 594/1680 [36:06<1:04:57,  3.59s/it]
 35%|███▌      | 595/1680 [36:10<1:04:52,  3.59s/it]
 35%|███▌      | 596/1680 [36:13<1:04:44,  3.58s/it]
 36%|███▌      | 597/1680 [36:17<1:04:22,  3.57s/it]
 36%|███▌      | 598/1680 [36:20<1:04:22,  3.57s/it]
 36%|███▌      | 599/1680 [36:25<1:07:52,  3.77s/it]
 36%|███▌      | 600/1680 [36:28<1:06:44,  3.71s/it]
                                                    
{'loss': 0.4823, 'grad_norm': 0.609375, 'learning_rate': 3.7290651458979146e-05, 'entropy': 0.48190338134765626, 'num_tokens': 77483766.0, 'mean_token_accuracy': 0.8569094961881638, 'epoch': 1.79}

 36%|███▌      | 600/1680 [36:28<1:06:44,  3.71s/it]

  0%|          | 0/7 [00:00<?, ?it/s][A

 29%|██▊       | 2/7 [00:00<00:00,  7.50it/s][A

 43%|████▎     | 3/7 [00:00<00:00,  5.32it/s][A

 57%|█████▋    | 4/7 [00:00<00:00,  4.66it/s][A

 71%|███████▏  | 5/7 [00:01<00:00,  4.32it/s][A

 86%|████████▌ | 6/7 [00:01<00:00,  4.14it/s][A

100%|██████████| 7/7 [00:01<00:00,  3.76it/s][A
                                                    

                                             
[A{'eval_loss': 0.525974690914154, 'eval_runtime': 2.1077, 'eval_samples_per_second': 23.248, 'eval_steps_per_second': 3.321, 'eval_entropy': 0.5022541923182351, 'eval_num_tokens': 77483766.0, 'eval_mean_token_accuracy': 0.8477537887437003, 'epoch': 1.79}

 36%|███▌      | 600/1680 [36:30<1:06:44,  3.71s/it]

100%|██████████| 7/7 [00:01<00:00,  3.76it/s][A

                                             [A
 36%|███▌      | 601/1680 [36:44<2:10:11,  7.24s/it]
 36%|███▌      | 602/1680 [36:47<1:50:01,  6.12s/it]
 36%|███▌      | 603/1680 [36:51<1:35:51,  5.34s/it]
 36%|███▌      | 604/1680 [36:54<1:25:50,  4.79s/it]
 36%|███▌      | 605/1680 [36:58<1:19:08,  4.42s/it]
 36%|███▌      | 606/1680 [37:01<1:14:29,  4.16s/it]
 36%|███▌      | 607/1680 [37:05<1:11:01,  3.97s/it]
 36%|███▌      | 608/1680 [37:09<1:12:13,  4.04s/it]
 36%|███▋      | 609/1680 [37:13<1:09:25,  3.89s/it]
 36%|███▋      | 610/1680 [37:16<1:07:37,  3.79s/it]
 36%|███▋      | 611/1680 [37:20<1:06:08,  3.71s/it]
 36%|███▋      | 612/1680 [37:23<1:05:01,  3.65s/it]
 36%|███▋      | 613/1680 [37:27<1:04:21,  3.62s/it]
 37%|███▋      | 614/1680 [37:30<1:03:58,  3.60s/it]
 37%|███▋      | 615/1680 [37:34<1:05:32,  3.69s/it]
 37%|███▋      | 616/1680 [37:38<1:06:15,  3.74s/it]
 37%|███▋      | 617/1680 [37:42<1:05:13,  3.68s/it]
 37%|███▋      | 618/1680 [37:45<1:04:25,  3.64s/it]
 37%|███▋      | 619/1680 [37:49<1:03:59,  3.62s/it]
 37%|███▋      | 620/1680 [37:52<1:03:31,  3.60s/it]
 37%|███▋      | 621/1680 [37:56<1:03:23,  3.59s/it]
 37%|███▋      | 622/1680 [37:59<1:03:11,  3.58s/it]
 37%|███▋      | 623/1680 [38:03<1:03:05,  3.58s/it]
 37%|███▋      | 624/1680 [38:07<1:02:48,  3.57s/it]
 37%|███▋      | 625/1680 [38:11<1:05:58,  3.75s/it]
                                                    
{'loss': 0.4799, 'grad_norm': 0.625, 'learning_rate': 3.62271597871247e-05, 'entropy': 0.48016619712114333, 'num_tokens': 80723571.0, 'mean_token_accuracy': 0.8579342931509018, 'epoch': 1.86}

 37%|███▋      | 625/1680 [38:11<1:05:58,  3.75s/it]
 37%|███▋      | 626/1680 [38:14<1:04:53,  3.69s/it]
 37%|███▋      | 627/1680 [38:18<1:04:00,  3.65s/it]
 37%|███▋      | 628/1680 [38:21<1:03:21,  3.61s/it]
 37%|███▋      | 629/1680 [38:25<1:02:58,  3.60s/it]
 38%|███▊      | 630/1680 [38:28<1:02:42,  3.58s/it]
 38%|███▊      | 631/1680 [38:32<1:02:19,  3.57s/it]
 38%|███▊      | 632/1680 [38:36<1:02:15,  3.56s/it]
 38%|███▊      | 633/1680 [38:39<1:04:07,  3.68s/it]
 38%|███▊      | 634/1680 [38:43<1:05:05,  3.73s/it]
 38%|███▊      | 635/1680 [38:47<1:04:13,  3.69s/it]
 38%|███▊      | 636/1680 [38:51<1:03:36,  3.66s/it]
 38%|███▊      | 637/1680 [38:54<1:02:59,  3.62s/it]
 38%|███▊      | 638/1680 [38:58<1:02:37,  3.61s/it]
 38%|███▊      | 639/1680 [39:01<1:02:13,  3.59s/it]
 38%|███▊      | 640/1680 [39:05<1:02:04,  3.58s/it]
 38%|███▊      | 641/1680 [39:09<1:05:23,  3.78s/it]
 38%|███▊      | 642/1680 [39:13<1:04:12,  3.71s/it]
 38%|███▊      | 643/1680 [39:16<1:03:21,  3.67s/it]
 38%|███▊      | 644/1680 [39:20<1:02:43,  3.63s/it]
 38%|███▊      | 645/1680 [39:23<1:02:07,  3.60s/it]
 38%|███▊      | 646/1680 [39:27<1:01:55,  3.59s/it]
 39%|███▊      | 647/1680 [39:30<1:01:36,  3.58s/it]
 39%|███▊      | 648/1680 [39:34<1:01:37,  3.58s/it]
 39%|███▊      | 649/1680 [39:37<1:01:11,  3.56s/it]
 39%|███▊      | 650/1680 [39:41<1:02:46,  3.66s/it]
                                                    
{'loss': 0.4748, 'grad_norm': 0.63671875, 'learning_rate': 3.513757515409167e-05, 'entropy': 0.47528244137763975, 'num_tokens': 83959793.0, 'mean_token_accuracy': 0.8590873402357101, 'epoch': 1.93}

 39%|███▊      | 650/1680 [39:41<1:02:46,  3.66s/it]
 39%|███▉      | 651/1680 [39:45<1:03:09,  3.68s/it]
 39%|███▉      | 652/1680 [39:49<1:02:28,  3.65s/it]
 39%|███▉      | 653/1680 [39:52<1:01:57,  3.62s/it]
 39%|███▉      | 654/1680 [39:56<1:01:42,  3.61s/it]
 39%|███▉      | 655/1680 [39:59<1:01:17,  3.59s/it]
 39%|███▉      | 656/1680 [40:03<1:00:57,  3.57s/it]
 39%|███▉      | 657/1680 [40:06<1:00:41,  3.56s/it]
 39%|███▉      | 658/1680 [40:10<1:00:24,  3.55s/it]
 39%|███▉      | 659/1680 [40:14<1:03:06,  3.71s/it]
 39%|███▉      | 660/1680 [40:18<1:02:24,  3.67s/it]
 39%|███▉      | 661/1680 [40:21<1:01:44,  3.64s/it]
 39%|███▉      | 662/1680 [40:25<1:01:09,  3.60s/it]
 39%|███▉      | 663/1680 [40:28<1:00:52,  3.59s/it]
 40%|███▉      | 664/1680 [40:32<1:00:29,  3.57s/it]
 40%|███▉      | 665/1680 [40:35<1:00:14,  3.56s/it]
 40%|███▉      | 666/1680 [40:39<1:00:06,  3.56s/it]
 40%|███▉      | 667/1680 [40:43<1:02:48,  3.72s/it]
 40%|███▉      | 668/1680 [40:46<1:01:49,  3.67s/it]
 40%|███▉      | 669/1680 [40:50<1:01:09,  3.63s/it]
 40%|███▉      | 670/1680 [40:54<1:00:42,  3.61s/it]
 40%|███▉      | 671/1680 [40:57<1:00:28,  3.60s/it]
 40%|████      | 672/1680 [41:01<1:00:31,  3.60s/it]
 40%|████      | 673/1680 [41:04<1:01:22,  3.66s/it]
 40%|████      | 674/1680 [41:08<1:00:45,  3.62s/it]
 40%|████      | 675/1680 [41:12<1:02:10,  3.71s/it]
                                                    
{'loss': 0.4736, 'grad_norm': 0.6328125, 'learning_rate': 3.402442985567611e-05, 'entropy': 0.47371690332889554, 'num_tokens': 87092376.0, 'mean_token_accuracy': 0.8597435200214386, 'epoch': 2.01}

 40%|████      | 675/1680 [41:12<1:02:10,  3.71s/it]
 40%|████      | 676/1680 [41:16<1:03:08,  3.77s/it]
 40%|████      | 677/1680 [41:19<1:01:56,  3.71s/it]
 40%|████      | 678/1680 [41:23<1:01:08,  3.66s/it]
 40%|████      | 679/1680 [41:27<1:00:37,  3.63s/it]
 40%|████      | 680/1680 [41:30<1:00:10,  3.61s/it]
 41%|████      | 681/1680 [41:34<59:58,  3.60s/it]  
 41%|████      | 682/1680 [41:37<59:41,  3.59s/it]
 41%|████      | 683/1680 [41:41<59:41,  3.59s/it]
 41%|████      | 684/1680 [41:44<59:22,  3.58s/it]
 41%|████      | 685/1680 [41:48<1:00:25,  3.64s/it]
 41%|████      | 686/1680 [41:52<1:01:23,  3.71s/it]
 41%|████      | 687/1680 [41:56<1:00:36,  3.66s/it]
 41%|████      | 688/1680 [41:59<1:00:09,  3.64s/it]
 41%|████      | 689/1680 [42:03<59:36,  3.61s/it]  
 41%|████      | 690/1680 [42:06<59:19,  3.60s/it]
 41%|████      | 691/1680 [42:10<59:02,  3.58s/it]
 41%|████      | 692/1680 [42:13<58:43,  3.57s/it]
 41%|████▏     | 693/1680 [42:17<58:28,  3.55s/it]
 41%|████▏     | 694/1680 [42:21<1:01:29,  3.74s/it]
 41%|████▏     | 695/1680 [42:25<1:00:19,  3.67s/it]
 41%|████▏     | 696/1680 [42:28<59:32,  3.63s/it]  
 41%|████▏     | 697/1680 [42:32<59:08,  3.61s/it]
 42%|████▏     | 698/1680 [42:35<58:50,  3.60s/it]
 42%|████▏     | 699/1680 [42:39<58:22,  3.57s/it]
 42%|████▏     | 700/1680 [42:42<58:20,  3.57s/it]
                                                  
{'loss': 0.4507, 'grad_norm': 0.6796875, 'learning_rate': 3.2890310944846747e-05, 'entropy': 0.4515658512711525, 'num_tokens': 90319391.0, 'mean_token_accuracy': 0.865338322520256, 'epoch': 2.08}

 42%|████▏     | 700/1680 [42:42<58:20,  3.57s/it]
 42%|████▏     | 701/1680 [42:46<59:47,  3.66s/it]
 42%|████▏     | 702/1680 [42:50<1:00:38,  3.72s/it]
 42%|████▏     | 703/1680 [42:54<59:48,  3.67s/it]  
 42%|████▏     | 704/1680 [42:57<59:09,  3.64s/it]
 42%|████▏     | 705/1680 [43:01<58:42,  3.61s/it]
 42%|████▏     | 706/1680 [43:04<58:19,  3.59s/it]
 42%|████▏     | 707/1680 [43:08<58:02,  3.58s/it]
 42%|████▏     | 708/1680 [43:11<57:54,  3.57s/it]
 42%|████▏     | 709/1680 [43:15<57:33,  3.56s/it]
 42%|████▏     | 710/1680 [43:18<57:26,  3.55s/it]
 42%|████▏     | 711/1680 [43:23<1:00:11,  3.73s/it]
 42%|████▏     | 712/1680 [43:26<59:20,  3.68s/it]  
 42%|████▏     | 713/1680 [43:30<58:47,  3.65s/it]
 42%|████▎     | 714/1680 [43:33<58:19,  3.62s/it]
 43%|████▎     | 715/1680 [43:37<57:59,  3.61s/it]
 43%|████▎     | 716/1680 [43:40<57:35,  3.58s/it]
 43%|████▎     | 717/1680 [43:44<57:25,  3.58s/it]
 43%|████▎     | 718/1680 [43:48<57:20,  3.58s/it]
 43%|████▎     | 719/1680 [43:51<58:38,  3.66s/it]
 43%|████▎     | 720/1680 [43:55<59:29,  3.72s/it]
 43%|████▎     | 721/1680 [43:59<58:42,  3.67s/it]
 43%|████▎     | 722/1680 [44:02<58:04,  3.64s/it]
 43%|████▎     | 723/1680 [44:06<57:38,  3.61s/it]
 43%|████▎     | 724/1680 [44:09<57:19,  3.60s/it]
 43%|████▎     | 725/1680 [44:13<56:59,  3.58s/it]
                                                  
{'loss': 0.4466, 'grad_norm': 0.6171875, 'learning_rate': 3.173785421919382e-05, 'entropy': 0.44865850389003753, 'num_tokens': 93553196.0, 'mean_token_accuracy': 0.8656203663349151, 'epoch': 2.16}

 43%|████▎     | 725/1680 [44:13<56:59,  3.58s/it]
 43%|████▎     | 726/1680 [44:17<56:43,  3.57s/it]
 43%|████▎     | 727/1680 [44:20<58:10,  3.66s/it]
 43%|████▎     | 728/1680 [44:24<58:51,  3.71s/it]
 43%|████▎     | 729/1680 [44:28<57:59,  3.66s/it]
 43%|████▎     | 730/1680 [44:31<57:21,  3.62s/it]
 44%|████▎     | 731/1680 [44:35<56:57,  3.60s/it]
 44%|████▎     | 732/1680 [44:38<56:47,  3.59s/it]
 44%|████▎     | 733/1680 [44:42<56:35,  3.59s/it]
 44%|████▎     | 734/1680 [44:46<56:22,  3.58s/it]
 44%|████▍     | 735/1680 [44:49<56:14,  3.57s/it]
 44%|████▍     | 736/1680 [44:53<56:06,  3.57s/it]
 44%|████▍     | 737/1680 [44:57<58:33,  3.73s/it]
 44%|████▍     | 738/1680 [45:00<57:30,  3.66s/it]
 44%|████▍     | 739/1680 [45:04<56:56,  3.63s/it]
 44%|████▍     | 740/1680 [45:07<56:35,  3.61s/it]
 44%|████▍     | 741/1680 [45:11<56:14,  3.59s/it]
 44%|████▍     | 742/1680 [45:14<55:52,  3.57s/it]
 44%|████▍     | 743/1680 [45:18<55:50,  3.58s/it]
 44%|████▍     | 744/1680 [45:22<55:36,  3.56s/it]
 44%|████▍     | 745/1680 [45:25<56:48,  3.65s/it]
 44%|████▍     | 746/1680 [45:29<57:18,  3.68s/it]
 44%|████▍     | 747/1680 [45:33<56:30,  3.63s/it]
 45%|████▍     | 748/1680 [45:36<56:02,  3.61s/it]
 45%|████▍     | 749/1680 [45:40<55:42,  3.59s/it]
 45%|████▍     | 750/1680 [45:43<55:24,  3.57s/it]
                                                  
{'loss': 0.4607, 'grad_norm': 0.609375, 'learning_rate': 3.05697380950909e-05, 'entropy': 0.4624601924419403, 'num_tokens': 96790741.0, 'mean_token_accuracy': 0.8627173328399658, 'epoch': 2.23}

 45%|████▍     | 750/1680 [45:43<55:24,  3.57s/it]
 45%|████▍     | 751/1680 [45:47<55:22,  3.58s/it]
 45%|████▍     | 752/1680 [45:50<55:10,  3.57s/it]
 45%|████▍     | 753/1680 [45:55<57:37,  3.73s/it]
 45%|████▍     | 754/1680 [45:58<56:43,  3.68s/it]
 45%|████▍     | 755/1680 [46:02<56:07,  3.64s/it]
 45%|████▌     | 756/1680 [46:05<55:45,  3.62s/it]
 45%|████▌     | 757/1680 [46:09<55:27,  3.61s/it]
 45%|████▌     | 758/1680 [46:12<55:16,  3.60s/it]
 45%|████▌     | 759/1680 [46:16<55:00,  3.58s/it]
 45%|████▌     | 760/1680 [46:20<54:40,  3.57s/it]
 45%|████▌     | 761/1680 [46:23<54:41,  3.57s/it]
 45%|████▌     | 762/1680 [46:27<55:59,  3.66s/it]
 45%|████▌     | 763/1680 [46:31<56:25,  3.69s/it]
 45%|████▌     | 764/1680 [46:34<55:41,  3.65s/it]
 46%|████▌     | 765/1680 [46:38<55:10,  3.62s/it]
 46%|████▌     | 766/1680 [46:41<54:58,  3.61s/it]
 46%|████▌     | 767/1680 [46:45<54:44,  3.60s/it]
 46%|████▌     | 768/1680 [46:49<54:29,  3.59s/it]
 46%|████▌     | 769/1680 [46:52<54:24,  3.58s/it]
 46%|████▌     | 770/1680 [46:56<54:15,  3.58s/it]
 46%|████▌     | 771/1680 [47:00<56:44,  3.75s/it]
 46%|████▌     | 772/1680 [47:03<55:48,  3.69s/it]
 46%|████▌     | 773/1680 [47:07<55:07,  3.65s/it]
 46%|████▌     | 774/1680 [47:11<54:46,  3.63s/it]
 46%|████▌     | 775/1680 [47:14<54:27,  3.61s/it]
                                                  
{'loss': 0.4532, 'grad_norm': 0.64453125, 'learning_rate': 2.9388677382806667e-05, 'entropy': 0.45387873470783235, 'num_tokens': 100022269.0, 'mean_token_accuracy': 0.864796159863472, 'epoch': 2.31}

 46%|████▌     | 775/1680 [47:14<54:27,  3.61s/it]
 46%|████▌     | 776/1680 [47:18<54:15,  3.60s/it]
 46%|████▋     | 777/1680 [47:21<54:00,  3.59s/it]
 46%|████▋     | 778/1680 [47:25<53:51,  3.58s/it]
 46%|████▋     | 779/1680 [47:29<56:02,  3.73s/it]
 46%|████▋     | 780/1680 [47:32<55:13,  3.68s/it]
 46%|████▋     | 781/1680 [47:36<54:33,  3.64s/it]
 47%|████▋     | 782/1680 [47:40<54:08,  3.62s/it]
 47%|████▋     | 783/1680 [47:43<53:54,  3.61s/it]
 47%|████▋     | 784/1680 [47:47<53:36,  3.59s/it]
 47%|████▋     | 785/1680 [47:50<53:28,  3.59s/it]
 47%|████▋     | 786/1680 [47:54<53:26,  3.59s/it]
 47%|████▋     | 787/1680 [47:57<53:25,  3.59s/it]
 47%|████▋     | 788/1680 [48:01<54:37,  3.67s/it]
 47%|████▋     | 789/1680 [48:05<55:13,  3.72s/it]
 47%|████▋     | 790/1680 [48:09<54:26,  3.67s/it]
 47%|████▋     | 791/1680 [48:12<53:44,  3.63s/it]
 47%|████▋     | 792/1680 [48:16<53:13,  3.60s/it]
 47%|████▋     | 793/1680 [48:19<53:01,  3.59s/it]
 47%|████▋     | 794/1680 [48:23<52:51,  3.58s/it]
 47%|████▋     | 795/1680 [48:26<52:40,  3.57s/it]
 47%|████▋     | 796/1680 [48:30<52:28,  3.56s/it]
 47%|████▋     | 797/1680 [48:34<55:04,  3.74s/it]
 48%|████▊     | 798/1680 [48:38<54:09,  3.68s/it]
 48%|████▊     | 799/1680 [48:41<53:36,  3.65s/it]
 48%|████▊     | 800/1680 [48:45<53:09,  3.62s/it]
                                                  
{'loss': 0.4531, 'grad_norm': 0.6171875, 'learning_rate': 2.8197416977033954e-05, 'entropy': 0.45497968316078186, 'num_tokens': 103261138.0, 'mean_token_accuracy': 0.8647242832183838, 'epoch': 2.38}

 48%|████▊     | 800/1680 [48:45<53:09,  3.62s/it]
 48%|████▊     | 801/1680 [48:48<52:40,  3.60s/it]
 48%|████▊     | 802/1680 [48:52<52:29,  3.59s/it]
 48%|████▊     | 803/1680 [48:55<52:19,  3.58s/it]
 48%|████▊     | 804/1680 [48:59<53:31,  3.67s/it]
 48%|████▊     | 805/1680 [49:03<54:18,  3.72s/it]
 48%|████▊     | 806/1680 [49:07<53:37,  3.68s/it]
 48%|████▊     | 807/1680 [49:10<53:06,  3.65s/it]
 48%|████▊     | 808/1680 [49:14<52:44,  3.63s/it]
 48%|████▊     | 809/1680 [49:17<52:23,  3.61s/it]
 48%|████▊     | 810/1680 [49:21<52:12,  3.60s/it]
 48%|████▊     | 811/1680 [49:25<52:03,  3.59s/it]
 48%|████▊     | 812/1680 [49:28<51:45,  3.58s/it]
 48%|████▊     | 813/1680 [49:32<51:39,  3.57s/it]
 48%|████▊     | 814/1680 [49:36<54:07,  3.75s/it]
 49%|████▊     | 815/1680 [49:39<53:15,  3.69s/it]
 49%|████▊     | 816/1680 [49:43<52:28,  3.64s/it]
 49%|████▊     | 817/1680 [49:47<52:02,  3.62s/it]
 49%|████▊     | 818/1680 [49:50<51:41,  3.60s/it]
 49%|████▉     | 819/1680 [49:54<51:30,  3.59s/it]
 49%|████▉     | 820/1680 [49:57<51:19,  3.58s/it]
 49%|████▉     | 821/1680 [50:01<51:09,  3.57s/it]
 49%|████▉     | 822/1680 [50:05<53:20,  3.73s/it]
 49%|████▉     | 823/1680 [50:09<54:08,  3.79s/it]
 49%|████▉     | 824/1680 [50:12<53:13,  3.73s/it]
 49%|████▉     | 825/1680 [50:16<52:27,  3.68s/it]
                                                  
{'loss': 0.4534, 'grad_norm': 0.625, 'learning_rate': 2.699872547749973e-05, 'entropy': 0.4548684310913086, 'num_tokens': 106490171.0, 'mean_token_accuracy': 0.8644819003343582, 'epoch': 2.46}

 49%|████▉     | 825/1680 [50:16<52:27,  3.68s/it]
 49%|████▉     | 826/1680 [50:20<51:57,  3.65s/it]
 49%|████▉     | 827/1680 [50:23<51:23,  3.61s/it]
 49%|████▉     | 828/1680 [50:27<51:07,  3.60s/it]
 49%|████▉     | 829/1680 [50:30<50:52,  3.59s/it]
 49%|████▉     | 830/1680 [50:34<52:20,  3.69s/it]
 49%|████▉     | 831/1680 [50:38<53:18,  3.77s/it]
 50%|████▉     | 832/1680 [50:42<52:23,  3.71s/it]
 50%|████▉     | 833/1680 [50:45<51:41,  3.66s/it]
 50%|████▉     | 834/1680 [50:49<51:14,  3.63s/it]
 50%|████▉     | 835/1680 [50:52<51:03,  3.63s/it]
 50%|████▉     | 836/1680 [50:56<50:50,  3.61s/it]
 50%|████▉     | 837/1680 [51:00<50:32,  3.60s/it]
 50%|████▉     | 838/1680 [51:03<50:23,  3.59s/it]
 50%|████▉     | 839/1680 [51:07<50:10,  3.58s/it]
 50%|█████     | 840/1680 [51:11<52:33,  3.75s/it]
 50%|█████     | 841/1680 [51:14<51:48,  3.71s/it]
 50%|█████     | 842/1680 [51:18<50:57,  3.65s/it]
 50%|█████     | 843/1680 [51:22<50:35,  3.63s/it]
 50%|█████     | 844/1680 [51:25<50:16,  3.61s/it]
 50%|█████     | 845/1680 [51:29<49:59,  3.59s/it]
 50%|█████     | 846/1680 [51:32<49:49,  3.58s/it]
 50%|█████     | 847/1680 [51:36<49:35,  3.57s/it]
 50%|█████     | 848/1680 [51:40<50:57,  3.68s/it]
 51%|█████     | 849/1680 [51:43<51:17,  3.70s/it]
 51%|█████     | 850/1680 [51:47<50:29,  3.65s/it]
                                                  
{'loss': 0.4594, 'grad_norm': 0.57421875, 'learning_rate': 2.579538875448247e-05, 'entropy': 0.460104660987854, 'num_tokens': 109725297.0, 'mean_token_accuracy': 0.8636949247121811, 'epoch': 2.53}

 51%|█████     | 850/1680 [51:47<50:29,  3.65s/it]
 51%|█████     | 851/1680 [51:51<50:00,  3.62s/it]
 51%|█████     | 852/1680 [51:54<49:37,  3.60s/it]
 51%|█████     | 853/1680 [51:58<49:25,  3.59s/it]
 51%|█████     | 854/1680 [52:01<49:08,  3.57s/it]
 51%|█████     | 855/1680 [52:05<49:11,  3.58s/it]
 51%|█████     | 856/1680 [52:09<52:08,  3.80s/it]
 51%|█████     | 857/1680 [52:13<51:10,  3.73s/it]
 51%|█████     | 858/1680 [52:16<50:30,  3.69s/it]
 51%|█████     | 859/1680 [52:20<49:53,  3.65s/it]
 51%|█████     | 860/1680 [52:23<49:29,  3.62s/it]
 51%|█████▏    | 861/1680 [52:27<49:17,  3.61s/it]
 51%|█████▏    | 862/1680 [52:30<49:04,  3.60s/it]
 51%|█████▏    | 863/1680 [52:34<48:59,  3.60s/it]
 51%|█████▏    | 864/1680 [52:38<48:58,  3.60s/it]
 51%|█████▏    | 865/1680 [52:42<50:22,  3.71s/it]
 52%|█████▏    | 866/1680 [52:46<51:18,  3.78s/it]
 52%|█████▏    | 867/1680 [52:49<50:18,  3.71s/it]
 52%|█████▏    | 868/1680 [52:53<49:40,  3.67s/it]
 52%|█████▏    | 869/1680 [52:56<49:09,  3.64s/it]
 52%|█████▏    | 870/1680 [53:00<48:48,  3.61s/it]
 52%|█████▏    | 871/1680 [53:03<48:30,  3.60s/it]
 52%|█████▏    | 872/1680 [53:07<48:17,  3.59s/it]
 52%|█████▏    | 873/1680 [53:11<48:17,  3.59s/it]
 52%|█████▏    | 874/1680 [53:15<50:33,  3.76s/it]
 52%|█████▏    | 875/1680 [53:18<49:51,  3.72s/it]
                                                  
{'loss': 0.4533, 'grad_norm': 0.640625, 'learning_rate': 2.4590203474191055e-05, 'entropy': 0.45425199091434476, 'num_tokens': 112954816.0, 'mean_token_accuracy': 0.8648240804672241, 'epoch': 2.6}

 52%|█████▏    | 875/1680 [53:18<49:51,  3.72s/it]
 52%|█████▏    | 876/1680 [53:22<49:19,  3.68s/it]
 52%|█████▏    | 877/1680 [53:26<48:56,  3.66s/it]
 52%|█████▏    | 878/1680 [53:29<48:38,  3.64s/it]
 52%|█████▏    | 879/1680 [53:33<48:21,  3.62s/it]
 52%|█████▏    | 880/1680 [53:36<48:07,  3.61s/it]
 52%|█████▏    | 881/1680 [53:40<48:00,  3.60s/it]
 52%|█████▎    | 882/1680 [53:44<50:19,  3.78s/it]
 53%|█████▎    | 883/1680 [53:48<49:27,  3.72s/it]
 53%|█████▎    | 884/1680 [53:51<48:46,  3.68s/it]
 53%|█████▎    | 885/1680 [53:55<48:14,  3.64s/it]
 53%|█████▎    | 886/1680 [53:58<47:54,  3.62s/it]
 53%|█████▎    | 887/1680 [54:02<47:35,  3.60s/it]
 53%|█████▎    | 888/1680 [54:05<47:18,  3.58s/it]
 53%|█████▎    | 889/1680 [54:09<47:13,  3.58s/it]
 53%|█████▎    | 890/1680 [54:13<47:11,  3.58s/it]
 53%|█████▎    | 891/1680 [54:17<48:38,  3.70s/it]
 53%|█████▎    | 892/1680 [54:20<49:15,  3.75s/it]
 53%|█████▎    | 893/1680 [54:24<48:27,  3.69s/it]
 53%|█████▎    | 894/1680 [54:28<47:57,  3.66s/it]
 53%|█████▎    | 895/1680 [54:31<47:42,  3.65s/it]
 53%|█████▎    | 896/1680 [54:35<47:19,  3.62s/it]
 53%|█████▎    | 897/1680 [54:38<47:06,  3.61s/it]
 53%|█████▎    | 898/1680 [54:42<46:54,  3.60s/it]
 54%|█████▎    | 899/1680 [54:46<46:43,  3.59s/it]
 54%|█████▎    | 900/1680 [54:50<49:57,  3.84s/it]
                                                  
{'loss': 0.4574, 'grad_norm': 0.58984375, 'learning_rate': 2.338597059905302e-05, 'entropy': 0.4595011088252068, 'num_tokens': 116188341.0, 'mean_token_accuracy': 0.863781510591507, 'epoch': 2.68}

 54%|█████▎    | 900/1680 [54:50<49:57,  3.84s/it]

  0%|          | 0/7 [00:00<?, ?it/s][A

 29%|██▊       | 2/7 [00:00<00:00,  7.39it/s][A

 43%|████▎     | 3/7 [00:00<00:00,  5.28it/s][A

 57%|█████▋    | 4/7 [00:00<00:00,  4.58it/s][A

 71%|███████▏  | 5/7 [00:01<00:00,  4.27it/s][A

 86%|████████▌ | 6/7 [00:01<00:00,  4.10it/s][A

100%|██████████| 7/7 [00:01<00:00,  3.66it/s][A
                                                  

                                             
[A{'eval_loss': 0.5246145725250244, 'eval_runtime': 2.1948, 'eval_samples_per_second': 22.326, 'eval_steps_per_second': 3.189, 'eval_entropy': 0.47286888531276156, 'eval_num_tokens': 116188341.0, 'eval_mean_token_accuracy': 0.8488566279411316, 'epoch': 2.68}

 54%|█████▎    | 900/1680 [54:52<49:57,  3.84s/it]

100%|██████████| 7/7 [00:01<00:00,  3.66it/s][A

                                             [A
 54%|█████▎    | 901/1680 [55:06<1:36:06,  7.40s/it]
 54%|█████▎    | 902/1680 [55:09<1:20:57,  6.24s/it]
 54%|█████▍    | 903/1680 [55:13<1:10:19,  5.43s/it]
 54%|█████▍    | 904/1680 [55:16<1:02:57,  4.87s/it]
 54%|█████▍    | 905/1680 [55:20<57:55,  4.48s/it]  
 54%|█████▍    | 906/1680 [55:23<54:12,  4.20s/it]
 54%|█████▍    | 907/1680 [55:27<51:42,  4.01s/it]
 54%|█████▍    | 908/1680 [55:31<52:13,  4.06s/it]
 54%|█████▍    | 909/1680 [55:35<50:13,  3.91s/it]
 54%|█████▍    | 910/1680 [55:38<48:47,  3.80s/it]
 54%|█████▍    | 911/1680 [55:42<47:38,  3.72s/it]
 54%|█████▍    | 912/1680 [55:45<46:59,  3.67s/it]
 54%|█████▍    | 913/1680 [55:49<46:28,  3.64s/it]
 54%|█████▍    | 914/1680 [55:52<46:06,  3.61s/it]
 54%|█████▍    | 915/1680 [55:56<45:49,  3.59s/it]
 55%|█████▍    | 916/1680 [56:00<46:53,  3.68s/it]
 55%|█████▍    | 917/1680 [56:03<46:21,  3.65s/it]
 55%|█████▍    | 918/1680 [56:07<46:41,  3.68s/it]
 55%|█████▍    | 919/1680 [56:11<46:05,  3.63s/it]
 55%|█████▍    | 920/1680 [56:14<45:40,  3.61s/it]
 55%|█████▍    | 921/1680 [56:18<45:24,  3.59s/it]
 55%|█████▍    | 922/1680 [56:21<45:15,  3.58s/it]
 55%|█████▍    | 923/1680 [56:25<45:04,  3.57s/it]
 55%|█████▌    | 924/1680 [56:29<45:02,  3.57s/it]
 55%|█████▌    | 925/1680 [56:32<46:04,  3.66s/it]
                                                  
{'loss': 0.4492, 'grad_norm': 0.62890625, 'learning_rate': 2.2185488878017934e-05, 'entropy': 0.4514210689067841, 'num_tokens': 119418088.0, 'mean_token_accuracy': 0.8656726145744323, 'epoch': 2.75}

 55%|█████▌    | 925/1680 [56:32<46:04,  3.66s/it]
 55%|█████▌    | 926/1680 [56:36<46:27,  3.70s/it]
 55%|█████▌    | 927/1680 [56:40<45:48,  3.65s/it]
 55%|█████▌    | 928/1680 [56:43<45:19,  3.62s/it]
 55%|█████▌    | 929/1680 [56:47<45:01,  3.60s/it]
 55%|█████▌    | 930/1680 [56:50<44:46,  3.58s/it]
 55%|█████▌    | 931/1680 [56:54<44:34,  3.57s/it]
 55%|█████▌    | 932/1680 [56:57<44:23,  3.56s/it]
 56%|█████▌    | 933/1680 [57:01<44:20,  3.56s/it]
 56%|█████▌    | 934/1680 [57:05<45:23,  3.65s/it]
 56%|█████▌    | 935/1680 [57:08<45:02,  3.63s/it]
 56%|█████▌    | 936/1680 [57:12<44:44,  3.61s/it]
 56%|█████▌    | 937/1680 [57:16<44:33,  3.60s/it]
 56%|█████▌    | 938/1680 [57:19<44:26,  3.59s/it]
 56%|█████▌    | 939/1680 [57:23<44:14,  3.58s/it]
 56%|█████▌    | 940/1680 [57:26<44:05,  3.58s/it]
 56%|█████▌    | 941/1680 [57:30<44:00,  3.57s/it]
 56%|█████▌    | 942/1680 [57:34<45:14,  3.68s/it]
 56%|█████▌    | 943/1680 [57:38<45:29,  3.70s/it]
 56%|█████▌    | 944/1680 [57:41<44:54,  3.66s/it]
 56%|█████▋    | 945/1680 [57:45<44:29,  3.63s/it]
 56%|█████▋    | 946/1680 [57:48<44:16,  3.62s/it]
 56%|█████▋    | 947/1680 [57:52<44:02,  3.61s/it]
 56%|█████▋    | 948/1680 [57:55<43:40,  3.58s/it]
 56%|█████▋    | 949/1680 [57:59<43:29,  3.57s/it]
 57%|█████▋    | 950/1680 [58:02<43:31,  3.58s/it]
                                                  
{'loss': 0.4488, 'grad_norm': 0.57421875, 'learning_rate': 2.099154834200515e-05, 'entropy': 0.45033795744180677, 'num_tokens': 122655960.0, 'mean_token_accuracy': 0.8658964830636978, 'epoch': 2.83}

 57%|█████▋    | 950/1680 [58:02<43:31,  3.58s/it]
 57%|█████▋    | 951/1680 [58:06<44:35,  3.67s/it]
 57%|█████▋    | 952/1680 [58:10<44:49,  3.69s/it]
 57%|█████▋    | 953/1680 [58:14<44:17,  3.66s/it]
 57%|█████▋    | 954/1680 [58:17<43:51,  3.62s/it]
 57%|█████▋    | 955/1680 [58:21<43:36,  3.61s/it]
 57%|█████▋    | 956/1680 [58:24<43:20,  3.59s/it]
 57%|█████▋    | 957/1680 [58:28<43:12,  3.59s/it]
 57%|█████▋    | 958/1680 [58:31<43:00,  3.57s/it]
 57%|█████▋    | 959/1680 [58:35<42:53,  3.57s/it]
 57%|█████▋    | 960/1680 [58:39<44:43,  3.73s/it]
 57%|█████▋    | 961/1680 [58:43<44:03,  3.68s/it]
 57%|█████▋    | 962/1680 [58:46<43:33,  3.64s/it]
 57%|█████▋    | 963/1680 [58:50<43:11,  3.61s/it]
 57%|█████▋    | 964/1680 [58:53<43:08,  3.62s/it]
 57%|█████▋    | 965/1680 [58:57<43:01,  3.61s/it]
 57%|█████▊    | 966/1680 [59:01<42:51,  3.60s/it]
 58%|█████▊    | 967/1680 [59:04<42:46,  3.60s/it]
 58%|█████▊    | 968/1680 [59:08<43:42,  3.68s/it]
 58%|█████▊    | 969/1680 [59:12<44:22,  3.74s/it]
 58%|█████▊    | 970/1680 [59:16<43:40,  3.69s/it]
 58%|█████▊    | 971/1680 [59:19<43:11,  3.66s/it]
 58%|█████▊    | 972/1680 [59:23<42:49,  3.63s/it]
 58%|█████▊    | 973/1680 [59:26<42:34,  3.61s/it]
 58%|█████▊    | 974/1680 [59:30<42:14,  3.59s/it]
 58%|█████▊    | 975/1680 [59:33<42:04,  3.58s/it]
                                                  
{'loss': 0.4553, 'grad_norm': 0.58203125, 'learning_rate': 1.9806923819613042e-05, 'entropy': 0.45646275728940966, 'num_tokens': 125895487.0, 'mean_token_accuracy': 0.8641105604171753, 'epoch': 2.9}

 58%|█████▊    | 975/1680 [59:33<42:04,  3.58s/it]
 58%|█████▊    | 976/1680 [59:37<42:02,  3.58s/it]
 58%|█████▊    | 977/1680 [59:41<43:04,  3.68s/it]
 58%|█████▊    | 978/1680 [59:45<43:45,  3.74s/it]
 58%|█████▊    | 979/1680 [59:48<43:03,  3.69s/it]
 58%|█████▊    | 980/1680 [59:52<42:37,  3.65s/it]
 58%|█████▊    | 981/1680 [59:55<42:16,  3.63s/it]
 58%|█████▊    | 982/1680 [59:59<41:46,  3.59s/it]
 59%|█████▊    | 983/1680 [1:00:02<41:37,  3.58s/it]
 59%|█████▊    | 984/1680 [1:00:06<41:27,  3.57s/it]
 59%|█████▊    | 985/1680 [1:00:10<42:23,  3.66s/it]
 59%|█████▊    | 986/1680 [1:00:13<41:52,  3.62s/it]
 59%|█████▉    | 987/1680 [1:00:17<41:37,  3.60s/it]
 59%|█████▉    | 988/1680 [1:00:21<41:20,  3.58s/it]
 59%|█████▉    | 989/1680 [1:00:24<41:09,  3.57s/it]
 59%|█████▉    | 990/1680 [1:00:28<41:03,  3.57s/it]
 59%|█████▉    | 991/1680 [1:00:31<41:00,  3.57s/it]
 59%|█████▉    | 992/1680 [1:00:35<40:46,  3.56s/it]
 59%|█████▉    | 993/1680 [1:00:39<41:48,  3.65s/it]
 59%|█████▉    | 994/1680 [1:00:42<41:14,  3.61s/it]
 59%|█████▉    | 995/1680 [1:00:46<42:05,  3.69s/it]
 59%|█████▉    | 996/1680 [1:00:50<41:36,  3.65s/it]
 59%|█████▉    | 997/1680 [1:00:53<41:12,  3.62s/it]
 59%|█████▉    | 998/1680 [1:00:57<40:51,  3.59s/it]
 59%|█████▉    | 999/1680 [1:01:00<40:35,  3.58s/it]
 60%|█████▉    | 1000/1680 [1:01:04<40:23,  3.56s/it]
                                                     
{'loss': 0.4558, 'grad_norm': 0.59375, 'learning_rate': 1.8634368488159827e-05, 'entropy': 0.45737271577119826, 'num_tokens': 129123640.0, 'mean_token_accuracy': 0.8639582246541977, 'epoch': 2.98}

 60%|█████▉    | 1000/1680 [1:01:04<40:23,  3.56s/it]
 60%|█████▉    | 1001/1680 [1:01:07<40:15,  3.56s/it]
 60%|█████▉    | 1002/1680 [1:01:11<40:09,  3.55s/it]
 60%|█████▉    | 1003/1680 [1:01:15<42:04,  3.73s/it]
 60%|█████▉    | 1004/1680 [1:01:18<41:19,  3.67s/it]
 60%|█████▉    | 1005/1680 [1:01:22<40:51,  3.63s/it]
 60%|█████▉    | 1006/1680 [1:01:26<40:33,  3.61s/it]
 60%|█████▉    | 1007/1680 [1:01:29<40:17,  3.59s/it]
 60%|██████    | 1008/1680 [1:01:33<40:25,  3.61s/it]
 60%|██████    | 1009/1680 [1:01:37<40:58,  3.66s/it]
 60%|██████    | 1010/1680 [1:01:40<40:38,  3.64s/it]
 60%|██████    | 1011/1680 [1:01:44<42:02,  3.77s/it]
 60%|██████    | 1012/1680 [1:01:48<41:16,  3.71s/it]
 60%|██████    | 1013/1680 [1:01:51<40:48,  3.67s/it]
 60%|██████    | 1014/1680 [1:01:55<40:22,  3.64s/it]
 60%|██████    | 1015/1680 [1:01:59<40:11,  3.63s/it]
 60%|██████    | 1016/1680 [1:02:02<40:04,  3.62s/it]
 61%|██████    | 1017/1680 [1:02:06<39:55,  3.61s/it]
 61%|██████    | 1018/1680 [1:02:09<39:46,  3.60s/it]
 61%|██████    | 1019/1680 [1:02:13<40:39,  3.69s/it]
 61%|██████    | 1020/1680 [1:02:17<41:12,  3.75s/it]
 61%|██████    | 1021/1680 [1:02:21<40:35,  3.70s/it]
 61%|██████    | 1022/1680 [1:02:24<40:02,  3.65s/it]
 61%|██████    | 1023/1680 [1:02:28<39:40,  3.62s/it]
 61%|██████    | 1024/1680 [1:02:31<39:24,  3.60s/it]
 61%|██████    | 1025/1680 [1:02:35<39:16,  3.60s/it]
                                                     
{'loss': 0.4491, 'grad_norm': 0.5859375, 'learning_rate': 1.7476607475044006e-05, 'entropy': 0.4479429185390472, 'num_tokens': 132252510.0, 'mean_token_accuracy': 0.8670189195871353, 'epoch': 3.05}

 61%|██████    | 1025/1680 [1:02:35<39:16,  3.60s/it]
 61%|██████    | 1026/1680 [1:02:38<39:13,  3.60s/it]
 61%|██████    | 1027/1680 [1:02:42<39:08,  3.60s/it]
 61%|██████    | 1028/1680 [1:02:46<39:47,  3.66s/it]
 61%|██████▏   | 1029/1680 [1:02:50<40:24,  3.72s/it]
 61%|██████▏   | 1030/1680 [1:02:53<39:55,  3.69s/it]
 61%|██████▏   | 1031/1680 [1:02:57<39:30,  3.65s/it]
 61%|██████▏   | 1032/1680 [1:03:01<39:15,  3.63s/it]
 61%|██████▏   | 1033/1680 [1:03:04<39:00,  3.62s/it]
 62%|██████▏   | 1034/1680 [1:03:08<38:41,  3.59s/it]
 62%|██████▏   | 1035/1680 [1:03:11<38:36,  3.59s/it]
 62%|██████▏   | 1036/1680 [1:03:15<38:34,  3.59s/it]
 62%|██████▏   | 1037/1680 [1:03:19<40:20,  3.76s/it]
 62%|██████▏   | 1038/1680 [1:03:23<39:42,  3.71s/it]
 62%|██████▏   | 1039/1680 [1:03:26<39:17,  3.68s/it]
 62%|██████▏   | 1040/1680 [1:03:30<38:52,  3.64s/it]
 62%|██████▏   | 1041/1680 [1:03:33<38:40,  3.63s/it]
 62%|██████▏   | 1042/1680 [1:03:37<38:27,  3.62s/it]
 62%|██████▏   | 1043/1680 [1:03:41<38:17,  3.61s/it]
 62%|██████▏   | 1044/1680 [1:03:44<38:07,  3.60s/it]
 62%|██████▏   | 1045/1680 [1:03:48<39:01,  3.69s/it]
 62%|██████▏   | 1046/1680 [1:03:52<40:17,  3.81s/it]
 62%|██████▏   | 1047/1680 [1:03:56<39:24,  3.74s/it]
 62%|██████▏   | 1048/1680 [1:03:59<38:51,  3.69s/it]
 62%|██████▏   | 1049/1680 [1:04:03<38:17,  3.64s/it]
 62%|██████▎   | 1050/1680 [1:04:06<37:58,  3.62s/it]
                                                     
{'loss': 0.4438, 'grad_norm': 0.6015625, 'learning_rate': 1.6336331524295444e-05, 'entropy': 0.44640973418951035, 'num_tokens': 135483878.0, 'mean_token_accuracy': 0.8679061794281006, 'epoch': 3.12}

 62%|██████▎   | 1050/1680 [1:04:06<37:58,  3.62s/it]
 63%|██████▎   | 1051/1680 [1:04:10<37:48,  3.61s/it]
 63%|██████▎   | 1052/1680 [1:04:13<37:38,  3.60s/it]
 63%|██████▎   | 1053/1680 [1:04:17<37:27,  3.59s/it]
 63%|██████▎   | 1054/1680 [1:04:21<39:59,  3.83s/it]
 63%|██████▎   | 1055/1680 [1:04:25<39:09,  3.76s/it]
 63%|██████▎   | 1056/1680 [1:04:29<38:36,  3.71s/it]
 63%|██████▎   | 1057/1680 [1:04:32<38:05,  3.67s/it]
 63%|██████▎   | 1058/1680 [1:04:36<37:43,  3.64s/it]
 63%|██████▎   | 1059/1680 [1:04:39<37:33,  3.63s/it]
 63%|██████▎   | 1060/1680 [1:04:43<37:18,  3.61s/it]
 63%|██████▎   | 1061/1680 [1:04:47<37:09,  3.60s/it]
 63%|██████▎   | 1062/1680 [1:04:50<36:59,  3.59s/it]
 63%|██████▎   | 1063/1680 [1:04:54<38:50,  3.78s/it]
 63%|██████▎   | 1064/1680 [1:04:58<38:10,  3.72s/it]
 63%|██████▎   | 1065/1680 [1:05:01<37:44,  3.68s/it]
 63%|██████▎   | 1066/1680 [1:05:05<37:19,  3.65s/it]
 64%|██████▎   | 1067/1680 [1:05:09<37:07,  3.63s/it]
 64%|██████▎   | 1068/1680 [1:05:12<36:55,  3.62s/it]
 64%|██████▎   | 1069/1680 [1:05:16<36:47,  3.61s/it]
 64%|██████▎   | 1070/1680 [1:05:19<36:37,  3.60s/it]
 64%|██████▍   | 1071/1680 [1:05:23<37:27,  3.69s/it]
 64%|██████▍   | 1072/1680 [1:05:27<37:59,  3.75s/it]
 64%|██████▍   | 1073/1680 [1:05:31<37:27,  3.70s/it]
 64%|██████▍   | 1074/1680 [1:05:34<37:07,  3.68s/it]
 64%|██████▍   | 1075/1680 [1:05:38<36:47,  3.65s/it]
                                                     
{'loss': 0.4359, 'grad_norm': 0.578125, 'learning_rate': 1.5216190743036484e-05, 'entropy': 0.43760076045989993, 'num_tokens': 138712099.0, 'mean_token_accuracy': 0.8693147855997085, 'epoch': 3.2}

 64%|██████▍   | 1075/1680 [1:05:38<36:47,  3.65s/it]
 64%|██████▍   | 1076/1680 [1:05:42<36:29,  3.62s/it]
 64%|██████▍   | 1077/1680 [1:05:45<36:18,  3.61s/it]
 64%|██████▍   | 1078/1680 [1:05:49<36:00,  3.59s/it]
 64%|██████▍   | 1079/1680 [1:05:52<35:51,  3.58s/it]
 64%|██████▍   | 1080/1680 [1:05:56<37:43,  3.77s/it]
 64%|██████▍   | 1081/1680 [1:06:00<37:07,  3.72s/it]
 64%|██████▍   | 1082/1680 [1:06:04<36:41,  3.68s/it]
 64%|██████▍   | 1083/1680 [1:06:07<36:13,  3.64s/it]
 65%|██████▍   | 1084/1680 [1:06:11<35:51,  3.61s/it]
 65%|██████▍   | 1085/1680 [1:06:14<35:34,  3.59s/it]
 65%|██████▍   | 1086/1680 [1:06:18<35:26,  3.58s/it]
 65%|██████▍   | 1087/1680 [1:06:21<35:22,  3.58s/it]
 65%|██████▍   | 1088/1680 [1:06:25<35:14,  3.57s/it]
 65%|██████▍   | 1089/1680 [1:06:29<37:22,  3.79s/it]
 65%|██████▍   | 1090/1680 [1:06:33<36:36,  3.72s/it]
 65%|██████▍   | 1091/1680 [1:06:36<36:03,  3.67s/it]
 65%|██████▌   | 1092/1680 [1:06:40<35:40,  3.64s/it]
 65%|██████▌   | 1093/1680 [1:06:44<35:25,  3.62s/it]
 65%|██████▌   | 1094/1680 [1:06:47<35:01,  3.59s/it]
 65%|██████▌   | 1095/1680 [1:06:51<34:51,  3.57s/it]
 65%|██████▌   | 1096/1680 [1:06:54<35:40,  3.67s/it]
 65%|██████▌   | 1097/1680 [1:06:58<36:26,  3.75s/it]
 65%|██████▌   | 1098/1680 [1:07:02<35:52,  3.70s/it]
 65%|██████▌   | 1099/1680 [1:07:06<35:26,  3.66s/it]
 65%|██████▌   | 1100/1680 [1:07:09<35:03,  3.63s/it]
                                                     
{'loss': 0.4393, 'grad_norm': 0.65625, 'learning_rate': 1.411878844238713e-05, 'entropy': 0.4421026611328125, 'num_tokens': 141948046.0, 'mean_token_accuracy': 0.8688303500413894, 'epoch': 3.27}

 65%|██████▌   | 1100/1680 [1:07:09<35:03,  3.63s/it]
 66%|██████▌   | 1101/1680 [1:07:13<34:45,  3.60s/it]
 66%|██████▌   | 1102/1680 [1:07:16<34:37,  3.59s/it]
 66%|██████▌   | 1103/1680 [1:07:20<34:29,  3.59s/it]
 66%|██████▌   | 1104/1680 [1:07:23<34:16,  3.57s/it]
 66%|██████▌   | 1105/1680 [1:07:27<35:03,  3.66s/it]
 66%|██████▌   | 1106/1680 [1:07:31<35:26,  3.70s/it]
 66%|██████▌   | 1107/1680 [1:07:35<35:01,  3.67s/it]
 66%|██████▌   | 1108/1680 [1:07:38<34:39,  3.63s/it]
 66%|██████▌   | 1109/1680 [1:07:42<34:23,  3.61s/it]
 66%|██████▌   | 1110/1680 [1:07:45<34:10,  3.60s/it]
 66%|██████▌   | 1111/1680 [1:07:49<34:01,  3.59s/it]
 66%|██████▌   | 1112/1680 [1:07:52<33:50,  3.57s/it]
 66%|██████▋   | 1113/1680 [1:07:56<33:46,  3.57s/it]
 66%|██████▋   | 1114/1680 [1:08:00<34:34,  3.66s/it]
 66%|██████▋   | 1115/1680 [1:08:04<34:56,  3.71s/it]
 66%|██████▋   | 1116/1680 [1:08:07<34:33,  3.68s/it]
 66%|██████▋   | 1117/1680 [1:08:11<34:11,  3.64s/it]
 67%|██████▋   | 1118/1680 [1:08:14<33:56,  3.62s/it]
 67%|██████▋   | 1119/1680 [1:08:18<33:44,  3.61s/it]
 67%|██████▋   | 1120/1680 [1:08:21<33:29,  3.59s/it]
 67%|██████▋   | 1121/1680 [1:08:25<33:25,  3.59s/it]
 67%|██████▋   | 1122/1680 [1:08:29<34:01,  3.66s/it]
 67%|██████▋   | 1123/1680 [1:08:33<34:36,  3.73s/it]
 67%|██████▋   | 1124/1680 [1:08:36<34:02,  3.67s/it]
 67%|██████▋   | 1125/1680 [1:08:40<33:47,  3.65s/it]
                                                     
{'loss': 0.4468, 'grad_norm': 0.56640625, 'learning_rate': 1.3046675087128447e-05, 'entropy': 0.4492672863602638, 'num_tokens': 145180146.0, 'mean_token_accuracy': 0.8667559951543808, 'epoch': 3.35}

 67%|██████▋   | 1125/1680 [1:08:40<33:47,  3.65s/it]
 67%|██████▋   | 1126/1680 [1:08:44<33:37,  3.64s/it]
 67%|██████▋   | 1127/1680 [1:08:47<33:25,  3.63s/it]
 67%|██████▋   | 1128/1680 [1:08:51<33:15,  3.62s/it]
 67%|██████▋   | 1129/1680 [1:08:54<33:07,  3.61s/it]
 67%|██████▋   | 1130/1680 [1:08:58<33:03,  3.61s/it]
 67%|██████▋   | 1131/1680 [1:09:02<34:03,  3.72s/it]
 67%|██████▋   | 1132/1680 [1:09:06<34:12,  3.75s/it]
 67%|██████▋   | 1133/1680 [1:09:09<33:46,  3.70s/it]
 68%|██████▊   | 1134/1680 [1:09:13<33:24,  3.67s/it]
 68%|██████▊   | 1135/1680 [1:09:16<33:00,  3.63s/it]
 68%|██████▊   | 1136/1680 [1:09:20<32:43,  3.61s/it]
 68%|██████▊   | 1137/1680 [1:09:24<32:32,  3.60s/it]
 68%|██████▊   | 1138/1680 [1:09:27<32:33,  3.61s/it]
 68%|██████▊   | 1139/1680 [1:09:31<32:29,  3.60s/it]
 68%|██████▊   | 1140/1680 [1:09:35<34:35,  3.84s/it]
 68%|██████▊   | 1141/1680 [1:09:39<33:47,  3.76s/it]
 68%|██████▊   | 1142/1680 [1:09:42<33:15,  3.71s/it]
 68%|██████▊   | 1143/1680 [1:09:46<32:44,  3.66s/it]
 68%|██████▊   | 1144/1680 [1:09:49<32:25,  3.63s/it]
 68%|██████▊   | 1145/1680 [1:09:53<32:06,  3.60s/it]
 68%|██████▊   | 1146/1680 [1:09:57<32:00,  3.60s/it]
 68%|██████▊   | 1147/1680 [1:10:00<31:55,  3.59s/it]
 68%|██████▊   | 1148/1680 [1:10:04<32:27,  3.66s/it]
 68%|██████▊   | 1149/1680 [1:10:08<32:56,  3.72s/it]
 68%|██████▊   | 1150/1680 [1:10:11<32:28,  3.68s/it]
                                                     
{'loss': 0.4337, 'grad_norm': 0.58984375, 'learning_rate': 1.2002342368185637e-05, 'entropy': 0.43761140674352644, 'num_tokens': 148406605.0, 'mean_token_accuracy': 0.8702797555923462, 'epoch': 3.42}

 68%|██████▊   | 1150/1680 [1:10:11<32:28,  3.68s/it]
 69%|██████▊   | 1151/1680 [1:10:15<32:15,  3.66s/it]
 69%|██████▊   | 1152/1680 [1:10:19<31:58,  3.63s/it]
 69%|██████▊   | 1153/1680 [1:10:22<31:47,  3.62s/it]
 69%|██████▊   | 1154/1680 [1:10:26<31:40,  3.61s/it]
 69%|██████▉   | 1155/1680 [1:10:29<31:25,  3.59s/it]
 69%|██████▉   | 1156/1680 [1:10:33<31:16,  3.58s/it]
 69%|██████▉   | 1157/1680 [1:10:37<33:06,  3.80s/it]
 69%|██████▉   | 1158/1680 [1:10:41<32:29,  3.74s/it]
 69%|██████▉   | 1159/1680 [1:10:44<32:03,  3.69s/it]
 69%|██████▉   | 1160/1680 [1:10:48<31:42,  3.66s/it]
 69%|██████▉   | 1161/1680 [1:10:52<31:23,  3.63s/it]
 69%|██████▉   | 1162/1680 [1:10:55<31:08,  3.61s/it]
 69%|██████▉   | 1163/1680 [1:10:59<30:53,  3.59s/it]
 69%|██████▉   | 1164/1680 [1:11:02<30:45,  3.58s/it]
 69%|██████▉   | 1165/1680 [1:11:06<30:45,  3.58s/it]
 69%|██████▉   | 1166/1680 [1:11:10<32:13,  3.76s/it]
 69%|██████▉   | 1167/1680 [1:11:14<31:40,  3.71s/it]
 70%|██████▉   | 1168/1680 [1:11:17<31:16,  3.66s/it]
 70%|██████▉   | 1169/1680 [1:11:21<30:55,  3.63s/it]
 70%|██████▉   | 1170/1680 [1:11:24<30:40,  3.61s/it]
 70%|██████▉   | 1171/1680 [1:11:28<30:29,  3.59s/it]
 70%|██████▉   | 1172/1680 [1:11:31<30:18,  3.58s/it]
 70%|██████▉   | 1173/1680 [1:11:35<30:12,  3.58s/it]
 70%|██████▉   | 1174/1680 [1:11:39<30:46,  3.65s/it]
 70%|██████▉   | 1175/1680 [1:11:43<31:17,  3.72s/it]
                                                     
{'loss': 0.423, 'grad_norm': 0.56640625, 'learning_rate': 1.0988217411707258e-05, 'entropy': 0.425945149064064, 'num_tokens': 151630679.0, 'mean_token_accuracy': 0.8721761947870255, 'epoch': 3.5}

 70%|██████▉   | 1175/1680 [1:11:43<31:17,  3.72s/it]
 70%|███████   | 1176/1680 [1:11:46<30:53,  3.68s/it]
 70%|███████   | 1177/1680 [1:11:50<30:33,  3.64s/it]
 70%|███████   | 1178/1680 [1:11:53<30:22,  3.63s/it]
 70%|███████   | 1179/1680 [1:11:57<30:14,  3.62s/it]
 70%|███████   | 1180/1680 [1:12:01<30:03,  3.61s/it]
 70%|███████   | 1181/1680 [1:12:04<29:48,  3.58s/it]
 70%|███████   | 1182/1680 [1:12:08<29:43,  3.58s/it]
 70%|███████   | 1183/1680 [1:12:12<31:40,  3.82s/it]
 70%|███████   | 1184/1680 [1:12:16<30:58,  3.75s/it]
 71%|███████   | 1185/1680 [1:12:19<30:27,  3.69s/it]
 71%|███████   | 1186/1680 [1:12:23<30:00,  3.65s/it]
 71%|███████   | 1187/1680 [1:12:26<29:44,  3.62s/it]
 71%|███████   | 1188/1680 [1:12:30<29:32,  3.60s/it]
 71%|███████   | 1189/1680 [1:12:33<29:27,  3.60s/it]
 71%|███████   | 1190/1680 [1:12:37<29:17,  3.59s/it]
 71%|███████   | 1191/1680 [1:12:40<29:06,  3.57s/it]
 71%|███████   | 1192/1680 [1:12:45<30:40,  3.77s/it]
 71%|███████   | 1193/1680 [1:12:48<30:07,  3.71s/it]
 71%|███████   | 1194/1680 [1:12:52<29:47,  3.68s/it]
 71%|███████   | 1195/1680 [1:12:55<29:22,  3.63s/it]
 71%|███████   | 1196/1680 [1:12:59<29:06,  3.61s/it]
 71%|███████▏  | 1197/1680 [1:13:03<28:58,  3.60s/it]
 71%|███████▏  | 1198/1680 [1:13:06<28:51,  3.59s/it]
 71%|███████▏  | 1199/1680 [1:13:10<29:34,  3.69s/it]
 71%|███████▏  | 1200/1680 [1:13:14<30:00,  3.75s/it]
                                                     
{'loss': 0.4395, 'grad_norm': 0.6953125, 'learning_rate': 1.0006657138198675e-05, 'entropy': 0.4420331510901451, 'num_tokens': 154866131.0, 'mean_token_accuracy': 0.8677809619903565, 'epoch': 3.57}

 71%|███████▏  | 1200/1680 [1:13:14<30:00,  3.75s/it]

  0%|          | 0/7 [00:00<?, ?it/s][A

 29%|██▊       | 2/7 [00:00<00:00,  7.48it/s][A

 43%|████▎     | 3/7 [00:00<00:00,  5.33it/s][A

 57%|█████▋    | 4/7 [00:00<00:00,  4.67it/s][A

 71%|███████▏  | 5/7 [00:01<00:00,  4.32it/s][A

 86%|████████▌ | 6/7 [00:01<00:00,  4.14it/s][A

100%|██████████| 7/7 [00:01<00:00,  3.77it/s][A
                                                     

                                             
[A{'eval_loss': 0.5255916714668274, 'eval_runtime': 2.1034, 'eval_samples_per_second': 23.295, 'eval_steps_per_second': 3.328, 'eval_entropy': 0.46455722621509005, 'eval_num_tokens': 154866131.0, 'eval_mean_token_accuracy': 0.8494462626320975, 'epoch': 3.57}

 71%|███████▏  | 1200/1680 [1:13:16<30:00,  3.75s/it]

100%|██████████| 7/7 [00:01<00:00,  3.77it/s][A

                                             [A
 71%|███████▏  | 1201/1680 [1:13:30<59:43,  7.48s/it]
 72%|███████▏  | 1202/1680 [1:13:34<50:09,  6.30s/it]
 72%|███████▏  | 1203/1680 [1:13:37<43:23,  5.46s/it]
 72%|███████▏  | 1204/1680 [1:13:41<38:42,  4.88s/it]
 72%|███████▏  | 1205/1680 [1:13:44<35:23,  4.47s/it]
 72%|███████▏  | 1206/1680 [1:13:48<33:08,  4.19s/it]
 72%|███████▏  | 1207/1680 [1:13:51<31:31,  4.00s/it]
 72%|███████▏  | 1208/1680 [1:13:55<30:58,  3.94s/it]
 72%|███████▏  | 1209/1680 [1:13:59<31:09,  3.97s/it]
 72%|███████▏  | 1210/1680 [1:14:03<30:02,  3.83s/it]
 72%|███████▏  | 1211/1680 [1:14:06<29:21,  3.76s/it]
 72%|███████▏  | 1212/1680 [1:14:10<28:47,  3.69s/it]
 72%|███████▏  | 1213/1680 [1:14:13<28:21,  3.64s/it]
 72%|███████▏  | 1214/1680 [1:14:17<28:05,  3.62s/it]
 72%|███████▏  | 1215/1680 [1:14:20<27:52,  3.60s/it]
 72%|███████▏  | 1216/1680 [1:14:24<28:25,  3.68s/it]
 72%|███████▏  | 1217/1680 [1:14:28<28:53,  3.74s/it]
 72%|███████▎  | 1218/1680 [1:14:32<28:21,  3.68s/it]
 73%|███████▎  | 1219/1680 [1:14:35<28:02,  3.65s/it]
 73%|███████▎  | 1220/1680 [1:14:39<27:45,  3.62s/it]
 73%|███████▎  | 1221/1680 [1:14:42<27:34,  3.61s/it]
 73%|███████▎  | 1222/1680 [1:14:46<27:22,  3.59s/it]
 73%|███████▎  | 1223/1680 [1:14:50<27:15,  3.58s/it]
 73%|███████▎  | 1224/1680 [1:14:53<27:10,  3.57s/it]
 73%|███████▎  | 1225/1680 [1:14:57<27:43,  3.66s/it]
                                                     
{'loss': 0.4413, 'grad_norm': 0.57421875, 'learning_rate': 9.059942784820203e-06, 'entropy': 0.44381526440382, 'num_tokens': 158103637.0, 'mean_token_accuracy': 0.8676385390758514, 'epoch': 3.65}

 73%|███████▎  | 1225/1680 [1:14:57<27:43,  3.66s/it]
 73%|███████▎  | 1226/1680 [1:15:01<28:16,  3.74s/it]
 73%|███████▎  | 1227/1680 [1:15:04<27:49,  3.68s/it]
 73%|███████▎  | 1228/1680 [1:15:08<27:28,  3.65s/it]
 73%|███████▎  | 1229/1680 [1:15:12<27:15,  3.63s/it]
 73%|███████▎  | 1230/1680 [1:15:15<27:02,  3.60s/it]
 73%|███████▎  | 1231/1680 [1:15:19<26:47,  3.58s/it]
 73%|███████▎  | 1232/1680 [1:15:22<26:39,  3.57s/it]
 73%|███████▎  | 1233/1680 [1:15:26<26:29,  3.56s/it]
 73%|███████▎  | 1234/1680 [1:15:30<27:00,  3.63s/it]
 74%|███████▎  | 1235/1680 [1:15:33<27:26,  3.70s/it]
 74%|███████▎  | 1236/1680 [1:15:37<27:00,  3.65s/it]
 74%|███████▎  | 1237/1680 [1:15:40<26:42,  3.62s/it]
 74%|███████▎  | 1238/1680 [1:15:44<26:32,  3.60s/it]
 74%|███████▍  | 1239/1680 [1:15:48<26:21,  3.59s/it]
 74%|███████▍  | 1240/1680 [1:15:51<26:11,  3.57s/it]
 74%|███████▍  | 1241/1680 [1:15:55<26:04,  3.56s/it]
 74%|███████▍  | 1242/1680 [1:15:59<27:27,  3.76s/it]
 74%|███████▍  | 1243/1680 [1:16:02<26:56,  3.70s/it]
 74%|███████▍  | 1244/1680 [1:16:06<26:36,  3.66s/it]
 74%|███████▍  | 1245/1680 [1:16:10<26:19,  3.63s/it]
 74%|███████▍  | 1246/1680 [1:16:13<26:08,  3.61s/it]
 74%|███████▍  | 1247/1680 [1:16:17<25:59,  3.60s/it]
 74%|███████▍  | 1248/1680 [1:16:20<25:49,  3.59s/it]
 74%|███████▍  | 1249/1680 [1:16:24<25:40,  3.57s/it]
 74%|███████▍  | 1250/1680 [1:16:27<25:33,  3.57s/it]
                                                     
{'loss': 0.4406, 'grad_norm': 0.58984375, 'learning_rate': 8.150274603580212e-06, 'entropy': 0.4434678754210472, 'num_tokens': 161340114.0, 'mean_token_accuracy': 0.8679451519250869, 'epoch': 3.72}

 74%|███████▍  | 1250/1680 [1:16:27<25:33,  3.57s/it]
 74%|███████▍  | 1251/1680 [1:16:31<26:04,  3.65s/it]
 75%|███████▍  | 1252/1680 [1:16:35<26:31,  3.72s/it]
 75%|███████▍  | 1253/1680 [1:16:39<26:03,  3.66s/it]
 75%|███████▍  | 1254/1680 [1:16:42<25:46,  3.63s/it]
 75%|███████▍  | 1255/1680 [1:16:46<25:29,  3.60s/it]
 75%|███████▍  | 1256/1680 [1:16:49<25:19,  3.58s/it]
 75%|███████▍  | 1257/1680 [1:16:53<25:09,  3.57s/it]
 75%|███████▍  | 1258/1680 [1:16:56<25:04,  3.56s/it]
 75%|███████▍  | 1259/1680 [1:17:00<25:00,  3.56s/it]
 75%|███████▌  | 1260/1680 [1:17:04<26:07,  3.73s/it]
 75%|███████▌  | 1261/1680 [1:17:08<25:40,  3.68s/it]
 75%|███████▌  | 1262/1680 [1:17:11<25:21,  3.64s/it]
 75%|███████▌  | 1263/1680 [1:17:15<25:03,  3.61s/it]
 75%|███████▌  | 1264/1680 [1:17:18<24:52,  3.59s/it]
 75%|███████▌  | 1265/1680 [1:17:22<24:49,  3.59s/it]
 75%|███████▌  | 1266/1680 [1:17:25<24:35,  3.56s/it]
 75%|███████▌  | 1267/1680 [1:17:29<24:28,  3.56s/it]
 75%|███████▌  | 1268/1680 [1:17:33<25:49,  3.76s/it]
 76%|███████▌  | 1269/1680 [1:17:37<25:17,  3.69s/it]
 76%|███████▌  | 1270/1680 [1:17:40<24:56,  3.65s/it]
 76%|███████▌  | 1271/1680 [1:17:44<24:39,  3.62s/it]
 76%|███████▌  | 1272/1680 [1:17:47<24:27,  3.60s/it]
 76%|███████▌  | 1273/1680 [1:17:51<24:17,  3.58s/it]
 76%|███████▌  | 1274/1680 [1:17:54<24:12,  3.58s/it]
 76%|███████▌  | 1275/1680 [1:17:58<24:10,  3.58s/it]
                                                     
{'loss': 0.4349, 'grad_norm': 0.6171875, 'learning_rate': 7.279766747745298e-06, 'entropy': 0.43799511551856996, 'num_tokens': 164574933.0, 'mean_token_accuracy': 0.8692863810062409, 'epoch': 3.79}

 76%|███████▌  | 1275/1680 [1:17:58<24:10,  3.58s/it]
 76%|███████▌  | 1276/1680 [1:18:01<24:02,  3.57s/it]
 76%|███████▌  | 1277/1680 [1:18:05<24:37,  3.67s/it]
 76%|███████▌  | 1278/1680 [1:18:09<24:54,  3.72s/it]
 76%|███████▌  | 1279/1680 [1:18:13<24:30,  3.67s/it]
 76%|███████▌  | 1280/1680 [1:18:16<24:13,  3.63s/it]
 76%|███████▋  | 1281/1680 [1:18:20<24:01,  3.61s/it]
 76%|███████▋  | 1282/1680 [1:18:23<23:49,  3.59s/it]
 76%|███████▋  | 1283/1680 [1:18:27<23:41,  3.58s/it]
 76%|███████▋  | 1284/1680 [1:18:31<23:35,  3.57s/it]
 76%|███████▋  | 1285/1680 [1:18:34<24:04,  3.66s/it]
 77%|███████▋  | 1286/1680 [1:18:38<24:26,  3.72s/it]
 77%|███████▋  | 1287/1680 [1:18:42<23:58,  3.66s/it]
 77%|███████▋  | 1288/1680 [1:18:45<23:39,  3.62s/it]
 77%|███████▋  | 1289/1680 [1:18:49<23:27,  3.60s/it]
 77%|███████▋  | 1290/1680 [1:18:52<23:17,  3.58s/it]
 77%|███████▋  | 1291/1680 [1:18:56<23:07,  3.57s/it]
 77%|███████▋  | 1292/1680 [1:18:59<23:01,  3.56s/it]
 77%|███████▋  | 1293/1680 [1:19:03<23:27,  3.64s/it]
 77%|███████▋  | 1294/1680 [1:19:07<23:41,  3.68s/it]
 77%|███████▋  | 1295/1680 [1:19:11<23:18,  3.63s/it]
 77%|███████▋  | 1296/1680 [1:19:14<23:02,  3.60s/it]
 77%|███████▋  | 1297/1680 [1:19:18<22:55,  3.59s/it]
 77%|███████▋  | 1298/1680 [1:19:21<22:46,  3.58s/it]
 77%|███████▋  | 1299/1680 [1:19:25<22:38,  3.57s/it]
 77%|███████▋  | 1300/1680 [1:19:28<22:30,  3.55s/it]
                                                     
{'loss': 0.4383, 'grad_norm': 0.60546875, 'learning_rate': 6.450442358351891e-06, 'entropy': 0.43978081971406935, 'num_tokens': 167810676.0, 'mean_token_accuracy': 0.8689326751232147, 'epoch': 3.87}

 77%|███████▋  | 1300/1680 [1:19:28<22:30,  3.55s/it]
 77%|███████▋  | 1301/1680 [1:19:32<22:22,  3.54s/it]
 78%|███████▊  | 1302/1680 [1:19:35<22:21,  3.55s/it]
 78%|███████▊  | 1303/1680 [1:19:40<23:26,  3.73s/it]
 78%|███████▊  | 1304/1680 [1:19:43<23:00,  3.67s/it]
 78%|███████▊  | 1305/1680 [1:19:47<22:41,  3.63s/it]
 78%|███████▊  | 1306/1680 [1:19:50<22:25,  3.60s/it]
 78%|███████▊  | 1307/1680 [1:19:54<22:14,  3.58s/it]
 78%|███████▊  | 1308/1680 [1:19:57<22:08,  3.57s/it]
 78%|███████▊  | 1309/1680 [1:20:01<22:03,  3.57s/it]
 78%|███████▊  | 1310/1680 [1:20:04<21:55,  3.56s/it]
 78%|███████▊  | 1311/1680 [1:20:08<22:14,  3.62s/it]
 78%|███████▊  | 1312/1680 [1:20:12<22:41,  3.70s/it]
 78%|███████▊  | 1313/1680 [1:20:15<22:21,  3.65s/it]
 78%|███████▊  | 1314/1680 [1:20:19<22:06,  3.62s/it]
 78%|███████▊  | 1315/1680 [1:20:23<21:54,  3.60s/it]
 78%|███████▊  | 1316/1680 [1:20:26<21:43,  3.58s/it]
 78%|███████▊  | 1317/1680 [1:20:30<21:37,  3.57s/it]
 78%|███████▊  | 1318/1680 [1:20:33<21:29,  3.56s/it]
 79%|███████▊  | 1319/1680 [1:20:37<21:49,  3.63s/it]
 79%|███████▊  | 1320/1680 [1:20:41<22:12,  3.70s/it]
 79%|███████▊  | 1321/1680 [1:20:44<21:51,  3.65s/it]
 79%|███████▊  | 1322/1680 [1:20:48<21:34,  3.62s/it]
 79%|███████▉  | 1323/1680 [1:20:51<21:20,  3.59s/it]
 79%|███████▉  | 1324/1680 [1:20:55<21:09,  3.57s/it]
 79%|███████▉  | 1325/1680 [1:20:59<21:02,  3.56s/it]
                                                     
{'loss': 0.4457, 'grad_norm': 0.5625, 'learning_rate': 5.664228862238763e-06, 'entropy': 0.44858911752700803, 'num_tokens': 171046936.0, 'mean_token_accuracy': 0.8671259129047394, 'epoch': 3.94}

 79%|███████▉  | 1325/1680 [1:20:59<21:02,  3.56s/it]
 79%|███████▉  | 1326/1680 [1:21:02<21:00,  3.56s/it]
 79%|███████▉  | 1327/1680 [1:21:06<20:54,  3.55s/it]
 79%|███████▉  | 1328/1680 [1:21:09<21:22,  3.64s/it]
 79%|███████▉  | 1329/1680 [1:21:13<21:34,  3.69s/it]
 79%|███████▉  | 1330/1680 [1:21:17<21:11,  3.63s/it]
 79%|███████▉  | 1331/1680 [1:21:20<20:57,  3.60s/it]
 79%|███████▉  | 1332/1680 [1:21:24<20:45,  3.58s/it]
 79%|███████▉  | 1333/1680 [1:21:27<20:36,  3.56s/it]
 79%|███████▉  | 1334/1680 [1:21:31<20:35,  3.57s/it]
 79%|███████▉  | 1335/1680 [1:21:34<20:28,  3.56s/it]
 80%|███████▉  | 1336/1680 [1:21:38<20:25,  3.56s/it]
 80%|███████▉  | 1337/1680 [1:21:42<20:42,  3.62s/it]
 80%|███████▉  | 1338/1680 [1:21:46<21:00,  3.69s/it]
 80%|███████▉  | 1339/1680 [1:21:49<20:44,  3.65s/it]
 80%|███████▉  | 1340/1680 [1:21:53<20:30,  3.62s/it]
 80%|███████▉  | 1341/1680 [1:21:56<20:19,  3.60s/it]
 80%|███████▉  | 1342/1680 [1:22:00<20:12,  3.59s/it]
 80%|███████▉  | 1343/1680 [1:22:03<20:01,  3.57s/it]
 80%|████████  | 1344/1680 [1:22:07<20:02,  3.58s/it]
 80%|████████  | 1345/1680 [1:22:11<21:16,  3.81s/it]
 80%|████████  | 1346/1680 [1:22:15<20:44,  3.73s/it]
 80%|████████  | 1347/1680 [1:22:18<20:21,  3.67s/it]
 80%|████████  | 1348/1680 [1:22:22<20:10,  3.65s/it]
 80%|████████  | 1349/1680 [1:22:26<19:58,  3.62s/it]
 80%|████████  | 1350/1680 [1:22:29<19:44,  3.59s/it]
                                                     
{'loss': 0.4369, 'grad_norm': 0.58203125, 'learning_rate': 4.922953492528207e-06, 'entropy': 0.43651418179273604, 'num_tokens': 174182502.0, 'mean_token_accuracy': 0.8700047844648361, 'epoch': 4.02}

 80%|████████  | 1350/1680 [1:22:29<19:44,  3.59s/it]
 80%|████████  | 1351/1680 [1:22:33<19:36,  3.58s/it]
 80%|████████  | 1352/1680 [1:22:36<19:32,  3.57s/it]
 81%|████████  | 1353/1680 [1:22:40<20:16,  3.72s/it]
 81%|████████  | 1354/1680 [1:22:44<19:57,  3.67s/it]
 81%|████████  | 1355/1680 [1:22:47<19:40,  3.63s/it]
 81%|████████  | 1356/1680 [1:22:51<19:28,  3.61s/it]
 81%|████████  | 1357/1680 [1:22:54<19:17,  3.58s/it]
 81%|████████  | 1358/1680 [1:22:58<19:12,  3.58s/it]
 81%|████████  | 1359/1680 [1:23:02<19:07,  3.58s/it]
 81%|████████  | 1360/1680 [1:23:05<19:23,  3.64s/it]
 81%|████████  | 1361/1680 [1:23:09<19:11,  3.61s/it]
 81%|████████  | 1362/1680 [1:23:13<19:32,  3.69s/it]
 81%|████████  | 1363/1680 [1:23:16<19:14,  3.64s/it]
 81%|████████  | 1364/1680 [1:23:20<19:03,  3.62s/it]
 81%|████████▏ | 1365/1680 [1:23:23<18:53,  3.60s/it]
 81%|████████▏ | 1366/1680 [1:23:27<18:40,  3.57s/it]
 81%|████████▏ | 1367/1680 [1:23:30<18:35,  3.56s/it]
 81%|████████▏ | 1368/1680 [1:23:34<18:33,  3.57s/it]
 81%|████████▏ | 1369/1680 [1:23:38<18:27,  3.56s/it]
 82%|████████▏ | 1370/1680 [1:23:41<18:41,  3.62s/it]
 82%|████████▏ | 1371/1680 [1:23:45<18:57,  3.68s/it]
 82%|████████▏ | 1372/1680 [1:23:49<18:38,  3.63s/it]
 82%|████████▏ | 1373/1680 [1:23:52<18:28,  3.61s/it]
 82%|████████▏ | 1374/1680 [1:23:56<18:19,  3.59s/it]
 82%|████████▏ | 1375/1680 [1:23:59<18:14,  3.59s/it]
                                                     
{'loss': 0.4342, 'grad_norm': 0.5703125, 'learning_rate': 4.2283390419666445e-06, 'entropy': 0.43677628219127657, 'num_tokens': 177414665.0, 'mean_token_accuracy': 0.8698451423645019, 'epoch': 4.09}

 82%|████████▏ | 1375/1680 [1:23:59<18:14,  3.59s/it]
 82%|████████▏ | 1376/1680 [1:24:03<18:07,  3.58s/it]
 82%|████████▏ | 1377/1680 [1:24:06<18:00,  3.56s/it]
 82%|████████▏ | 1378/1680 [1:24:10<18:13,  3.62s/it]
 82%|████████▏ | 1379/1680 [1:24:14<18:34,  3.70s/it]
 82%|████████▏ | 1380/1680 [1:24:18<18:20,  3.67s/it]
 82%|████████▏ | 1381/1680 [1:24:21<18:06,  3.63s/it]
 82%|████████▏ | 1382/1680 [1:24:25<17:51,  3.60s/it]
 82%|████████▏ | 1383/1680 [1:24:28<17:44,  3.58s/it]
 82%|████████▏ | 1384/1680 [1:24:32<17:36,  3.57s/it]
 82%|████████▏ | 1385/1680 [1:24:35<17:32,  3.57s/it]
 82%|████████▎ | 1386/1680 [1:24:39<17:44,  3.62s/it]
 83%|████████▎ | 1387/1680 [1:24:43<17:31,  3.59s/it]
 83%|████████▎ | 1388/1680 [1:24:47<17:52,  3.67s/it]
 83%|████████▎ | 1389/1680 [1:24:50<17:37,  3.63s/it]
 83%|████████▎ | 1390/1680 [1:24:54<17:24,  3.60s/it]
 83%|████████▎ | 1391/1680 [1:24:57<17:16,  3.59s/it]
 83%|████████▎ | 1392/1680 [1:25:01<17:08,  3.57s/it]
 83%|████████▎ | 1393/1680 [1:25:04<16:57,  3.55s/it]
 83%|████████▎ | 1394/1680 [1:25:08<16:52,  3.54s/it]
 83%|████████▎ | 1395/1680 [1:25:11<17:03,  3.59s/it]
 83%|████████▎ | 1396/1680 [1:25:15<16:54,  3.57s/it]
 83%|████████▎ | 1397/1680 [1:25:19<17:16,  3.66s/it]
 83%|████████▎ | 1398/1680 [1:25:22<17:00,  3.62s/it]
 83%|████████▎ | 1399/1680 [1:25:26<16:50,  3.60s/it]
 83%|████████▎ | 1400/1680 [1:25:29<16:43,  3.59s/it]
                                                     
{'loss': 0.4415, 'grad_norm': 0.58203125, 'learning_rate': 3.581999858994517e-06, 'entropy': 0.4453359395265579, 'num_tokens': 180654298.0, 'mean_token_accuracy': 0.8684835213422776, 'epoch': 4.17}

 83%|████████▎ | 1400/1680 [1:25:29<16:43,  3.59s/it]
 83%|████████▎ | 1401/1680 [1:25:33<16:36,  3.57s/it]
 83%|████████▎ | 1402/1680 [1:25:37<16:30,  3.56s/it]
 84%|████████▎ | 1403/1680 [1:25:40<16:24,  3.55s/it]
 84%|████████▎ | 1404/1680 [1:25:44<16:40,  3.63s/it]
 84%|████████▎ | 1405/1680 [1:25:48<16:56,  3.70s/it]
 84%|████████▎ | 1406/1680 [1:25:51<16:39,  3.65s/it]
 84%|████████▍ | 1407/1680 [1:25:55<16:24,  3.61s/it]
 84%|████████▍ | 1408/1680 [1:25:58<16:14,  3.58s/it]
 84%|████████▍ | 1409/1680 [1:26:02<16:08,  3.57s/it]
 84%|████████▍ | 1410/1680 [1:26:05<16:03,  3.57s/it]
 84%|████████▍ | 1411/1680 [1:26:09<15:56,  3.56s/it]
 84%|████████▍ | 1412/1680 [1:26:13<16:17,  3.65s/it]
 84%|████████▍ | 1413/1680 [1:26:16<16:05,  3.62s/it]
 84%|████████▍ | 1414/1680 [1:26:20<16:22,  3.69s/it]
 84%|████████▍ | 1415/1680 [1:26:24<16:08,  3.65s/it]
 84%|████████▍ | 1416/1680 [1:26:27<15:56,  3.62s/it]
 84%|████████▍ | 1417/1680 [1:26:31<15:48,  3.61s/it]
 84%|████████▍ | 1418/1680 [1:26:34<15:41,  3.59s/it]
 84%|████████▍ | 1419/1680 [1:26:38<15:36,  3.59s/it]
 85%|████████▍ | 1420/1680 [1:26:41<15:26,  3.57s/it]
 85%|████████▍ | 1421/1680 [1:26:45<15:39,  3.63s/it]
 85%|████████▍ | 1422/1680 [1:26:49<15:55,  3.70s/it]
 85%|████████▍ | 1423/1680 [1:26:53<15:42,  3.67s/it]
 85%|████████▍ | 1424/1680 [1:26:56<15:31,  3.64s/it]
 85%|████████▍ | 1425/1680 [1:27:00<15:20,  3.61s/it]
                                                     
{'loss': 0.4323, 'grad_norm': 0.55859375, 'learning_rate': 2.9854380958505986e-06, 'entropy': 0.4364505237340927, 'num_tokens': 183885345.0, 'mean_token_accuracy': 0.870987890958786, 'epoch': 4.24}

 85%|████████▍ | 1425/1680 [1:27:00<15:20,  3.61s/it]
 85%|████████▍ | 1426/1680 [1:27:03<15:12,  3.59s/it]
 85%|████████▍ | 1427/1680 [1:27:07<15:06,  3.58s/it]
 85%|████████▌ | 1428/1680 [1:27:11<15:03,  3.59s/it]
 85%|████████▌ | 1429/1680 [1:27:14<14:58,  3.58s/it]
 85%|████████▌ | 1430/1680 [1:27:18<15:51,  3.81s/it]
 85%|████████▌ | 1431/1680 [1:27:22<15:28,  3.73s/it]
 85%|████████▌ | 1432/1680 [1:27:26<15:12,  3.68s/it]
 85%|████████▌ | 1433/1680 [1:27:29<14:58,  3.64s/it]
 85%|████████▌ | 1434/1680 [1:27:33<14:48,  3.61s/it]
 85%|████████▌ | 1435/1680 [1:27:36<14:39,  3.59s/it]
 85%|████████▌ | 1436/1680 [1:27:40<14:33,  3.58s/it]
 86%|████████▌ | 1437/1680 [1:27:44<14:53,  3.68s/it]
 86%|████████▌ | 1438/1680 [1:27:47<14:39,  3.64s/it]
 86%|████████▌ | 1439/1680 [1:27:51<14:30,  3.61s/it]
 86%|████████▌ | 1440/1680 [1:27:55<14:45,  3.69s/it]
 86%|████████▌ | 1441/1680 [1:27:58<14:32,  3.65s/it]
 86%|████████▌ | 1442/1680 [1:28:02<14:23,  3.63s/it]
 86%|████████▌ | 1443/1680 [1:28:05<14:14,  3.60s/it]
 86%|████████▌ | 1444/1680 [1:28:09<14:08,  3.60s/it]
 86%|████████▌ | 1445/1680 [1:28:12<14:03,  3.59s/it]
 86%|████████▌ | 1446/1680 [1:28:16<14:00,  3.59s/it]
 86%|████████▌ | 1447/1680 [1:28:20<14:17,  3.68s/it]
 86%|████████▌ | 1448/1680 [1:28:24<14:24,  3.73s/it]
 86%|████████▋ | 1449/1680 [1:28:27<14:09,  3.68s/it]
 86%|████████▋ | 1450/1680 [1:28:31<13:56,  3.64s/it]
                                                     
{'loss': 0.436, 'grad_norm': 0.56640625, 'learning_rate': 2.440040217430864e-06, 'entropy': 0.4387789434194565, 'num_tokens': 187121856.0, 'mean_token_accuracy': 0.8691379284858703, 'epoch': 4.32}

 86%|████████▋ | 1450/1680 [1:28:31<13:56,  3.64s/it]
 86%|████████▋ | 1451/1680 [1:28:34<13:46,  3.61s/it]
 86%|████████▋ | 1452/1680 [1:28:38<13:39,  3.60s/it]
 86%|████████▋ | 1453/1680 [1:28:42<13:33,  3.58s/it]
 87%|████████▋ | 1454/1680 [1:28:45<13:25,  3.56s/it]
 87%|████████▋ | 1455/1680 [1:28:49<13:43,  3.66s/it]
 87%|████████▋ | 1456/1680 [1:28:53<13:54,  3.73s/it]
 87%|████████▋ | 1457/1680 [1:28:56<13:38,  3.67s/it]
 87%|████████▋ | 1458/1680 [1:29:00<13:27,  3.64s/it]
 87%|████████▋ | 1459/1680 [1:29:03<13:17,  3.61s/it]
 87%|████████▋ | 1460/1680 [1:29:07<13:10,  3.59s/it]
 87%|████████▋ | 1461/1680 [1:29:11<13:03,  3.58s/it]
 87%|████████▋ | 1462/1680 [1:29:14<12:56,  3.56s/it]
 87%|████████▋ | 1463/1680 [1:29:18<13:08,  3.63s/it]
 87%|████████▋ | 1464/1680 [1:29:21<13:01,  3.62s/it]
 87%|████████▋ | 1465/1680 [1:29:25<13:14,  3.69s/it]
 87%|████████▋ | 1466/1680 [1:29:29<13:02,  3.65s/it]
 87%|████████▋ | 1467/1680 [1:29:32<12:52,  3.63s/it]
 87%|████████▋ | 1468/1680 [1:29:36<12:44,  3.61s/it]
 87%|████████▋ | 1469/1680 [1:29:40<12:40,  3.60s/it]
 88%|████████▊ | 1470/1680 [1:29:43<12:34,  3.59s/it]
 88%|████████▊ | 1471/1680 [1:29:47<12:29,  3.59s/it]
 88%|████████▊ | 1472/1680 [1:29:50<12:25,  3.59s/it]
 88%|████████▊ | 1473/1680 [1:29:54<12:45,  3.70s/it]
 88%|████████▊ | 1474/1680 [1:29:58<12:52,  3.75s/it]
 88%|████████▊ | 1475/1680 [1:30:02<12:36,  3.69s/it]
                                                     
{'loss': 0.4359, 'grad_norm': 0.56640625, 'learning_rate': 1.947073779015396e-06, 'entropy': 0.4386542347073555, 'num_tokens': 190356079.0, 'mean_token_accuracy': 0.8696157860755921, 'epoch': 4.39}

 88%|████████▊ | 1475/1680 [1:30:02<12:36,  3.69s/it]
 88%|████████▊ | 1476/1680 [1:30:05<12:25,  3.65s/it]
 88%|████████▊ | 1477/1680 [1:30:09<12:17,  3.63s/it]
 88%|████████▊ | 1478/1680 [1:30:12<12:09,  3.61s/it]
 88%|████████▊ | 1479/1680 [1:30:16<12:04,  3.60s/it]
 88%|████████▊ | 1480/1680 [1:30:20<11:57,  3.59s/it]
 88%|████████▊ | 1481/1680 [1:30:23<12:06,  3.65s/it]
 88%|████████▊ | 1482/1680 [1:30:27<12:18,  3.73s/it]
 88%|████████▊ | 1483/1680 [1:30:31<12:06,  3.69s/it]
 88%|████████▊ | 1484/1680 [1:30:34<11:54,  3.65s/it]
 88%|████████▊ | 1485/1680 [1:30:38<11:45,  3.62s/it]
 88%|████████▊ | 1486/1680 [1:30:42<11:38,  3.60s/it]
 89%|████████▊ | 1487/1680 [1:30:45<11:34,  3.60s/it]
 89%|████████▊ | 1488/1680 [1:30:49<11:29,  3.59s/it]
 89%|████████▊ | 1489/1680 [1:30:53<11:43,  3.68s/it]
 89%|████████▊ | 1490/1680 [1:30:56<11:34,  3.65s/it]
 89%|████████▉ | 1491/1680 [1:31:00<11:48,  3.75s/it]
 89%|████████▉ | 1492/1680 [1:31:04<11:35,  3.70s/it]
 89%|████████▉ | 1493/1680 [1:31:07<11:24,  3.66s/it]
 89%|████████▉ | 1494/1680 [1:31:11<11:14,  3.63s/it]
 89%|████████▉ | 1495/1680 [1:31:14<11:07,  3.61s/it]
 89%|████████▉ | 1496/1680 [1:31:18<11:01,  3.60s/it]
 89%|████████▉ | 1497/1680 [1:31:22<10:57,  3.59s/it]
 89%|████████▉ | 1498/1680 [1:31:25<11:06,  3.66s/it]
 89%|████████▉ | 1499/1680 [1:31:29<10:56,  3.63s/it]
 89%|████████▉ | 1500/1680 [1:31:33<11:10,  3.73s/it]
                                                     
{'loss': 0.4344, 'grad_norm': 0.578125, 'learning_rate': 1.5076844803522922e-06, 'entropy': 0.43855892062187196, 'num_tokens': 193587632.0, 'mean_token_accuracy': 0.8696156227588654, 'epoch': 4.46}

 89%|████████▉ | 1500/1680 [1:31:33<11:10,  3.73s/it]

  0%|          | 0/7 [00:00<?, ?it/s][A

 29%|██▊       | 2/7 [00:00<00:00,  7.46it/s][A

 43%|████▎     | 3/7 [00:00<00:00,  5.28it/s][A

 57%|█████▋    | 4/7 [00:00<00:00,  4.61it/s][A

 71%|███████▏  | 5/7 [00:01<00:00,  4.27it/s][A

 86%|████████▌ | 6/7 [00:01<00:00,  4.10it/s][A

100%|██████████| 7/7 [00:01<00:00,  3.74it/s][A
                                                     

                                             
[A{'eval_loss': 0.5265052914619446, 'eval_runtime': 2.0969, 'eval_samples_per_second': 23.368, 'eval_steps_per_second': 3.338, 'eval_entropy': 0.46156800218990873, 'eval_num_tokens': 193587632.0, 'eval_mean_token_accuracy': 0.8495552114077977, 'epoch': 4.46}

 89%|████████▉ | 1500/1680 [1:31:35<11:10,  3.73s/it]

100%|██████████| 7/7 [00:01<00:00,  3.74it/s][A

                                             [A
 89%|████████▉ | 1501/1680 [1:31:51<23:42,  7.95s/it]
 89%|████████▉ | 1502/1680 [1:31:54<19:39,  6.62s/it]
 89%|████████▉ | 1503/1680 [1:31:58<16:49,  5.70s/it]
 90%|████████▉ | 1504/1680 [1:32:01<14:47,  5.04s/it]
 90%|████████▉ | 1505/1680 [1:32:05<13:21,  4.58s/it]
 90%|████████▉ | 1506/1680 [1:32:09<12:38,  4.36s/it]
 90%|████████▉ | 1507/1680 [1:32:12<11:54,  4.13s/it]
 90%|████████▉ | 1508/1680 [1:32:16<11:39,  4.07s/it]
 90%|████████▉ | 1509/1680 [1:32:20<11:08,  3.91s/it]
 90%|████████▉ | 1510/1680 [1:32:23<10:47,  3.81s/it]
 90%|████████▉ | 1511/1680 [1:32:27<10:32,  3.74s/it]
 90%|█████████ | 1512/1680 [1:32:30<10:19,  3.69s/it]
 90%|█████████ | 1513/1680 [1:32:34<10:10,  3.66s/it]
 90%|█████████ | 1514/1680 [1:32:38<10:01,  3.62s/it]
 90%|█████████ | 1515/1680 [1:32:41<09:55,  3.61s/it]
 90%|█████████ | 1516/1680 [1:32:45<10:07,  3.70s/it]
 90%|█████████ | 1517/1680 [1:32:49<09:55,  3.66s/it]
 90%|█████████ | 1518/1680 [1:32:52<09:47,  3.63s/it]
 90%|█████████ | 1519/1680 [1:32:56<09:41,  3.61s/it]
 90%|█████████ | 1520/1680 [1:32:59<09:34,  3.59s/it]
 91%|█████████ | 1521/1680 [1:33:03<09:28,  3.58s/it]
 91%|█████████ | 1522/1680 [1:33:06<09:23,  3.56s/it]
 91%|█████████ | 1523/1680 [1:33:10<09:19,  3.56s/it]
 91%|█████████ | 1524/1680 [1:33:14<09:27,  3.64s/it]
 91%|█████████ | 1525/1680 [1:33:18<09:34,  3.71s/it]
                                                     
{'loss': 0.436, 'grad_norm': 0.546875, 'learning_rate': 1.1228935029451242e-06, 'entropy': 0.43892953395843504, 'num_tokens': 196824349.0, 'mean_token_accuracy': 0.8698501938581467, 'epoch': 4.54}

 91%|█████████ | 1525/1680 [1:33:18<09:34,  3.71s/it]
 91%|█████████ | 1526/1680 [1:33:21<09:23,  3.66s/it]
 91%|█████████ | 1527/1680 [1:33:25<09:15,  3.63s/it]
 91%|█████████ | 1528/1680 [1:33:28<09:09,  3.61s/it]
 91%|█████████ | 1529/1680 [1:33:32<09:02,  3.59s/it]
 91%|█████████ | 1530/1680 [1:33:35<08:58,  3.59s/it]
 91%|█████████ | 1531/1680 [1:33:39<08:53,  3.58s/it]
 91%|█████████ | 1532/1680 [1:33:43<09:08,  3.71s/it]
 91%|█████████▏| 1533/1680 [1:33:47<08:59,  3.67s/it]
 91%|█████████▏| 1534/1680 [1:33:51<09:14,  3.80s/it]
 91%|█████████▏| 1535/1680 [1:33:54<08:59,  3.72s/it]
 91%|█████████▏| 1536/1680 [1:33:58<08:50,  3.68s/it]
 91%|█████████▏| 1537/1680 [1:34:01<08:40,  3.64s/it]
 92%|█████████▏| 1538/1680 [1:34:05<08:31,  3.60s/it]
 92%|█████████▏| 1539/1680 [1:34:08<08:27,  3.60s/it]
 92%|█████████▏| 1540/1680 [1:34:12<08:21,  3.58s/it]
 92%|█████████▏| 1541/1680 [1:34:16<08:16,  3.57s/it]
 92%|█████████▏| 1542/1680 [1:34:20<08:35,  3.73s/it]
 92%|█████████▏| 1543/1680 [1:34:23<08:24,  3.68s/it]
 92%|█████████▏| 1544/1680 [1:34:27<08:15,  3.64s/it]
 92%|█████████▏| 1545/1680 [1:34:30<08:07,  3.61s/it]
 92%|█████████▏| 1546/1680 [1:34:34<08:02,  3.60s/it]
 92%|█████████▏| 1547/1680 [1:34:37<07:57,  3.59s/it]
 92%|█████████▏| 1548/1680 [1:34:41<07:52,  3.58s/it]
 92%|█████████▏| 1549/1680 [1:34:44<07:46,  3.56s/it]
 92%|█████████▏| 1550/1680 [1:34:48<07:50,  3.62s/it]
                                                     
{'loss': 0.4363, 'grad_norm': 0.578125, 'learning_rate': 7.935951367323752e-07, 'entropy': 0.44024008423089983, 'num_tokens': 200057199.0, 'mean_token_accuracy': 0.8690897053480149, 'epoch': 4.61}

 92%|█████████▏| 1550/1680 [1:34:48<07:50,  3.62s/it]
 92%|█████████▏| 1551/1680 [1:34:52<07:57,  3.70s/it]
 92%|█████████▏| 1552/1680 [1:34:56<07:47,  3.65s/it]
 92%|█████████▏| 1553/1680 [1:34:59<07:39,  3.62s/it]
 92%|█████████▎| 1554/1680 [1:35:03<07:34,  3.61s/it]
 93%|█████████▎| 1555/1680 [1:35:06<07:29,  3.60s/it]
 93%|█████████▎| 1556/1680 [1:35:10<07:23,  3.58s/it]
 93%|█████████▎| 1557/1680 [1:35:13<07:18,  3.56s/it]
 93%|█████████▎| 1558/1680 [1:35:17<07:23,  3.63s/it]
 93%|█████████▎| 1559/1680 [1:35:21<07:17,  3.61s/it]
 93%|█████████▎| 1560/1680 [1:35:25<07:23,  3.69s/it]
 93%|█████████▎| 1561/1680 [1:35:28<07:14,  3.65s/it]
 93%|█████████▎| 1562/1680 [1:35:32<07:07,  3.62s/it]
 93%|█████████▎| 1563/1680 [1:35:35<07:01,  3.60s/it]
 93%|█████████▎| 1564/1680 [1:35:39<06:55,  3.59s/it]
 93%|█████████▎| 1565/1680 [1:35:42<06:52,  3.58s/it]
 93%|█████████▎| 1566/1680 [1:35:46<06:47,  3.58s/it]
 93%|█████████▎| 1567/1680 [1:35:50<06:55,  3.68s/it]
 93%|█████████▎| 1568/1680 [1:35:54<06:48,  3.65s/it]
 93%|█████████▎| 1569/1680 [1:35:57<06:40,  3.61s/it]
 93%|█████████▎| 1570/1680 [1:36:01<06:34,  3.59s/it]
 94%|█████████▎| 1571/1680 [1:36:04<06:29,  3.58s/it]
 94%|█████████▎| 1572/1680 [1:36:08<06:24,  3.56s/it]
 94%|█████████▎| 1573/1680 [1:36:11<06:20,  3.55s/it]
 94%|█████████▎| 1574/1680 [1:36:15<06:16,  3.55s/it]
 94%|█████████▍| 1575/1680 [1:36:18<06:12,  3.55s/it]
                                                     
{'loss': 0.4351, 'grad_norm': 0.55078125, 'learning_rate': 5.205547016746303e-07, 'entropy': 0.43917439788579943, 'num_tokens': 203298180.0, 'mean_token_accuracy': 0.8695110315084458, 'epoch': 4.69}

 94%|█████████▍| 1575/1680 [1:36:18<06:12,  3.55s/it]
 94%|█████████▍| 1576/1680 [1:36:22<06:16,  3.62s/it]
 94%|█████████▍| 1577/1680 [1:36:26<06:20,  3.69s/it]
 94%|█████████▍| 1578/1680 [1:36:29<06:11,  3.64s/it]
 94%|█████████▍| 1579/1680 [1:36:33<06:04,  3.61s/it]
 94%|█████████▍| 1580/1680 [1:36:37<05:59,  3.60s/it]
 94%|█████████▍| 1581/1680 [1:36:40<05:54,  3.58s/it]
 94%|█████████▍| 1582/1680 [1:36:44<05:50,  3.58s/it]
 94%|█████████▍| 1583/1680 [1:36:47<05:46,  3.57s/it]
 94%|█████████▍| 1584/1680 [1:36:51<05:57,  3.72s/it]
 94%|█████████▍| 1585/1680 [1:36:55<06:00,  3.79s/it]
 94%|█████████▍| 1586/1680 [1:36:59<05:49,  3.72s/it]
 94%|█████████▍| 1587/1680 [1:37:02<05:41,  3.68s/it]
 95%|█████████▍| 1588/1680 [1:37:06<05:35,  3.64s/it]
 95%|█████████▍| 1589/1680 [1:37:10<05:30,  3.63s/it]
 95%|█████████▍| 1590/1680 [1:37:13<05:24,  3.61s/it]
 95%|█████████▍| 1591/1680 [1:37:17<05:20,  3.60s/it]
 95%|█████████▍| 1592/1680 [1:37:20<05:15,  3.59s/it]
 95%|█████████▍| 1593/1680 [1:37:24<05:26,  3.75s/it]
 95%|█████████▍| 1594/1680 [1:37:28<05:17,  3.69s/it]
 95%|█████████▍| 1595/1680 [1:37:31<05:09,  3.64s/it]
 95%|█████████▌| 1596/1680 [1:37:35<05:04,  3.62s/it]
 95%|█████████▌| 1597/1680 [1:37:39<04:58,  3.59s/it]
 95%|█████████▌| 1598/1680 [1:37:42<04:53,  3.58s/it]
 95%|█████████▌| 1599/1680 [1:37:46<04:50,  3.59s/it]
 95%|█████████▌| 1600/1680 [1:37:49<04:45,  3.57s/it]
                                                     
{'loss': 0.4331, 'grad_norm': 0.5625, 'learning_rate': 3.044067690799707e-07, 'entropy': 0.43634611457586286, 'num_tokens': 206527740.0, 'mean_token_accuracy': 0.8701991122961045, 'epoch': 4.76}

 95%|█████████▌| 1600/1680 [1:37:49<04:45,  3.57s/it]
 95%|█████████▌| 1601/1680 [1:37:53<04:40,  3.55s/it]
 95%|█████████▌| 1602/1680 [1:37:57<04:42,  3.62s/it]
 95%|█████████▌| 1603/1680 [1:38:00<04:44,  3.69s/it]
 95%|█████████▌| 1604/1680 [1:38:04<04:36,  3.64s/it]
 96%|█████████▌| 1605/1680 [1:38:07<04:31,  3.62s/it]
 96%|█████████▌| 1606/1680 [1:38:11<04:26,  3.60s/it]
 96%|█████████▌| 1607/1680 [1:38:15<04:21,  3.58s/it]
 96%|█████████▌| 1608/1680 [1:38:18<04:17,  3.57s/it]
 96%|█████████▌| 1609/1680 [1:38:22<04:13,  3.56s/it]
 96%|█████████▌| 1610/1680 [1:38:25<04:14,  3.63s/it]
 96%|█████████▌| 1611/1680 [1:38:29<04:16,  3.71s/it]
 96%|█████████▌| 1612/1680 [1:38:33<04:08,  3.66s/it]
 96%|█████████▌| 1613/1680 [1:38:36<04:02,  3.63s/it]
 96%|█████████▌| 1614/1680 [1:38:40<03:57,  3.60s/it]
 96%|█████████▌| 1615/1680 [1:38:43<03:52,  3.57s/it]
 96%|█████████▌| 1616/1680 [1:38:47<03:48,  3.57s/it]
 96%|█████████▋| 1617/1680 [1:38:51<03:44,  3.56s/it]
 96%|█████████▋| 1618/1680 [1:38:54<03:40,  3.55s/it]
 96%|█████████▋| 1619/1680 [1:38:58<03:42,  3.65s/it]
 96%|█████████▋| 1620/1680 [1:39:02<03:37,  3.62s/it]
 96%|█████████▋| 1621/1680 [1:39:05<03:31,  3.59s/it]
 97%|█████████▋| 1622/1680 [1:39:09<03:27,  3.58s/it]
 97%|█████████▋| 1623/1680 [1:39:12<03:23,  3.57s/it]
 97%|█████████▋| 1624/1680 [1:39:16<03:19,  3.57s/it]
 97%|█████████▋| 1625/1680 [1:39:19<03:16,  3.57s/it]
                                                     
{'loss': 0.4327, 'grad_norm': 0.578125, 'learning_rate': 1.4565368680136693e-07, 'entropy': 0.43660584062337876, 'num_tokens': 209760218.0, 'mean_token_accuracy': 0.8707014977931976, 'epoch': 4.84}

 97%|█████████▋| 1625/1680 [1:39:19<03:16,  3.57s/it]
 97%|█████████▋| 1626/1680 [1:39:23<03:12,  3.57s/it]
 97%|█████████▋| 1627/1680 [1:39:27<03:13,  3.65s/it]
 97%|█████████▋| 1628/1680 [1:39:31<03:12,  3.71s/it]
 97%|█████████▋| 1629/1680 [1:39:34<03:06,  3.66s/it]
 97%|█████████▋| 1630/1680 [1:39:38<03:01,  3.63s/it]
 97%|█████████▋| 1631/1680 [1:39:41<02:57,  3.61s/it]
 97%|█████████▋| 1632/1680 [1:39:45<02:52,  3.59s/it]
 97%|█████████▋| 1633/1680 [1:39:48<02:48,  3.59s/it]
 97%|█████████▋| 1634/1680 [1:39:52<02:45,  3.59s/it]
 97%|█████████▋| 1635/1680 [1:39:56<02:43,  3.64s/it]
 97%|█████████▋| 1636/1680 [1:39:59<02:39,  3.62s/it]
 97%|█████████▋| 1637/1680 [1:40:03<02:39,  3.71s/it]
 98%|█████████▊| 1638/1680 [1:40:07<02:33,  3.65s/it]
 98%|█████████▊| 1639/1680 [1:40:10<02:29,  3.63s/it]
 98%|█████████▊| 1640/1680 [1:40:14<02:25,  3.63s/it]
 98%|█████████▊| 1641/1680 [1:40:17<02:20,  3.61s/it]
 98%|█████████▊| 1642/1680 [1:40:21<02:17,  3.61s/it]
 98%|█████████▊| 1643/1680 [1:40:25<02:12,  3.59s/it]
 98%|█████████▊| 1644/1680 [1:40:28<02:08,  3.58s/it]
 98%|█████████▊| 1645/1680 [1:40:32<02:11,  3.75s/it]
 98%|█████████▊| 1646/1680 [1:40:36<02:05,  3.70s/it]
 98%|█████████▊| 1647/1680 [1:40:40<02:00,  3.67s/it]
 98%|█████████▊| 1648/1680 [1:40:43<01:56,  3.63s/it]
 98%|█████████▊| 1649/1680 [1:40:47<01:52,  3.62s/it]
 98%|█████████▊| 1650/1680 [1:40:50<01:47,  3.60s/it]
                                                     
{'loss': 0.4371, 'grad_norm': 0.57421875, 'learning_rate': 4.466441173365254e-08, 'entropy': 0.4410354974865913, 'num_tokens': 212983011.0, 'mean_token_accuracy': 0.8687706589698792, 'epoch': 4.91}

 98%|█████████▊| 1650/1680 [1:40:50<01:47,  3.60s/it]
 98%|█████████▊| 1651/1680 [1:40:54<01:43,  3.59s/it]
 98%|█████████▊| 1652/1680 [1:40:57<01:40,  3.59s/it]
 98%|█████████▊| 1653/1680 [1:41:01<01:41,  3.75s/it]
 98%|█████████▊| 1654/1680 [1:41:06<01:40,  3.86s/it]
 99%|█████████▊| 1655/1680 [1:41:09<01:34,  3.78s/it]
 99%|█████████▊| 1656/1680 [1:41:13<01:29,  3.74s/it]
 99%|█████████▊| 1657/1680 [1:41:16<01:25,  3.70s/it]
 99%|█████████▊| 1658/1680 [1:41:20<01:20,  3.67s/it]
 99%|█████████▉| 1659/1680 [1:41:24<01:16,  3.65s/it]
 99%|█████████▉| 1660/1680 [1:41:27<01:12,  3.64s/it]
 99%|█████████▉| 1661/1680 [1:41:31<01:11,  3.77s/it]
 99%|█████████▉| 1662/1680 [1:41:35<01:06,  3.72s/it]
 99%|█████████▉| 1663/1680 [1:41:39<01:05,  3.84s/it]
 99%|█████████▉| 1664/1680 [1:41:43<01:00,  3.76s/it]
 99%|█████████▉| 1665/1680 [1:41:46<00:55,  3.71s/it]
 99%|█████████▉| 1666/1680 [1:41:50<00:51,  3.67s/it]
 99%|█████████▉| 1667/1680 [1:41:53<00:47,  3.64s/it]
 99%|█████████▉| 1668/1680 [1:41:57<00:43,  3.62s/it]
 99%|█████████▉| 1669/1680 [1:42:01<00:39,  3.60s/it]
 99%|█████████▉| 1670/1680 [1:42:05<00:37,  3.74s/it]
 99%|█████████▉| 1671/1680 [1:42:08<00:33,  3.69s/it]
100%|█████████▉| 1672/1680 [1:42:12<00:29,  3.65s/it]
100%|█████████▉| 1673/1680 [1:42:15<00:25,  3.63s/it]
100%|█████████▉| 1674/1680 [1:42:19<00:21,  3.62s/it]
100%|█████████▉| 1675/1680 [1:42:22<00:18,  3.61s/it]
                                                     
{'loss': 0.4408, 'grad_norm': 0.5390625, 'learning_rate': 1.6736523234667234e-09, 'entropy': 0.44315151929855345, 'num_tokens': 216209389.0, 'mean_token_accuracy': 0.8677860170602798, 'epoch': 4.99}

100%|█████████▉| 1675/1680 [1:42:22<00:18,  3.61s/it]
100%|█████████▉| 1676/1680 [1:42:26<00:14,  3.59s/it]
100%|█████████▉| 1677/1680 [1:42:30<00:10,  3.58s/it]
100%|█████████▉| 1678/1680 [1:42:33<00:07,  3.57s/it]
100%|█████████▉| 1679/1680 [1:42:37<00:03,  3.64s/it]
100%|██████████| 1680/1680 [1:42:41<00:00,  3.76s/it]
                                                     
{'train_runtime': 6172.6125, 'train_samples_per_second': 8.704, 'train_steps_per_second': 0.272, 'train_loss': 0.47079724414008006, 'entropy': 0.4281891778111458, 'num_tokens': 216759822.0, 'mean_token_accuracy': 0.8708385258913041, 'epoch': 5.0}

100%|██████████| 1680/1680 [1:42:52<00:00,  3.76s/it]
100%|██████████| 1680/1680 [1:42:52<00:00,  3.67s/it]
Saving final model...
Saving final model...
Saving final model...
Saving final model...
Training complete!
Training complete!
Training complete!
Training complete!
[rank0]:[W609 18:31:48.595044996 ProcessGroupNCCL.cpp:1538] Warning: WARNING: destroy_process_group() was not called before program exit, which can leak resources. For more info, please see https://pytorch.org/docs/stable/distributed.html#shutdown (function operator())
