Loading tokenizer...
<|im_end|> token ID: 151645
Loading datasets...
Loading tokenizer...
Loading tokenizer...
Loading tokenizer...
Train size: 49800
Val size: 200

Sample formatted text (first 500 chars):
<|im_start|>system
You are a mathematical reasoning assistant. Solve problems step by step, showing your detailed reasoning process. For competition math problems, provide your final answer as a specific number.

The last line of your response should be of the form "ANSWER: $ANSWER" where $ANSWER is the answer to the problem.<|im_end|>
<|im_start|>user
What are the integers $k$ such that the following identity is always true for any real numbers $a, b$, and $c$?

$$
(a+b)(b+c)(c+a)=(a+b+c)(a b+b

Last 200 chars:
+ c)(ab + bc + ca) - abc
\]
Thus, the given identity must be:
\[
(a + b)(b + c)(c + a) = (a + b + c)(ab + bc + ca) + (-1)abc
\]
Therefore, the integer \( k \) is \(\boxed{-1}\).

ANSWER: -1<|im_end|>


<|im_end|> appears 3 times in tokenized sample
Total tokens: 2590

Loading model...
`torch_dtype` is deprecated! Use `dtype` instead!
<|im_end|> token ID: 151645
Loading datasets...
<|im_end|> token ID: 151645
Loading datasets...
<|im_end|> token ID: 151645
Loading datasets...
Train size: 49800
Val size: 200

Sample formatted text (first 500 chars):
<|im_start|>system
You are a mathematical reasoning assistant. Solve problems step by step, showing your detailed reasoning process. For competition math problems, provide your final answer as a specific number.

The last line of your response should be of the form "ANSWER: $ANSWER" where $ANSWER is the answer to the problem.<|im_end|>
<|im_start|>user
What are the integers $k$ such that the following identity is always true for any real numbers $a, b$, and $c$?

$$
(a+b)(b+c)(c+a)=(a+b+c)(a b+b

Last 200 chars:
+ c)(ab + bc + ca) - abc
\]
Thus, the given identity must be:
\[
(a + b)(b + c)(c + a) = (a + b + c)(ab + bc + ca) + (-1)abc
\]
Therefore, the integer \( k \) is \(\boxed{-1}\).

ANSWER: -1<|im_end|>


<|im_end|> appears 3 times in tokenized sample
Total tokens: 2590

Loading model...
Train size: 49800
Val size: 200
`torch_dtype` is deprecated! Use `dtype` instead!

Sample formatted text (first 500 chars):
<|im_start|>system
You are a mathematical reasoning assistant. Solve problems step by step, showing your detailed reasoning process. For competition math problems, provide your final answer as a specific number.

The last line of your response should be of the form "ANSWER: $ANSWER" where $ANSWER is the answer to the problem.<|im_end|>
<|im_start|>user
What are the integers $k$ such that the following identity is always true for any real numbers $a, b$, and $c$?

$$
(a+b)(b+c)(c+a)=(a+b+c)(a b+b

Last 200 chars:
+ c)(ab + bc + ca) - abc
\]
Thus, the given identity must be:
\[
(a + b)(b + c)(c + a) = (a + b + c)(ab + bc + ca) + (-1)abc
\]
Therefore, the integer \( k \) is \(\boxed{-1}\).

ANSWER: -1<|im_end|>


<|im_end|> appears 3 times in tokenized sample
Total tokens: 2590

Loading model...
`torch_dtype` is deprecated! Use `dtype` instead!
Train size: 49800
Val size: 200

Sample formatted text (first 500 chars):
<|im_start|>system
You are a mathematical reasoning assistant. Solve problems step by step, showing your detailed reasoning process. For competition math problems, provide your final answer as a specific number.

The last line of your response should be of the form "ANSWER: $ANSWER" where $ANSWER is the answer to the problem.<|im_end|>
<|im_start|>user
What are the integers $k$ such that the following identity is always true for any real numbers $a, b$, and $c$?

$$
(a+b)(b+c)(c+a)=(a+b+c)(a b+b

Last 200 chars:
+ c)(ab + bc + ca) - abc
\]
Thus, the given identity must be:
\[
(a + b)(b + c)(c + a) = (a + b + c)(ab + bc + ca) + (-1)abc
\]
Therefore, the integer \( k \) is \(\boxed{-1}\).

ANSWER: -1<|im_end|>


<|im_end|> appears 3 times in tokenized sample
Total tokens: 2590

Loading model...
`torch_dtype` is deprecated! Use `dtype` instead!

Tokenizing train dataset:   0%|          | 0/49800 [00:00<?, ? examples/s]
Tokenizing train dataset:   0%|          | 32/49800 [00:00<02:50, 291.84 examples/s]
Tokenizing train dataset:   0%|          | 65/49800 [00:00<02:41, 307.04 examples/s]
Tokenizing train dataset:   0%|          | 97/49800 [00:00<03:18, 249.87 examples/s]
Tokenizing train dataset:   0%|          | 131/49800 [00:00<03:00, 274.87 examples/s]
Tokenizing train dataset:   0%|          | 164/49800 [00:00<02:51, 289.59 examples/s]
Tokenizing train dataset:   0%|          | 201/49800 [00:00<02:41, 307.09 examples/s]
Tokenizing train dataset:   0%|          | 234/49800 [00:00<02:42, 305.49 examples/s]
Tokenizing train dataset:   1%|          | 279/49800 [00:00<02:45, 299.90 examples/s]
Tokenizing train dataset:   1%|          | 312/49800 [00:01<02:43, 302.05 examples/s]
Tokenizing train dataset:   1%|          | 344/49800 [00:01<02:41, 305.39 examples/s]
Tokenizing train dataset:   1%|          | 382/49800 [00:01<02:32, 324.07 examples/s]
Tokenizing train dataset:   1%|          | 429/49800 [00:01<02:36, 314.91 examples/s]
Tokenizing train dataset:   1%|          | 475/49800 [00:01<02:39, 309.05 examples/s]
Tokenizing train dataset:   1%|          | 511/49800 [00:01<02:33, 320.76 examples/s]
Tokenizing train dataset:   1%|          | 553/49800 [00:01<02:42, 303.24 examples/s]
Tokenizing train dataset:   1%|          | 587/49800 [00:01<03:00, 273.28 examples/s]
Tokenizing train dataset:   1%|          | 621/49800 [00:02<02:50, 287.89 examples/s]
Tokenizing train dataset:   1%|▏         | 652/49800 [00:02<02:48, 291.02 examples/s]
Tokenizing train dataset:   1%|▏         | 699/49800 [00:02<02:48, 292.17 examples/s]
Tokenizing train dataset:   1%|▏         | 732/49800 [00:02<02:44, 297.60 examples/s]
Tokenizing train dataset:   2%|▏         | 763/49800 [00:02<02:44, 298.51 examples/s]
Tokenizing train dataset:   2%|▏         | 794/49800 [00:02<02:44, 297.82 examples/s]
Tokenizing train dataset:   2%|▏         | 829/49800 [00:02<02:59, 273.47 examples/s]
Tokenizing train dataset:   2%|▏         | 867/49800 [00:02<02:45, 296.44 examples/s]
Tokenizing train dataset:   2%|▏         | 900/49800 [00:03<02:43, 298.48 examples/s]
Tokenizing train dataset:   2%|▏         | 947/49800 [00:03<03:38, 223.78 examples/s]
Tokenizing train dataset:   2%|▏         | 982/49800 [00:03<03:17, 246.89 examples/s]
Tokenizing train dataset:   2%|▏         | 1017/49800 [00:03<04:18, 189.01 examples/s]
Tokenizing train dataset:   2%|▏         | 1051/49800 [00:03<03:48, 213.72 examples/s]
Tokenizing train dataset:   2%|▏         | 1093/49800 [00:03<03:12, 252.39 examples/s]
Tokenizing train dataset:   2%|▏         | 1132/49800 [00:04<03:12, 253.04 examples/s]
Tokenizing train dataset:   2%|▏         | 1171/49800 [00:04<02:51, 282.78 examples/s]
Tokenizing train dataset:   2%|▏         | 1219/49800 [00:04<02:46, 291.60 examples/s]
Tokenizing train dataset:   3%|▎         | 1264/49800 [00:04<02:46, 291.35 examples/s]
Tokenizing train dataset:   3%|▎         | 1300/49800 [00:04<02:39, 304.70 examples/s]
Tokenizing train dataset:   3%|▎         | 1344/49800 [00:04<02:42, 299.02 examples/s]
Tokenizing train dataset:   3%|▎         | 1377/49800 [00:04<02:38, 305.44 examples/s]
Tokenizing train dataset:   3%|▎         | 1426/49800 [00:05<02:36, 309.45 examples/s]
Tokenizing train dataset:   3%|▎         | 1460/49800 [00:05<02:33, 315.74 examples/s]
Tokenizing train dataset:   3%|▎         | 1497/49800 [00:05<02:30, 321.04 examples/s]
Tokenizing train dataset:   3%|▎         | 1542/49800 [00:05<02:35, 310.94 examples/s]
Tokenizing train dataset:   3%|▎         | 1587/49800 [00:05<02:39, 302.75 examples/s]
Tokenizing train dataset:   3%|▎         | 1622/49800 [00:05<02:36, 307.21 examples/s]
Tokenizing train dataset:   3%|▎         | 1654/49800 [00:05<02:36, 308.01 examples/s]
Tokenizing train dataset:   3%|▎         | 1701/49800 [00:05<02:37, 305.21 examples/s]
Tokenizing train dataset:   3%|▎         | 1736/49800 [00:06<02:33, 313.03 examples/s]
Tokenizing train dataset:   4%|▎         | 1788/49800 [00:06<02:31, 316.05 examples/s]
Tokenizing train dataset:   4%|▎         | 1826/49800 [00:06<02:25, 330.78 examples/s]
Tokenizing train dataset:   4%|▍         | 1873/49800 [00:06<02:28, 323.24 examples/s]
Tokenizing train dataset:   4%|▍         | 1920/49800 [00:06<02:31, 315.40 examples/s]
Tokenizing train dataset:   4%|▍         | 1969/49800 [00:06<02:32, 313.64 examples/s]
Tokenizing train dataset:   4%|▍         | 2015/49800 [00:07<03:24, 233.26 examples/s]
Tokenizing train dataset:   4%|▍         | 2049/49800 [00:07<03:11, 249.84 examples/s]
Tokenizing train dataset:   4%|▍         | 2084/49800 [00:07<02:58, 267.77 examples/s]
Tokenizing train dataset:   4%|▍         | 2116/49800 [00:07<02:51, 277.84 examples/s]
Tokenizing train dataset:   4%|▍         | 2160/49800 [00:07<02:50, 279.69 examples/s]
Tokenizing train dataset:   4%|▍         | 2191/49800 [00:07<02:47, 284.68 examples/s]
Tokenizing train dataset:   4%|▍         | 2224/49800 [00:07<02:41, 293.81 examples/s]
Tokenizing train dataset:   5%|▍         | 2259/49800 [00:07<02:36, 303.73 examples/s]
Tokenizing train dataset:   5%|▍         | 2304/49800 [00:07<02:38, 299.07 examples/s]
Tokenizing train dataset:   5%|▍         | 2355/49800 [00:08<02:32, 310.30 examples/s]
Tokenizing train dataset:   5%|▍         | 2408/49800 [00:08<02:27, 321.53 examples/s]
Tokenizing train dataset:   5%|▍         | 2455/49800 [00:08<02:30, 314.55 examples/s]
Tokenizing train dataset:   5%|▍         | 2487/49800 [00:08<02:30, 314.14 examples/s]
Tokenizing train dataset:   5%|▌         | 2521/49800 [00:08<02:28, 318.23 examples/s]
Tokenizing train dataset:   5%|▌         | 2558/49800 [00:08<02:23, 329.00 examples/s]
Tokenizing train dataset:   5%|▌         | 2608/49800 [00:08<02:24, 327.71 examples/s]
Tokenizing train dataset:   5%|▌         | 2643/49800 [00:09<02:23, 328.91 examples/s]
Tokenizing train dataset:   5%|▌         | 2687/49800 [00:09<02:30, 314.01 examples/s]
Tokenizing train dataset:   5%|▌         | 2728/49800 [00:09<02:22, 329.34 examples/s]
Tokenizing train dataset:   6%|▌         | 2768/49800 [00:09<02:15, 346.37 examples/s]
Tokenizing train dataset:   6%|▌         | 2815/49800 [00:09<02:20, 333.91 examples/s]
Tokenizing train dataset:   6%|▌         | 2849/49800 [00:09<02:20, 332.99 examples/s]
Tokenizing train dataset:   6%|▌         | 2897/49800 [00:09<02:29, 313.47 examples/s]
Tokenizing train dataset:   6%|▌         | 2937/49800 [00:09<02:21, 331.30 examples/s]
Tokenizing train dataset:   6%|▌         | 2983/49800 [00:10<02:27, 317.59 examples/s]
Tokenizing train dataset:   6%|▌         | 3034/49800 [00:10<03:23, 229.30 examples/s]
Tokenizing train dataset:   6%|▌         | 3074/49800 [00:10<03:18, 235.10 examples/s]
Tokenizing train dataset:   6%|▋         | 3125/49800 [00:10<02:43, 285.15 examples/s]
Tokenizing train dataset:   6%|▋         | 3174/49800 [00:10<02:22, 327.10 examples/s]
Tokenizing train dataset:   6%|▋         | 3230/49800 [00:10<02:02, 378.71 examples/s]
Tokenizing train dataset:   7%|▋         | 3285/49800 [00:10<01:50, 419.67 examples/s]
Tokenizing train dataset:   7%|▋         | 3341/49800 [00:11<01:42, 453.00 examples/s]
Tokenizing train dataset:   7%|▋         | 3392/49800 [00:11<01:41, 456.77 examples/s]
Tokenizing train dataset:   7%|▋         | 3450/49800 [00:11<02:01, 380.05 examples/s]
Tokenizing train dataset:   7%|▋         | 3505/49800 [00:11<02:03, 374.65 examples/s]
Tokenizing train dataset:   7%|▋         | 3547/49800 [00:11<02:16, 338.04 examples/s]
Tokenizing train dataset:   7%|▋         | 3600/49800 [00:11<02:15, 340.22 examples/s]
Tokenizing train dataset:   7%|▋         | 3653/49800 [00:12<02:16, 337.78 examples/s]
Tokenizing train dataset:   7%|▋         | 3701/49800 [00:12<02:22, 324.30 examples/s]
Tokenizing train dataset:   8%|▊         | 3735/49800 [00:12<02:21, 324.87 examples/s]
Tokenizing train dataset:   8%|▊         | 3771/49800 [00:12<02:21, 325.56 examples/s]
Tokenizing train dataset:   8%|▊         | 3811/49800 [00:12<02:14, 340.81 examples/s]
Tokenizing train dataset:   8%|▊         | 3847/49800 [00:12<02:13, 343.92 examples/s]
Tokenizing train dataset:   8%|▊         | 3895/49800 [00:12<02:19, 329.53 examples/s]
Tokenizing train dataset:   8%|▊         | 3929/49800 [00:12<02:18, 330.41 examples/s]
Tokenizing train dataset:   8%|▊         | 3978/49800 [00:13<02:21, 323.56 examples/s]
Tokenizing train dataset:   8%|▊         | 4014/49800 [00:13<03:22, 226.15 examples/s]
Tokenizing train dataset:   8%|▊         | 4051/49800 [00:13<03:00, 253.45 examples/s]
Tokenizing train dataset:   8%|▊         | 4098/49800 [00:13<02:51, 267.26 examples/s]
Tokenizing train dataset:   8%|▊         | 4128/49800 [00:13<02:47, 273.31 examples/s]
Tokenizing train dataset:   8%|▊         | 4159/49800 [00:13<02:42, 280.20 examples/s]
Tokenizing train dataset:   8%|▊         | 4207/49800 [00:13<02:38, 287.93 examples/s]
Tokenizing train dataset:   9%|▊         | 4249/49800 [00:14<02:22, 318.87 examples/s]
Tokenizing train dataset:   9%|▊         | 4301/49800 [00:14<02:03, 367.30 examples/s]
Tokenizing train dataset:   9%|▉         | 4362/49800 [00:14<01:45, 430.28 examples/s]
Tokenizing train dataset:   9%|▉         | 4424/49800 [00:14<01:35, 476.26 examples/s]
Tokenizing train dataset:   9%|▉         | 4479/49800 [00:14<01:31, 494.81 examples/s]
Tokenizing train dataset:   9%|▉         | 4544/49800 [00:14<01:24, 533.80 examples/s]
Tokenizing train dataset:   9%|▉         | 4605/49800 [00:14<01:21, 553.95 examples/s]
Tokenizing train dataset:   9%|▉         | 4669/49800 [00:14<01:18, 574.45 examples/s]
Tokenizing train dataset:  10%|▉         | 4756/49800 [00:15<01:51, 405.03 examples/s]
Tokenizing train dataset:  10%|▉         | 4817/49800 [00:15<01:52, 398.71 examples/s]
Tokenizing train dataset:  10%|▉         | 4874/49800 [00:15<01:43, 433.13 examples/s]
Tokenizing train dataset:  10%|▉         | 4939/49800 [00:15<01:34, 476.94 examples/s]
Tokenizing train dataset:  10%|█         | 5000/49800 [00:15<01:48, 411.41 examples/s]
Tokenizing train dataset:  10%|█         | 5054/49800 [00:15<01:42, 434.49 examples/s]
Tokenizing train dataset:  10%|█         | 5105/49800 [00:15<01:40, 446.43 examples/s]
Tokenizing train dataset:  10%|█         | 5162/49800 [00:15<01:33, 475.72 examples/s]
Tokenizing train dataset:  10%|█         | 5221/49800 [00:16<01:28, 501.25 examples/s]
Tokenizing train dataset:  11%|█         | 5278/49800 [00:16<01:27, 511.24 examples/s]
Tokenizing train dataset:  11%|█         | 5342/49800 [00:16<01:21, 545.86 examples/s]
Tokenizing train dataset:  11%|█         | 5401/49800 [00:16<01:20, 554.81 examples/s]
Tokenizing train dataset:  11%|█         | 5467/49800 [00:16<01:15, 583.60 examples/s]
Tokenizing train dataset:  11%|█         | 5547/49800 [00:16<01:19, 559.26 examples/s]
Tokenizing train dataset:  11%|█▏        | 5609/49800 [00:16<01:17, 570.26 examples/s]
Tokenizing train dataset:  11%|█▏        | 5696/49800 [00:16<01:17, 565.71 examples/s]
Tokenizing train dataset:  12%|█▏        | 5757/49800 [00:16<01:16, 573.85 examples/s]
Tokenizing train dataset:  12%|█▏        | 5817/49800 [00:17<01:16, 578.15 examples/s]
Tokenizing train dataset:  12%|█▏        | 5885/49800 [00:17<01:12, 604.26 examples/s]
Tokenizing train dataset:  12%|█▏        | 5949/49800 [00:17<01:12, 605.65 examples/s]
Tokenizing train dataset:  12%|█▏        | 6022/49800 [00:17<01:33, 467.49 examples/s]
Tokenizing train dataset:  12%|█▏        | 6076/49800 [00:17<01:30, 483.66 examples/s]
Tokenizing train dataset:  12%|█▏        | 6150/49800 [00:17<01:29, 485.73 examples/s]
Tokenizing train dataset:  12%|█▏        | 6223/49800 [00:17<01:29, 484.32 examples/s]
Tokenizing train dataset:  13%|█▎        | 6278/49800 [00:18<01:27, 494.83 examples/s]
Tokenizing train dataset:  13%|█▎        | 6338/49800 [00:18<01:23, 517.91 examples/s]
Tokenizing train dataset:  13%|█▎        | 6395/49800 [00:18<01:22, 527.73 examples/s]
Tokenizing train dataset:  13%|█▎        | 6479/49800 [00:18<01:21, 531.82 examples/s]
Tokenizing train dataset:  13%|█▎        | 6543/49800 [00:18<01:17, 556.02 examples/s]
Tokenizing train dataset:  13%|█▎        | 6612/49800 [00:18<01:13, 590.08 examples/s]
Tokenizing train dataset:  13%|█▎        | 6674/49800 [00:18<01:12, 596.43 examples/s]
Tokenizing train dataset:  14%|█▎        | 6735/49800 [00:18<01:11, 598.62 examples/s]
Tokenizing train dataset:  14%|█▎        | 6796/49800 [00:18<01:11, 600.40 examples/s]
Tokenizing train dataset:  14%|█▍        | 6859/49800 [00:18<01:10, 607.92 examples/s]
Tokenizing train dataset:  14%|█▍        | 6923/49800 [00:19<01:09, 615.78 examples/s]
Tokenizing train dataset:  14%|█▍        | 6987/49800 [00:19<01:08, 621.01 examples/s]
Tokenizing train dataset:  14%|█▍        | 7057/49800 [00:19<01:28, 481.84 examples/s]
Tokenizing train dataset:  14%|█▍        | 7139/49800 [00:19<01:26, 495.73 examples/s]
Tokenizing train dataset:  14%|█▍        | 7202/49800 [00:19<01:21, 522.30 examples/s]
Tokenizing train dataset:  15%|█▍        | 7260/49800 [00:19<01:19, 532.09 examples/s]
Tokenizing train dataset:  15%|█▍        | 7320/49800 [00:19<01:17, 546.69 examples/s]
Tokenizing train dataset:  15%|█▍        | 7401/49800 [00:20<01:18, 542.03 examples/s]
Tokenizing train dataset:  15%|█▌        | 7482/49800 [00:20<01:18, 537.26 examples/s]
Tokenizing train dataset:  15%|█▌        | 7540/49800 [00:20<01:17, 546.16 examples/s]
Tokenizing train dataset:  15%|█▌        | 7624/49800 [00:20<01:17, 546.56 examples/s]
Tokenizing train dataset:  15%|█▌        | 7681/49800 [00:20<01:17, 546.40 examples/s]
Tokenizing train dataset:  16%|█▌        | 7742/49800 [00:20<01:14, 561.61 examples/s]
Tokenizing train dataset:  16%|█▌        | 7803/49800 [00:20<01:13, 572.18 examples/s]
Tokenizing train dataset:  16%|█▌        | 7866/49800 [00:20<01:11, 582.56 examples/s]
Tokenizing train dataset:  16%|█▌        | 7931/49800 [00:20<01:10, 592.93 examples/s]
Tokenizing train dataset:  16%|█▌        | 8000/49800 [00:21<01:29, 464.82 examples/s]
Tokenizing train dataset:  16%|█▌        | 8057/49800 [00:21<01:25, 486.52 examples/s]
Tokenizing train dataset:  16%|█▋        | 8115/49800 [00:21<01:22, 504.77 examples/s]
Tokenizing train dataset:  16%|█▋        | 8201/49800 [00:21<01:19, 525.90 examples/s]
Tokenizing train dataset:  17%|█▋        | 8260/49800 [00:21<01:17, 536.85 examples/s]
Tokenizing train dataset:  17%|█▋        | 8317/49800 [00:21<01:16, 542.83 examples/s]
Tokenizing train dataset:  17%|█▋        | 8373/49800 [00:21<01:15, 546.62 examples/s]
Tokenizing train dataset:  17%|█▋        | 8434/49800 [00:21<01:13, 562.58 examples/s]
Tokenizing train dataset:  17%|█▋        | 8495/49800 [00:22<01:12, 573.30 examples/s]
Tokenizing train dataset:  17%|█▋        | 8572/49800 [00:22<01:15, 546.43 examples/s]
Tokenizing train dataset:  17%|█▋        | 8641/49800 [00:22<01:11, 572.88 examples/s]
Tokenizing train dataset:  17%|█▋        | 8705/49800 [00:22<01:10, 586.64 examples/s]
Tokenizing train dataset:  18%|█▊        | 8767/49800 [00:22<01:09, 592.60 examples/s]
Tokenizing train dataset:  18%|█▊        | 8850/49800 [00:22<01:11, 573.64 examples/s]
Tokenizing train dataset:  18%|█▊        | 8916/49800 [00:22<01:08, 593.36 examples/s]
Tokenizing train dataset:  18%|█▊        | 8984/49800 [00:22<01:06, 612.21 examples/s]
Tokenizing train dataset:  18%|█▊        | 9055/49800 [00:23<01:26, 468.96 examples/s]
Tokenizing train dataset:  18%|█▊        | 9128/49800 [00:23<01:26, 472.11 examples/s]
Tokenizing train dataset:  18%|█▊        | 9186/49800 [00:23<01:22, 489.72 examples/s]
Tokenizing train dataset:  19%|█▊        | 9245/49800 [00:23<01:19, 510.45 examples/s]
Tokenizing train dataset:  19%|█▊        | 9299/49800 [00:23<01:18, 514.46 examples/s]
Tokenizing train dataset:  19%|█▉        | 9361/49800 [00:23<01:15, 534.06 examples/s]
Tokenizing train dataset:  19%|█▉        | 9419/49800 [00:23<01:14, 544.54 examples/s]
Tokenizing train dataset:  19%|█▉        | 9491/49800 [00:23<01:08, 589.79 examples/s]
Tokenizing train dataset:  19%|█▉        | 9580/49800 [00:24<01:17, 517.19 examples/s]
Tokenizing train dataset:  19%|█▉        | 9654/49800 [00:24<01:19, 507.62 examples/s]
Tokenizing train dataset:  20%|█▉        | 9731/49800 [00:24<01:19, 505.20 examples/s]
Tokenizing train dataset:  20%|█▉        | 9791/49800 [00:24<01:16, 520.04 examples/s]
Tokenizing train dataset:  20%|█▉        | 9847/49800 [00:24<01:15, 527.72 examples/s]
Tokenizing train dataset:  20%|█▉        | 9906/49800 [00:24<01:14, 534.91 examples/s]
Tokenizing train dataset:  20%|██        | 9961/49800 [00:24<01:14, 535.26 examples/s]
Tokenizing train dataset:  20%|██        | 10025/49800 [00:25<01:36, 412.51 examples/s]
Tokenizing train dataset:  20%|██        | 10090/49800 [00:25<01:35, 417.20 examples/s]
Tokenizing train dataset:  20%|██        | 10149/49800 [00:25<02:02, 323.25 examples/s]
Tokenizing train dataset:  20%|██        | 10201/49800 [00:25<01:50, 359.03 examples/s]
Tokenizing train dataset:  21%|██        | 10264/49800 [00:25<01:35, 414.39 examples/s]
Tokenizing train dataset:  21%|██        | 10316/49800 [00:25<01:30, 438.28 examples/s]
Tokenizing train dataset:  21%|██        | 10372/49800 [00:25<01:24, 465.82 examples/s]
Tokenizing train dataset:  21%|██        | 10428/49800 [00:25<01:21, 484.43 examples/s]
Tokenizing train dataset:  21%|██        | 10510/49800 [00:26<01:18, 499.18 examples/s]
Tokenizing train dataset:  21%|██        | 10566/49800 [00:26<01:16, 510.18 examples/s]
Tokenizing train dataset:  21%|██▏       | 10649/49800 [00:26<01:15, 518.54 examples/s]
Tokenizing train dataset:  22%|██▏       | 10729/49800 [00:26<01:15, 520.01 examples/s]
Tokenizing train dataset:  22%|██▏       | 10789/49800 [00:26<01:12, 536.19 examples/s]
Tokenizing train dataset:  22%|██▏       | 10849/49800 [00:26<01:10, 549.87 examples/s]
Tokenizing train dataset:  22%|██▏       | 10905/49800 [00:26<01:11, 546.17 examples/s]
Tokenizing train dataset:  22%|██▏       | 10961/49800 [00:26<01:10, 549.50 examples/s]
Tokenizing train dataset:  22%|██▏       | 11022/49800 [00:27<01:30, 428.69 examples/s]
Tokenizing train dataset:  22%|██▏       | 11084/49800 [00:27<01:22, 468.18 examples/s]
Tokenizing train dataset:  22%|██▏       | 11137/49800 [00:27<01:20, 479.07 examples/s]
Tokenizing train dataset:  22%|██▏       | 11197/49800 [00:27<01:16, 505.15 examples/s]
Tokenizing train dataset:  23%|██▎       | 11256/49800 [00:27<01:13, 527.10 examples/s]
Tokenizing train dataset:  23%|██▎       | 11311/49800 [00:27<01:12, 527.47 examples/s]
Tokenizing train dataset:  23%|██▎       | 11393/49800 [00:27<01:12, 531.75 examples/s]
Tokenizing train dataset:  23%|██▎       | 11450/49800 [00:27<01:11, 540.07 examples/s]
Tokenizing train dataset:  23%|██▎       | 11506/49800 [00:28<01:10, 544.36 examples/s]
Tokenizing train dataset:  23%|██▎       | 11567/49800 [00:28<01:08, 559.33 examples/s]
Tokenizing train dataset:  23%|██▎       | 11631/49800 [00:28<01:05, 579.36 examples/s]
Tokenizing train dataset:  23%|██▎       | 11693/49800 [00:28<01:04, 588.19 examples/s]
Tokenizing train dataset:  24%|██▎       | 11754/49800 [00:28<01:04, 588.63 examples/s]
Tokenizing train dataset:  24%|██▍       | 11843/49800 [00:28<01:04, 585.22 examples/s]
Tokenizing train dataset:  24%|██▍       | 11932/49800 [00:28<01:04, 584.58 examples/s]
Tokenizing train dataset:  24%|██▍       | 11993/49800 [00:28<01:04, 588.42 examples/s]
Tokenizing train dataset:  24%|██▍       | 12060/49800 [00:29<01:21, 465.56 examples/s]
Tokenizing train dataset:  24%|██▍       | 12115/49800 [00:29<01:18, 479.15 examples/s]
Tokenizing train dataset:  24%|██▍       | 12173/49800 [00:29<01:16, 493.13 examples/s]
Tokenizing train dataset:  25%|██▍       | 12227/49800 [00:29<01:15, 497.77 examples/s]
Tokenizing train dataset:  25%|██▍       | 12279/49800 [00:29<01:14, 502.48 examples/s]
Tokenizing train dataset:  25%|██▍       | 12338/49800 [00:29<01:11, 524.17 examples/s]
Tokenizing train dataset:  25%|██▍       | 12397/49800 [00:29<01:09, 541.11 examples/s]
Tokenizing train dataset:  25%|██▌       | 12473/49800 [00:29<01:11, 524.03 examples/s]
Tokenizing train dataset:  25%|██▌       | 12539/49800 [00:29<01:07, 555.86 examples/s]
Tokenizing train dataset:  25%|██▌       | 12623/49800 [00:30<01:06, 554.95 examples/s]
Tokenizing train dataset:  25%|██▌       | 12686/49800 [00:30<01:05, 570.66 examples/s]
Tokenizing train dataset:  26%|██▌       | 12746/49800 [00:30<01:04, 575.61 examples/s]
Tokenizing train dataset:  26%|██▌       | 12808/49800 [00:30<01:04, 574.37 examples/s]
Tokenizing train dataset:  26%|██▌       | 12873/49800 [00:30<01:02, 592.51 examples/s]
Tokenizing train dataset:  26%|██▌       | 12943/49800 [00:30<01:00, 613.02 examples/s]
Tokenizing train dataset:  26%|██▌       | 13026/49800 [00:30<01:15, 485.22 examples/s]
Tokenizing train dataset:  26%|██▋       | 13087/49800 [00:30<01:11, 511.52 examples/s]
Tokenizing train dataset:  26%|██▋       | 13170/49800 [00:31<01:09, 523.64 examples/s]
Tokenizing train dataset:  27%|██▋       | 13245/49800 [00:31<01:11, 513.29 examples/s]
Tokenizing train dataset:  27%|██▋       | 13326/49800 [00:31<01:10, 519.36 examples/s]
Tokenizing train dataset:  27%|██▋       | 13403/49800 [00:31<01:10, 515.29 examples/s]
Tokenizing train dataset:  27%|██▋       | 13466/49800 [00:31<01:07, 535.44 examples/s]
Tokenizing train dataset:  27%|██▋       | 13550/49800 [00:31<01:07, 539.93 examples/s]
Tokenizing train dataset:  27%|██▋       | 13609/49800 [00:31<01:05, 549.89 examples/s]
Tokenizing train dataset:  27%|██▋       | 13677/49800 [00:32<01:02, 579.62 examples/s]
Tokenizing train dataset:  28%|██▊       | 13747/49800 [00:32<00:59, 608.63 examples/s]
Tokenizing train dataset:  28%|██▊       | 13818/49800 [00:32<00:57, 630.41 examples/s]
Tokenizing train dataset:  28%|██▊       | 13909/49800 [00:32<00:58, 616.82 examples/s]
Tokenizing train dataset:  28%|██▊       | 13972/49800 [00:32<00:57, 619.25 examples/s]
Tokenizing train dataset:  28%|██▊       | 14062/49800 [00:32<01:12, 490.84 examples/s]
Tokenizing train dataset:  28%|██▊       | 14146/49800 [00:32<01:10, 508.97 examples/s]
Tokenizing train dataset:  29%|██▊       | 14208/49800 [00:33<01:14, 478.04 examples/s]
Tokenizing train dataset:  29%|██▊       | 14262/49800 [00:33<01:12, 490.91 examples/s]
Tokenizing train dataset:  29%|██▉       | 14344/49800 [00:33<01:10, 506.24 examples/s]
Tokenizing train dataset:  29%|██▉       | 14421/49800 [00:33<01:10, 501.14 examples/s]
Tokenizing train dataset:  29%|██▉       | 14478/49800 [00:33<01:08, 513.78 examples/s]
Tokenizing train dataset:  29%|██▉       | 14539/49800 [00:33<01:05, 536.04 examples/s]
Tokenizing train dataset:  29%|██▉       | 14600/49800 [00:33<01:03, 551.46 examples/s]
Tokenizing train dataset:  29%|██▉       | 14657/49800 [00:33<01:12, 487.83 examples/s]
Tokenizing train dataset:  30%|██▉       | 14710/49800 [00:34<01:10, 496.37 examples/s]
Tokenizing train dataset:  30%|██▉       | 14782/49800 [00:34<01:03, 551.70 examples/s]
Tokenizing train dataset:  30%|██▉       | 14851/49800 [00:34<01:07, 514.81 examples/s]
Tokenizing train dataset:  30%|██▉       | 14909/49800 [00:34<01:06, 526.65 examples/s]
Tokenizing train dataset:  30%|███       | 14965/49800 [00:34<01:06, 524.14 examples/s]
Tokenizing train dataset:  30%|███       | 15026/49800 [00:34<01:21, 429.09 examples/s]
Tokenizing train dataset:  30%|███       | 15082/49800 [00:34<01:16, 454.10 examples/s]
Tokenizing train dataset:  30%|███       | 15143/49800 [00:34<01:19, 433.83 examples/s]
Tokenizing train dataset:  31%|███       | 15195/49800 [00:35<01:16, 453.02 examples/s]
Tokenizing train dataset:  31%|███       | 15254/49800 [00:35<01:20, 428.07 examples/s]
Tokenizing train dataset:  31%|███       | 15315/49800 [00:35<01:22, 418.82 examples/s]
Tokenizing train dataset:  31%|███       | 15363/49800 [00:35<01:30, 381.13 examples/s]
Tokenizing train dataset:  31%|███       | 15406/49800 [00:35<01:29, 383.96 examples/s]
Tokenizing train dataset:  31%|███       | 15449/49800 [00:35<01:27, 391.78 examples/s]
Tokenizing train dataset:  31%|███       | 15504/49800 [00:35<01:29, 381.60 examples/s]
Tokenizing train dataset:  31%|███       | 15546/49800 [00:35<01:30, 379.54 examples/s]
Tokenizing train dataset:  31%|███▏      | 15608/49800 [00:36<01:27, 388.64 examples/s]
Tokenizing train dataset:  31%|███▏      | 15653/49800 [00:36<01:53, 300.45 examples/s]
Tokenizing train dataset:  32%|███▏      | 15712/49800 [00:36<01:35, 357.88 examples/s]
Tokenizing train dataset:  32%|███▏      | 15762/49800 [00:36<01:27, 386.81 examples/s]
Tokenizing train dataset:  32%|███▏      | 15827/49800 [00:36<01:16, 443.92 examples/s]
Tokenizing train dataset:  32%|███▏      | 15888/49800 [00:36<01:10, 483.28 examples/s]
Tokenizing train dataset:  32%|███▏      | 15954/49800 [00:36<01:04, 525.04 examples/s]
Tokenizing train dataset:  32%|███▏      | 16029/49800 [00:37<01:18, 427.98 examples/s]
Tokenizing train dataset:  32%|███▏      | 16078/49800 [00:37<01:17, 437.78 examples/s]
Tokenizing train dataset:  32%|███▏      | 16134/49800 [00:37<01:12, 462.12 examples/s]
Tokenizing train dataset:  33%|███▎      | 16208/49800 [00:37<01:11, 468.88 examples/s]
Tokenizing train dataset:  33%|███▎      | 16262/49800 [00:37<01:10, 478.71 examples/s]
Tokenizing train dataset:  33%|███▎      | 16318/49800 [00:37<01:07, 495.59 examples/s]
Tokenizing train dataset:  33%|███▎      | 16370/49800 [00:37<01:07, 496.18 examples/s]
Tokenizing train dataset:  33%|███▎      | 16428/49800 [00:37<01:04, 518.01 examples/s]
Tokenizing train dataset:  33%|███▎      | 16508/49800 [00:38<01:03, 522.21 examples/s]
Tokenizing train dataset:  33%|███▎      | 16575/49800 [00:38<00:59, 557.26 examples/s]
Tokenizing train dataset:  33%|███▎      | 16636/49800 [00:38<00:58, 567.97 examples/s]
Tokenizing train dataset:  34%|███▎      | 16696/49800 [00:38<00:57, 575.14 examples/s]
Tokenizing train dataset:  34%|███▎      | 16761/49800 [00:38<00:56, 589.43 examples/s]
Tokenizing train dataset:  34%|███▍      | 16848/49800 [00:38<00:56, 582.26 examples/s]
Tokenizing train dataset:  34%|███▍      | 16910/49800 [00:38<00:55, 589.55 examples/s]
Tokenizing train dataset:  34%|███▍      | 16979/49800 [00:38<00:53, 613.98 examples/s]
Tokenizing train dataset:  34%|███▍      | 17047/49800 [00:39<01:10, 466.08 examples/s]
Tokenizing train dataset:  34%|███▍      | 17100/49800 [00:39<01:08, 478.22 examples/s]
Tokenizing train dataset:  34%|███▍      | 17171/49800 [00:39<01:09, 466.46 examples/s]
Tokenizing train dataset:  35%|███▍      | 17226/49800 [00:39<01:07, 482.82 examples/s]
Tokenizing train dataset:  35%|███▍      | 17278/49800 [00:39<01:06, 490.92 examples/s]
Tokenizing train dataset:  35%|███▍      | 17338/49800 [00:39<01:03, 513.12 examples/s]
Tokenizing train dataset:  35%|███▍      | 17398/49800 [00:39<01:00, 534.35 examples/s]
Tokenizing train dataset:  35%|███▌      | 17457/49800 [00:39<00:59, 547.63 examples/s]
Tokenizing train dataset:  35%|███▌      | 17520/49800 [00:39<00:56, 568.91 examples/s]
Tokenizing train dataset:  35%|███▌      | 17600/49800 [00:40<00:58, 550.81 examples/s]
Tokenizing train dataset:  35%|███▌      | 17669/49800 [00:40<00:55, 582.02 examples/s]
Tokenizing train dataset:  36%|███▌      | 17730/49800 [00:40<00:54, 588.30 examples/s]
Tokenizing train dataset:  36%|███▌      | 17813/49800 [00:40<00:55, 572.31 examples/s]
Tokenizing train dataset:  36%|███▌      | 17892/49800 [00:40<00:57, 552.46 examples/s]
Tokenizing train dataset:  36%|███▌      | 17954/49800 [00:40<00:56, 567.69 examples/s]
Tokenizing train dataset:  36%|███▌      | 18024/49800 [00:40<01:10, 448.91 examples/s]
Tokenizing train dataset:  36%|███▋      | 18083/49800 [00:41<01:06, 478.57 examples/s]
Tokenizing train dataset:  36%|███▋      | 18142/49800 [00:41<01:02, 503.25 examples/s]
Tokenizing train dataset:  37%|███▋      | 18203/49800 [00:41<01:00, 525.32 examples/s]
Tokenizing train dataset:  37%|███▋      | 18260/49800 [00:41<00:59, 529.99 examples/s]
Tokenizing train dataset:  37%|███▋      | 18341/49800 [00:41<01:00, 523.76 examples/s]
Tokenizing train dataset:  37%|███▋      | 18401/49800 [00:41<00:58, 537.30 examples/s]
Tokenizing train dataset:  37%|███▋      | 18479/49800 [00:41<00:59, 526.43 examples/s]
Tokenizing train dataset:  37%|███▋      | 18533/49800 [00:41<00:59, 527.88 examples/s]
Tokenizing train dataset:  37%|███▋      | 18597/49800 [00:42<01:05, 478.89 examples/s]
Tokenizing train dataset:  37%|███▋      | 18662/49800 [00:42<01:16, 409.12 examples/s]
Tokenizing train dataset:  38%|███▊      | 18715/49800 [00:42<01:20, 386.20 examples/s]
Tokenizing train dataset:  38%|███▊      | 18758/49800 [00:42<01:26, 357.12 examples/s]
Tokenizing train dataset:  38%|███▊      | 18800/49800 [00:42<01:36, 320.36 examples/s]
Tokenizing train dataset:  38%|███▊      | 18845/49800 [00:42<01:39, 310.08 examples/s]
Tokenizing train dataset:  38%|███▊      | 18878/49800 [00:42<01:39, 309.65 examples/s]
Tokenizing train dataset:  38%|███▊      | 18919/49800 [00:43<01:46, 290.41 examples/s]
Tokenizing train dataset:  38%|███▊      | 18950/49800 [00:43<01:58, 260.29 examples/s]
Tokenizing train dataset:  38%|███▊      | 18991/49800 [00:43<02:24, 213.29 examples/s]
Tokenizing train dataset:  38%|███▊      | 19017/49800 [00:43<02:58, 172.03 examples/s]
Tokenizing train dataset:  38%|███▊      | 19047/49800 [00:43<02:39, 192.77 examples/s]
Tokenizing train dataset:  38%|███▊      | 19079/49800 [00:44<02:22, 215.80 examples/s]
Tokenizing train dataset:  38%|███▊      | 19113/49800 [00:44<02:08, 239.07 examples/s]
Tokenizing train dataset:  38%|███▊      | 19148/49800 [00:44<01:55, 264.62 examples/s]
Tokenizing train dataset:  39%|███▊      | 19183/49800 [00:44<01:48, 281.45 examples/s]
Tokenizing train dataset:  39%|███▊      | 19219/49800 [00:44<01:43, 296.17 examples/s]
Tokenizing train dataset:  39%|███▊      | 19252/49800 [00:44<01:42, 298.78 examples/s]
Tokenizing train dataset:  39%|███▊      | 19289/49800 [00:44<01:37, 311.35 examples/s]
Tokenizing train dataset:  39%|███▉      | 19327/49800 [00:44<01:32, 329.76 examples/s]
Tokenizing train dataset:  39%|███▉      | 19379/49800 [00:44<01:35, 319.20 examples/s]
Tokenizing train dataset:  39%|███▉      | 19421/49800 [00:45<01:42, 297.45 examples/s]
Tokenizing train dataset:  39%|███▉      | 19460/49800 [00:45<01:48, 280.72 examples/s]
Tokenizing train dataset:  39%|███▉      | 19500/49800 [00:45<01:41, 298.26 examples/s]
Tokenizing train dataset:  39%|███▉      | 19541/49800 [00:45<01:33, 322.45 examples/s]
Tokenizing train dataset:  39%|███▉      | 19581/49800 [00:45<01:30, 334.34 examples/s]
Tokenizing train dataset:  39%|███▉      | 19623/49800 [00:45<01:25, 353.44 examples/s]
Tokenizing train dataset:  39%|███▉      | 19665/49800 [00:45<01:32, 324.36 examples/s]
Tokenizing train dataset:  40%|███▉      | 19699/49800 [00:45<01:32, 326.58 examples/s]
Tokenizing train dataset:  40%|███▉      | 19735/49800 [00:46<01:31, 327.65 examples/s]
Tokenizing train dataset:  40%|███▉      | 19769/49800 [00:46<01:30, 330.67 examples/s]
Tokenizing train dataset:  40%|███▉      | 19806/49800 [00:46<01:29, 335.97 examples/s]
Tokenizing train dataset:  40%|███▉      | 19840/49800 [00:46<01:29, 333.36 examples/s]
Tokenizing train dataset:  40%|███▉      | 19891/49800 [00:46<01:30, 331.78 examples/s]
Tokenizing train dataset:  40%|████      | 19931/49800 [00:46<01:38, 304.27 examples/s]
Tokenizing train dataset:  40%|████      | 19963/49800 [00:46<01:37, 306.83 examples/s]
Tokenizing train dataset:  40%|████      | 19995/49800 [00:46<01:37, 305.64 examples/s]
Tokenizing train dataset:  40%|████      | 20037/49800 [00:47<02:13, 223.74 examples/s]
Tokenizing train dataset:  40%|████      | 20072/49800 [00:47<02:01, 244.54 examples/s]
Tokenizing train dataset:  40%|████      | 20106/49800 [00:47<01:52, 263.13 examples/s]
Tokenizing train dataset:  40%|████      | 20139/49800 [00:47<01:47, 274.68 examples/s]
Tokenizing train dataset:  41%|████      | 20171/49800 [00:47<01:44, 284.23 examples/s]
Tokenizing train dataset:  41%|████      | 20203/49800 [00:47<01:40, 293.42 examples/s]
Tokenizing train dataset:  41%|████      | 20237/49800 [00:47<01:37, 303.80 examples/s]
Tokenizing train dataset:  41%|████      | 20284/49800 [00:47<01:24, 348.87 examples/s]
Tokenizing train dataset:  41%|████      | 20341/49800 [00:48<01:12, 407.54 examples/s]
Tokenizing train dataset:  41%|████      | 20392/49800 [00:48<01:07, 436.35 examples/s]
Tokenizing train dataset:  41%|████      | 20450/49800 [00:48<01:02, 473.24 examples/s]
Tokenizing train dataset:  41%|████      | 20512/49800 [00:48<00:57, 511.59 examples/s]
Tokenizing train dataset:  41%|████▏     | 20565/49800 [00:48<00:57, 509.26 examples/s]
Tokenizing train dataset:  41%|████▏     | 20625/49800 [00:48<00:54, 532.32 examples/s]
Tokenizing train dataset:  42%|████▏     | 20692/49800 [00:48<00:50, 571.16 examples/s]
Tokenizing train dataset:  42%|████▏     | 20783/49800 [00:48<00:50, 577.41 examples/s]
Tokenizing train dataset:  42%|████▏     | 20843/49800 [00:48<00:50, 577.36 examples/s]
Tokenizing train dataset:  42%|████▏     | 20910/49800 [00:48<00:48, 599.71 examples/s]
Tokenizing train dataset:  42%|████▏     | 20993/49800 [00:49<00:49, 578.38 examples/s]
Tokenizing train dataset:  42%|████▏     | 21081/49800 [00:49<01:00, 473.48 examples/s]
Tokenizing train dataset:  42%|████▏     | 21138/49800 [00:49<00:58, 491.09 examples/s]
Tokenizing train dataset:  43%|████▎     | 21200/49800 [00:49<00:55, 519.76 examples/s]
Tokenizing train dataset:  43%|████▎     | 21276/49800 [00:49<00:55, 512.19 examples/s]
Tokenizing train dataset:  43%|████▎     | 21334/49800 [00:49<00:54, 526.75 examples/s]
Tokenizing train dataset:  43%|████▎     | 21390/49800 [00:49<00:53, 532.99 examples/s]
Tokenizing train dataset:  43%|████▎     | 21451/49800 [00:50<00:51, 552.40 examples/s]
Tokenizing train dataset:  43%|████▎     | 21508/49800 [00:50<00:51, 545.20 examples/s]
Tokenizing train dataset:  43%|████▎     | 21582/49800 [00:50<00:53, 523.80 examples/s]
Tokenizing train dataset:  43%|████▎     | 21643/49800 [00:50<00:51, 543.48 examples/s]
Tokenizing train dataset:  44%|████▎     | 21706/49800 [00:50<00:49, 565.92 examples/s]
Tokenizing train dataset:  44%|████▎     | 21779/49800 [00:50<00:52, 531.66 examples/s]
Tokenizing train dataset:  44%|████▍     | 21841/49800 [00:50<00:50, 549.58 examples/s]
Tokenizing train dataset:  44%|████▍     | 21900/49800 [00:50<00:50, 555.64 examples/s]
Tokenizing train dataset:  44%|████▍     | 21964/49800 [00:50<00:48, 574.69 examples/s]
Tokenizing train dataset:  44%|████▍     | 22030/49800 [00:51<01:01, 449.02 examples/s]
Tokenizing train dataset:  44%|████▍     | 22086/49800 [00:51<00:58, 473.39 examples/s]
Tokenizing train dataset:  44%|████▍     | 22140/49800 [00:51<00:56, 486.21 examples/s]
Tokenizing train dataset:  45%|████▍     | 22203/49800 [00:51<00:52, 522.20 examples/s]
Tokenizing train dataset:  45%|████▍     | 22263/49800 [00:51<00:50, 540.35 examples/s]
Tokenizing train dataset:  45%|████▍     | 22341/49800 [00:51<00:51, 531.02 examples/s]
Tokenizing train dataset:  45%|████▌     | 22416/49800 [00:51<00:53, 515.14 examples/s]
Tokenizing train dataset:  45%|████▌     | 22490/49800 [00:52<00:54, 504.69 examples/s]
Tokenizing train dataset:  45%|████▌     | 22542/49800 [00:52<00:53, 505.64 examples/s]
Tokenizing train dataset:  45%|████▌     | 22619/49800 [00:52<00:53, 505.94 examples/s]
Tokenizing train dataset:  46%|████▌     | 22693/49800 [00:52<00:54, 499.62 examples/s]
Tokenizing train dataset:  46%|████▌     | 22747/49800 [00:52<00:53, 507.03 examples/s]
Tokenizing train dataset:  46%|████▌     | 22801/49800 [00:52<00:52, 510.32 examples/s]
Tokenizing train dataset:  46%|████▌     | 22857/49800 [00:52<00:51, 518.48 examples/s]
Tokenizing train dataset:  46%|████▌     | 22916/49800 [00:52<00:50, 536.51 examples/s]
Tokenizing train dataset:  46%|████▌     | 22998/49800 [00:53<00:49, 538.03 examples/s]
Tokenizing train dataset:  46%|████▋     | 23065/49800 [00:53<01:00, 444.81 examples/s]
Tokenizing train dataset:  46%|████▋     | 23120/49800 [00:53<00:57, 464.94 examples/s]
Tokenizing train dataset:  47%|████▋     | 23176/49800 [00:53<00:54, 486.41 examples/s]
Tokenizing train dataset:  47%|████▋     | 23233/49800 [00:53<00:52, 505.23 examples/s]
Tokenizing train dataset:  47%|████▋     | 23301/49800 [00:53<00:48, 549.22 examples/s]
Tokenizing train dataset:  47%|████▋     | 23363/49800 [00:53<00:46, 566.80 examples/s]
Tokenizing train dataset:  47%|████▋     | 23449/49800 [00:53<00:46, 561.11 examples/s]
Tokenizing train dataset:  47%|████▋     | 23513/49800 [00:54<00:54, 484.05 examples/s]
Tokenizing train dataset:  47%|████▋     | 23576/49800 [00:54<00:56, 462.23 examples/s]
Tokenizing train dataset:  47%|████▋     | 23644/49800 [00:54<00:57, 453.75 examples/s]
Tokenizing train dataset:  48%|████▊     | 23702/49800 [00:54<01:01, 426.16 examples/s]
Tokenizing train dataset:  48%|████▊     | 23746/49800 [00:54<01:01, 425.39 examples/s]
Tokenizing train dataset:  48%|████▊     | 23814/49800 [00:54<01:22, 313.79 examples/s]
Tokenizing train dataset:  48%|████▊     | 23872/49800 [00:55<01:11, 360.23 examples/s]
Tokenizing train dataset:  48%|████▊     | 23937/49800 [00:55<01:02, 416.70 examples/s]
Tokenizing train dataset:  48%|████▊     | 23994/49800 [00:55<00:57, 449.22 examples/s]
Tokenizing train dataset:  48%|████▊     | 24056/49800 [00:55<01:05, 394.31 examples/s]
Tokenizing train dataset:  48%|████▊     | 24109/49800 [00:55<01:00, 422.26 examples/s]
Tokenizing train dataset:  49%|████▊     | 24168/49800 [00:55<00:56, 456.40 examples/s]
Tokenizing train dataset:  49%|████▊     | 24219/49800 [00:55<00:54, 467.85 examples/s]
Tokenizing train dataset:  49%|████▊     | 24277/49800 [00:55<00:51, 497.17 examples/s]
Tokenizing train dataset:  49%|████▉     | 24331/49800 [00:56<00:50, 505.95 examples/s]
Tokenizing train dataset:  49%|████▉     | 24386/49800 [00:56<00:49, 512.00 examples/s]
Tokenizing train dataset:  49%|████▉     | 24448/49800 [00:56<00:47, 536.20 examples/s]
Tokenizing train dataset:  49%|████▉     | 24526/49800 [00:56<00:48, 525.55 examples/s]
Tokenizing train dataset:  49%|████▉     | 24581/49800 [00:56<00:47, 529.16 examples/s]
Tokenizing train dataset:  49%|████▉     | 24641/49800 [00:56<00:46, 546.08 examples/s]
Tokenizing train dataset:  50%|████▉     | 24697/49800 [00:56<00:46, 544.06 examples/s]
Tokenizing train dataset:  50%|████▉     | 24760/49800 [00:56<00:44, 564.82 examples/s]
Tokenizing train dataset:  50%|████▉     | 24823/49800 [00:56<00:43, 580.36 examples/s]
Tokenizing train dataset:  50%|████▉     | 24882/49800 [00:56<00:43, 576.13 examples/s]
Tokenizing train dataset:  50%|█████     | 24940/49800 [00:57<00:43, 572.95 examples/s]
Tokenizing train dataset:  50%|█████     | 25000/49800 [00:57<00:52, 469.31 examples/s]
Tokenizing train dataset:  50%|█████     | 25057/49800 [00:57<00:50, 489.72 examples/s]
Tokenizing train dataset:  50%|█████     | 25111/49800 [00:57<00:49, 499.83 examples/s]
Tokenizing train dataset:  51%|█████     | 25169/49800 [00:57<00:47, 516.44 examples/s]
Tokenizing train dataset:  51%|█████     | 25229/49800 [00:57<00:46, 529.54 examples/s]
Tokenizing train dataset:  51%|█████     | 25289/49800 [00:57<00:44, 547.25 examples/s]
Tokenizing train dataset:  51%|█████     | 25370/49800 [00:57<00:45, 541.91 examples/s]
Tokenizing train dataset:  51%|█████     | 25426/49800 [00:58<00:44, 545.66 examples/s]
Tokenizing train dataset:  51%|█████     | 25485/49800 [00:58<00:43, 553.81 examples/s]
Tokenizing train dataset:  51%|█████▏    | 25572/49800 [00:58<00:43, 558.76 examples/s]
Tokenizing train dataset:  52%|█████▏    | 25656/49800 [00:58<00:43, 555.95 examples/s]
Tokenizing train dataset:  52%|█████▏    | 25715/49800 [00:58<00:42, 561.13 examples/s]
Tokenizing train dataset:  52%|█████▏    | 25779/49800 [00:58<00:41, 577.88 examples/s]
Tokenizing train dataset:  52%|█████▏    | 25862/49800 [00:58<00:42, 562.09 examples/s]
Tokenizing train dataset:  52%|█████▏    | 25925/49800 [00:58<00:41, 576.66 examples/s]
Tokenizing train dataset:  52%|█████▏    | 25993/49800 [00:59<00:39, 597.99 examples/s]
Tokenizing train dataset:  52%|█████▏    | 26059/49800 [00:59<00:50, 474.78 examples/s]
Tokenizing train dataset:  52%|█████▏    | 26120/49800 [00:59<00:46, 504.84 examples/s]
Tokenizing train dataset:  53%|█████▎    | 26176/49800 [00:59<00:46, 510.10 examples/s]
Tokenizing train dataset:  53%|█████▎    | 26239/49800 [00:59<00:44, 535.11 examples/s]
Tokenizing train dataset:  53%|█████▎    | 26300/49800 [00:59<00:42, 547.73 examples/s]
Tokenizing train dataset:  53%|█████▎    | 26364/49800 [00:59<00:41, 565.99 examples/s]
Tokenizing train dataset:  53%|█████▎    | 26423/49800 [00:59<00:41, 565.77 examples/s]
Tokenizing train dataset:  53%|█████▎    | 26504/49800 [00:59<00:42, 550.06 examples/s]
Tokenizing train dataset:  53%|█████▎    | 26565/49800 [01:00<00:41, 561.12 examples/s]
Tokenizing train dataset:  54%|█████▎    | 26644/49800 [01:00<00:42, 545.55 examples/s]
Tokenizing train dataset:  54%|█████▎    | 26727/49800 [01:00<00:42, 542.82 examples/s]
Tokenizing train dataset:  54%|█████▍    | 26791/49800 [01:00<00:41, 559.17 examples/s]
Tokenizing train dataset:  54%|█████▍    | 26852/49800 [01:00<00:40, 569.00 examples/s]
Tokenizing train dataset:  54%|█████▍    | 26918/49800 [01:00<00:39, 583.32 examples/s]
Tokenizing train dataset:  54%|█████▍    | 27000/49800 [01:00<00:49, 464.45 examples/s]
Tokenizing train dataset:  54%|█████▍    | 27060/49800 [01:01<00:46, 493.22 examples/s]
Tokenizing train dataset:  54%|█████▍    | 27136/49800 [01:01<00:45, 495.11 examples/s]
Tokenizing train dataset:  55%|█████▍    | 27220/49800 [01:01<00:43, 514.63 examples/s]
Tokenizing train dataset:  55%|█████▍    | 27300/49800 [01:01<00:43, 514.80 examples/s]
Tokenizing train dataset:  55%|█████▍    | 27356/49800 [01:01<00:42, 523.69 examples/s]
Tokenizing train dataset:  55%|█████▌    | 27411/49800 [01:01<00:42, 522.77 examples/s]
Tokenizing train dataset:  55%|█████▌    | 27475/49800 [01:01<00:40, 547.74 examples/s]
Tokenizing train dataset:  55%|█████▌    | 27559/49800 [01:01<00:40, 549.31 examples/s]
Tokenizing train dataset:  55%|█████▌    | 27617/49800 [01:02<00:39, 556.24 examples/s]
Tokenizing train dataset:  56%|█████▌    | 27675/49800 [01:02<00:39, 561.49 examples/s]
Tokenizing train dataset:  56%|█████▌    | 27736/49800 [01:02<00:38, 568.65 examples/s]
Tokenizing train dataset:  56%|█████▌    | 27825/49800 [01:02<00:38, 576.11 examples/s]
Tokenizing train dataset:  56%|█████▌    | 27908/49800 [01:02<00:39, 560.70 examples/s]
Tokenizing train dataset:  56%|█████▌    | 27965/49800 [01:02<00:38, 560.10 examples/s]
Tokenizing train dataset:  56%|█████▋    | 28026/49800 [01:02<00:49, 437.89 examples/s]
Tokenizing train dataset:  56%|█████▋    | 28082/49800 [01:03<00:46, 463.04 examples/s]
Tokenizing train dataset:  56%|█████▋    | 28136/49800 [01:03<00:45, 479.89 examples/s]
Tokenizing train dataset:  57%|█████▋    | 28201/49800 [01:03<00:56, 380.55 examples/s]
Tokenizing train dataset:  57%|█████▋    | 28255/49800 [01:03<00:52, 413.26 examples/s]
Tokenizing train dataset:  57%|█████▋    | 28320/49800 [01:03<00:46, 465.92 examples/s]
Tokenizing train dataset:  57%|█████▋    | 28377/49800 [01:03<00:43, 488.87 examples/s]
Tokenizing train dataset:  57%|█████▋    | 28435/49800 [01:03<00:41, 509.45 examples/s]
Tokenizing train dataset:  57%|█████▋    | 28499/49800 [01:03<00:39, 543.40 examples/s]
Tokenizing train dataset:  57%|█████▋    | 28561/49800 [01:03<00:38, 558.38 examples/s]
Tokenizing train dataset:  58%|█████▊    | 28645/49800 [01:04<00:38, 556.14 examples/s]
Tokenizing train dataset:  58%|█████▊    | 28731/49800 [01:04<00:38, 552.63 examples/s]
Tokenizing train dataset:  58%|█████▊    | 28814/49800 [01:04<00:38, 547.56 examples/s]
Tokenizing train dataset:  58%|█████▊    | 28871/49800 [01:04<00:37, 552.03 examples/s]
Tokenizing train dataset:  58%|█████▊    | 28954/49800 [01:04<00:37, 549.42 examples/s]
Tokenizing train dataset:  58%|█████▊    | 29029/49800 [01:04<00:44, 464.00 examples/s]
Tokenizing train dataset:  58%|█████▊    | 29079/49800 [01:05<00:44, 468.22 examples/s]
Tokenizing train dataset:  58%|█████▊    | 29133/49800 [01:05<00:42, 483.29 examples/s]
Tokenizing train dataset:  59%|█████▊    | 29212/49800 [01:05<00:41, 490.40 examples/s]
Tokenizing train dataset:  59%|█████▉    | 29266/49800 [01:05<00:41, 497.34 examples/s]
Tokenizing train dataset:  59%|█████▉    | 29324/49800 [01:05<00:39, 517.16 examples/s]
Tokenizing train dataset:  59%|█████▉    | 29389/49800 [01:05<00:37, 546.33 examples/s]
Tokenizing train dataset:  59%|█████▉    | 29446/49800 [01:05<00:37, 547.20 examples/s]
Tokenizing train dataset:  59%|█████▉    | 29512/49800 [01:05<00:35, 575.37 examples/s]
Tokenizing train dataset:  59%|█████▉    | 29571/49800 [01:05<00:35, 570.99 examples/s]
Tokenizing train dataset:  60%|█████▉    | 29631/49800 [01:06<00:35, 574.22 examples/s]
Tokenizing train dataset:  60%|█████▉    | 29709/49800 [01:06<00:36, 550.37 examples/s]
Tokenizing train dataset:  60%|█████▉    | 29775/49800 [01:06<00:35, 572.03 examples/s]
Tokenizing train dataset:  60%|█████▉    | 29837/49800 [01:06<00:34, 583.01 examples/s]
Tokenizing train dataset:  60%|██████    | 29899/49800 [01:06<00:33, 587.60 examples/s]
Tokenizing train dataset:  60%|██████    | 29964/49800 [01:06<00:33, 599.17 examples/s]
Tokenizing train dataset:  60%|██████    | 30029/49800 [01:06<00:41, 479.00 examples/s]
Tokenizing train dataset:  60%|██████    | 30084/49800 [01:06<00:39, 495.46 examples/s]
Tokenizing train dataset:  61%|██████    | 30138/49800 [01:06<00:39, 499.14 examples/s]
Tokenizing train dataset:  61%|██████    | 30192/49800 [01:07<00:38, 508.68 examples/s]
Tokenizing train dataset:  61%|██████    | 30248/49800 [01:07<00:37, 521.62 examples/s]
Tokenizing train dataset:  61%|██████    | 30304/49800 [01:07<00:36, 531.79 examples/s]
Tokenizing train dataset:  61%|██████    | 30362/49800 [01:07<00:35, 543.74 examples/s]
Tokenizing train dataset:  61%|██████    | 30418/49800 [01:07<00:35, 545.93 examples/s]
Tokenizing train dataset:  61%|██████    | 30479/49800 [01:07<00:34, 561.63 examples/s]
Tokenizing train dataset:  61%|██████▏   | 30537/49800 [01:07<00:34, 562.58 examples/s]
Tokenizing train dataset:  61%|██████▏   | 30595/49800 [01:07<00:33, 565.78 examples/s]
Tokenizing train dataset:  62%|██████▏   | 30681/49800 [01:07<00:33, 562.51 examples/s]
Tokenizing train dataset:  62%|██████▏   | 30744/49800 [01:08<00:32, 579.41 examples/s]
Tokenizing train dataset:  62%|██████▏   | 30803/49800 [01:08<00:32, 578.40 examples/s]
Tokenizing train dataset:  62%|██████▏   | 30862/49800 [01:08<00:32, 579.23 examples/s]
Tokenizing train dataset:  62%|██████▏   | 30922/49800 [01:08<00:32, 582.16 examples/s]
Tokenizing train dataset:  62%|██████▏   | 31000/49800 [01:08<00:41, 452.78 examples/s]
Tokenizing train dataset:  62%|██████▏   | 31063/49800 [01:08<00:38, 490.83 examples/s]
Tokenizing train dataset:  62%|██████▏   | 31120/49800 [01:08<00:36, 507.19 examples/s]
Tokenizing train dataset:  63%|██████▎   | 31199/49800 [01:08<00:36, 509.43 examples/s]
Tokenizing train dataset:  63%|██████▎   | 31263/49800 [01:09<00:34, 539.24 examples/s]
Tokenizing train dataset:  63%|██████▎   | 31342/49800 [01:09<00:34, 529.58 examples/s]
Tokenizing train dataset:  63%|██████▎   | 31428/49800 [01:09<00:33, 540.99 examples/s]
Tokenizing train dataset:  63%|██████▎   | 31485/49800 [01:09<00:33, 541.70 examples/s]
Tokenizing train dataset:  63%|██████▎   | 31551/49800 [01:09<00:32, 569.26 examples/s]
Tokenizing train dataset:  63%|██████▎   | 31610/49800 [01:09<00:31, 572.07 examples/s]
Tokenizing train dataset:  64%|██████▎   | 31676/49800 [01:09<00:30, 592.98 examples/s]
Tokenizing train dataset:  64%|██████▎   | 31741/49800 [01:09<00:29, 607.05 examples/s]
Tokenizing train dataset:  64%|██████▍   | 31836/49800 [01:10<00:29, 613.45 examples/s]
Tokenizing train dataset:  64%|██████▍   | 31924/49800 [01:10<00:29, 598.47 examples/s]
Tokenizing train dataset:  64%|██████▍   | 32000/49800 [01:10<00:36, 492.17 examples/s]
Tokenizing train dataset:  64%|██████▍   | 32077/49800 [01:10<00:35, 495.34 examples/s]
Tokenizing train dataset:  65%|██████▍   | 32130/49800 [01:10<00:35, 495.71 examples/s]
Tokenizing train dataset:  65%|██████▍   | 32189/49800 [01:10<00:34, 515.90 examples/s]
Tokenizing train dataset:  65%|██████▍   | 32246/49800 [01:10<00:33, 528.27 examples/s]
Tokenizing train dataset:  65%|██████▍   | 32324/49800 [01:11<00:33, 516.69 examples/s]
Tokenizing train dataset:  65%|██████▌   | 32378/49800 [01:11<00:33, 518.88 examples/s]
Tokenizing train dataset:  65%|██████▌   | 32431/49800 [01:11<00:33, 519.35 examples/s]
Tokenizing train dataset:  65%|██████▌   | 32486/49800 [01:11<00:32, 525.10 examples/s]
Tokenizing train dataset:  65%|██████▌   | 32546/49800 [01:11<00:31, 543.84 examples/s]
Tokenizing train dataset:  65%|██████▌   | 32603/49800 [01:11<00:31, 549.25 examples/s]
Tokenizing train dataset:  66%|██████▌   | 32664/49800 [01:11<00:30, 561.32 examples/s]
Tokenizing train dataset:  66%|██████▌   | 32723/49800 [01:11<00:30, 569.23 examples/s]
Tokenizing train dataset:  66%|██████▌   | 32802/49800 [01:11<00:30, 549.07 examples/s]
Tokenizing train dataset:  66%|██████▌   | 32867/49800 [01:11<00:29, 574.48 examples/s]
Tokenizing train dataset:  66%|██████▌   | 32953/49800 [01:12<00:29, 567.31 examples/s]
Tokenizing train dataset:  66%|██████▋   | 33026/49800 [01:12<00:36, 459.50 examples/s]
Tokenizing train dataset:  66%|██████▋   | 33094/49800 [01:12<00:36, 454.36 examples/s]
Tokenizing train dataset:  67%|██████▋   | 33154/49800 [01:12<00:34, 481.72 examples/s]
Tokenizing train dataset:  67%|██████▋   | 33212/49800 [01:12<00:37, 446.99 examples/s]
Tokenizing train dataset:  67%|██████▋   | 33265/49800 [01:12<00:39, 415.48 examples/s]
Tokenizing train dataset:  67%|██████▋   | 33310/49800 [01:13<00:39, 415.13 examples/s]
Tokenizing train dataset:  67%|██████▋   | 33372/49800 [01:13<00:40, 401.98 examples/s]
Tokenizing train dataset:  67%|██████▋   | 33427/49800 [01:13<00:42, 387.61 examples/s]
Tokenizing train dataset:  67%|██████▋   | 33468/49800 [01:13<00:42, 387.41 examples/s]
Tokenizing train dataset:  67%|██████▋   | 33527/49800 [01:13<00:37, 434.25 examples/s]
Tokenizing train dataset:  67%|██████▋   | 33580/49800 [01:13<00:35, 457.06 examples/s]
Tokenizing train dataset:  68%|██████▊   | 33635/49800 [01:13<00:34, 475.24 examples/s]
Tokenizing train dataset:  68%|██████▊   | 33689/49800 [01:13<00:33, 482.39 examples/s]
Tokenizing train dataset:  68%|██████▊   | 33743/49800 [01:13<00:32, 495.39 examples/s]
Tokenizing train dataset:  68%|██████▊   | 33804/49800 [01:14<00:30, 526.19 examples/s]
Tokenizing train dataset:  68%|██████▊   | 33869/49800 [01:14<00:28, 558.76 examples/s]
Tokenizing train dataset:  68%|██████▊   | 33936/49800 [01:14<00:27, 585.19 examples/s]
Tokenizing train dataset:  68%|██████▊   | 33999/49800 [01:14<00:30, 511.50 examples/s]
Tokenizing train dataset:  68%|██████▊   | 34070/49800 [01:14<00:38, 405.09 examples/s]
Tokenizing train dataset:  69%|██████▊   | 34130/49800 [01:14<00:35, 445.49 examples/s]
Tokenizing train dataset:  69%|██████▊   | 34194/49800 [01:14<00:35, 437.22 examples/s]
Tokenizing train dataset:  69%|██████▉   | 34257/49800 [01:15<00:37, 418.91 examples/s]
Tokenizing train dataset:  69%|██████▉   | 34329/49800 [01:15<00:36, 429.31 examples/s]
Tokenizing train dataset:  69%|██████▉   | 34393/49800 [01:15<00:36, 425.60 examples/s]
Tokenizing train dataset:  69%|██████▉   | 34449/49800 [01:15<00:38, 403.21 examples/s]
Tokenizing train dataset:  69%|██████▉   | 34509/49800 [01:15<00:38, 396.84 examples/s]
Tokenizing train dataset:  69%|██████▉   | 34566/49800 [01:15<00:46, 326.73 examples/s]
Tokenizing train dataset:  70%|██████▉   | 34616/49800 [01:16<00:53, 285.23 examples/s]
Tokenizing train dataset:  70%|██████▉   | 34673/49800 [01:16<00:45, 334.22 examples/s]
Tokenizing train dataset:  70%|██████▉   | 34736/49800 [01:16<00:38, 393.22 examples/s]
Tokenizing train dataset:  70%|██████▉   | 34801/49800 [01:16<00:33, 448.30 examples/s]
Tokenizing train dataset:  70%|███████   | 34866/49800 [01:16<00:30, 494.73 examples/s]
Tokenizing train dataset:  70%|███████   | 34932/49800 [01:16<00:27, 536.20 examples/s]
Tokenizing train dataset:  70%|███████   | 35000/49800 [01:16<00:34, 424.50 examples/s]
Tokenizing train dataset:  70%|███████   | 35055/49800 [01:17<00:32, 450.97 examples/s]
Tokenizing train dataset:  71%|███████   | 35132/49800 [01:17<00:31, 465.01 examples/s]
Tokenizing train dataset:  71%|███████   | 35196/49800 [01:17<00:29, 498.69 examples/s]
Tokenizing train dataset:  71%|███████   | 35274/49800 [01:17<00:28, 503.46 examples/s]
Tokenizing train dataset:  71%|███████   | 35329/49800 [01:17<00:28, 508.78 examples/s]
Tokenizing train dataset:  71%|███████   | 35383/49800 [01:17<00:28, 511.42 examples/s]
Tokenizing train dataset:  71%|███████   | 35440/49800 [01:17<00:27, 524.93 examples/s]
Tokenizing train dataset:  71%|███████▏  | 35512/49800 [01:17<00:28, 503.73 examples/s]
Tokenizing train dataset:  71%|███████▏  | 35569/49800 [01:18<00:27, 516.46 examples/s]
Tokenizing train dataset:  72%|███████▏  | 35648/49800 [01:18<00:27, 514.78 examples/s]
Tokenizing train dataset:  72%|███████▏  | 35730/49800 [01:18<00:26, 524.32 examples/s]
Tokenizing train dataset:  72%|███████▏  | 35806/49800 [01:18<00:27, 516.20 examples/s]
Tokenizing train dataset:  72%|███████▏  | 35889/49800 [01:18<00:26, 523.37 examples/s]
Tokenizing train dataset:  72%|███████▏  | 35949/49800 [01:18<00:25, 535.97 examples/s]
Tokenizing train dataset:  72%|███████▏  | 36026/49800 [01:19<00:31, 434.72 examples/s]
Tokenizing train dataset:  72%|███████▏  | 36098/49800 [01:19<00:30, 444.70 examples/s]
Tokenizing train dataset:  73%|███████▎  | 36153/49800 [01:19<00:29, 462.69 examples/s]
Tokenizing train dataset:  73%|███████▎  | 36212/49800 [01:19<00:27, 488.32 examples/s]
Tokenizing train dataset:  73%|███████▎  | 36284/49800 [01:19<00:27, 484.11 examples/s]
Tokenizing train dataset:  73%|███████▎  | 36343/49800 [01:19<00:26, 505.61 examples/s]
Tokenizing train dataset:  73%|███████▎  | 36403/49800 [01:19<00:25, 526.16 examples/s]
Tokenizing train dataset:  73%|███████▎  | 36488/49800 [01:19<00:24, 538.10 examples/s]
Tokenizing train dataset:  73%|███████▎  | 36544/49800 [01:19<00:24, 542.35 examples/s]
Tokenizing train dataset:  74%|███████▎  | 36604/49800 [01:20<00:23, 557.04 examples/s]
Tokenizing train dataset:  74%|███████▎  | 36670/49800 [01:20<00:22, 583.79 examples/s]
Tokenizing train dataset:  74%|███████▍  | 36731/49800 [01:20<00:22, 586.23 examples/s]
Tokenizing train dataset:  74%|███████▍  | 36792/49800 [01:20<00:22, 587.40 examples/s]
Tokenizing train dataset:  74%|███████▍  | 36854/49800 [01:20<00:21, 593.53 examples/s]
Tokenizing train dataset:  74%|███████▍  | 36937/49800 [01:20<00:22, 573.87 examples/s]
Tokenizing train dataset:  74%|███████▍  | 37000/49800 [01:20<00:27, 467.91 examples/s]
Tokenizing train dataset:  74%|███████▍  | 37062/49800 [01:20<00:25, 501.43 examples/s]
Tokenizing train dataset:  75%|███████▍  | 37142/49800 [01:21<00:24, 508.05 examples/s]
Tokenizing train dataset:  75%|███████▍  | 37203/49800 [01:21<00:23, 530.49 examples/s]
Tokenizing train dataset:  75%|███████▍  | 37288/49800 [01:21<00:23, 538.89 examples/s]
Tokenizing train dataset:  75%|███████▌  | 37367/49800 [01:21<00:23, 528.36 examples/s]
Tokenizing train dataset:  75%|███████▌  | 37423/49800 [01:21<00:23, 529.28 examples/s]
Tokenizing train dataset:  75%|███████▌  | 37482/49800 [01:21<00:32, 376.89 examples/s]
Tokenizing train dataset:  75%|███████▌  | 37530/49800 [01:22<00:31, 395.37 examples/s]
Tokenizing train dataset:  76%|███████▌  | 37600/49800 [01:22<00:26, 460.80 examples/s]
Tokenizing train dataset:  76%|███████▌  | 37655/49800 [01:22<00:25, 475.37 examples/s]
Tokenizing train dataset:  76%|███████▌  | 37710/49800 [01:22<00:24, 489.00 examples/s]
Tokenizing train dataset:  76%|███████▌  | 37785/49800 [01:22<00:24, 487.05 examples/s]
Tokenizing train dataset:  76%|███████▌  | 37849/49800 [01:22<00:22, 524.36 examples/s]
Tokenizing train dataset:  76%|███████▌  | 37934/49800 [01:22<00:22, 534.35 examples/s]
Tokenizing train dataset:  76%|███████▋  | 37999/49800 [01:22<00:21, 561.06 examples/s]
Tokenizing train dataset:  76%|███████▋  | 38071/49800 [01:23<00:26, 438.51 examples/s]
Tokenizing train dataset:  77%|███████▋  | 38125/49800 [01:23<00:25, 457.83 examples/s]
Tokenizing train dataset:  77%|███████▋  | 38176/49800 [01:23<00:24, 467.89 examples/s]
Tokenizing train dataset:  77%|███████▋  | 38241/49800 [01:23<00:22, 511.58 examples/s]
Tokenizing train dataset:  77%|███████▋  | 38319/49800 [01:23<00:22, 509.75 examples/s]
Tokenizing train dataset:  77%|███████▋  | 38398/49800 [01:23<00:22, 513.12 examples/s]
Tokenizing train dataset:  77%|███████▋  | 38452/49800 [01:23<00:21, 517.72 examples/s]
Tokenizing train dataset:  77%|███████▋  | 38508/49800 [01:23<00:21, 522.74 examples/s]
Tokenizing train dataset:  77%|███████▋  | 38566/49800 [01:23<00:21, 534.54 examples/s]
Tokenizing train dataset:  78%|███████▊  | 38622/49800 [01:24<00:20, 539.25 examples/s]
Tokenizing train dataset:  78%|███████▊  | 38681/49800 [01:24<00:20, 551.94 examples/s]
Tokenizing train dataset:  78%|███████▊  | 38738/49800 [01:24<00:19, 554.51 examples/s]
Tokenizing train dataset:  78%|███████▊  | 38795/49800 [01:24<00:19, 556.79 examples/s]
Tokenizing train dataset:  78%|███████▊  | 38853/49800 [01:24<00:19, 561.82 examples/s]
Tokenizing train dataset:  78%|███████▊  | 38934/49800 [01:24<00:19, 544.75 examples/s]
Tokenizing train dataset:  78%|███████▊  | 39000/49800 [01:24<00:24, 434.77 examples/s]
Tokenizing train dataset:  78%|███████▊  | 39055/49800 [01:24<00:23, 459.02 examples/s]
Tokenizing train dataset:  79%|███████▊  | 39110/49800 [01:25<00:22, 479.44 examples/s]
Tokenizing train dataset:  79%|███████▊  | 39165/49800 [01:25<00:21, 494.27 examples/s]
Tokenizing train dataset:  79%|███████▉  | 39223/49800 [01:25<00:20, 511.63 examples/s]
Tokenizing train dataset:  79%|███████▉  | 39282/49800 [01:25<00:19, 531.04 examples/s]
Tokenizing train dataset:  79%|███████▉  | 39344/49800 [01:25<00:18, 552.97 examples/s]
Tokenizing train dataset:  79%|███████▉  | 39423/49800 [01:25<00:19, 540.64 examples/s]
Tokenizing train dataset:  79%|███████▉  | 39507/49800 [01:25<00:18, 542.70 examples/s]
Tokenizing train dataset:  79%|███████▉  | 39588/49800 [01:25<00:18, 539.22 examples/s]
Tokenizing train dataset:  80%|███████▉  | 39646/49800 [01:26<00:18, 543.82 examples/s]
Tokenizing train dataset:  80%|███████▉  | 39709/49800 [01:26<00:17, 564.18 examples/s]
Tokenizing train dataset:  80%|███████▉  | 39767/49800 [01:26<00:17, 564.41 examples/s]
Tokenizing train dataset:  80%|███████▉  | 39836/49800 [01:26<00:16, 594.53 examples/s]
Tokenizing train dataset:  80%|████████  | 39897/49800 [01:26<00:16, 595.57 examples/s]
Tokenizing train dataset:  80%|████████  | 39986/49800 [01:26<00:16, 583.51 examples/s]
Tokenizing train dataset:  80%|████████  | 40054/49800 [01:26<00:21, 446.02 examples/s]
Tokenizing train dataset:  81%|████████  | 40115/49800 [01:26<00:20, 478.92 examples/s]
Tokenizing train dataset:  81%|████████  | 40194/49800 [01:27<00:19, 489.86 examples/s]
Tokenizing train dataset:  81%|████████  | 40252/49800 [01:27<00:18, 506.40 examples/s]
Tokenizing train dataset:  81%|████████  | 40312/49800 [01:27<00:17, 528.36 examples/s]
Tokenizing train dataset:  81%|████████  | 40369/49800 [01:27<00:17, 536.02 examples/s]
Tokenizing train dataset:  81%|████████  | 40429/49800 [01:27<00:17, 547.57 examples/s]
Tokenizing train dataset:  81%|████████▏ | 40513/49800 [01:27<00:17, 542.16 examples/s]
Tokenizing train dataset:  81%|████████▏ | 40576/49800 [01:27<00:16, 562.40 examples/s]
Tokenizing train dataset:  82%|████████▏ | 40660/49800 [01:27<00:16, 555.07 examples/s]
Tokenizing train dataset:  82%|████████▏ | 40717/49800 [01:28<00:16, 556.45 examples/s]
Tokenizing train dataset:  82%|████████▏ | 40798/49800 [01:28<00:16, 546.15 examples/s]
Tokenizing train dataset:  82%|████████▏ | 40861/49800 [01:28<00:15, 566.71 examples/s]
Tokenizing train dataset:  82%|████████▏ | 40919/49800 [01:28<00:15, 563.53 examples/s]
Tokenizing train dataset:  82%|████████▏ | 40978/49800 [01:28<00:15, 568.93 examples/s]
Tokenizing train dataset:  82%|████████▏ | 41055/49800 [01:28<00:19, 458.26 examples/s]
Tokenizing train dataset:  83%|████████▎ | 41115/49800 [01:28<00:17, 485.04 examples/s]
Tokenizing train dataset:  83%|████████▎ | 41168/49800 [01:28<00:17, 493.60 examples/s]
Tokenizing train dataset:  83%|████████▎ | 41224/49800 [01:29<00:16, 509.07 examples/s]
Tokenizing train dataset:  83%|████████▎ | 41279/49800 [01:29<00:16, 516.18 examples/s]
Tokenizing train dataset:  83%|████████▎ | 41347/49800 [01:29<00:15, 555.15 examples/s]
Tokenizing train dataset:  83%|████████▎ | 41429/49800 [01:29<00:15, 548.26 examples/s]
Tokenizing train dataset:  83%|████████▎ | 41506/49800 [01:29<00:15, 533.42 examples/s]
Tokenizing train dataset:  83%|████████▎ | 41566/49800 [01:29<00:15, 547.59 examples/s]
Tokenizing train dataset:  84%|████████▎ | 41626/49800 [01:29<00:14, 554.89 examples/s]
Tokenizing train dataset:  84%|████████▍ | 41709/49800 [01:29<00:14, 549.39 examples/s]
Tokenizing train dataset:  84%|████████▍ | 41775/49800 [01:30<00:13, 574.77 examples/s]
Tokenizing train dataset:  84%|████████▍ | 41857/49800 [01:30<00:14, 561.25 examples/s]
Tokenizing train dataset:  84%|████████▍ | 41941/49800 [01:30<00:14, 558.30 examples/s]
Tokenizing train dataset:  84%|████████▍ | 42000/49800 [01:30<00:17, 456.09 examples/s]
Tokenizing train dataset:  84%|████████▍ | 42053/49800 [01:30<00:16, 469.64 examples/s]
Tokenizing train dataset:  85%|████████▍ | 42110/49800 [01:30<00:15, 489.80 examples/s]
Tokenizing train dataset:  85%|████████▍ | 42170/49800 [01:30<00:14, 514.33 examples/s]
Tokenizing train dataset:  85%|████████▍ | 42243/49800 [01:30<00:15, 502.84 examples/s]
Tokenizing train dataset:  85%|████████▍ | 42321/49800 [01:31<00:14, 505.03 examples/s]
Tokenizing train dataset:  85%|████████▌ | 42374/49800 [01:31<00:14, 508.40 examples/s]
Tokenizing train dataset:  85%|████████▌ | 42428/49800 [01:31<00:14, 512.68 examples/s]
Tokenizing train dataset:  85%|████████▌ | 42511/49800 [01:31<00:13, 525.44 examples/s]
Tokenizing train dataset:  85%|████████▌ | 42567/49800 [01:31<00:13, 532.52 examples/s]
Tokenizing train dataset:  86%|████████▌ | 42627/49800 [01:31<00:13, 549.26 examples/s]
Tokenizing train dataset:  86%|████████▌ | 42708/49800 [01:31<00:13, 544.21 examples/s]
Tokenizing train dataset:  86%|████████▌ | 42765/49800 [01:31<00:12, 548.82 examples/s]
Tokenizing train dataset:  86%|████████▌ | 42822/49800 [01:32<00:12, 554.01 examples/s]
Tokenizing train dataset:  86%|████████▌ | 42881/49800 [01:32<00:12, 563.18 examples/s]
Tokenizing train dataset:  86%|████████▋ | 42958/49800 [01:32<00:12, 534.50 examples/s]
Tokenizing train dataset:  86%|████████▋ | 43029/49800 [01:32<00:15, 431.74 examples/s]
Tokenizing train dataset:  87%|████████▋ | 43081/49800 [01:32<00:15, 447.77 examples/s]
Tokenizing train dataset:  87%|████████▋ | 43131/49800 [01:32<00:14, 458.51 examples/s]
Tokenizing train dataset:  87%|████████▋ | 43189/49800 [01:32<00:13, 484.10 examples/s]
Tokenizing train dataset:  87%|████████▋ | 43242/49800 [01:32<00:13, 494.51 examples/s]
Tokenizing train dataset:  87%|████████▋ | 43313/49800 [01:33<00:13, 484.07 examples/s]
Tokenizing train dataset:  87%|████████▋ | 43374/49800 [01:33<00:12, 509.95 examples/s]
Tokenizing train dataset:  87%|████████▋ | 43439/49800 [01:33<00:11, 544.65 examples/s]
Tokenizing train dataset:  87%|████████▋ | 43506/49800 [01:33<00:10, 575.37 examples/s]
Tokenizing train dataset:  87%|████████▋ | 43574/49800 [01:33<00:10, 598.51 examples/s]
Tokenizing train dataset:  88%|████████▊ | 43657/49800 [01:33<00:10, 580.88 examples/s]
Tokenizing train dataset:  88%|████████▊ | 43745/49800 [01:33<00:10, 579.88 examples/s]
Tokenizing train dataset:  88%|████████▊ | 43829/49800 [01:33<00:10, 566.13 examples/s]
Tokenizing train dataset:  88%|████████▊ | 43910/49800 [01:34<00:10, 555.58 examples/s]
Tokenizing train dataset:  88%|████████▊ | 43967/49800 [01:34<00:10, 555.72 examples/s]
Tokenizing train dataset:  88%|████████▊ | 44031/49800 [01:34<00:12, 444.28 examples/s]
Tokenizing train dataset:  89%|████████▊ | 44089/49800 [01:34<00:12, 471.96 examples/s]
Tokenizing train dataset:  89%|████████▊ | 44147/49800 [01:34<00:11, 495.16 examples/s]
Tokenizing train dataset:  89%|████████▉ | 44215/49800 [01:34<00:10, 536.99 examples/s]
Tokenizing train dataset:  89%|████████▉ | 44272/49800 [01:34<00:10, 541.73 examples/s]
Tokenizing train dataset:  89%|████████▉ | 44352/49800 [01:34<00:10, 532.62 examples/s]
Tokenizing train dataset:  89%|████████▉ | 44409/49800 [01:35<00:09, 539.14 examples/s]
Tokenizing train dataset:  89%|████████▉ | 44465/49800 [01:35<00:09, 543.98 examples/s]
Tokenizing train dataset:  89%|████████▉ | 44544/49800 [01:35<00:09, 533.09 examples/s]
Tokenizing train dataset:  90%|████████▉ | 44601/49800 [01:35<00:09, 536.98 examples/s]
Tokenizing train dataset:  90%|████████▉ | 44689/49800 [01:35<00:09, 549.20 examples/s]
Tokenizing train dataset:  90%|████████▉ | 44746/49800 [01:35<00:09, 549.09 examples/s]
Tokenizing train dataset:  90%|████████▉ | 44818/49800 [01:35<00:08, 592.48 examples/s]
Tokenizing train dataset:  90%|█████████ | 44881/49800 [01:35<00:08, 600.14 examples/s]
Tokenizing train dataset:  90%|█████████ | 44943/49800 [01:36<00:08, 600.99 examples/s]
Tokenizing train dataset:  90%|█████████ | 45027/49800 [01:36<00:09, 481.31 examples/s]
Tokenizing train dataset:  91%|█████████ | 45085/49800 [01:36<00:09, 502.70 examples/s]
Tokenizing train dataset:  91%|█████████ | 45142/49800 [01:36<00:09, 517.29 examples/s]
Tokenizing train dataset:  91%|█████████ | 45223/49800 [01:36<00:08, 521.12 examples/s]
Tokenizing train dataset:  91%|█████████ | 45283/49800 [01:36<00:08, 538.01 examples/s]
Tokenizing train dataset:  91%|█████████ | 45342/49800 [01:36<00:08, 550.50 examples/s]
Tokenizing train dataset:  91%|█████████ | 45400/49800 [01:36<00:07, 550.96 examples/s]
Tokenizing train dataset:  91%|█████████▏| 45464/49800 [01:37<00:07, 568.07 examples/s]
Tokenizing train dataset:  91%|█████████▏| 45548/49800 [01:37<00:07, 555.59 examples/s]
Tokenizing train dataset:  92%|█████████▏| 45606/49800 [01:37<00:07, 560.16 examples/s]
Tokenizing train dataset:  92%|█████████▏| 45671/49800 [01:37<00:07, 578.86 examples/s]
Tokenizing train dataset:  92%|█████████▏| 45754/49800 [01:37<00:07, 565.35 examples/s]
Tokenizing train dataset:  92%|█████████▏| 45843/49800 [01:37<00:06, 567.74 examples/s]
Tokenizing train dataset:  92%|█████████▏| 45902/49800 [01:37<00:06, 571.65 examples/s]
Tokenizing train dataset:  92%|█████████▏| 45960/49800 [01:37<00:06, 569.15 examples/s]
Tokenizing train dataset:  92%|█████████▏| 46026/49800 [01:38<00:08, 448.63 examples/s]
Tokenizing train dataset:  93%|█████████▎| 46080/49800 [01:38<00:07, 468.30 examples/s]
Tokenizing train dataset:  93%|█████████▎| 46135/49800 [01:38<00:07, 486.79 examples/s]
Tokenizing train dataset:  93%|█████████▎| 46199/49800 [01:38<00:06, 525.66 examples/s]
Tokenizing train dataset:  93%|█████████▎| 46265/49800 [01:38<00:06, 559.19 examples/s]
Tokenizing train dataset:  93%|█████████▎| 46324/49800 [01:38<00:06, 564.51 examples/s]
Tokenizing train dataset:  93%|█████████▎| 46411/49800 [01:38<00:05, 566.17 examples/s]
Tokenizing train dataset:  93%|█████████▎| 46488/49800 [01:38<00:06, 542.97 examples/s]
Tokenizing train dataset:  93%|█████████▎| 46544/49800 [01:39<00:05, 543.91 examples/s]
Tokenizing train dataset:  94%|█████████▎| 46607/49800 [01:39<00:05, 562.38 examples/s]
Tokenizing train dataset:  94%|█████████▎| 46670/49800 [01:39<00:05, 578.88 examples/s]
Tokenizing train dataset:  94%|█████████▍| 46735/49800 [01:39<00:05, 596.82 examples/s]
Tokenizing train dataset:  94%|█████████▍| 46798/49800 [01:39<00:04, 602.44 examples/s]
Tokenizing train dataset:  94%|█████████▍| 46868/49800 [01:39<00:05, 546.28 examples/s]
Tokenizing train dataset:  94%|█████████▍| 46943/49800 [01:39<00:05, 526.24 examples/s]
Tokenizing train dataset:  94%|█████████▍| 47000/49800 [01:39<00:06, 437.73 examples/s]
Tokenizing train dataset:  94%|█████████▍| 47060/49800 [01:40<00:05, 472.19 examples/s]
Tokenizing train dataset:  95%|█████████▍| 47132/49800 [01:40<00:05, 470.78 examples/s]
Tokenizing train dataset:  95%|█████████▍| 47183/49800 [01:40<00:05, 478.45 examples/s]
Tokenizing train dataset:  95%|█████████▍| 47243/49800 [01:40<00:05, 503.49 examples/s]
Tokenizing train dataset:  95%|█████████▍| 47306/49800 [01:40<00:04, 533.76 examples/s]
Tokenizing train dataset:  95%|█████████▌| 47361/49800 [01:40<00:04, 534.42 examples/s]
Tokenizing train dataset:  95%|█████████▌| 47417/49800 [01:40<00:04, 538.74 examples/s]
Tokenizing train dataset:  95%|█████████▌| 47475/49800 [01:40<00:04, 548.16 examples/s]
Tokenizing train dataset:  95%|█████████▌| 47551/49800 [01:40<00:04, 529.12 examples/s]
Tokenizing train dataset:  96%|█████████▌| 47627/49800 [01:41<00:04, 518.93 examples/s]
Tokenizing train dataset:  96%|█████████▌| 47683/49800 [01:41<00:04, 526.70 examples/s]
Tokenizing train dataset:  96%|█████████▌| 47768/49800 [01:41<00:03, 531.11 examples/s]
Tokenizing train dataset:  96%|█████████▌| 47827/49800 [01:41<00:03, 533.94 examples/s]
Tokenizing train dataset:  96%|█████████▌| 47903/49800 [01:41<00:03, 519.70 examples/s]
Tokenizing train dataset:  96%|█████████▋| 47967/49800 [01:41<00:03, 548.11 examples/s]
Tokenizing train dataset:  96%|█████████▋| 48052/49800 [01:41<00:03, 444.52 examples/s]
Tokenizing train dataset:  97%|█████████▋| 48124/49800 [01:42<00:03, 452.90 examples/s]
Tokenizing train dataset:  97%|█████████▋| 48179/49800 [01:42<00:03, 471.47 examples/s]
Tokenizing train dataset:  97%|█████████▋| 48233/49800 [01:42<00:03, 485.18 examples/s]
Tokenizing train dataset:  97%|█████████▋| 48289/49800 [01:42<00:03, 499.87 examples/s]
Tokenizing train dataset:  97%|█████████▋| 48365/49800 [01:42<00:02, 498.65 examples/s]
Tokenizing train dataset:  97%|█████████▋| 48424/49800 [01:42<00:02, 512.69 examples/s]
Tokenizing train dataset:  97%|█████████▋| 48481/49800 [01:42<00:02, 523.72 examples/s]
Tokenizing train dataset:  98%|█████████▊| 48558/49800 [01:42<00:02, 513.56 examples/s]
Tokenizing train dataset:  98%|█████████▊| 48620/49800 [01:43<00:02, 535.91 examples/s]
Tokenizing train dataset:  98%|█████████▊| 48682/49800 [01:43<00:02, 555.44 examples/s]
Tokenizing train dataset:  98%|█████████▊| 48749/49800 [01:43<00:01, 578.59 examples/s]
Tokenizing train dataset:  98%|█████████▊| 48810/49800 [01:43<00:01, 584.60 examples/s]
Tokenizing train dataset:  98%|█████████▊| 48870/49800 [01:43<00:01, 583.60 examples/s]
Tokenizing train dataset:  98%|█████████▊| 48948/49800 [01:43<00:01, 553.40 examples/s]
Tokenizing train dataset:  98%|█████████▊| 49026/49800 [01:43<00:01, 457.25 examples/s]
Tokenizing train dataset:  99%|█████████▊| 49088/49800 [01:43<00:01, 492.10 examples/s]
Tokenizing train dataset:  99%|█████████▊| 49148/49800 [01:44<00:01, 516.72 examples/s]
Tokenizing train dataset:  99%|█████████▉| 49208/49800 [01:44<00:01, 536.53 examples/s]
Tokenizing train dataset:  99%|█████████▉| 49267/49800 [01:44<00:00, 549.57 examples/s]
Tokenizing train dataset:  99%|█████████▉| 49326/49800 [01:44<00:00, 558.16 examples/s]
Tokenizing train dataset:  99%|█████████▉| 49385/49800 [01:44<00:00, 554.29 examples/s]
Tokenizing train dataset:  99%|█████████▉| 49448/49800 [01:44<00:00, 572.46 examples/s]
Tokenizing train dataset:  99%|█████████▉| 49534/49800 [01:44<00:00, 561.57 examples/s]
Tokenizing train dataset: 100%|█████████▉| 49593/49800 [01:44<00:00, 568.52 examples/s]
Tokenizing train dataset: 100%|█████████▉| 49660/49800 [01:44<00:00, 591.60 examples/s]
Tokenizing train dataset: 100%|█████████▉| 49749/49800 [01:45<00:00, 587.39 examples/s]
Tokenizing train dataset: 100%|██████████| 49800/49800 [01:45<00:00, 473.06 examples/s]

Packing train dataset:   0%|          | 0/49800 [00:00<?, ? examples/s]
Packing train dataset:  10%|█         | 5000/49800 [00:00<00:01, 39331.43 examples/s]
Packing train dataset:  22%|██▏       | 11000/49800 [00:00<00:00, 40704.88 examples/s]
Packing train dataset:  34%|███▍      | 17000/49800 [00:00<00:00, 41337.46 examples/s]
Packing train dataset:  44%|████▍     | 22000/49800 [00:00<00:01, 19789.58 examples/s]
Packing train dataset:  56%|█████▌    | 28000/49800 [00:01<00:00, 24771.45 examples/s]
Packing train dataset:  68%|██████▊   | 34000/49800 [00:01<00:00, 28990.55 examples/s]
Packing train dataset:  80%|████████  | 40000/49800 [00:01<00:00, 32247.21 examples/s]
Packing train dataset:  92%|█████████▏| 46000/49800 [00:01<00:00, 34879.22 examples/s]
Packing train dataset: 100%|██████████| 49800/49800 [00:01<00:00, 31711.58 examples/s]

Tokenizing eval dataset:   0%|          | 0/200 [00:00<?, ? examples/s]
Tokenizing eval dataset:  22%|██▏       | 43/200 [00:00<00:00, 408.91 examples/s]
Tokenizing eval dataset:  47%|████▋     | 94/200 [00:00<00:00, 463.38 examples/s]
Tokenizing eval dataset:  76%|███████▌  | 152/200 [00:00<00:00, 513.33 examples/s]
Tokenizing eval dataset: 100%|██████████| 200/200 [00:00<00:00, 478.67 examples/s]

Packing eval dataset:   0%|          | 0/200 [00:00<?, ? examples/s]
Packing eval dataset: 100%|██████████| 200/200 [00:00<00:00, 15088.24 examples/s]
Detected kernel version 3.10.0, which is below the recommended minimum of 5.5.0; this can cause the process to hang. It is recommended to upgrade the kernel to the minimum version or higher.
Starting training...
The tokenizer has new PAD/BOS/EOS tokens that differ from the model config and generation config. The model config and generation config were aligned accordingly, being updated with the tokenizer's values. Updated tokens: {'bos_token_id': None, 'pad_token_id': 151643}.
Starting training...
The tokenizer has new PAD/BOS/EOS tokens that differ from the model config and generation config. The model config and generation config were aligned accordingly, being updated with the tokenizer's values. Updated tokens: {'bos_token_id': None, 'pad_token_id': 151643}.
Starting training...
The tokenizer has new PAD/BOS/EOS tokens that differ from the model config and generation config. The model config and generation config were aligned accordingly, being updated with the tokenizer's values. Updated tokens: {'bos_token_id': None, 'pad_token_id': 151643}.
Starting training...
The tokenizer has new PAD/BOS/EOS tokens that differ from the model config and generation config. The model config and generation config were aligned accordingly, being updated with the tokenizer's values. Updated tokens: {'bos_token_id': None, 'pad_token_id': 151643}.

  0%|          | 0/964 [00:00<?, ?it/s]
  0%|          | 1/964 [00:04<1:08:31,  4.27s/it]
  0%|          | 2/964 [00:07<1:03:04,  3.93s/it]
  0%|          | 3/964 [00:11<1:01:12,  3.82s/it]
  0%|          | 4/964 [00:15<1:00:07,  3.76s/it]
  1%|          | 5/964 [00:18<59:22,  3.71s/it]  
  1%|          | 6/964 [00:22<58:51,  3.69s/it]
  1%|          | 7/964 [00:26<58:26,  3.66s/it]
  1%|          | 8/964 [00:29<58:19,  3.66s/it]
  1%|          | 9/964 [00:33<1:00:21,  3.79s/it]
  1%|          | 10/964 [00:37<59:39,  3.75s/it] 
  1%|          | 11/964 [00:41<59:01,  3.72s/it]
  1%|          | 12/964 [00:44<58:39,  3.70s/it]
  1%|▏         | 13/964 [00:48<58:11,  3.67s/it]
  1%|▏         | 14/964 [00:52<57:52,  3.66s/it]
  2%|▏         | 15/964 [00:55<57:36,  3.64s/it]
  2%|▏         | 16/964 [00:59<57:35,  3.64s/it]
  2%|▏         | 17/964 [01:03<1:00:08,  3.81s/it]
  2%|▏         | 18/964 [01:07<59:13,  3.76s/it]  
  2%|▏         | 19/964 [01:10<58:34,  3.72s/it]
  2%|▏         | 20/964 [01:14<58:03,  3.69s/it]
  2%|▏         | 21/964 [01:18<57:49,  3.68s/it]
  2%|▏         | 22/964 [01:21<57:45,  3.68s/it]
  2%|▏         | 23/964 [01:25<57:31,  3.67s/it]
  2%|▏         | 24/964 [01:29<57:19,  3.66s/it]
  3%|▎         | 25/964 [01:32<57:08,  3.65s/it]
  3%|▎         | 26/964 [01:36<58:49,  3.76s/it]
  3%|▎         | 27/964 [01:40<58:09,  3.72s/it]
  3%|▎         | 28/964 [01:44<57:48,  3.71s/it]
  3%|▎         | 29/964 [01:47<57:15,  3.67s/it]
  3%|▎         | 30/964 [01:51<56:48,  3.65s/it]
  3%|▎         | 31/964 [01:54<56:38,  3.64s/it]
  3%|▎         | 32/964 [01:58<56:35,  3.64s/it]
  3%|▎         | 33/964 [02:02<56:31,  3.64s/it]
  4%|▎         | 34/964 [02:05<56:29,  3.64s/it]
  4%|▎         | 35/964 [02:09<58:01,  3.75s/it]
  4%|▎         | 36/964 [02:13<57:27,  3.71s/it]
  4%|▍         | 37/964 [02:17<57:00,  3.69s/it]
  4%|▍         | 38/964 [02:20<56:47,  3.68s/it]
  4%|▍         | 39/964 [02:24<56:39,  3.68s/it]
  4%|▍         | 40/964 [02:28<56:28,  3.67s/it]
  4%|▍         | 41/964 [02:31<56:27,  3.67s/it]
  4%|▍         | 42/964 [02:35<57:56,  3.77s/it]
  4%|▍         | 43/964 [02:39<57:15,  3.73s/it]
  5%|▍         | 44/964 [02:43<56:59,  3.72s/it]
  5%|▍         | 45/964 [02:46<56:40,  3.70s/it]
  5%|▍         | 46/964 [02:50<56:20,  3.68s/it]
  5%|▍         | 47/964 [02:53<56:06,  3.67s/it]
  5%|▍         | 48/964 [02:57<55:59,  3.67s/it]
  5%|▌         | 49/964 [03:01<55:49,  3.66s/it]
  5%|▌         | 50/964 [03:04<55:58,  3.67s/it]
                                                
{'loss': 0.7162, 'grad_norm': 0.9375, 'learning_rate': 2e-05, 'entropy': 0.670088564902544, 'num_tokens': 6481615.0, 'mean_token_accuracy': 0.8183761912584305, 'epoch': 0.1}

  5%|▌         | 50/964 [03:04<55:58,  3.67s/it]
  5%|▌         | 51/964 [03:08<55:45,  3.66s/it]
  5%|▌         | 52/964 [03:12<57:12,  3.76s/it]
  5%|▌         | 53/964 [03:16<56:52,  3.75s/it]
  6%|▌         | 54/964 [03:19<56:27,  3.72s/it]
  6%|▌         | 55/964 [03:23<56:04,  3.70s/it]
  6%|▌         | 56/964 [03:27<55:53,  3.69s/it]
  6%|▌         | 57/964 [03:30<55:46,  3.69s/it]
  6%|▌         | 58/964 [03:34<55:35,  3.68s/it]
  6%|▌         | 59/964 [03:38<55:13,  3.66s/it]
  6%|▌         | 60/964 [03:42<56:38,  3.76s/it]
  6%|▋         | 61/964 [03:45<56:21,  3.74s/it]
  6%|▋         | 62/964 [03:49<55:46,  3.71s/it]
  7%|▋         | 63/964 [03:53<55:27,  3.69s/it]
  7%|▋         | 64/964 [03:56<55:07,  3.68s/it]
  7%|▋         | 65/964 [04:00<54:39,  3.65s/it]
  7%|▋         | 66/964 [04:04<54:39,  3.65s/it]
  7%|▋         | 67/964 [04:07<54:29,  3.65s/it]
  7%|▋         | 68/964 [04:11<56:28,  3.78s/it]
  7%|▋         | 69/964 [04:15<55:43,  3.74s/it]
  7%|▋         | 70/964 [04:19<55:08,  3.70s/it]
  7%|▋         | 71/964 [04:22<54:38,  3.67s/it]
  7%|▋         | 72/964 [04:26<54:32,  3.67s/it]
  8%|▊         | 73/964 [04:30<54:19,  3.66s/it]
  8%|▊         | 74/964 [04:33<54:10,  3.65s/it]
  8%|▊         | 75/964 [04:37<54:01,  3.65s/it]
  8%|▊         | 76/964 [04:40<53:59,  3.65s/it]
  8%|▊         | 77/964 [04:44<53:58,  3.65s/it]
  8%|▊         | 78/964 [04:48<55:14,  3.74s/it]
  8%|▊         | 79/964 [04:52<54:49,  3.72s/it]
  8%|▊         | 80/964 [04:55<54:35,  3.71s/it]
  8%|▊         | 81/964 [04:59<54:10,  3.68s/it]
  9%|▊         | 82/964 [05:03<54:09,  3.68s/it]
  9%|▊         | 83/964 [05:06<53:59,  3.68s/it]
  9%|▊         | 84/964 [05:10<53:56,  3.68s/it]
  9%|▉         | 85/964 [05:14<53:40,  3.66s/it]
  9%|▉         | 86/964 [05:18<55:23,  3.79s/it]
  9%|▉         | 87/964 [05:21<54:57,  3.76s/it]
  9%|▉         | 88/964 [05:25<54:23,  3.73s/it]
  9%|▉         | 89/964 [05:29<53:57,  3.70s/it]
  9%|▉         | 90/964 [05:32<53:41,  3.69s/it]
  9%|▉         | 91/964 [05:36<53:39,  3.69s/it]
 10%|▉         | 92/964 [05:40<53:23,  3.67s/it]
 10%|▉         | 93/964 [05:43<53:13,  3.67s/it]
 10%|▉         | 94/964 [05:48<55:44,  3.84s/it]
 10%|▉         | 95/964 [05:51<54:41,  3.78s/it]
 10%|▉         | 96/964 [05:55<54:08,  3.74s/it]
 10%|█         | 97/964 [05:59<53:49,  3.72s/it]
 10%|█         | 98/964 [06:02<53:29,  3.71s/it]
 10%|█         | 99/964 [06:06<53:09,  3.69s/it]
 10%|█         | 100/964 [06:10<52:53,  3.67s/it]
                                                 
{'loss': 0.5271, 'grad_norm': 0.66015625, 'learning_rate': 1.985300562686109e-05, 'entropy': 0.549059267193079, 'num_tokens': 12969014.0, 'mean_token_accuracy': 0.8477319240570068, 'epoch': 0.21}

 10%|█         | 100/964 [06:10<52:53,  3.67s/it]
 10%|█         | 101/964 [06:13<52:41,  3.66s/it]
 11%|█         | 102/964 [06:17<52:42,  3.67s/it]
 11%|█         | 103/964 [06:21<54:31,  3.80s/it]
 11%|█         | 104/964 [06:25<53:49,  3.75s/it]
 11%|█         | 105/964 [06:28<53:27,  3.73s/it]
 11%|█         | 106/964 [06:32<53:08,  3.72s/it]
 11%|█         | 107/964 [06:36<52:46,  3.69s/it]
 11%|█         | 108/964 [06:39<52:18,  3.67s/it]
 11%|█▏        | 109/964 [06:43<52:03,  3.65s/it]
 11%|█▏        | 110/964 [06:46<52:03,  3.66s/it]
 12%|█▏        | 111/964 [06:50<52:07,  3.67s/it]
 12%|█▏        | 112/964 [06:54<53:09,  3.74s/it]
 12%|█▏        | 113/964 [06:58<52:43,  3.72s/it]
 12%|█▏        | 114/964 [07:01<52:16,  3.69s/it]
 12%|█▏        | 115/964 [07:05<52:05,  3.68s/it]
 12%|█▏        | 116/964 [07:09<51:50,  3.67s/it]
 12%|█▏        | 117/964 [07:12<51:45,  3.67s/it]
 12%|█▏        | 118/964 [07:16<51:26,  3.65s/it]
 12%|█▏        | 119/964 [07:20<51:18,  3.64s/it]
 12%|█▏        | 120/964 [07:24<52:45,  3.75s/it]
 13%|█▎        | 121/964 [07:27<52:21,  3.73s/it]
 13%|█▎        | 122/964 [07:31<51:48,  3.69s/it]
 13%|█▎        | 123/964 [07:34<51:18,  3.66s/it]
 13%|█▎        | 124/964 [07:38<51:11,  3.66s/it]
 13%|█▎        | 125/964 [07:42<51:00,  3.65s/it]
 13%|█▎        | 126/964 [07:45<51:02,  3.65s/it]
 13%|█▎        | 127/964 [07:49<51:04,  3.66s/it]
 13%|█▎        | 128/964 [07:53<50:53,  3.65s/it]
 13%|█▎        | 129/964 [07:57<52:20,  3.76s/it]
 13%|█▎        | 130/964 [08:00<51:54,  3.73s/it]
 14%|█▎        | 131/964 [08:04<51:41,  3.72s/it]
 14%|█▎        | 132/964 [08:08<51:22,  3.71s/it]
 14%|█▍        | 133/964 [08:11<51:13,  3.70s/it]
 14%|█▍        | 134/964 [08:15<51:06,  3.69s/it]
 14%|█▍        | 135/964 [08:19<50:49,  3.68s/it]
 14%|█▍        | 136/964 [08:22<50:53,  3.69s/it]
 14%|█▍        | 137/964 [08:26<50:41,  3.68s/it]
 14%|█▍        | 138/964 [08:30<51:51,  3.77s/it]
 14%|█▍        | 139/964 [08:34<51:17,  3.73s/it]
 15%|█▍        | 140/964 [08:37<50:53,  3.71s/it]
 15%|█▍        | 141/964 [08:41<50:31,  3.68s/it]
 15%|█▍        | 142/964 [08:45<50:12,  3.66s/it]
 15%|█▍        | 143/964 [08:48<50:11,  3.67s/it]
 15%|█▍        | 144/964 [08:52<50:05,  3.67s/it]
 15%|█▌        | 145/964 [08:56<51:21,  3.76s/it]
 15%|█▌        | 146/964 [09:00<50:55,  3.74s/it]
 15%|█▌        | 147/964 [09:03<50:35,  3.71s/it]
 15%|█▌        | 148/964 [09:07<50:21,  3.70s/it]
 15%|█▌        | 149/964 [09:11<50:00,  3.68s/it]
 16%|█▌        | 150/964 [09:14<49:44,  3.67s/it]
                                                 
{'loss': 0.5033, 'grad_norm': 0.65234375, 'learning_rate': 1.941634397659126e-05, 'entropy': 0.5143383441865444, 'num_tokens': 19459028.0, 'mean_token_accuracy': 0.8507287019491195, 'epoch': 0.31}

 16%|█▌        | 150/964 [09:14<49:44,  3.67s/it]
 16%|█▌        | 151/964 [09:18<49:37,  3.66s/it]
 16%|█▌        | 152/964 [09:22<49:23,  3.65s/it]
 16%|█▌        | 153/964 [09:25<49:14,  3.64s/it]
 16%|█▌        | 154/964 [09:29<49:14,  3.65s/it]
 16%|█▌        | 155/964 [09:33<50:30,  3.75s/it]
 16%|█▌        | 156/964 [09:36<50:02,  3.72s/it]
 16%|█▋        | 157/964 [09:40<49:37,  3.69s/it]
 16%|█▋        | 158/964 [09:44<49:27,  3.68s/it]
 16%|█▋        | 159/964 [09:47<49:24,  3.68s/it]
 17%|█▋        | 160/964 [09:51<48:57,  3.65s/it]
 17%|█▋        | 161/964 [09:55<48:39,  3.64s/it]
 17%|█▋        | 162/964 [09:58<48:44,  3.65s/it]
 17%|█▋        | 163/964 [10:02<50:01,  3.75s/it]
 17%|█▋        | 164/964 [10:06<49:36,  3.72s/it]
 17%|█▋        | 165/964 [10:10<49:24,  3.71s/it]
 17%|█▋        | 166/964 [10:13<49:02,  3.69s/it]
 17%|█▋        | 167/964 [10:17<48:52,  3.68s/it]
 17%|█▋        | 168/964 [10:20<48:28,  3.65s/it]
 18%|█▊        | 169/964 [10:24<48:20,  3.65s/it]
 18%|█▊        | 170/964 [10:28<48:26,  3.66s/it]
 18%|█▊        | 171/964 [10:32<49:31,  3.75s/it]
 18%|█▊        | 172/964 [10:35<48:59,  3.71s/it]
 18%|█▊        | 173/964 [10:39<48:35,  3.69s/it]
 18%|█▊        | 174/964 [10:43<48:20,  3.67s/it]
 18%|█▊        | 175/964 [10:46<47:56,  3.65s/it]
 18%|█▊        | 176/964 [10:50<47:59,  3.65s/it]
 18%|█▊        | 177/964 [10:54<47:52,  3.65s/it]
 18%|█▊        | 178/964 [10:57<47:37,  3.64s/it]
 19%|█▊        | 179/964 [11:01<47:42,  3.65s/it]
 19%|█▊        | 180/964 [11:04<47:40,  3.65s/it]
 19%|█▉        | 181/964 [11:09<49:28,  3.79s/it]
 19%|█▉        | 182/964 [11:12<48:57,  3.76s/it]
 19%|█▉        | 183/964 [11:16<48:31,  3.73s/it]
 19%|█▉        | 184/964 [11:20<48:05,  3.70s/it]
 19%|█▉        | 185/964 [11:23<47:51,  3.69s/it]
 19%|█▉        | 186/964 [11:27<47:38,  3.67s/it]
 19%|█▉        | 187/964 [11:31<47:38,  3.68s/it]
 20%|█▉        | 188/964 [11:34<47:28,  3.67s/it]
 20%|█▉        | 189/964 [11:38<48:51,  3.78s/it]
 20%|█▉        | 190/964 [11:42<48:17,  3.74s/it]
 20%|█▉        | 191/964 [11:46<47:59,  3.72s/it]
 20%|█▉        | 192/964 [11:49<47:31,  3.69s/it]
 20%|██        | 193/964 [11:53<47:18,  3.68s/it]
 20%|██        | 194/964 [11:57<47:11,  3.68s/it]
 20%|██        | 195/964 [12:00<46:59,  3.67s/it]
 20%|██        | 196/964 [12:04<46:48,  3.66s/it]
 20%|██        | 197/964 [12:08<47:54,  3.75s/it]
 21%|██        | 198/964 [12:11<47:33,  3.73s/it]
 21%|██        | 199/964 [12:15<47:14,  3.70s/it]
 21%|██        | 200/964 [12:19<46:56,  3.69s/it]
                                                 
{'loss': 0.4957, 'grad_norm': 0.59765625, 'learning_rate': 1.8702852410301556e-05, 'entropy': 0.5064829121530056, 'num_tokens': 25945640.0, 'mean_token_accuracy': 0.8546607041358948, 'epoch': 0.42}

 21%|██        | 200/964 [12:19<46:56,  3.69s/it]
 21%|██        | 201/964 [12:22<46:43,  3.67s/it]
 21%|██        | 202/964 [12:26<46:31,  3.66s/it]
 21%|██        | 203/964 [12:30<46:10,  3.64s/it]
 21%|██        | 204/964 [12:33<46:04,  3.64s/it]
 21%|██▏       | 205/964 [12:37<46:06,  3.64s/it]
 21%|██▏       | 206/964 [12:41<47:26,  3.76s/it]
 21%|██▏       | 207/964 [12:45<46:57,  3.72s/it]
 22%|██▏       | 208/964 [12:48<46:32,  3.69s/it]
 22%|██▏       | 209/964 [12:52<46:23,  3.69s/it]
 22%|██▏       | 210/964 [12:56<46:16,  3.68s/it]
 22%|██▏       | 211/964 [12:59<46:06,  3.67s/it]
 22%|██▏       | 212/964 [13:03<46:05,  3.68s/it]
 22%|██▏       | 213/964 [13:07<46:01,  3.68s/it]
 22%|██▏       | 214/964 [13:10<45:50,  3.67s/it]
 22%|██▏       | 215/964 [13:14<46:59,  3.76s/it]
 22%|██▏       | 216/964 [13:18<46:31,  3.73s/it]
 23%|██▎       | 217/964 [13:21<46:00,  3.70s/it]
 23%|██▎       | 218/964 [13:25<45:45,  3.68s/it]
 23%|██▎       | 219/964 [13:29<45:40,  3.68s/it]
 23%|██▎       | 220/964 [13:32<45:24,  3.66s/it]
 23%|██▎       | 221/964 [13:36<45:28,  3.67s/it]
 23%|██▎       | 222/964 [13:40<45:26,  3.68s/it]
 23%|██▎       | 223/964 [13:44<46:31,  3.77s/it]
 23%|██▎       | 224/964 [13:47<46:01,  3.73s/it]
 23%|██▎       | 225/964 [13:51<45:52,  3.73s/it]
 23%|██▎       | 226/964 [13:55<45:32,  3.70s/it]
 24%|██▎       | 227/964 [13:58<45:23,  3.70s/it]
 24%|██▎       | 228/964 [14:02<45:20,  3.70s/it]
 24%|██▍       | 229/964 [14:06<45:12,  3.69s/it]
 24%|██▍       | 230/964 [14:09<44:56,  3.67s/it]
 24%|██▍       | 231/964 [14:13<45:04,  3.69s/it]
 24%|██▍       | 232/964 [14:17<46:07,  3.78s/it]
 24%|██▍       | 233/964 [14:21<45:35,  3.74s/it]
 24%|██▍       | 234/964 [14:24<45:10,  3.71s/it]
 24%|██▍       | 235/964 [14:28<44:58,  3.70s/it]
 24%|██▍       | 236/964 [14:32<44:48,  3.69s/it]
 25%|██▍       | 237/964 [14:35<44:35,  3.68s/it]
 25%|██▍       | 238/964 [14:39<44:24,  3.67s/it]
 25%|██▍       | 239/964 [14:43<44:20,  3.67s/it]
 25%|██▍       | 240/964 [14:46<44:18,  3.67s/it]
 25%|██▌       | 241/964 [14:50<45:23,  3.77s/it]
 25%|██▌       | 242/964 [14:54<44:53,  3.73s/it]
 25%|██▌       | 243/964 [14:58<44:30,  3.70s/it]
 25%|██▌       | 244/964 [15:01<44:16,  3.69s/it]
 25%|██▌       | 245/964 [15:05<44:01,  3.67s/it]
 26%|██▌       | 246/964 [15:09<43:56,  3.67s/it]
 26%|██▌       | 247/964 [15:12<44:02,  3.69s/it]
 26%|██▌       | 248/964 [15:16<44:55,  3.77s/it]
 26%|██▌       | 249/964 [15:20<44:29,  3.73s/it]
 26%|██▌       | 250/964 [15:24<44:19,  3.72s/it]
                                                 
{'loss': 0.4863, 'grad_norm': 0.6171875, 'learning_rate': 1.77335067770973e-05, 'entropy': 0.4940848648548126, 'num_tokens': 32432908.0, 'mean_token_accuracy': 0.8555175948143006, 'epoch': 0.52}

 26%|██▌       | 250/964 [15:24<44:19,  3.72s/it]
 26%|██▌       | 251/964 [15:27<44:09,  3.72s/it]
 26%|██▌       | 252/964 [15:31<43:56,  3.70s/it]
 26%|██▌       | 253/964 [15:35<43:46,  3.69s/it]
 26%|██▋       | 254/964 [15:38<43:39,  3.69s/it]
 26%|██▋       | 255/964 [15:42<43:38,  3.69s/it]
 27%|██▋       | 256/964 [15:46<43:30,  3.69s/it]
 27%|██▋       | 257/964 [15:49<43:18,  3.68s/it]
 27%|██▋       | 258/964 [15:53<44:23,  3.77s/it]
 27%|██▋       | 259/964 [15:57<43:49,  3.73s/it]
 27%|██▋       | 260/964 [16:01<43:35,  3.72s/it]
 27%|██▋       | 261/964 [16:04<43:20,  3.70s/it]
 27%|██▋       | 262/964 [16:08<43:10,  3.69s/it]
 27%|██▋       | 263/964 [16:12<42:51,  3.67s/it]
 27%|██▋       | 264/964 [16:15<42:40,  3.66s/it]
 27%|██▋       | 265/964 [16:19<42:36,  3.66s/it]
 28%|██▊       | 266/964 [16:23<43:34,  3.75s/it]
 28%|██▊       | 267/964 [16:27<43:16,  3.72s/it]
 28%|██▊       | 268/964 [16:30<43:00,  3.71s/it]
 28%|██▊       | 269/964 [16:34<42:47,  3.69s/it]
 28%|██▊       | 270/964 [16:38<42:31,  3.68s/it]
 28%|██▊       | 271/964 [16:41<42:30,  3.68s/it]
 28%|██▊       | 272/964 [16:45<42:27,  3.68s/it]
 28%|██▊       | 273/964 [16:49<42:21,  3.68s/it]
 28%|██▊       | 274/964 [16:53<43:21,  3.77s/it]
 29%|██▊       | 275/964 [16:56<42:52,  3.73s/it]
 29%|██▊       | 276/964 [17:00<42:28,  3.70s/it]
 29%|██▊       | 277/964 [17:04<42:15,  3.69s/it]
 29%|██▉       | 278/964 [17:07<41:49,  3.66s/it]
 29%|██▉       | 279/964 [17:11<41:44,  3.66s/it]
 29%|██▉       | 280/964 [17:14<41:34,  3.65s/it]
 29%|██▉       | 281/964 [17:18<41:30,  3.65s/it]
 29%|██▉       | 282/964 [17:22<41:24,  3.64s/it]
 29%|██▉       | 283/964 [17:25<41:18,  3.64s/it]
 29%|██▉       | 284/964 [17:30<43:02,  3.80s/it]
 30%|██▉       | 285/964 [17:33<42:23,  3.75s/it]
 30%|██▉       | 286/964 [17:37<41:57,  3.71s/it]
 30%|██▉       | 287/964 [17:40<41:39,  3.69s/it]
 30%|██▉       | 288/964 [17:44<41:24,  3.68s/it]
 30%|██▉       | 289/964 [17:48<41:10,  3.66s/it]
 30%|███       | 290/964 [17:51<41:05,  3.66s/it]
 30%|███       | 291/964 [17:55<41:02,  3.66s/it]
 30%|███       | 292/964 [17:59<41:59,  3.75s/it]
 30%|███       | 293/964 [18:03<41:41,  3.73s/it]
 30%|███       | 294/964 [18:06<41:14,  3.69s/it]
 31%|███       | 295/964 [18:10<41:02,  3.68s/it]
 31%|███       | 296/964 [18:14<40:46,  3.66s/it]
 31%|███       | 297/964 [18:17<40:43,  3.66s/it]
 31%|███       | 298/964 [18:21<40:41,  3.67s/it]
 31%|███       | 299/964 [18:24<40:29,  3.65s/it]
 31%|███       | 300/964 [18:29<41:42,  3.77s/it]
                                                 
{'loss': 0.4885, 'grad_norm': 0.625, 'learning_rate': 1.653680474772006e-05, 'entropy': 0.49435107603669165, 'num_tokens': 38923876.0, 'mean_token_accuracy': 0.8555653244256973, 'epoch': 0.62}

 31%|███       | 300/964 [18:29<41:42,  3.77s/it]
 31%|███       | 301/964 [18:32<41:11,  3.73s/it]
 31%|███▏      | 302/964 [18:36<40:51,  3.70s/it]
 31%|███▏      | 303/964 [18:39<40:34,  3.68s/it]
 32%|███▏      | 304/964 [18:43<40:22,  3.67s/it]
 32%|███▏      | 305/964 [18:47<40:14,  3.66s/it]
 32%|███▏      | 306/964 [18:50<40:06,  3.66s/it]
 32%|███▏      | 307/964 [18:54<39:59,  3.65s/it]
 32%|███▏      | 308/964 [18:58<39:46,  3.64s/it]
 32%|███▏      | 309/964 [19:02<40:41,  3.73s/it]
 32%|███▏      | 310/964 [19:05<40:20,  3.70s/it]
 32%|███▏      | 311/964 [19:09<40:08,  3.69s/it]
 32%|███▏      | 312/964 [19:13<40:00,  3.68s/it]
 32%|███▏      | 313/964 [19:16<39:55,  3.68s/it]
 33%|███▎      | 314/964 [19:20<39:47,  3.67s/it]
 33%|███▎      | 315/964 [19:23<39:35,  3.66s/it]
 33%|███▎      | 316/964 [19:27<39:28,  3.65s/it]
 33%|███▎      | 317/964 [19:31<39:29,  3.66s/it]
 33%|███▎      | 318/964 [19:35<40:46,  3.79s/it]
 33%|███▎      | 319/964 [19:39<40:11,  3.74s/it]
 33%|███▎      | 320/964 [19:42<39:51,  3.71s/it]
 33%|███▎      | 321/964 [19:46<39:32,  3.69s/it]
 33%|███▎      | 322/964 [19:49<39:27,  3.69s/it]
 34%|███▎      | 323/964 [19:53<39:12,  3.67s/it]
 34%|███▎      | 324/964 [19:57<39:10,  3.67s/it]
 34%|███▎      | 325/964 [20:00<39:05,  3.67s/it]
 34%|███▍      | 326/964 [20:04<39:59,  3.76s/it]
 34%|███▍      | 327/964 [20:08<39:32,  3.72s/it]
 34%|███▍      | 328/964 [20:12<39:08,  3.69s/it]
 34%|███▍      | 329/964 [20:15<38:54,  3.68s/it]
 34%|███▍      | 330/964 [20:19<38:48,  3.67s/it]
 34%|███▍      | 331/964 [20:23<38:41,  3.67s/it]
 34%|███▍      | 332/964 [20:26<38:31,  3.66s/it]
 35%|███▍      | 333/964 [20:30<38:26,  3.65s/it]
 35%|███▍      | 334/964 [20:34<38:31,  3.67s/it]
 35%|███▍      | 335/964 [20:38<39:30,  3.77s/it]
 35%|███▍      | 336/964 [20:41<39:06,  3.74s/it]
 35%|███▍      | 337/964 [20:45<38:44,  3.71s/it]
 35%|███▌      | 338/964 [20:49<38:30,  3.69s/it]
 35%|███▌      | 339/964 [20:52<38:17,  3.68s/it]
 35%|███▌      | 340/964 [20:56<38:06,  3.66s/it]
 35%|███▌      | 341/964 [20:59<37:54,  3.65s/it]
 35%|███▌      | 342/964 [21:03<37:48,  3.65s/it]
 36%|███▌      | 343/964 [21:07<37:42,  3.64s/it]
 36%|███▌      | 344/964 [21:11<38:24,  3.72s/it]
 36%|███▌      | 345/964 [21:14<38:10,  3.70s/it]
 36%|███▌      | 346/964 [21:18<38:00,  3.69s/it]
 36%|███▌      | 347/964 [21:22<37:44,  3.67s/it]
 36%|███▌      | 348/964 [21:25<37:37,  3.67s/it]
 36%|███▌      | 349/964 [21:29<37:31,  3.66s/it]
 36%|███▋      | 350/964 [21:33<37:25,  3.66s/it]
                                                 
{'loss': 0.4917, 'grad_norm': 0.58203125, 'learning_rate': 1.5147928015098309e-05, 'entropy': 0.49596349120140076, 'num_tokens': 45408852.0, 'mean_token_accuracy': 0.8543865427374839, 'epoch': 0.73}

 36%|███▋      | 350/964 [21:33<37:25,  3.66s/it]
 36%|███▋      | 351/964 [21:37<38:20,  3.75s/it]
 37%|███▋      | 352/964 [21:40<38:05,  3.73s/it]
 37%|███▋      | 353/964 [21:44<37:57,  3.73s/it]
 37%|███▋      | 354/964 [21:48<37:36,  3.70s/it]
 37%|███▋      | 355/964 [21:51<37:27,  3.69s/it]
 37%|███▋      | 356/964 [21:55<37:31,  3.70s/it]
 37%|███▋      | 357/964 [21:59<37:20,  3.69s/it]
 37%|███▋      | 358/964 [22:02<37:15,  3.69s/it]
 37%|███▋      | 359/964 [22:06<37:02,  3.67s/it]
 37%|███▋      | 360/964 [22:10<36:55,  3.67s/it]
 37%|███▋      | 361/964 [22:14<38:18,  3.81s/it]
 38%|███▊      | 362/964 [22:17<37:59,  3.79s/it]
 38%|███▊      | 363/964 [22:21<37:37,  3.76s/it]
 38%|███▊      | 364/964 [22:25<37:20,  3.73s/it]
 38%|███▊      | 365/964 [22:29<37:07,  3.72s/it]
 38%|███▊      | 366/964 [22:32<36:55,  3.70s/it]
 38%|███▊      | 367/964 [22:36<36:44,  3.69s/it]
 38%|███▊      | 368/964 [22:40<36:33,  3.68s/it]
 38%|███▊      | 369/964 [22:43<37:23,  3.77s/it]
 38%|███▊      | 370/964 [22:47<36:57,  3.73s/it]
 38%|███▊      | 371/964 [22:51<36:45,  3.72s/it]
 39%|███▊      | 372/964 [22:54<36:29,  3.70s/it]
 39%|███▊      | 373/964 [22:58<36:23,  3.69s/it]
 39%|███▉      | 374/964 [23:02<36:16,  3.69s/it]
 39%|███▉      | 375/964 [23:05<36:01,  3.67s/it]
 39%|███▉      | 376/964 [23:09<36:04,  3.68s/it]
 39%|███▉      | 377/964 [23:13<37:14,  3.81s/it]
 39%|███▉      | 378/964 [23:17<36:52,  3.78s/it]
 39%|███▉      | 379/964 [23:21<36:29,  3.74s/it]
 39%|███▉      | 380/964 [23:24<36:11,  3.72s/it]
 40%|███▉      | 381/964 [23:28<35:54,  3.70s/it]
 40%|███▉      | 382/964 [23:32<35:47,  3.69s/it]
 40%|███▉      | 383/964 [23:35<35:42,  3.69s/it]
 40%|███▉      | 384/964 [23:39<35:36,  3.68s/it]
 40%|███▉      | 385/964 [23:43<35:32,  3.68s/it]
 40%|████      | 386/964 [23:46<35:31,  3.69s/it]
 40%|████      | 387/964 [23:50<36:46,  3.82s/it]
 40%|████      | 388/964 [23:54<36:14,  3.77s/it]
 40%|████      | 389/964 [23:58<35:56,  3.75s/it]
 40%|████      | 390/964 [24:02<35:40,  3.73s/it]
 41%|████      | 391/964 [24:05<35:27,  3.71s/it]
 41%|████      | 392/964 [24:09<35:22,  3.71s/it]
 41%|████      | 393/964 [24:13<35:19,  3.71s/it]
 41%|████      | 394/964 [24:16<35:13,  3.71s/it]
 41%|████      | 395/964 [24:21<36:34,  3.86s/it]
 41%|████      | 396/964 [24:24<36:07,  3.82s/it]
 41%|████      | 397/964 [24:28<35:40,  3.78s/it]
 41%|████▏     | 398/964 [24:32<35:21,  3.75s/it]
 41%|████▏     | 399/964 [24:35<35:16,  3.75s/it]
 41%|████▏     | 400/964 [24:39<35:07,  3.74s/it]
                                                 
{'loss': 0.4801, 'grad_norm': 0.57421875, 'learning_rate': 1.3607707992167836e-05, 'entropy': 0.48372955337166784, 'num_tokens': 51906351.0, 'mean_token_accuracy': 0.8568419441580772, 'epoch': 0.83}

 41%|████▏     | 400/964 [24:39<35:07,  3.74s/it]
 42%|████▏     | 401/964 [24:43<34:59,  3.73s/it]
 42%|████▏     | 402/964 [24:47<34:55,  3.73s/it]
 42%|████▏     | 403/964 [24:51<36:11,  3.87s/it]
 42%|████▏     | 404/964 [24:54<35:47,  3.84s/it]
 42%|████▏     | 405/964 [24:58<35:21,  3.80s/it]
 42%|████▏     | 406/964 [25:02<35:11,  3.78s/it]
 42%|████▏     | 407/964 [25:06<34:56,  3.76s/it]
 42%|████▏     | 408/964 [25:09<34:41,  3.74s/it]
 42%|████▏     | 409/964 [25:13<34:35,  3.74s/it]
 43%|████▎     | 410/964 [25:17<34:29,  3.73s/it]
 43%|████▎     | 411/964 [25:21<34:22,  3.73s/it]
 43%|████▎     | 412/964 [25:25<35:31,  3.86s/it]
 43%|████▎     | 413/964 [25:28<34:55,  3.80s/it]
 43%|████▎     | 414/964 [25:32<34:32,  3.77s/it]
 43%|████▎     | 415/964 [25:36<34:14,  3.74s/it]
 43%|████▎     | 416/964 [25:39<34:05,  3.73s/it]
 43%|████▎     | 417/964 [25:43<33:51,  3.71s/it]
 43%|████▎     | 418/964 [25:47<33:38,  3.70s/it]
 43%|████▎     | 419/964 [25:50<33:37,  3.70s/it]
 44%|████▎     | 420/964 [25:54<33:30,  3.70s/it]
 44%|████▎     | 421/964 [25:59<35:33,  3.93s/it]
 44%|████▍     | 422/964 [26:02<34:48,  3.85s/it]
 44%|████▍     | 423/964 [26:06<34:20,  3.81s/it]
 44%|████▍     | 424/964 [26:10<33:54,  3.77s/it]
 44%|████▍     | 425/964 [26:13<33:42,  3.75s/it]
 44%|████▍     | 426/964 [26:17<33:19,  3.72s/it]
 44%|████▍     | 427/964 [26:21<33:02,  3.69s/it]
 44%|████▍     | 428/964 [26:24<32:57,  3.69s/it]
 45%|████▍     | 429/964 [26:28<34:01,  3.82s/it]
 45%|████▍     | 430/964 [26:32<33:36,  3.78s/it]
 45%|████▍     | 431/964 [26:36<33:20,  3.75s/it]
 45%|████▍     | 432/964 [26:39<32:53,  3.71s/it]
 45%|████▍     | 433/964 [26:43<32:41,  3.69s/it]
 45%|████▌     | 434/964 [26:47<32:26,  3.67s/it]
 45%|████▌     | 435/964 [26:50<32:24,  3.68s/it]
 45%|████▌     | 436/964 [26:54<32:12,  3.66s/it]
 45%|████▌     | 437/964 [26:58<32:11,  3.67s/it]
 45%|████▌     | 438/964 [27:02<33:06,  3.78s/it]
 46%|████▌     | 439/964 [27:05<32:41,  3.74s/it]
 46%|████▌     | 440/964 [27:09<32:33,  3.73s/it]
 46%|████▌     | 441/964 [27:13<32:28,  3.73s/it]
 46%|████▌     | 442/964 [27:16<32:17,  3.71s/it]
 46%|████▌     | 443/964 [27:20<32:04,  3.69s/it]
 46%|████▌     | 444/964 [27:24<32:05,  3.70s/it]
 46%|████▌     | 445/964 [27:28<31:50,  3.68s/it]
 46%|████▋     | 446/964 [27:31<31:43,  3.67s/it]
 46%|████▋     | 447/964 [27:35<32:35,  3.78s/it]
 46%|████▋     | 448/964 [27:39<32:12,  3.75s/it]
 47%|████▋     | 449/964 [27:43<32:06,  3.74s/it]
 47%|████▋     | 450/964 [27:46<31:45,  3.71s/it]
                                                 
{'loss': 0.4828, 'grad_norm': 0.59375, 'learning_rate': 1.196142541428197e-05, 'entropy': 0.4859572504460812, 'num_tokens': 58391616.0, 'mean_token_accuracy': 0.8564000028371811, 'epoch': 0.93}

 47%|████▋     | 450/964 [27:46<31:45,  3.71s/it]
 47%|████▋     | 451/964 [27:50<31:26,  3.68s/it]
 47%|████▋     | 452/964 [27:53<31:17,  3.67s/it]
 47%|████▋     | 453/964 [27:57<31:07,  3.65s/it]
 47%|████▋     | 454/964 [28:01<31:56,  3.76s/it]
 47%|████▋     | 455/964 [28:05<31:31,  3.72s/it]
 47%|████▋     | 456/964 [28:08<31:15,  3.69s/it]
 47%|████▋     | 457/964 [28:12<31:02,  3.67s/it]
 48%|████▊     | 458/964 [28:16<30:58,  3.67s/it]
 48%|████▊     | 459/964 [28:19<30:52,  3.67s/it]
 48%|████▊     | 460/964 [28:23<30:41,  3.65s/it]
 48%|████▊     | 461/964 [28:27<30:32,  3.64s/it]
 48%|████▊     | 462/964 [28:30<30:26,  3.64s/it]
 48%|████▊     | 463/964 [28:34<30:29,  3.65s/it]
 48%|████▊     | 464/964 [28:38<31:10,  3.74s/it]
 48%|████▊     | 465/964 [28:41<30:49,  3.71s/it]
 48%|████▊     | 466/964 [28:45<30:31,  3.68s/it]
 48%|████▊     | 467/964 [28:49<30:22,  3.67s/it]
 49%|████▊     | 468/964 [28:52<30:11,  3.65s/it]
 49%|████▊     | 469/964 [28:56<30:12,  3.66s/it]
 49%|████▉     | 470/964 [29:00<30:06,  3.66s/it]
 49%|████▉     | 471/964 [29:03<30:05,  3.66s/it]
 49%|████▉     | 472/964 [29:07<30:53,  3.77s/it]
 49%|████▉     | 473/964 [29:11<30:27,  3.72s/it]
 49%|████▉     | 474/964 [29:15<30:06,  3.69s/it]
 49%|████▉     | 475/964 [29:18<29:47,  3.66s/it]
 49%|████▉     | 476/964 [29:22<29:47,  3.66s/it]
 49%|████▉     | 477/964 [29:25<29:41,  3.66s/it]
 50%|████▉     | 478/964 [29:29<29:34,  3.65s/it]
 50%|████▉     | 479/964 [29:33<29:31,  3.65s/it]
 50%|████▉     | 480/964 [29:37<30:08,  3.74s/it]
 50%|████▉     | 481/964 [29:40<29:49,  3.70s/it]
 50%|█████     | 482/964 [29:43<27:37,  3.44s/it]
 50%|█████     | 483/964 [29:47<28:32,  3.56s/it]
 50%|█████     | 484/964 [29:51<28:35,  3.57s/it]
 50%|█████     | 485/964 [29:54<28:46,  3.60s/it]
 50%|█████     | 486/964 [29:58<28:43,  3.60s/it]
 51%|█████     | 487/964 [30:02<28:47,  3.62s/it]
 51%|█████     | 488/964 [30:05<28:50,  3.64s/it]
 51%|█████     | 489/964 [30:09<29:52,  3.77s/it]
 51%|█████     | 490/964 [30:13<29:35,  3.75s/it]
 51%|█████     | 491/964 [30:17<29:23,  3.73s/it]
 51%|█████     | 492/964 [30:20<29:07,  3.70s/it]
 51%|█████     | 493/964 [30:24<29:01,  3.70s/it]
 51%|█████     | 494/964 [30:28<28:58,  3.70s/it]
 51%|█████▏    | 495/964 [30:31<28:53,  3.70s/it]
 51%|█████▏    | 496/964 [30:35<28:47,  3.69s/it]
 52%|█████▏    | 497/964 [30:39<28:39,  3.68s/it]
 52%|█████▏    | 498/964 [30:43<29:19,  3.77s/it]
 52%|█████▏    | 499/964 [30:46<28:55,  3.73s/it]
 52%|█████▏    | 500/964 [30:50<28:42,  3.71s/it]
                                                 
{'loss': 0.4834, 'grad_norm': 0.59375, 'learning_rate': 1.0257479136549889e-05, 'entropy': 0.4876251731386137, 'num_tokens': 64851384.0, 'mean_token_accuracy': 0.8560451691474148, 'epoch': 1.04}

 52%|█████▏    | 500/964 [30:50<28:42,  3.71s/it]

  0%|          | 0/8 [00:00<?, ?it/s][A

 25%|██▌       | 2/8 [00:00<00:00,  7.28it/s][A

 38%|███▊      | 3/8 [00:00<00:00,  5.20it/s][A

 50%|█████     | 4/8 [00:00<00:00,  4.52it/s][A

 62%|██████▎   | 5/8 [00:01<00:00,  4.24it/s][A

 75%|███████▌  | 6/8 [00:01<00:00,  4.09it/s][A

 88%|████████▊ | 7/8 [00:01<00:00,  4.00it/s][A

100%|██████████| 8/8 [00:01<00:00,  3.66it/s][A
                                                 

                                             
[A{'eval_loss': 0.483705073595047, 'eval_runtime': 2.4231, 'eval_samples_per_second': 24.761, 'eval_steps_per_second': 3.302, 'eval_entropy': 0.4833742566406727, 'eval_num_tokens': 64851384.0, 'eval_mean_token_accuracy': 0.8554646074771881, 'epoch': 1.04}

 52%|█████▏    | 500/964 [30:52<28:42,  3.71s/it]

100%|██████████| 8/8 [00:01<00:00,  3.66it/s][A

                                             [A
 52%|█████▏    | 501/964 [31:06<56:23,  7.31s/it]
 52%|█████▏    | 502/964 [31:09<47:49,  6.21s/it]
 52%|█████▏    | 503/964 [31:13<41:45,  5.44s/it]
 52%|█████▏    | 504/964 [31:17<37:34,  4.90s/it]
 52%|█████▏    | 505/964 [31:20<34:35,  4.52s/it]
 52%|█████▏    | 506/964 [31:24<33:43,  4.42s/it]
 53%|█████▎    | 507/964 [31:28<31:57,  4.19s/it]
 53%|█████▎    | 508/964 [31:32<30:38,  4.03s/it]
 53%|█████▎    | 509/964 [31:35<29:34,  3.90s/it]
 53%|█████▎    | 510/964 [31:39<28:53,  3.82s/it]
 53%|█████▎    | 511/964 [31:43<28:15,  3.74s/it]
 53%|█████▎    | 512/964 [31:46<27:50,  3.70s/it]
 53%|█████▎    | 513/964 [31:50<27:44,  3.69s/it]
 53%|█████▎    | 514/964 [31:54<27:55,  3.72s/it]
 53%|█████▎    | 515/964 [31:58<28:16,  3.78s/it]
 54%|█████▎    | 516/964 [32:01<27:55,  3.74s/it]
 54%|█████▎    | 517/964 [32:05<27:37,  3.71s/it]
 54%|█████▎    | 518/964 [32:08<27:23,  3.69s/it]
 54%|█████▍    | 519/964 [32:12<27:13,  3.67s/it]
 54%|█████▍    | 520/964 [32:16<27:06,  3.66s/it]
 54%|█████▍    | 521/964 [32:19<27:01,  3.66s/it]
 54%|█████▍    | 522/964 [32:23<26:52,  3.65s/it]
 54%|█████▍    | 523/964 [32:27<26:53,  3.66s/it]
 54%|█████▍    | 524/964 [32:31<28:00,  3.82s/it]
 54%|█████▍    | 525/964 [32:34<27:32,  3.76s/it]
 55%|█████▍    | 526/964 [32:38<27:16,  3.74s/it]
 55%|█████▍    | 527/964 [32:42<26:59,  3.71s/it]
 55%|█████▍    | 528/964 [32:45<26:44,  3.68s/it]
 55%|█████▍    | 529/964 [32:49<26:36,  3.67s/it]
 55%|█████▍    | 530/964 [32:53<26:27,  3.66s/it]
 55%|█████▌    | 531/964 [32:56<26:17,  3.64s/it]
 55%|█████▌    | 532/964 [33:01<27:55,  3.88s/it]
 55%|█████▌    | 533/964 [33:04<27:23,  3.81s/it]
 55%|█████▌    | 534/964 [33:08<26:59,  3.77s/it]
 55%|█████▌    | 535/964 [33:12<26:37,  3.72s/it]
 56%|█████▌    | 536/964 [33:15<26:26,  3.71s/it]
 56%|█████▌    | 537/964 [33:19<26:12,  3.68s/it]
 56%|█████▌    | 538/964 [33:23<26:08,  3.68s/it]
 56%|█████▌    | 539/964 [33:26<26:05,  3.68s/it]
 56%|█████▌    | 540/964 [33:31<27:05,  3.83s/it]
 56%|█████▌    | 541/964 [33:35<27:33,  3.91s/it]
 56%|█████▌    | 542/964 [33:38<27:02,  3.85s/it]
 56%|█████▋    | 543/964 [33:42<26:41,  3.80s/it]
 56%|█████▋    | 544/964 [33:46<26:24,  3.77s/it]
 57%|█████▋    | 545/964 [33:49<26:03,  3.73s/it]
 57%|█████▋    | 546/964 [33:53<25:59,  3.73s/it]
 57%|█████▋    | 547/964 [33:57<25:42,  3.70s/it]
 57%|█████▋    | 548/964 [34:00<25:35,  3.69s/it]
 57%|█████▋    | 549/964 [34:04<26:18,  3.80s/it]
 57%|█████▋    | 550/964 [34:08<26:31,  3.84s/it]
                                                 
{'loss': 0.4776, 'grad_norm': 0.5859375, 'learning_rate': 8.545963261963102e-06, 'entropy': 0.4811618584394455, 'num_tokens': 71339001.0, 'mean_token_accuracy': 0.857548623085022, 'epoch': 1.14}

 57%|█████▋    | 550/964 [34:08<26:31,  3.84s/it]
 57%|█████▋    | 551/964 [34:12<26:06,  3.79s/it]
 57%|█████▋    | 552/964 [34:16<25:48,  3.76s/it]
 57%|█████▋    | 553/964 [34:19<25:34,  3.73s/it]
 57%|█████▋    | 554/964 [34:23<25:26,  3.72s/it]
 58%|█████▊    | 555/964 [34:27<25:12,  3.70s/it]
 58%|█████▊    | 556/964 [34:30<24:59,  3.68s/it]
 58%|█████▊    | 557/964 [34:34<25:22,  3.74s/it]
 58%|█████▊    | 558/964 [34:38<26:05,  3.86s/it]
 58%|█████▊    | 559/964 [34:42<25:34,  3.79s/it]
 58%|█████▊    | 560/964 [34:46<25:18,  3.76s/it]
 58%|█████▊    | 561/964 [34:49<25:02,  3.73s/it]
 58%|█████▊    | 562/964 [34:53<24:49,  3.70s/it]
 58%|█████▊    | 563/964 [34:57<24:39,  3.69s/it]
 59%|█████▊    | 564/964 [35:00<24:26,  3.67s/it]
 59%|█████▊    | 565/964 [35:04<24:24,  3.67s/it]
 59%|█████▊    | 566/964 [35:08<24:37,  3.71s/it]
 59%|█████▉    | 567/964 [35:12<25:06,  3.80s/it]
 59%|█████▉    | 568/964 [35:15<24:49,  3.76s/it]
 59%|█████▉    | 569/964 [35:19<24:34,  3.73s/it]
 59%|█████▉    | 570/964 [35:23<24:19,  3.70s/it]
 59%|█████▉    | 571/964 [35:26<24:06,  3.68s/it]
 59%|█████▉    | 572/964 [35:30<23:59,  3.67s/it]
 59%|█████▉    | 573/964 [35:34<23:54,  3.67s/it]
 60%|█████▉    | 574/964 [35:37<23:48,  3.66s/it]
 60%|█████▉    | 575/964 [35:42<24:53,  3.84s/it]
 60%|█████▉    | 576/964 [35:45<24:29,  3.79s/it]
 60%|█████▉    | 577/964 [35:49<24:08,  3.74s/it]
 60%|█████▉    | 578/964 [35:53<23:53,  3.71s/it]
 60%|██████    | 579/964 [35:56<23:46,  3.70s/it]
 60%|██████    | 580/964 [36:00<23:37,  3.69s/it]
 60%|██████    | 581/964 [36:04<23:27,  3.67s/it]
 60%|██████    | 582/964 [36:07<23:18,  3.66s/it]
 60%|██████    | 583/964 [36:11<23:41,  3.73s/it]
 61%|██████    | 584/964 [36:15<23:54,  3.78s/it]
 61%|██████    | 585/964 [36:19<23:37,  3.74s/it]
 61%|██████    | 586/964 [36:22<23:22,  3.71s/it]
 61%|██████    | 587/964 [36:26<23:07,  3.68s/it]
 61%|██████    | 588/964 [36:29<23:00,  3.67s/it]
 61%|██████    | 589/964 [36:33<22:53,  3.66s/it]
 61%|██████    | 590/964 [36:37<22:45,  3.65s/it]
 61%|██████▏   | 591/964 [36:41<23:10,  3.73s/it]
 61%|██████▏   | 592/964 [36:44<22:57,  3.70s/it]
 62%|██████▏   | 593/964 [36:48<23:20,  3.78s/it]
 62%|██████▏   | 594/964 [36:52<23:03,  3.74s/it]
 62%|██████▏   | 595/964 [36:56<22:53,  3.72s/it]
 62%|██████▏   | 596/964 [36:59<22:41,  3.70s/it]
 62%|██████▏   | 597/964 [37:03<22:32,  3.68s/it]
 62%|██████▏   | 598/964 [37:07<22:23,  3.67s/it]
 62%|██████▏   | 599/964 [37:10<22:16,  3.66s/it]
 62%|██████▏   | 600/964 [37:14<22:14,  3.67s/it]
                                                 
{'loss': 0.4758, 'grad_norm': 0.6171875, 'learning_rate': 6.877194431142055e-06, 'entropy': 0.47907576352357867, 'num_tokens': 77829646.0, 'mean_token_accuracy': 0.8576702159643174, 'epoch': 1.24}

 62%|██████▏   | 600/964 [37:14<22:14,  3.67s/it]
 62%|██████▏   | 601/964 [37:18<23:17,  3.85s/it]
 62%|██████▏   | 602/964 [37:22<22:52,  3.79s/it]
 63%|██████▎   | 603/964 [37:25<22:31,  3.74s/it]
 63%|██████▎   | 604/964 [37:29<22:21,  3.73s/it]
 63%|██████▎   | 605/964 [37:33<22:14,  3.72s/it]
 63%|██████▎   | 606/964 [37:36<22:05,  3.70s/it]
 63%|██████▎   | 607/964 [37:40<21:50,  3.67s/it]
 63%|██████▎   | 608/964 [37:44<21:44,  3.66s/it]
 63%|██████▎   | 609/964 [37:48<22:36,  3.82s/it]
 63%|██████▎   | 610/964 [37:51<22:07,  3.75s/it]
 63%|██████▎   | 611/964 [37:55<21:56,  3.73s/it]
 63%|██████▎   | 612/964 [37:59<21:42,  3.70s/it]
 64%|██████▎   | 613/964 [38:02<21:31,  3.68s/it]
 64%|██████▎   | 614/964 [38:06<21:22,  3.67s/it]
 64%|██████▍   | 615/964 [38:10<21:19,  3.67s/it]
 64%|██████▍   | 616/964 [38:13<21:19,  3.68s/it]
 64%|██████▍   | 617/964 [38:17<21:33,  3.73s/it]
 64%|██████▍   | 618/964 [38:21<21:51,  3.79s/it]
 64%|██████▍   | 619/964 [38:25<21:37,  3.76s/it]
 64%|██████▍   | 620/964 [38:29<21:25,  3.74s/it]
 64%|██████▍   | 621/964 [38:32<21:11,  3.71s/it]
 65%|██████▍   | 622/964 [38:36<21:02,  3.69s/it]
 65%|██████▍   | 623/964 [38:40<20:54,  3.68s/it]
 65%|██████▍   | 624/964 [38:43<20:48,  3.67s/it]
 65%|██████▍   | 625/964 [38:47<20:45,  3.68s/it]
 65%|██████▍   | 626/964 [38:50<20:35,  3.65s/it]
 65%|██████▌   | 627/964 [38:55<21:47,  3.88s/it]
 65%|██████▌   | 628/964 [38:59<21:28,  3.83s/it]
 65%|██████▌   | 629/964 [39:02<21:08,  3.79s/it]
 65%|██████▌   | 630/964 [39:06<20:53,  3.75s/it]
 65%|██████▌   | 631/964 [39:10<20:44,  3.74s/it]
 66%|██████▌   | 632/964 [39:13<20:36,  3.72s/it]
 66%|██████▌   | 633/964 [39:17<20:29,  3.72s/it]
 66%|██████▌   | 634/964 [39:21<20:24,  3.71s/it]
 66%|██████▌   | 635/964 [39:25<21:16,  3.88s/it]
 66%|██████▌   | 636/964 [39:29<20:50,  3.81s/it]
 66%|██████▌   | 637/964 [39:32<20:32,  3.77s/it]
 66%|██████▌   | 638/964 [39:36<20:20,  3.74s/it]
 66%|██████▋   | 639/964 [39:40<20:08,  3.72s/it]
 66%|██████▋   | 640/964 [39:43<20:03,  3.71s/it]
 66%|██████▋   | 641/964 [39:47<19:58,  3.71s/it]
 67%|██████▋   | 642/964 [39:51<19:54,  3.71s/it]
 67%|██████▋   | 643/964 [39:55<20:38,  3.86s/it]
 67%|██████▋   | 644/964 [39:59<21:01,  3.94s/it]
 67%|██████▋   | 645/964 [40:03<20:26,  3.85s/it]
 67%|██████▋   | 646/964 [40:06<20:06,  3.80s/it]
 67%|██████▋   | 647/964 [40:10<19:51,  3.76s/it]
 67%|██████▋   | 648/964 [40:14<19:30,  3.70s/it]
 67%|██████▋   | 649/964 [40:17<19:21,  3.69s/it]
 67%|██████▋   | 650/964 [40:21<19:11,  3.67s/it]
                                                 
{'loss': 0.4745, 'grad_norm': 0.578125, 'learning_rate': 5.300232569726805e-06, 'entropy': 0.4778913904726505, 'num_tokens': 84331018.0, 'mean_token_accuracy': 0.8582955089211464, 'epoch': 1.35}

 67%|██████▋   | 650/964 [40:21<19:11,  3.67s/it]
 68%|██████▊   | 651/964 [40:25<19:04,  3.66s/it]
 68%|██████▊   | 652/964 [40:28<19:19,  3.72s/it]
 68%|██████▊   | 653/964 [40:32<19:34,  3.78s/it]
 68%|██████▊   | 654/964 [40:36<19:22,  3.75s/it]
 68%|██████▊   | 655/964 [40:40<19:08,  3.72s/it]
 68%|██████▊   | 656/964 [40:43<18:58,  3.69s/it]
 68%|██████▊   | 657/964 [40:47<18:52,  3.69s/it]
 68%|██████▊   | 658/964 [40:51<18:46,  3.68s/it]
 68%|██████▊   | 659/964 [40:54<18:37,  3.67s/it]
 68%|██████▊   | 660/964 [40:58<19:05,  3.77s/it]
 69%|██████▊   | 661/964 [41:02<19:14,  3.81s/it]
 69%|██████▊   | 662/964 [41:06<18:56,  3.76s/it]
 69%|██████▉   | 663/964 [41:10<18:42,  3.73s/it]
 69%|██████▉   | 664/964 [41:13<18:31,  3.71s/it]
 69%|██████▉   | 665/964 [41:17<18:17,  3.67s/it]
 69%|██████▉   | 666/964 [41:20<18:11,  3.66s/it]
 69%|██████▉   | 667/964 [41:24<18:07,  3.66s/it]
 69%|██████▉   | 668/964 [41:28<18:03,  3.66s/it]
 69%|██████▉   | 669/964 [41:32<18:27,  3.75s/it]
 70%|██████▉   | 670/964 [41:36<18:42,  3.82s/it]
 70%|██████▉   | 671/964 [41:39<18:21,  3.76s/it]
 70%|██████▉   | 672/964 [41:43<18:04,  3.71s/it]
 70%|██████▉   | 673/964 [41:47<17:53,  3.69s/it]
 70%|██████▉   | 674/964 [41:50<17:47,  3.68s/it]
 70%|███████   | 675/964 [41:54<17:40,  3.67s/it]
 70%|███████   | 676/964 [41:57<17:36,  3.67s/it]
 70%|███████   | 677/964 [42:01<17:33,  3.67s/it]
 70%|███████   | 678/964 [42:05<18:17,  3.84s/it]
 70%|███████   | 679/964 [42:09<17:54,  3.77s/it]
 71%|███████   | 680/964 [42:13<17:40,  3.74s/it]
 71%|███████   | 681/964 [42:16<17:28,  3.71s/it]
 71%|███████   | 682/964 [42:20<17:19,  3.69s/it]
 71%|███████   | 683/964 [42:24<17:14,  3.68s/it]
 71%|███████   | 684/964 [42:27<17:14,  3.69s/it]
 71%|███████   | 685/964 [42:31<17:09,  3.69s/it]
 71%|███████   | 686/964 [42:35<17:30,  3.78s/it]
 71%|███████▏  | 687/964 [42:39<17:42,  3.84s/it]
 71%|███████▏  | 688/964 [42:43<17:22,  3.78s/it]
 71%|███████▏  | 689/964 [42:46<17:07,  3.74s/it]
 72%|███████▏  | 690/964 [42:50<16:54,  3.70s/it]
 72%|███████▏  | 691/964 [42:53<16:45,  3.68s/it]
 72%|███████▏  | 692/964 [42:57<16:41,  3.68s/it]
 72%|███████▏  | 693/964 [43:01<16:37,  3.68s/it]
 72%|███████▏  | 694/964 [43:05<16:56,  3.76s/it]
 72%|███████▏  | 695/964 [43:08<16:42,  3.73s/it]
 72%|███████▏  | 696/964 [43:12<16:57,  3.80s/it]
 72%|███████▏  | 697/964 [43:16<16:41,  3.75s/it]
 72%|███████▏  | 698/964 [43:20<16:29,  3.72s/it]
 73%|███████▎  | 699/964 [43:23<16:22,  3.71s/it]
 73%|███████▎  | 700/964 [43:27<16:15,  3.69s/it]
                                                 
{'loss': 0.4775, 'grad_norm': 0.53125, 'learning_rate': 3.86143858177388e-06, 'entropy': 0.48066074222326277, 'num_tokens': 90823683.0, 'mean_token_accuracy': 0.8578122845292091, 'epoch': 1.45}

 73%|███████▎  | 700/964 [43:27<16:15,  3.69s/it]
 73%|███████▎  | 701/964 [43:31<16:08,  3.68s/it]
 73%|███████▎  | 702/964 [43:34<16:03,  3.68s/it]
 73%|███████▎  | 703/964 [43:38<15:58,  3.67s/it]
 73%|███████▎  | 704/964 [43:42<16:40,  3.85s/it]
 73%|███████▎  | 705/964 [43:46<16:20,  3.79s/it]
 73%|███████▎  | 706/964 [43:50<16:04,  3.74s/it]
 73%|███████▎  | 707/964 [43:53<15:56,  3.72s/it]
 73%|███████▎  | 708/964 [43:57<15:47,  3.70s/it]
 74%|███████▎  | 709/964 [44:01<15:37,  3.68s/it]
 74%|███████▎  | 710/964 [44:04<15:36,  3.69s/it]
 74%|███████▍  | 711/964 [44:08<15:33,  3.69s/it]
 74%|███████▍  | 712/964 [44:12<16:33,  3.94s/it]
 74%|███████▍  | 713/964 [44:16<16:08,  3.86s/it]
 74%|███████▍  | 714/964 [44:20<15:52,  3.81s/it]
 74%|███████▍  | 715/964 [44:23<15:39,  3.77s/it]
 74%|███████▍  | 716/964 [44:27<15:27,  3.74s/it]
 74%|███████▍  | 717/964 [44:31<15:17,  3.71s/it]
 74%|███████▍  | 718/964 [44:34<15:10,  3.70s/it]
 75%|███████▍  | 719/964 [44:38<15:04,  3.69s/it]
 75%|███████▍  | 720/964 [44:42<15:29,  3.81s/it]
 75%|███████▍  | 721/964 [44:46<15:36,  3.85s/it]
 75%|███████▍  | 722/964 [44:50<15:14,  3.78s/it]
 75%|███████▌  | 723/964 [44:53<15:02,  3.74s/it]
 75%|███████▌  | 724/964 [44:57<14:51,  3.71s/it]
 75%|███████▌  | 725/964 [45:01<14:42,  3.69s/it]
 75%|███████▌  | 726/964 [45:04<14:37,  3.69s/it]
 75%|███████▌  | 727/964 [45:08<14:31,  3.68s/it]
 76%|███████▌  | 728/964 [45:12<14:24,  3.66s/it]
 76%|███████▌  | 729/964 [45:15<14:19,  3.66s/it]
 76%|███████▌  | 730/964 [45:20<15:14,  3.91s/it]
 76%|███████▌  | 731/964 [45:23<14:52,  3.83s/it]
 76%|███████▌  | 732/964 [45:27<14:35,  3.77s/it]
 76%|███████▌  | 733/964 [45:31<14:24,  3.74s/it]
 76%|███████▌  | 734/964 [45:34<14:15,  3.72s/it]
 76%|███████▌  | 735/964 [45:38<14:08,  3.71s/it]
 76%|███████▋  | 736/964 [45:42<14:01,  3.69s/it]
 76%|███████▋  | 737/964 [45:45<13:57,  3.69s/it]
 77%|███████▋  | 738/964 [45:50<14:41,  3.90s/it]
 77%|███████▋  | 739/964 [45:54<14:23,  3.84s/it]
 77%|███████▋  | 740/964 [45:57<14:11,  3.80s/it]
 77%|███████▋  | 741/964 [46:01<13:59,  3.76s/it]
 77%|███████▋  | 742/964 [46:05<13:45,  3.72s/it]
 77%|███████▋  | 743/964 [46:08<13:37,  3.70s/it]
 77%|███████▋  | 744/964 [46:12<13:34,  3.70s/it]
 77%|███████▋  | 745/964 [46:16<13:30,  3.70s/it]
 77%|███████▋  | 746/964 [46:20<13:59,  3.85s/it]
 77%|███████▋  | 747/964 [46:24<14:18,  3.96s/it]
 78%|███████▊  | 748/964 [46:28<14:00,  3.89s/it]
 78%|███████▊  | 749/964 [46:31<13:44,  3.83s/it]
 78%|███████▊  | 750/964 [46:35<13:31,  3.79s/it]
                                                 
{'loss': 0.4763, 'grad_norm': 0.609375, 'learning_rate': 2.6031113913503337e-06, 'entropy': 0.4795370125770569, 'num_tokens': 97306525.0, 'mean_token_accuracy': 0.8579271113872529, 'epoch': 1.56}

 78%|███████▊  | 750/964 [46:35<13:31,  3.79s/it]
 78%|███████▊  | 751/964 [46:39<13:26,  3.78s/it]
 78%|███████▊  | 752/964 [46:43<13:18,  3.77s/it]
 78%|███████▊  | 753/964 [46:46<13:10,  3.75s/it]
 78%|███████▊  | 754/964 [46:50<13:01,  3.72s/it]
 78%|███████▊  | 755/964 [46:54<13:26,  3.86s/it]
 78%|███████▊  | 756/964 [46:58<13:43,  3.96s/it]
 79%|███████▊  | 757/964 [47:02<13:23,  3.88s/it]
 79%|███████▊  | 758/964 [47:06<13:11,  3.84s/it]
 79%|███████▊  | 759/964 [47:10<12:58,  3.80s/it]
 79%|███████▉  | 760/964 [47:13<12:52,  3.79s/it]
 79%|███████▉  | 761/964 [47:17<12:45,  3.77s/it]
 79%|███████▉  | 762/964 [47:21<12:38,  3.76s/it]
 79%|███████▉  | 763/964 [47:25<13:24,  4.00s/it]
 79%|███████▉  | 764/964 [47:29<13:16,  3.98s/it]
 79%|███████▉  | 765/964 [47:33<12:53,  3.89s/it]
 79%|███████▉  | 766/964 [47:37<12:40,  3.84s/it]
 80%|███████▉  | 767/964 [47:40<12:28,  3.80s/it]
 80%|███████▉  | 768/964 [47:44<12:17,  3.76s/it]
 80%|███████▉  | 769/964 [47:48<12:09,  3.74s/it]
 80%|███████▉  | 770/964 [47:51<12:01,  3.72s/it]
 80%|███████▉  | 771/964 [47:55<11:53,  3.70s/it]
 80%|████████  | 772/964 [47:59<12:00,  3.75s/it]
 80%|████████  | 773/964 [48:03<12:11,  3.83s/it]
 80%|████████  | 774/964 [48:07<11:59,  3.79s/it]
 80%|████████  | 775/964 [48:10<11:47,  3.74s/it]
 80%|████████  | 776/964 [48:14<11:41,  3.73s/it]
 81%|████████  | 777/964 [48:18<11:32,  3.70s/it]
 81%|████████  | 778/964 [48:21<11:25,  3.69s/it]
 81%|████████  | 779/964 [48:25<11:19,  3.67s/it]
 81%|████████  | 780/964 [48:29<11:17,  3.68s/it]
 81%|████████  | 781/964 [48:33<11:47,  3.87s/it]
 81%|████████  | 782/964 [48:37<11:35,  3.82s/it]
 81%|████████  | 783/964 [48:40<11:22,  3.77s/it]
 81%|████████▏ | 784/964 [48:44<11:13,  3.74s/it]
 81%|████████▏ | 785/964 [48:48<11:06,  3.73s/it]
 82%|████████▏ | 786/964 [48:51<10:57,  3.69s/it]
 82%|████████▏ | 787/964 [48:55<10:52,  3.68s/it]
 82%|████████▏ | 788/964 [48:59<10:46,  3.67s/it]
 82%|████████▏ | 789/964 [49:03<11:00,  3.78s/it]
 82%|████████▏ | 790/964 [49:06<11:02,  3.81s/it]
 82%|████████▏ | 791/964 [49:10<10:51,  3.76s/it]
 82%|████████▏ | 792/964 [49:14<10:44,  3.74s/it]
 82%|████████▏ | 793/964 [49:17<10:35,  3.72s/it]
 82%|████████▏ | 794/964 [49:21<10:31,  3.71s/it]
 82%|████████▏ | 795/964 [49:25<10:24,  3.69s/it]
 83%|████████▎ | 796/964 [49:28<10:18,  3.68s/it]
 83%|████████▎ | 797/964 [49:32<10:26,  3.75s/it]
 83%|████████▎ | 798/964 [49:36<10:17,  3.72s/it]
 83%|████████▎ | 799/964 [49:40<10:24,  3.79s/it]
 83%|████████▎ | 800/964 [49:44<10:14,  3.74s/it]
                                                 
{'loss': 0.4819, 'grad_norm': 0.5703125, 'learning_rate': 1.5622444017681438e-06, 'entropy': 0.48514529287815095, 'num_tokens': 103795158.0, 'mean_token_accuracy': 0.8569113811850548, 'epoch': 1.66}

 83%|████████▎ | 800/964 [49:44<10:14,  3.74s/it]
 83%|████████▎ | 801/964 [49:47<10:06,  3.72s/it]
 83%|████████▎ | 802/964 [49:51<10:00,  3.71s/it]
 83%|████████▎ | 803/964 [49:55<09:56,  3.71s/it]
 83%|████████▎ | 804/964 [49:58<09:53,  3.71s/it]
 84%|████████▎ | 805/964 [50:02<09:49,  3.71s/it]
 84%|████████▎ | 806/964 [50:06<09:43,  3.69s/it]
 84%|████████▎ | 807/964 [50:10<10:06,  3.86s/it]
 84%|████████▍ | 808/964 [50:14<09:50,  3.78s/it]
 84%|████████▍ | 809/964 [50:17<09:40,  3.74s/it]
 84%|████████▍ | 810/964 [50:21<09:33,  3.72s/it]
 84%|████████▍ | 811/964 [50:25<09:26,  3.70s/it]
 84%|████████▍ | 812/964 [50:28<09:21,  3.69s/it]
 84%|████████▍ | 813/964 [50:32<09:17,  3.69s/it]
 84%|████████▍ | 814/964 [50:36<09:13,  3.69s/it]
 85%|████████▍ | 815/964 [50:40<09:38,  3.88s/it]
 85%|████████▍ | 816/964 [50:44<09:25,  3.82s/it]
 85%|████████▍ | 817/964 [50:47<09:15,  3.78s/it]
 85%|████████▍ | 818/964 [50:51<09:06,  3.75s/it]
 85%|████████▍ | 819/964 [50:55<08:58,  3.71s/it]
 85%|████████▌ | 820/964 [50:58<08:52,  3.70s/it]
 85%|████████▌ | 821/964 [51:02<08:48,  3.70s/it]
 85%|████████▌ | 822/964 [51:06<08:44,  3.70s/it]
 85%|████████▌ | 823/964 [51:10<08:53,  3.79s/it]
 85%|████████▌ | 824/964 [51:14<08:58,  3.84s/it]
 86%|████████▌ | 825/964 [51:17<08:46,  3.79s/it]
 86%|████████▌ | 826/964 [51:21<08:37,  3.75s/it]
 86%|████████▌ | 827/964 [51:25<08:31,  3.73s/it]
 86%|████████▌ | 828/964 [51:28<08:26,  3.73s/it]
 86%|████████▌ | 829/964 [51:32<08:21,  3.71s/it]
 86%|████████▌ | 830/964 [51:36<08:17,  3.71s/it]
 86%|████████▌ | 831/964 [51:39<08:13,  3.71s/it]
 86%|████████▋ | 832/964 [51:43<08:07,  3.69s/it]
 86%|████████▋ | 833/964 [51:48<08:40,  3.97s/it]
 87%|████████▋ | 834/964 [51:51<08:23,  3.88s/it]
 87%|████████▋ | 835/964 [51:55<08:12,  3.82s/it]
 87%|████████▋ | 836/964 [51:59<08:08,  3.82s/it]
 87%|████████▋ | 837/964 [52:03<07:59,  3.77s/it]
 87%|████████▋ | 838/964 [52:06<07:51,  3.75s/it]
 87%|████████▋ | 839/964 [52:10<07:46,  3.73s/it]
 87%|████████▋ | 840/964 [52:14<07:44,  3.74s/it]
 87%|████████▋ | 841/964 [52:18<08:14,  4.02s/it]
 87%|████████▋ | 842/964 [52:22<08:00,  3.93s/it]
 87%|████████▋ | 843/964 [52:26<07:47,  3.86s/it]
 88%|████████▊ | 844/964 [52:30<07:37,  3.81s/it]
 88%|████████▊ | 845/964 [52:33<07:30,  3.79s/it]
 88%|████████▊ | 846/964 [52:37<07:22,  3.75s/it]
 88%|████████▊ | 847/964 [52:41<07:17,  3.74s/it]
 88%|████████▊ | 848/964 [52:44<07:12,  3.73s/it]
 88%|████████▊ | 849/964 [52:49<07:25,  3.87s/it]
 88%|████████▊ | 850/964 [52:53<07:30,  3.95s/it]
                                                 
{'loss': 0.4756, 'grad_norm': 0.578125, 'learning_rate': 7.694379311582401e-07, 'entropy': 0.4783477373421192, 'num_tokens': 110271145.0, 'mean_token_accuracy': 0.8585126605629921, 'epoch': 1.76}

 88%|████████▊ | 850/964 [52:53<07:30,  3.95s/it]
 88%|████████▊ | 851/964 [52:56<07:16,  3.86s/it]
 88%|████████▊ | 852/964 [53:00<07:06,  3.81s/it]
 88%|████████▊ | 853/964 [53:04<06:57,  3.76s/it]
 89%|████████▊ | 854/964 [53:07<06:53,  3.76s/it]
 89%|████████▊ | 855/964 [53:11<06:45,  3.72s/it]
 89%|████████▉ | 856/964 [53:15<06:41,  3.72s/it]
 89%|████████▉ | 857/964 [53:18<06:38,  3.72s/it]
 89%|████████▉ | 858/964 [53:23<06:50,  3.87s/it]
 89%|████████▉ | 859/964 [53:27<06:58,  3.98s/it]
 89%|████████▉ | 860/964 [53:31<06:45,  3.90s/it]
 89%|████████▉ | 861/964 [53:34<06:34,  3.83s/it]
 89%|████████▉ | 862/964 [53:38<06:27,  3.80s/it]
 90%|████████▉ | 863/964 [53:42<06:20,  3.77s/it]
 90%|████████▉ | 864/964 [53:46<06:17,  3.77s/it]
 90%|████████▉ | 865/964 [53:49<06:10,  3.74s/it]
 90%|████████▉ | 866/964 [53:53<06:21,  3.89s/it]
 90%|████████▉ | 867/964 [53:57<06:20,  3.92s/it]
 90%|█████████ | 868/964 [54:01<06:09,  3.85s/it]
 90%|█████████ | 869/964 [54:05<06:00,  3.79s/it]
 90%|█████████ | 870/964 [54:09<05:54,  3.77s/it]
 90%|█████████ | 871/964 [54:12<05:48,  3.75s/it]
 90%|█████████ | 872/964 [54:16<05:43,  3.73s/it]
 91%|█████████ | 873/964 [54:20<05:38,  3.72s/it]
 91%|█████████ | 874/964 [54:23<05:34,  3.72s/it]
 91%|█████████ | 875/964 [54:27<05:40,  3.82s/it]
 91%|█████████ | 876/964 [54:31<05:41,  3.88s/it]
 91%|█████████ | 877/964 [54:35<05:33,  3.83s/it]
 91%|█████████ | 878/964 [54:39<05:25,  3.78s/it]
 91%|█████████ | 879/964 [54:42<05:20,  3.77s/it]
 91%|█████████▏| 880/964 [54:46<05:13,  3.73s/it]
 91%|█████████▏| 881/964 [54:50<05:08,  3.72s/it]
 91%|█████████▏| 882/964 [54:54<05:04,  3.71s/it]
 92%|█████████▏| 883/964 [54:57<05:00,  3.70s/it]
 92%|█████████▏| 884/964 [55:02<05:10,  3.88s/it]
 92%|█████████▏| 885/964 [55:05<05:01,  3.82s/it]
 92%|█████████▏| 886/964 [55:09<04:54,  3.77s/it]
 92%|█████████▏| 887/964 [55:13<04:47,  3.74s/it]
 92%|█████████▏| 888/964 [55:16<04:43,  3.72s/it]
 92%|█████████▏| 889/964 [55:20<04:38,  3.71s/it]
 92%|█████████▏| 890/964 [55:24<04:33,  3.70s/it]
 92%|█████████▏| 891/964 [55:27<04:31,  3.71s/it]
 93%|█████████▎| 892/964 [55:31<04:35,  3.83s/it]
 93%|█████████▎| 893/964 [55:35<04:36,  3.90s/it]
 93%|█████████▎| 894/964 [55:39<04:27,  3.83s/it]
 93%|█████████▎| 895/964 [55:43<04:21,  3.79s/it]
 93%|█████████▎| 896/964 [55:46<04:14,  3.75s/it]
 93%|█████████▎| 897/964 [55:50<04:09,  3.72s/it]
 93%|█████████▎| 898/964 [55:54<04:04,  3.71s/it]
 93%|█████████▎| 899/964 [55:58<04:00,  3.71s/it]
 93%|█████████▎| 900/964 [56:02<04:05,  3.84s/it]
                                                 
{'loss': 0.4775, 'grad_norm': 0.54296875, 'learning_rate': 2.479995975541749e-07, 'entropy': 0.4814994928240776, 'num_tokens': 116753255.0, 'mean_token_accuracy': 0.8578110751509667, 'epoch': 1.87}

 93%|█████████▎| 900/964 [56:02<04:05,  3.84s/it]
 93%|█████████▎| 901/964 [56:05<03:58,  3.79s/it]
 94%|█████████▎| 902/964 [56:09<04:01,  3.89s/it]
 94%|█████████▎| 903/964 [56:13<03:53,  3.82s/it]
 94%|█████████▍| 904/964 [56:17<03:46,  3.77s/it]
 94%|█████████▍| 905/964 [56:20<03:41,  3.75s/it]
 94%|█████████▍| 906/964 [56:24<03:35,  3.71s/it]
 94%|█████████▍| 907/964 [56:28<03:31,  3.70s/it]
 94%|█████████▍| 908/964 [56:31<03:26,  3.68s/it]
 94%|█████████▍| 909/964 [56:35<03:21,  3.67s/it]
 94%|█████████▍| 910/964 [56:40<03:36,  4.00s/it]
 95%|█████████▍| 911/964 [56:44<03:26,  3.90s/it]
 95%|█████████▍| 912/964 [56:47<03:19,  3.83s/it]
 95%|█████████▍| 913/964 [56:51<03:12,  3.77s/it]
 95%|█████████▍| 914/964 [56:54<03:06,  3.74s/it]
 95%|█████████▍| 915/964 [56:58<03:02,  3.72s/it]
 95%|█████████▌| 916/964 [57:02<02:57,  3.70s/it]
 95%|█████████▌| 917/964 [57:05<02:53,  3.69s/it]
 95%|█████████▌| 918/964 [57:10<03:04,  4.00s/it]
 95%|█████████▌| 919/964 [57:14<02:55,  3.90s/it]
 95%|█████████▌| 920/964 [57:18<02:49,  3.84s/it]
 96%|█████████▌| 921/964 [57:21<02:42,  3.79s/it]
 96%|█████████▌| 922/964 [57:25<02:37,  3.76s/it]
 96%|█████████▌| 923/964 [57:29<02:33,  3.74s/it]
 96%|█████████▌| 924/964 [57:32<02:28,  3.71s/it]
 96%|█████████▌| 925/964 [57:36<02:23,  3.68s/it]
 96%|█████████▌| 926/964 [57:40<02:24,  3.81s/it]
 96%|█████████▌| 927/964 [57:44<02:24,  3.90s/it]
 96%|█████████▋| 928/964 [57:48<02:17,  3.83s/it]
 96%|█████████▋| 929/964 [57:51<02:12,  3.79s/it]
 96%|█████████▋| 930/964 [57:55<02:07,  3.75s/it]
 97%|█████████▋| 931/964 [57:59<02:02,  3.72s/it]
 97%|█████████▋| 932/964 [58:02<01:58,  3.69s/it]
 97%|█████████▋| 933/964 [58:06<01:54,  3.68s/it]
 97%|█████████▋| 934/964 [58:10<01:50,  3.67s/it]
 97%|█████████▋| 935/964 [58:13<01:46,  3.66s/it]
 97%|█████████▋| 936/964 [58:18<01:50,  3.95s/it]
 97%|█████████▋| 937/964 [58:22<01:44,  3.88s/it]
 97%|█████████▋| 938/964 [58:25<01:39,  3.81s/it]
 97%|█████████▋| 939/964 [58:29<01:34,  3.77s/it]
 98%|█████████▊| 940/964 [58:33<01:29,  3.75s/it]
 98%|█████████▊| 941/964 [58:36<01:25,  3.73s/it]
 98%|█████████▊| 942/964 [58:40<01:21,  3.70s/it]
 98%|█████████▊| 943/964 [58:44<01:17,  3.69s/it]
 98%|█████████▊| 944/964 [58:48<01:18,  3.92s/it]
 98%|█████████▊| 945/964 [58:52<01:13,  3.85s/it]
 98%|█████████▊| 946/964 [58:55<01:08,  3.79s/it]
 98%|█████████▊| 947/964 [58:59<01:03,  3.75s/it]
 98%|█████████▊| 948/964 [59:03<00:59,  3.71s/it]
 98%|█████████▊| 949/964 [59:06<00:55,  3.70s/it]
 99%|█████████▊| 950/964 [59:10<00:51,  3.70s/it]
                                                 
{'loss': 0.4824, 'grad_norm': 0.56640625, 'learning_rate': 1.325910115169471e-08, 'entropy': 0.485409926623106, 'num_tokens': 123253289.0, 'mean_token_accuracy': 0.856429817378521, 'epoch': 1.97}

 99%|█████████▊| 950/964 [59:10<00:51,  3.70s/it]
 99%|█████████▊| 951/964 [59:14<00:48,  3.69s/it]
 99%|█████████▉| 952/964 [59:18<00:45,  3.82s/it]
 99%|█████████▉| 953/964 [59:22<00:43,  3.92s/it]
 99%|█████████▉| 954/964 [59:26<00:38,  3.84s/it]
 99%|█████████▉| 955/964 [59:29<00:34,  3.78s/it]
 99%|█████████▉| 956/964 [59:33<00:29,  3.74s/it]
 99%|█████████▉| 957/964 [59:37<00:25,  3.71s/it]
 99%|█████████▉| 958/964 [59:40<00:22,  3.67s/it]
 99%|█████████▉| 959/964 [59:44<00:18,  3.68s/it]
100%|█████████▉| 960/964 [59:48<00:14,  3.65s/it]
100%|█████████▉| 961/964 [59:52<00:11,  3.80s/it]
100%|█████████▉| 962/964 [59:56<00:07,  3.88s/it]
100%|█████████▉| 963/964 [59:59<00:03,  3.81s/it]
100%|██████████| 964/964 [1:00:02<00:00,  3.52s/it]
                                                   
{'train_runtime': 3613.4578, 'train_samples_per_second': 8.532, 'train_steps_per_second': 0.267, 'train_loss': 0.497015621652247, 'entropy': 0.47945072705095465, 'num_tokens': 125033864.0, 'mean_token_accuracy': 0.8576447064226324, 'epoch': 2.0}

100%|██████████| 964/964 [1:00:13<00:00,  3.52s/it]
100%|██████████| 964/964 [1:00:13<00:00,  3.75s/it]
Saving final model...
Saving final model...
Saving final model...
Saving final model...
Training complete!
Training complete!
Training complete!
Training complete!
[rank0]:[W609 14:48:38.007372261 ProcessGroupNCCL.cpp:1538] Warning: WARNING: destroy_process_group() was not called before program exit, which can leak resources. For more info, please see https://pytorch.org/docs/stable/distributed.html#shutdown (function operator())
